date,open,high,low,close,adj_close,volume,symbol
2024-01-02,472.1600036621094,473.6700134277344,470.489990234375,472.6499938964844,458.8092346191406,123623700.0,SPY
2024-01-03,470.42999267578125,471.19000244140625,468.1700134277344,468.7900085449219,455.062255859375,103585900.0,SPY
2024-01-04,468.29998779296875,470.9599914550781,467.04998779296875,467.2799987792969,453.596435546875,84232200.0,SPY
2024-01-05,467.489990234375,470.44000244140625,466.42999267578125,467.9200134277344,454.2177734375,86118900.0,SPY
2024-01-08,468.42999267578125,474.75,468.29998779296875,474.6000061035156,460.7021179199219,74879100.0,SPY
2024-01-09,471.8699951171875,474.92999267578125,471.3500061035156,473.8800048828125,460.00323486328125,65931400.0,SPY
2024-01-10,474.1600036621094,477.45001220703125,473.8699951171875,476.55999755859375,462.60467529296875,67310600.0,SPY
2024-01-11,477.5899963378906,478.1199951171875,472.260009765625,476.3500061035156,462.40093994140625,77940700.0,SPY
2024-01-12,477.8399963378906,478.6000061035156,475.2300109863281,476.67999267578125,462.7211608886719,58026400.0,SPY
2024-01-16,475.260009765625,476.6099853515625,473.05999755859375,474.92999267578125,461.0224609375,85014900.0,SPY
2024-01-17,471.82000732421875,472.7900085449219,469.8699951171875,472.2900085449219,458.45977783203125,68843900.0,SPY
2024-01-18,474.010009765625,477.05999755859375,472.4200134277344,476.489990234375,462.5367431640625,91856200.0,SPY
2024-01-19,477.6499938964844,482.7200012207031,476.5400085449219,482.42999267578125,468.3028564453125,110834500.0,SPY
2024-01-22,484.010009765625,485.2200012207031,482.7799987792969,483.45001220703125,469.2929992675781,75844900.0,SPY
2024-01-23,484.010009765625,485.1099853515625,482.8900146484375,484.8599853515625,470.66168212890625,49945300.0,SPY
2024-01-24,487.80999755859375,488.7699890136719,484.8800048828125,485.3900146484375,471.1761474609375,81765000.0,SPY
2024-01-25,487.5799865722656,488.30999755859375,485.3900146484375,488.0299987792969,473.7388000488281,72525000.0,SPY
2024-01-26,487.5899963378906,489.1199951171875,486.5400085449219,487.4100036621094,473.13702392578125,76641600.0,SPY
2024-01-29,487.7300109863281,491.4200134277344,487.1700134277344,491.2699890136719,476.88397216796875,61322800.0,SPY
2024-01-30,490.55999755859375,491.6199951171875,490.1099853515625,490.8900146484375,476.5151062011719,58618400.0,SPY
2024-01-31,488.6199951171875,489.0799865722656,482.8599853515625,482.8800048828125,468.7396545410156,126011100.0,SPY
2024-02-01,484.6300048828125,489.2300109863281,483.79998779296875,489.20001220703125,474.8745422363281,91891600.0,SPY
2024-02-02,489.6499938964844,496.04998779296875,489.29998779296875,494.3500061035156,479.8738098144531,99228200.0,SPY
2024-02-05,493.70001220703125,494.3800048828125,490.2300109863281,492.54998779296875,478.1264343261719,75757100.0,SPY
2024-02-06,493.5199890136719,494.32000732421875,492.04998779296875,493.9800109863281,479.5146484375,55918600.0,SPY
2024-02-07,496.2900085449219,498.5299987792969,495.3599853515625,498.1000061035156,483.5139465332031,70556500.0,SPY
2024-02-08,498.1000061035156,498.7099914550781,497.260009765625,498.32000732421875,483.7275390625,52343600.0,SPY
2024-02-09,498.8399963378906,501.6499938964844,498.489990234375,501.20001220703125,486.5232238769531,63979400.0,SPY
2024-02-12,501.1700134277344,503.5,500.239990234375,500.9800109863281,486.30963134765625,56502300.0,SPY
2024-02-13,494.5299987792969,497.0899963378906,490.7200012207031,494.0799865722656,479.6116638183594,113099200.0,SPY
2024-02-14,496.7900085449219,499.07000732421875,494.3999938964844,498.57000732421875,483.9701843261719,68387800.0,SPY
2024-02-15,499.2900085449219,502.20001220703125,498.79998779296875,502.010009765625,487.3094787597656,61683000.0,SPY
2024-02-16,501.70001220703125,502.8699951171875,498.75,499.510009765625,484.88262939453125,75532900.0,SPY
2024-02-20,497.7200012207031,498.4100036621094,494.45001220703125,496.760009765625,482.2132263183594,71736700.0,SPY
2024-02-21,495.4200134277344,497.3699951171875,493.55999755859375,497.2099914550781,482.6499938964844,59293400.0,SPY
2024-02-22,504.010009765625,508.489990234375,503.0199890136719,507.5,492.6386413574219,76402500.0,SPY
2024-02-23,509.2699890136719,510.1300048828125,507.1000061035156,507.8500061035156,492.9784240722656,61321800.0,SPY
2024-02-26,508.29998779296875,508.75,505.8599853515625,505.989990234375,491.1728820800781,50386700.0,SPY
2024-02-27,506.70001220703125,507.1600036621094,504.75,506.92999267578125,492.0853576660156,48854500.0,SPY
2024-02-28,505.3299865722656,506.8599853515625,504.9599914550781,506.260009765625,491.4350280761719,56506600.0,SPY
2024-02-29,508.07000732421875,509.739990234375,505.3500061035156,508.0799865722656,493.20166015625,83924800.0,SPY
2024-03-01,508.9800109863281,513.2899780273438,508.55999755859375,512.8499755859375,497.8320007324219,76844800.0,SPY
2024-03-04,512.030029296875,514.2000122070312,512.0,512.2999877929688,497.2981262207031,49799300.0,SPY
2024-03-05,510.239990234375,510.70001220703125,504.9100036621094,507.17999267578125,492.3280029296875,72855600.0,SPY
2024-03-06,510.54998779296875,512.0700073242188,508.4200134277344,509.75,494.8227844238281,68382400.0,SPY
2024-03-07,513.1400146484375,515.8900146484375,509.80999755859375,514.8099975585938,499.734619140625,58652100.0,SPY
2024-03-08,515.4600219726562,518.219970703125,511.1300048828125,511.7200012207031,496.7351379394531,86532500.0,SPY
2024-03-11,510.4800109863281,511.8800048828125,508.5,511.2799987792969,496.30804443359375,62557200.0,SPY
2024-03-12,513.4500122070312,517.3800048828125,510.8599853515625,516.780029296875,501.6470031738281,73114400.0,SPY
2024-03-13,517.1099853515625,517.2899780273438,514.489990234375,515.969970703125,500.8607177734375,55104100.0,SPY
2024-03-14,516.969970703125,517.1300048828125,511.82000732421875,514.9500122070312,499.8705139160156,110171800.0,SPY
2024-03-15,510.2099914550781,511.70001220703125,508.1199951171875,509.8299865722656,496.4381103515625,107646300.0,SPY
2024-03-18,514.0,515.47998046875,512.4400024414062,512.8599853515625,499.3885192871094,88893300.0,SPY
2024-03-19,512.1500244140625,516.0,511.1199951171875,515.7100219726562,502.1636657714844,60755300.0,SPY
2024-03-20,515.77001953125,520.6199951171875,515.0800170898438,520.47998046875,506.8084411621094,69594600.0,SPY
2024-03-21,523.3900146484375,524.1099853515625,521.9099731445312,522.2000122070312,508.4831848144531,60256100.0,SPY
2024-03-22,522.1099853515625,522.6099853515625,520.969970703125,521.2100219726562,507.519287109375,79070800.0,SPY
2024-03-25,519.7999877929688,520.9500122070312,519.6099853515625,519.77001953125,506.11700439453125,48512100.0,SPY
2024-03-26,521.22998046875,521.5800170898438,518.4000244140625,518.8099975585938,505.1822204589844,65463700.0,SPY
2024-03-27,521.7100219726562,523.2100219726562,519.489990234375,523.1699829101562,509.42767333984375,82999800.0,SPY
2024-03-28,523.2100219726562,524.6099853515625,522.780029296875,523.0700073242188,509.3303527832031,96294900.0,SPY
2024-04-01,523.8300170898438,524.3800048828125,520.969970703125,522.1599731445312,508.4441833496094,62477500.0,SPY
2024-04-02,518.239990234375,518.97998046875,516.47998046875,518.8400268554688,505.21142578125,74230300.0,SPY
2024-04-03,517.719970703125,520.9500122070312,517.6699829101562,519.4099731445312,505.7664794921875,59155800.0,SPY
2024-04-04,523.52001953125,523.8699951171875,512.760009765625,513.0700073242188,499.593017578125,96858100.0,SPY
2024-04-05,514.4600219726562,520.4400024414062,514.010009765625,518.4299926757812,504.8122253417969,74546500.0,SPY
2024-04-08,519.1500244140625,520.1799926757812,517.8900146484375,518.719970703125,505.0946350097656,48401800.0,SPY
2024-04-09,520.5,520.75,514.3499755859375,519.3200073242188,505.6788330078125,68049200.0,SPY
2024-04-10,513.47998046875,516.1599731445312,512.0900268554688,514.1199951171875,500.61541748046875,82652800.0,SPY
2024-04-11,515.6799926757812,519.47998046875,512.0800170898438,518.0,504.3935546875,70099000.0,SPY
2024-04-12,514.3699951171875,515.8200073242188,509.0799865722656,510.8500061035156,497.43133544921875,92561100.0,SPY
2024-04-15,515.1300048828125,515.2999877929688,503.5799865722656,504.45001220703125,491.199462890625,92101400.0,SPY
2024-04-16,504.94000244140625,506.5,502.2099914550781,503.5299987792969,490.3036193847656,73484000.0,SPY
2024-04-17,506.04998779296875,506.2200012207031,499.1199951171875,500.54998779296875,487.40185546875,75910300.0,SPY
2024-04-18,501.9800109863281,504.1300048828125,498.55999755859375,499.5199890136719,486.3989562988281,74548100.0,SPY
2024-04-19,499.44000244140625,500.4599914550781,493.8599853515625,495.1600036621094,482.1534423828125,102212600.0,SPY
2024-04-22,497.8299865722656,502.3800048828125,495.42999267578125,499.7200012207031,486.59375,67961000.0,SPY
2024-04-23,501.7799987792969,506.0899963378906,499.5299987792969,505.6499938964844,492.367919921875,64633600.0,SPY
2024-04-24,506.55999755859375,507.3699951171875,503.1300048828125,505.4100036621094,492.13421630859375,55928100.0,SPY
2024-04-25,499.17999267578125,504.2699890136719,497.489990234375,503.489990234375,490.2646484375,69122400.0,SPY
2024-04-26,506.3500061035156,509.8800048828125,505.70001220703125,508.260009765625,494.90936279296875,64306100.0,SPY
2024-04-29,510.0899963378906,510.75,507.25,510.05999755859375,496.662109375,46415400.0,SPY
2024-04-30,508.55999755859375,509.55999755859375,501.9800109863281,501.9800109863281,488.79437255859375,77483600.0,SPY
2024-05-01,501.3800048828125,508.19000244140625,499.8699951171875,500.3500061035156,487.20721435546875,80242800.0,SPY
2024-05-02,504.1499938964844,505.8900146484375,499.54998779296875,505.0299987792969,491.7641906738281,62550200.0,SPY
2024-05-03,511.1600036621094,512.5499877929688,508.55999755859375,511.2900085449219,497.8598327636719,72756700.0,SPY
2024-05-06,513.75,516.6099853515625,513.2999877929688,516.5700073242188,503.0011291503906,47264700.0,SPY
2024-05-07,517.5599975585938,518.5700073242188,516.4500122070312,517.1400146484375,503.55609130859375,52561300.0,SPY
2024-05-08,515.260009765625,517.739990234375,515.1400146484375,517.1900024414062,503.60479736328125,42047200.0,SPY
2024-05-09,517.3800048828125,520.2100219726562,516.7100219726562,520.1699829101562,506.506591796875,43643700.0,SPY
2024-05-10,521.8099975585938,522.6400146484375,519.5900268554688,520.8400268554688,507.1590270996094,52233200.0,SPY
2024-05-13,522.5599975585938,522.6699829101562,519.739990234375,520.9099731445312,507.2270812988281,36716400.0,SPY
2024-05-14,521.1099853515625,523.8300170898438,520.5599975585938,523.2999877929688,509.5543518066406,57535900.0,SPY
2024-05-15,525.8300170898438,530.0800170898438,525.1799926757812,529.780029296875,515.8640747070312,59504900.0,SPY
2024-05-16,529.8800048828125,531.52001953125,528.5399780273438,528.6900024414062,514.802734375,50244800.0,SPY
2024-05-17,528.8099975585938,529.52001953125,527.3200073242188,529.4500122070312,515.542724609375,59187600.0,SPY
2024-05-20,529.5700073242188,531.5599975585938,529.1699829101562,530.0599975585938,516.1368408203125,37764200.0,SPY
2024-05-21,529.280029296875,531.52001953125,529.0700073242188,531.3599853515625,517.4025268554688,33437000.0,SPY
2024-05-22,530.6500244140625,531.3800048828125,527.5999755859375,529.8300170898438,515.912841796875,48390000.0,SPY
2024-05-23,532.9600219726562,533.0700073242188,524.719970703125,525.9600219726562,512.1444091796875,57211200.0,SPY
2024-05-24,527.8499755859375,530.27001953125,526.8800048828125,529.4400024414062,515.5330810546875,41291100.0,SPY
2024-05-28,530.27001953125,530.510009765625,527.1099853515625,529.8099975585938,515.8933715820312,36269600.0,SPY
2024-05-29,525.6799926757812,527.3099975585938,525.3699951171875,526.0999755859375,512.2807006835938,45190300.0,SPY
2024-05-30,524.52001953125,525.2000122070312,521.3300170898438,522.6099853515625,508.8824157714844,46377600.0,SPY
2024-05-31,523.5900268554688,527.5,518.3599853515625,527.3699951171875,513.5173950195312,90785800.0,SPY
2024-06-03,529.02001953125,529.3099975585938,522.5999755859375,527.7999877929688,513.93603515625,46835700.0,SPY
2024-06-04,526.4600219726562,529.1500244140625,524.9600219726562,528.3900146484375,514.5106201171875,34632700.0,SPY
2024-06-05,530.77001953125,534.6900024414062,528.72998046875,534.6699829101562,520.6256103515625,47610400.0,SPY
2024-06-06,534.97998046875,535.4199829101562,532.6799926757812,534.6599731445312,520.6158447265625,30808500.0,SPY
2024-06-07,533.6599731445312,536.8900146484375,532.5399780273438,534.010009765625,519.9829711914062,43224500.0,SPY
2024-06-10,533.1799926757812,535.989990234375,532.5700073242188,535.6599731445312,521.5895385742188,35686100.0,SPY
2024-06-11,534.0700073242188,537.010009765625,532.0499877929688,536.9500122070312,522.8457641601562,36383400.0,SPY
2024-06-12,541.6300048828125,544.1199951171875,540.2999877929688,541.3599853515625,527.1400146484375,63251300.0,SPY
2024-06-13,543.1500244140625,543.3300170898438,539.5900268554688,542.4500122070312,528.2012939453125,44760900.0,SPY
2024-06-14,540.8800048828125,542.8099975585938,539.8499755859375,542.780029296875,528.522705078125,40089900.0,SPY
2024-06-17,542.0800170898438,548.530029296875,541.6099853515625,547.0999755859375,532.7291870117188,55839500.0,SPY
2024-06-18,547.1599731445312,548.6199951171875,546.72998046875,548.489990234375,534.0825805664062,41376400.0,SPY
2024-06-20,549.4400024414062,550.1199951171875,545.1799926757812,547.0,532.6317749023438,70328200.0,SPY
2024-06-21,544.4000244140625,545.6500244140625,543.02001953125,544.510009765625,531.917724609375,64338600.0,SPY
2024-06-24,544.3300170898438,546.9500122070312,542.6199951171875,542.739990234375,530.1886596679688,45528700.0,SPY
2024-06-25,543.989990234375,545.2000122070312,542.4400024414062,544.8300170898438,532.2302856445312,37936200.0,SPY
2024-06-26,543.6900024414062,546.239990234375,543.030029296875,545.510009765625,532.89453125,38550600.0,SPY
2024-06-27,545.3699951171875,546.9600219726562,544.6099853515625,546.3699951171875,533.734619140625,35041500.0,SPY
2024-06-28,547.1599731445312,550.280029296875,542.9500122070312,544.219970703125,531.6343383789062,76144500.0,SPY
2024-07-01,545.6300048828125,545.8800048828125,542.52001953125,545.3400268554688,532.7285766601562,40297800.0,SPY
2024-07-02,543.7000122070312,549.010009765625,543.6500244140625,549.010009765625,536.3136596679688,40434800.0,SPY
2024-07-03,548.6900024414062,551.8300170898438,548.6500244140625,551.4600219726562,538.7069702148438,32789900.0,SPY
2024-07-05,551.77001953125,555.0499877929688,551.1199951171875,554.6400146484375,541.8134155273438,41488400.0,SPY
2024-07-08,555.4400024414062,556.25,554.1900024414062,555.280029296875,542.4386596679688,36110500.0,SPY
2024-07-09,556.260009765625,557.1799926757812,555.52001953125,555.8200073242188,542.9661254882812,27289700.0,SPY
2024-07-10,557.0700073242188,561.6699829101562,556.77001953125,561.3200073242188,548.3389282226562,38701200.0,SPY
2024-07-11,561.4400024414062,562.3300170898438,555.8300170898438,556.47998046875,543.6107788085938,53054200.0,SPY
2024-07-12,557.6300048828125,563.6699829101562,557.1500244140625,559.989990234375,547.0397338867188,53084400.0,SPY
2024-07-15,562.030029296875,564.8400268554688,559.6300048828125,561.530029296875,548.544189453125,40584300.0,SPY
2024-07-16,562.8699951171875,565.1599731445312,562.0999755859375,564.8599853515625,551.7969970703125,36475300.0,SPY
2024-07-17,558.7999877929688,560.510009765625,556.6099853515625,556.9400024414062,544.0602416992188,57119000.0,SPY
2024-07-18,558.510009765625,559.52001953125,550.4299926757812,552.6599731445312,539.8792724609375,56270400.0,SPY
2024-07-19,552.4199829101562,554.0800170898438,547.9099731445312,548.989990234375,536.2940063476562,65509100.0,SPY
2024-07-22,553.0,555.27001953125,551.02001953125,554.6500244140625,541.8233032226562,43346700.0,SPY
2024-07-23,554.5399780273438,556.739990234375,553.280029296875,553.780029296875,540.9733276367188,34439600.0,SPY
2024-07-24,548.8599853515625,549.1699829101562,540.2899780273438,541.22998046875,528.7135009765625,74515300.0,SPY
2024-07-25,541.3499755859375,547.4600219726562,537.4500122070312,538.4099731445312,525.958740234375,61158300.0,SPY
2024-07-26,542.280029296875,547.1900024414062,541.489990234375,544.4400024414062,531.849365234375,53763800.0,SPY
2024-07-29,546.02001953125,547.0499877929688,542.719970703125,544.760009765625,532.1619262695312,39515800.0,SPY
2024-07-30,546.260009765625,547.3400268554688,538.52001953125,542.0,529.4656982421875,46853600.0,SPY
2024-07-31,548.97998046875,553.5,547.5800170898438,550.8099975585938,538.0719604492188,65663400.0,SPY
2024-08-01,552.5700073242188,554.8699951171875,539.4299926757812,543.010009765625,530.4524536132812,76428700.0,SPY
2024-08-02,535.75,536.989990234375,528.5999755859375,532.9000244140625,520.5762329101562,82789100.0,SPY
2024-08-05,511.6400146484375,523.5800170898438,510.2699890136719,517.3800048828125,505.4151306152344,146267400.0,SPY
2024-08-06,519.219970703125,529.75,517.8699951171875,522.1500244140625,510.07489013671875,84826300.0,SPY
2024-08-07,528.469970703125,531.5900268554688,518.0499877929688,518.6599731445312,506.66546630859375,70698300.0,SPY
2024-08-08,523.9099731445312,531.2899780273438,521.8400268554688,530.6500244140625,518.378173828125,63276600.0,SPY
2024-08-09,529.8099975585938,534.510009765625,528.5599975585938,532.989990234375,520.6640625,45619600.0,SPY
2024-08-12,534.2100219726562,535.72998046875,530.9500122070312,533.27001953125,520.9376220703125,42542100.0,SPY
2024-08-13,536.530029296875,542.280029296875,536.280029296875,542.0399780273438,529.5046997070312,52333100.0,SPY
2024-08-14,542.8499755859375,544.9600219726562,540.1199951171875,543.75,531.17529296875,42446900.0,SPY
2024-08-15,549.5,553.3599853515625,548.8800048828125,553.0700073242188,540.27978515625,60846800.0,SPY
2024-08-16,551.4199829101562,555.02001953125,551.260009765625,554.3099975585938,541.490966796875,44430700.0,SPY
2024-08-19,554.72998046875,559.6099853515625,553.8599853515625,559.6099853515625,546.6685180664062,39121800.0,SPY
2024-08-20,559.1500244140625,560.8400268554688,557.3300170898438,558.7000122070312,545.779541015625,33732300.0,SPY
2024-08-21,559.77001953125,562.1099853515625,554.72998046875,560.6199951171875,547.6552124023438,41514600.0,SPY
2024-08-22,562.5599975585938,563.1799926757812,554.97998046875,556.219970703125,543.3568725585938,56121500.0,SPY
2024-08-23,559.530029296875,563.0900268554688,557.2899780273438,562.1300048828125,549.130126953125,50639400.0,SPY
2024-08-26,563.1799926757812,563.9099731445312,559.0499877929688,560.7899780273438,547.8211669921875,35788600.0,SPY
2024-08-27,559.489990234375,562.0599975585938,558.3200073242188,561.5599975585938,548.5733032226562,32693900.0,SPY
2024-08-28,561.2100219726562,561.6500244140625,555.0399780273438,558.2999877929688,545.3887939453125,41066000.0,SPY
2024-08-29,560.3099975585938,563.6799926757812,557.1799926757812,558.3499755859375,545.4375610351562,38715200.0,SPY
2024-08-30,560.77001953125,564.2000122070312,557.1400146484375,563.6799926757812,550.6443481445312,62700100.0,SPY
2024-09-03,560.469970703125,560.8099975585938,549.510009765625,552.0800170898438,539.3126220703125,60600100.0,SPY
2024-09-04,550.2000122070312,554.4299926757812,549.4600219726562,550.9500122070312,538.208740234375,47224900.0,SPY
2024-09-05,550.8900146484375,553.7999877929688,547.0999755859375,549.6099853515625,536.8997192382812,44264300.0,SPY
2024-09-06,549.9400024414062,551.5999755859375,539.4400024414062,540.3599853515625,527.8637084960938,68493800.0,SPY
2024-09-09,544.6500244140625,547.7100219726562,542.6799926757812,546.4099731445312,533.773681640625,40445800.0,SPY
2024-09-10,548.3599853515625,549.1500244140625,543.3800048828125,548.7899780273438,536.0987548828125,36394600.0,SPY
2024-09-11,548.7000122070312,555.3599853515625,539.9600219726562,554.4199829101562,541.5984497070312,75248600.0,SPY
2024-09-12,555.010009765625,559.4000244140625,552.739990234375,559.0900268554688,546.1605224609375,51819600.0,SPY
2024-09-13,559.7100219726562,563.030029296875,559.4500122070312,562.010009765625,549.0130004882812,39310500.0,SPY
2024-09-16,561.739990234375,563.1099853515625,559.9000244140625,562.8400268554688,549.8237915039062,36656100.0,SPY
2024-09-17,565.0999755859375,566.5800170898438,560.7899780273438,563.0700073242188,550.0484008789062,49321000.0,SPY
2024-09-18,563.739990234375,568.6900024414062,560.8300170898438,561.4000244140625,548.4171142578125,59044900.0,SPY
2024-09-19,571.010009765625,572.8800048828125,568.0800170898438,570.97998046875,557.7755126953125,75315500.0,SPY
2024-09-20,567.8400268554688,569.3099975585938,565.1699829101562,568.25,556.811279296875,77503100.0,SPY
2024-09-23,569.3400268554688,570.3300170898438,568.0999755859375,569.6699829101562,558.2027587890625,44116900.0,SPY
2024-09-24,570.47998046875,571.3599853515625,567.5999755859375,571.2999877929688,559.7999877929688,46805700.0,SPY
2024-09-25,571.1400146484375,571.8900146484375,568.9099731445312,570.0399780273438,558.5652465820312,38428600.0,SPY
2024-09-26,574.3800048828125,574.7100219726562,569.9000244140625,572.2999877929688,560.7798461914062,48336000.0,SPY
2024-09-27,573.3900146484375,574.219970703125,570.4199829101562,571.469970703125,559.966552734375,42100900.0,SPY
2024-09-30,570.4199829101562,574.3800048828125,568.0800170898438,573.760009765625,562.2103881835938,63557400.0,SPY
2024-01-02,405.8399963378906,406.0899963378906,400.239990234375,402.5899963378906,397.2541809082031,58026900.0,QQQ
2024-01-03,399.92999267578125,401.0,397.8900146484375,398.3299865722656,393.0506896972656,47002800.0,QQQ
2024-01-04,396.44000244140625,399.5899963378906,396.05999755859375,396.2799987792969,391.02783203125,39432800.0,QQQ
2024-01-05,396.45001220703125,399.55999755859375,395.3399963378906,396.75,391.4916076660156,44922800.0,QQQ
2024-01-08,397.989990234375,405.239990234375,397.8399963378906,404.95001220703125,399.5828857421875,42473800.0,QQQ
2024-01-09,401.9100036621094,406.69000244140625,401.7099914550781,405.75,400.3722839355469,39132900.0,QQQ
2024-01-10,406.07000732421875,409.5199890136719,405.1700134277344,408.5,403.0859069824219,33962800.0,QQQ
2024-01-11,409.7900085449219,411.20001220703125,404.239990234375,409.3500061035156,403.92462158203125,54536200.0,QQQ
2024-01-12,410.3999938964844,411.25,408.1499938964844,409.55999755859375,404.1318054199219,39595000.0,QQQ
2024-01-16,408.30999755859375,411.1199951171875,406.8299865722656,409.5199890136719,404.0923156738281,43903000.0,QQQ
2024-01-17,406.1700134277344,407.5899963378906,402.9200134277344,407.2099914550781,401.8129577636719,54386000.0,QQQ
2024-01-18,410.5199890136719,413.5799865722656,409.1600036621094,412.989990234375,407.5163269042969,59562500.0,QQQ
2024-01-19,415.2200012207031,421.3399963378906,414.6300048828125,421.17999267578125,415.5978088378906,70325100.0,QQQ
2024-01-22,423.4100036621094,424.7300109863281,421.1199951171875,421.7300109863281,416.1405334472656,44880600.0,QQQ
2024-01-23,422.42999267578125,423.70001220703125,420.57000732421875,423.4800109863281,417.8673400878906,33003800.0,QQQ
2024-01-24,427.44000244140625,429.8500061035156,425.3299865722656,425.8299865722656,420.1861877441406,46948000.0,QQQ
2024-01-25,428.3599853515625,429.0400085449219,423.9800109863281,426.3500061035156,420.69921875,44367200.0,QQQ
2024-01-26,424.44000244140625,426.2099914550781,423.1499938964844,423.80999755859375,418.1929626464844,37137000.0,QQQ
2024-01-29,424.2699890136719,428.3500061035156,423.6099853515625,428.1499938964844,422.47540283203125,38694700.0,QQQ
2024-01-30,427.1000061035156,427.67999267578125,424.3800048828125,425.29998779296875,419.6632080078125,36739000.0,QQQ
2024-01-31,420.8500061035156,422.8699951171875,416.7900085449219,416.9700012207031,411.443603515625,64010600.0,QQQ
2024-02-01,418.7900085449219,422.3800048828125,417.80999755859375,421.8800048828125,416.28857421875,51008600.0,QQQ
2024-02-02,423.79998779296875,430.239990234375,422.7900085449219,429.010009765625,423.32403564453125,59602400.0,QQQ
2024-02-05,429.07000732421875,429.6099853515625,425.0,428.45001220703125,422.771484375,39889200.0,QQQ
2024-02-06,429.6099853515625,430.2200012207031,425.2200012207031,427.5899963378906,421.9228210449219,35846100.0,QQQ
2024-02-07,430.4100036621094,432.8299865722656,429.0899963378906,431.989990234375,426.2645568847656,37712700.0,QQQ
2024-02-08,432.1099853515625,433.55999755859375,431.4200134277344,432.7900085449219,427.053955078125,29889900.0,QQQ
2024-02-09,433.94000244140625,437.8500061035156,433.1400146484375,437.04998779296875,431.2574462890625,36943900.0,QQQ
2024-02-12,436.94000244140625,439.1400146484375,434.6499938964844,435.3399963378906,429.570068359375,33203300.0,QQQ
2024-02-13,427.2799987792969,431.2699890136719,425.3299865722656,428.54998779296875,422.8701171875,64491700.0,QQQ
2024-02-14,431.260009765625,433.6499938964844,428.8800048828125,433.2200012207031,427.4782409667969,45092700.0,QQQ
2024-02-15,433.9200134277344,434.9800109863281,431.3299865722656,434.510009765625,428.75115966796875,38796100.0,QQQ
2024-02-16,434.8900146484375,434.989990234375,429.8500061035156,430.57000732421875,424.86334228515625,53716500.0,QQQ
2024-02-20,428.54998779296875,430.0799865722656,423.5,427.32000732421875,421.65643310546875,53999500.0,QQQ
2024-02-21,424.54998779296875,425.70001220703125,421.6300048828125,425.6099853515625,419.96905517578125,49779000.0,QQQ
2024-02-22,434.489990234375,439.1199951171875,433.7099914550781,438.07000732421875,432.26397705078125,53887800.0,QQQ
2024-02-23,439.6499938964844,440.5899963378906,435.7900085449219,436.7799987792969,430.9910583496094,39853900.0,QQQ
2024-02-26,437.6000061035156,438.6000061035156,436.3599853515625,436.54998779296875,430.76409912109375,33043200.0,QQQ
2024-02-27,437.6700134277344,437.989990234375,435.0299987792969,437.6000061035156,431.8002014160156,33713200.0,QQQ
2024-02-28,435.42999267578125,436.6700134277344,434.29998779296875,435.2699890136719,429.50103759765625,32938800.0,QQQ
2024-02-29,438.2300109863281,440.0899963378906,435.0199890136719,439.0,433.181640625,42495200.0,QQQ
2024-03-01,439.8999938964844,446.5799865722656,439.8399963378906,445.6099853515625,439.7039794921875,43853000.0,QQQ
2024-03-04,445.6099853515625,446.0400085449219,443.7699890136719,444.0199890136719,438.1351318359375,34325700.0,QQQ
2024-03-05,440.94000244140625,440.95001220703125,433.6499938964844,436.04998779296875,430.27069091796875,57917100.0,QQQ
2024-03-06,440.32000732421875,441.989990234375,436.8900146484375,438.7900085449219,432.9744567871094,46234500.0,QQQ
2024-03-07,442.4200134277344,446.7200012207031,440.8599853515625,445.45001220703125,439.5461120605469,44526700.0,QQQ
2024-03-08,445.80999755859375,448.6400146484375,438.3399963378906,439.0199890136719,433.201416015625,72096000.0,QQQ
2024-03-11,437.510009765625,438.6600036621094,435.44000244140625,437.3900146484375,431.5929870605469,45860000.0,QQQ
2024-03-12,439.7300109863281,444.0199890136719,436.4599914550781,443.6600036621094,437.77984619140625,55300900.0,QQQ
2024-03-13,442.6499938964844,442.6700134277344,439.1199951171875,440.25,434.41510009765625,37928700.0,QQQ
2024-03-14,441.5,442.0299987792969,436.3900146484375,439.1400146484375,433.31982421875,52195200.0,QQQ
2024-03-15,436.07000732421875,438.8699951171875,432.739990234375,433.9200134277344,428.1689453125,73069800.0,QQQ
2024-03-18,438.7300109863281,441.0400085449219,437.239990234375,437.4800109863281,432.2525634765625,47323800.0,QQQ
2024-03-19,435.45001220703125,438.9800109863281,433.3299865722656,438.57000732421875,433.32952880859375,43004100.0,QQQ
2024-03-20,439.7799987792969,444.1099853515625,438.05999755859375,443.7699890136719,438.4674072265625,43653500.0,QQQ
2024-03-21,448.8800048828125,449.3399963378906,445.6700134277344,445.8699951171875,440.54229736328125,39345700.0,QQQ
2024-03-22,445.3500061035156,447.489990234375,444.489990234375,446.3800048828125,441.0462646484375,28253900.0,QQQ
2024-03-25,443.54998779296875,446.260009765625,442.5400085449219,444.760009765625,439.44561767578125,27789200.0,QQQ
2024-03-26,446.29998779296875,447.2300109863281,443.0899963378906,443.32000732421875,438.0228271484375,34142000.0,QQQ
2024-03-27,446.44000244140625,446.5400085449219,441.92999267578125,444.8299865722656,439.5147705078125,41359200.0,QQQ
2024-03-28,444.7799987792969,445.6400146484375,443.6499938964844,444.010009765625,438.7045593261719,36839600.0,QQQ
2024-04-01,444.9700012207031,447.5299987792969,443.0199890136719,444.95001220703125,439.63336181640625,38729000.0,QQQ
2024-04-02,440.0799865722656,441.42999267578125,438.0299987792969,441.1099853515625,435.83917236328125,44259700.0,QQQ
2024-04-03,438.9599914550781,444.0,438.95001220703125,442.1000061035156,436.8173522949219,39949800.0,QQQ
2024-04-04,446.3299865722656,446.95001220703125,435.1099853515625,435.3399963378906,430.1380920410156,57267700.0,QQQ
2024-04-05,436.7799987792969,443.1700134277344,435.9599914550781,440.4700012207031,435.2068786621094,54744600.0,QQQ
2024-04-08,441.4100036621094,442.5,439.20001220703125,440.6000061035156,435.3352966308594,28144900.0,QQQ
2024-04-09,442.9599914550781,443.239990234375,437.44000244140625,442.2300109863281,436.94580078125,39443600.0,QQQ
2024-04-10,437.0,439.239990234375,436.2799987792969,438.3699951171875,433.13189697265625,61502200.0,QQQ
2024-04-11,440.260009765625,446.3299865722656,437.9599914550781,445.3699951171875,440.0483093261719,45474600.0,QQQ
2024-04-12,441.1000061035156,442.239990234375,436.8800048828125,438.2699890136719,433.0331726074219,53665000.0,QQQ
2024-04-15,442.05999755859375,442.1499938964844,430.2099914550781,431.05999755859375,425.9093017578125,63453600.0,QQQ
2024-04-16,430.8999938964844,433.760009765625,429.70001220703125,431.1000061035156,425.94879150390625,47619000.0,QQQ
2024-04-17,433.1000061035156,433.1199951171875,424.8999938964844,425.8399963378906,420.7516784667969,56880500.0,QQQ
2024-04-18,426.489990234375,428.239990234375,422.8299865722656,423.4100036621094,418.3507080078125,46549400.0,QQQ
2024-04-19,422.2200012207031,422.75,413.07000732421875,414.6499938964844,409.6953430175781,75231000.0,QQQ
2024-04-22,417.30999755859375,421.17999267578125,413.94000244140625,418.82000732421875,413.8155212402344,47807700.0,QQQ
2024-04-23,420.7699890136719,426.2799987792969,418.8699951171875,425.07000732421875,419.9908447265625,44384700.0,QQQ
2024-04-24,428.20001220703125,429.7300109863281,424.20001220703125,426.510009765625,421.4136962890625,48440300.0,QQQ
2024-04-25,419.239990234375,425.32000732421875,418.1400146484375,424.45001220703125,419.3782958984375,57392200.0,QQQ
2024-04-26,427.6199951171875,432.54998779296875,426.9200134277344,431.0,425.85009765625,41874900.0,QQQ
2024-04-29,433.1300048828125,433.760009765625,429.9800109863281,432.75,427.5791015625,30022200.0,QQQ
2024-04-30,431.1499938964844,432.55999755859375,424.510009765625,424.5899963378906,419.51654052734375,43665900.0,QQQ
2024-05-01,423.1499938964844,430.1400146484375,420.6600036621094,421.5199890136719,416.4832763671875,52251700.0,QQQ
2024-05-02,425.29998779296875,427.80999755859375,420.6300048828125,426.8999938964844,421.79901123046875,36559000.0,QQQ
2024-05-03,434.44000244140625,436.4800109863281,432.6199951171875,435.4800109863281,430.27655029296875,48515300.0,QQQ
2024-05-06,437.29998779296875,440.3399963378906,436.5199890136719,440.25,434.9894714355469,30227200.0,QQQ
2024-05-07,440.70001220703125,441.9700012207031,439.5799865722656,440.32000732421875,435.05865478515625,30996100.0,QQQ
2024-05-08,437.6700134277344,441.4800109863281,437.54998779296875,440.05999755859375,434.8017272949219,24896700.0,QQQ
2024-05-09,440.3299865722656,441.6000061035156,438.4599914550781,441.0199890136719,435.7502746582031,24580100.0,QQQ
2024-05-10,442.5400085449219,444.30999755859375,440.5,442.05999755859375,436.7778015136719,27116600.0,QQQ
2024-05-13,443.989990234375,444.0899963378906,441.6499938964844,443.0799865722656,437.78564453125,22994200.0,QQQ
2024-05-14,442.6499938964844,446.4700012207031,442.4599914550781,445.92999267578125,440.6015625,34478300.0,QQQ
2024-05-15,448.42999267578125,453.1499938964844,446.8999938964844,452.8999938964844,447.4883117675781,41464700.0,QQQ
2024-05-16,452.7099914550781,454.69000244140625,451.80999755859375,451.9800109863281,446.5793151855469,34780400.0,QQQ
2024-05-17,452.1099853515625,452.7200012207031,449.5400085449219,451.760009765625,446.3619384765625,35803700.0,QQQ
2024-05-20,451.9800109863281,455.5799865722656,451.7900085449219,454.9100036621094,449.4743347167969,24474200.0,QQQ
2024-05-21,453.0400085449219,455.989990234375,452.8399963378906,455.79998779296875,450.3536376953125,23167700.0,QQQ
2024-05-22,456.05999755859375,456.82000732421875,453.0799865722656,455.7099914550781,450.2647705078125,25120000.0,QQQ
2024-05-23,460.54998779296875,460.5799865722656,451.8500061035156,453.6600036621094,448.2392272949219,40899200.0,QQQ
2024-05-24,455.2900085449219,459.2300109863281,453.57000732421875,457.95001220703125,452.4779968261719,29669500.0,QQQ
2024-05-28,459.17999267578125,459.739990234375,456.69000244140625,459.67999267578125,454.18731689453125,26216800.0,QQQ
2024-05-29,455.4800109863281,458.239990234375,455.3399963378906,456.44000244140625,450.98602294921875,29739200.0,QQQ
2024-05-30,455.5,455.6400146484375,450.2099914550781,451.54998779296875,446.1544494628906,30536800.0,QQQ
2024-05-31,451.7799987792969,452.4800109863281,443.05999755859375,450.7099914550781,445.324462890625,55941300.0,QQQ
2024-06-03,454.57000732421875,455.5799865722656,447.8999938964844,453.1300048828125,447.7156066894531,32997500.0,QQQ
2024-06-04,452.8699951171875,455.5799865722656,451.1300048828125,454.3699951171875,448.94073486328125,23767400.0,QQQ
2024-06-05,457.9800109863281,463.6099853515625,454.4100036621094,463.5299987792969,457.9913330078125,33817400.0,QQQ
2024-06-06,464.2200012207031,464.5400085449219,462.19000244140625,463.3699951171875,457.833251953125,21966800.0,QQQ
2024-06-07,463.0,465.739990234375,461.8399963378906,462.9599914550781,457.42816162109375,25829700.0,QQQ
2024-06-10,461.82000732421875,465.19000244140625,461.5299987792969,464.8299865722656,459.2757873535156,20660800.0,QQQ
2024-06-11,463.5400085449219,468.1400146484375,462.0299987792969,468.0199890136719,462.42767333984375,22053300.0,QQQ
2024-06-12,471.989990234375,476.5,471.2900085449219,474.1499938964844,468.4844055175781,34532600.0,QQQ
2024-06-13,477.7200012207031,478.3900146484375,474.4200134277344,476.7200012207031,471.02374267578125,25859000.0,QQQ
2024-06-14,476.5199890136719,479.260009765625,476.04998779296875,479.19000244140625,473.4642028808594,23372600.0,QQQ
2024-06-17,479.4599914550781,486.8599853515625,478.1400146484375,485.05999755859375,479.2640686035156,37054500.0,QQQ
2024-06-18,485.010009765625,485.8999938964844,483.42999267578125,485.2099914550781,479.41229248046875,24438600.0,QQQ
2024-06-20,486.4200134277344,486.8399963378906,479.6199951171875,481.4700012207031,475.7169494628906,33918700.0,QQQ
2024-06-21,481.19000244140625,482.5400085449219,478.6700134277344,480.17999267578125,474.4423522949219,37456800.0,QQQ
2024-06-24,478.17999267578125,479.92999267578125,473.82000732421875,473.9599914550781,469.041015625,37751000.0,QQQ
2024-06-25,476.07000732421875,479.67999267578125,475.1199951171875,479.3800048828125,474.40478515625,29014700.0,QQQ
2024-06-26,478.54998779296875,480.9200134277344,478.1300048828125,480.3699951171875,475.3844909667969,22737100.0,QQQ
2024-06-27,480.1199951171875,483.1000061035156,479.29998779296875,481.6099853515625,476.6116027832031,26222100.0,QQQ
2024-06-28,482.4100036621094,487.20001220703125,478.4599914550781,479.1099853515625,474.1375427246094,34881600.0,QQQ
2024-07-01,480.0400085449219,482.489990234375,476.260009765625,481.9200134277344,476.9184265136719,24898300.0,QQQ
2024-07-02,480.4100036621094,487.0400085449219,480.2799987792969,486.9800109863281,481.9259033203125,26723600.0,QQQ
2024-07-03,486.2200012207031,491.1700134277344,486.2200012207031,491.0400085449219,485.9437255859375,18064900.0,QQQ
2024-07-05,491.8900146484375,496.6000061035156,491.5899963378906,496.1600036621094,491.0106506347656,28495900.0,QQQ
2024-07-08,496.5299987792969,497.8999938964844,495.5,497.3399963378906,492.1783752441406,22109400.0,QQQ
2024-07-09,498.8699951171875,500.0,496.239990234375,497.7699890136719,492.6038818359375,25614500.0,QQQ
2024-07-10,499.7099914550781,503.5199890136719,498.3900146484375,502.9599914550781,497.739990234375,28046900.0,QQQ
2024-07-11,503.07000732421875,503.2799987792969,490.7300109863281,491.92999267578125,486.824462890625,49966600.0,QQQ
2024-07-12,492.510009765625,499.6199951171875,492.0400085449219,494.82000732421875,489.68450927734375,37109400.0,QQQ
2024-07-15,496.6099853515625,501.010009765625,494.0899963378906,496.1499938964844,491.0007019042969,31151400.0,QQQ
2024-07-16,497.6199951171875,498.44000244140625,493.1499938964844,496.3399963378906,491.188720703125,25950600.0,QQQ
2024-07-17,488.2799987792969,488.79998779296875,481.70001220703125,481.7699890136719,476.7698974609375,56268800.0,QQQ
2024-07-18,485.5299987792969,485.7099914550781,476.2699890136719,479.489990234375,474.51361083984375,49347400.0,QQQ
2024-07-19,479.1499938964844,481.69000244140625,473.94000244140625,475.239990234375,470.3077392578125,42042900.0,QQQ
2024-07-22,481.1600036621094,483.3500061035156,477.7099914550781,482.32000732421875,477.31427001953125,40300000.0,QQQ
2024-07-23,481.4100036621094,484.42999267578125,480.1400146484375,480.6199951171875,475.6318664550781,23282500.0,QQQ
2024-07-24,473.82000732421875,474.19000244140625,462.510009765625,463.3800048828125,458.5708312988281,58818600.0,QQQ
2024-07-25,463.7200012207031,467.94000244140625,455.6300048828125,458.2699890136719,453.5138244628906,59256800.0,QQQ
2024-07-26,462.6499938964844,465.92999267578125,459.7699890136719,462.9700012207031,458.1650390625,39992100.0,QQQ
2024-07-29,465.7099914550781,467.9100036621094,461.6199951171875,463.8999938964844,459.0854187011719,28218500.0,QQQ
2024-07-30,465.8500061035156,466.55999755859375,454.1499938964844,457.5299987792969,452.7815246582031,41317200.0,QQQ
2024-07-31,467.8699951171875,472.7900085449219,466.4100036621094,471.07000732421875,466.1810302734375,44552100.0,QQQ
2024-08-01,471.760009765625,475.54998779296875,455.9800109863281,459.6600036621094,454.8894348144531,56653900.0,QQQ
2024-08-02,450.8900146484375,453.57000732421875,444.4700012207031,448.75,444.0926513671875,66323200.0,QQQ
2024-08-05,424.7099914550781,442.2900085449219,423.45001220703125,435.3699951171875,430.85150146484375,87483500.0,QQQ
2024-08-06,437.2300109863281,447.07000732421875,434.55999755859375,439.5299987792969,434.9683532714844,63164400.0,QQQ
2024-08-07,446.489990234375,449.0,434.3699951171875,434.7699890136719,430.2577209472656,54929200.0,QQQ
2024-08-08,441.05999755859375,448.989990234375,437.1499938964844,448.07000732421875,443.419677734375,47890100.0,QQQ
2024-08-09,446.739990234375,452.05999755859375,445.6099853515625,450.4100036621094,445.73541259765625,33574000.0,QQQ
2024-08-12,451.3900146484375,454.3699951171875,448.54998779296875,451.3800048828125,446.6954040527344,27795000.0,QQQ
2024-08-13,455.82000732421875,462.8500061035156,455.67999267578125,462.5799865722656,457.7790832519531,40084500.0,QQQ
2024-08-14,463.510009765625,465.1099853515625,458.3999938964844,462.7300109863281,457.9275817871094,34733700.0,QQQ
2024-08-15,468.760009765625,474.82000732421875,468.3800048828125,474.4200134277344,469.4962463378906,38280600.0,QQQ
2024-08-16,472.6199951171875,476.4100036621094,471.6499938964844,475.0299987792969,470.0998840332031,38383600.0,QQQ
2024-08-19,475.1700134277344,481.30999755859375,473.3699951171875,481.2699890136719,476.27508544921875,23737700.0,QQQ
2024-08-20,480.3500061035156,482.94000244140625,478.54998779296875,480.260009765625,475.275634765625,29209300.0,QQQ
2024-08-21,481.04998779296875,484.3699951171875,479.32000732421875,482.5,477.4923400878906,25658800.0,QQQ
2024-08-22,484.8399963378906,485.5400085449219,473.80999755859375,474.8500061035156,469.9217529296875,37739600.0,QQQ
2024-08-23,479.239990234375,482.739990234375,475.2799987792969,480.0,475.0182800292969,36061500.0,QQQ
2024-08-26,479.45001220703125,480.3800048828125,473.239990234375,475.3399963378906,470.4067077636719,27452600.0,QQQ
2024-08-27,473.69000244140625,477.8399963378906,471.7099914550781,476.760009765625,471.81195068359375,27510000.0,QQQ
2024-08-28,476.2900085449219,477.0199890136719,467.8900146484375,471.3500061035156,466.4580993652344,37372400.0,QQQ
2024-08-29,473.2799987792969,477.92999267578125,469.3699951171875,470.6600036621094,465.7752380371094,41081500.0,QQQ
2024-08-30,475.0400085449219,476.8999938964844,470.510009765625,476.2699890136719,471.3269958496094,33466500.0,QQQ
2024-09-03,473.20001220703125,473.3299865722656,459.4100036621094,461.80999755859375,457.0171203613281,44985200.0,QQQ
2024-09-04,458.6700134277344,464.45001220703125,457.7300109863281,460.6099853515625,455.82952880859375,32505100.0,QQQ
2024-09-05,458.9700012207031,465.3599853515625,457.94000244140625,461.0400085449219,456.255126953125,34452400.0,QQQ
2024-09-06,460.3299865722656,461.2200012207031,448.19000244140625,448.69000244140625,444.0332946777344,50624400.0,QQQ
2024-09-09,453.05999755859375,455.4599914550781,449.82000732421875,454.4599914550781,449.743408203125,32981200.0,QQQ
2024-09-10,456.239990234375,459.1700134277344,452.2300109863281,458.6600036621094,453.8997802734375,29680300.0,QQQ
2024-09-11,459.9100036621094,469.3699951171875,451.2799987792969,468.6199951171875,463.75640869140625,57843000.0,QQQ
2024-09-12,468.6499938964844,474.0400085449219,466.8500061035156,473.2200012207031,468.3086853027344,40067800.0,QQQ
2024-09-13,472.4800109863281,476.5299987792969,472.25,475.3399963378906,470.4067077636719,29111800.0,QQQ
2024-09-16,473.19000244140625,473.8599853515625,469.8900146484375,473.239990234375,468.32843017578125,22585600.0,QQQ
2024-09-17,476.2900085449219,477.6000061035156,470.9700012207031,473.489990234375,468.5758972167969,30084400.0,QQQ
2024-09-18,474.70001220703125,478.8299865722656,470.8299865722656,471.44000244140625,466.54718017578125,39909200.0,QQQ
2024-09-19,482.6099853515625,486.2300109863281,480.489990234375,483.3599853515625,478.3434753417969,52782500.0,QQQ
2024-09-20,482.489990234375,483.69000244140625,478.29998779296875,482.44000244140625,477.4330139160156,34577700.0,QQQ
2024-09-23,482.95001220703125,484.1400146484375,481.6000061035156,483.0400085449219,478.69854736328125,24843000.0,QQQ
2024-09-24,484.4599914550781,486.3299865722656,480.1700134277344,485.3699951171875,481.007568359375,25952600.0,QQQ
2024-09-25,484.739990234375,487.7900085449219,484.55999755859375,485.82000732421875,481.4534912109375,26549900.0,QQQ
2024-09-26,493.3699951171875,493.70001220703125,485.79998779296875,489.4700012207031,485.07073974609375,32020200.0,QQQ
2024-09-27,490.5,490.6400146484375,485.55999755859375,486.75,482.37518310546875,22851100.0,QQQ
2024-09-30,485.7799987792969,488.4100036621094,482.9200134277344,488.07000732421875,483.68328857421875,30281100.0,QQQ
2024-01-02,199.39999389648438,201.6199951171875,198.44000244140625,199.52000427246094,194.1991729736328,44341500.0,IWM
2024-01-03,197.39999389648438,197.6699981689453,193.77999877929688,194.1999969482422,189.0210418701172,57532500.0,IWM
2024-01-04,194.05999755859375,195.49000549316406,193.69000244140625,193.82000732421875,188.65118408203125,43114200.0,IWM
2024-01-05,192.69000244140625,195.4600067138672,192.2899932861328,193.25,188.0963592529297,40964900.0,IWM
2024-01-08,193.2899932861328,196.97000122070312,192.25999450683594,196.72999572753906,191.48355102539062,31545400.0,IWM
2024-01-09,194.35000610351562,195.77000427246094,193.32000732421875,194.97000122070312,189.77049255371094,28998700.0,IWM
2024-01-10,194.74000549316406,195.3800048828125,193.0800018310547,195.0800018310547,189.87754821777344,35075200.0,IWM
2024-01-11,194.5,194.74000549316406,191.3000030517578,193.5500030517578,188.3883514404297,48939200.0,IWM
2024-01-12,195.88999938964844,197.10000610351562,192.63999938964844,193.22999572753906,188.076904296875,42992100.0,IWM
2024-01-16,191.72000122070312,193.25999450683594,190.11000061035156,190.83999633789062,185.75062561035156,42213000.0,IWM
2024-01-17,188.1300048828125,189.92999267578125,187.52999877929688,189.47999572753906,184.42689514160156,37787700.0,IWM
2024-01-18,190.7100067138672,191.1699981689453,188.2100067138672,190.60000610351562,185.51702880859375,41760000.0,IWM
2024-01-19,191.2899932861328,192.85000610351562,189.22999572753906,192.42999267578125,187.2982177734375,63338300.0,IWM
2024-01-22,194.14999389648438,196.82000732421875,194.08999633789062,196.5399932861328,191.2986297607422,42379500.0,IWM
2024-01-23,198.22000122070312,198.58999633789062,194.97999572753906,195.97000122070312,190.7438201904297,42471200.0,IWM
2024-01-24,198.3800048828125,198.4600067138672,194.1199951171875,194.36000061035156,189.17672729492188,41120100.0,IWM
2024-01-25,197.10000610351562,197.66000366210938,194.41000366210938,195.97000122070312,190.7438201904297,37659500.0,IWM
2024-01-26,196.88999938964844,197.88999938964844,195.3800048828125,195.97999572753906,190.7535400390625,33478600.0,IWM
2024-01-29,196.16000366210938,199.41000366210938,195.08999633789062,199.41000366210938,194.0920867919922,29234400.0,IWM
2024-01-30,198.38999938964844,198.92999267578125,197.10000610351562,197.7100067138672,192.4374542236328,33121200.0,IWM
2024-01-31,197.2100067138672,198.94000244140625,192.7100067138672,192.8800048828125,187.7362060546875,68126700.0,IWM
2024-02-01,194.30999755859375,195.74000549316406,191.52999877929688,195.44000244140625,190.22796630859375,59479000.0,IWM
2024-02-02,193.24000549316406,195.5,192.38999938964844,194.41000366210938,189.22540283203125,52839300.0,IWM
2024-02-05,192.47000122070312,193.11000061035156,190.05999755859375,191.94000244140625,186.8212890625,39751900.0,IWM
2024-02-06,191.6999969482422,193.8000030517578,191.02000427246094,193.6699981689453,188.5051727294922,34689100.0,IWM
2024-02-07,194.07000732421875,194.14999389648438,192.0399932861328,193.22000122070312,188.067138671875,31713900.0,IWM
2024-02-08,193.36000061035156,196.3699951171875,192.7100067138672,196.14999389648438,190.9190216064453,35370800.0,IWM
2024-02-09,196.9199981689453,199.5500030517578,196.4499969482422,199.33999633789062,194.02392578125,46107100.0,IWM
2024-02-12,199.8699951171875,203.5500030517578,199.83999633789062,202.9600067138672,197.54742431640625,43291000.0,IWM
2024-02-13,196.22000122070312,197.6300048828125,193.05999755859375,194.61000061035156,189.4200897216797,86247400.0,IWM
2024-02-14,197.67999267578125,199.7899932861328,196.22999572753906,199.1300048828125,193.81956481933594,43808000.0,IWM
2024-02-15,200.99000549316406,204.77000427246094,200.72000122070312,204.44000244140625,198.98793029785156,44931900.0,IWM
2024-02-16,202.1199951171875,203.6999969482422,201.08999633789062,201.66000366210938,196.28208923339844,48346200.0,IWM
2024-02-20,199.14999389648438,199.72000122070312,198.00999450683594,198.8800048828125,193.576171875,30547500.0,IWM
2024-02-21,197.66000366210938,198.35000610351562,196.38999938964844,197.94000244140625,192.6613006591797,28669100.0,IWM
2024-02-22,198.64999389648438,200.08999633789062,197.80999755859375,199.44000244140625,194.12127685546875,38184700.0,IWM
2024-02-23,199.60000610351562,201.13999938964844,198.57000732421875,199.88999938964844,194.55926513671875,37667700.0,IWM
2024-02-26,199.69000244140625,201.63999938964844,199.14999389648438,201.14999389648438,195.78565979003906,29118200.0,IWM
2024-02-27,203.0800018310547,204.22000122070312,202.5399932861328,204.0,198.55966186523438,32268600.0,IWM
2024-02-28,202.44000244140625,203.86000061035156,201.8699951171875,202.32000732421875,196.9244842529297,30143900.0,IWM
2024-02-29,205.17999267578125,206.0399932861328,202.52000427246094,203.72999572753906,198.296875,40404100.0,IWM
2024-03-01,204.52999877929688,206.3300018310547,203.13999938964844,205.88999938964844,200.39923095703125,35156900.0,IWM
2024-03-04,207.02999877929688,207.77000427246094,205.4499969482422,205.6999969482422,200.21434020996094,24785400.0,IWM
2024-03-05,204.3000030517578,205.91000366210938,203.00999450683594,203.72999572753906,198.296875,34163500.0,IWM
2024-03-06,206.02999877929688,206.0800018310547,204.0800018310547,205.25,199.77633666992188,34255200.0,IWM
2024-03-07,206.6999969482422,208.10000610351562,206.39999389648438,206.9600067138672,201.44073486328125,28020200.0,IWM
2024-03-08,208.74000549316406,210.41000366210938,205.8000030517578,206.8300018310547,201.31422424316406,41447800.0,IWM
2024-03-11,205.9600067138672,206.83999633789062,204.75,205.19000244140625,199.7179412841797,24435800.0,IWM
2024-03-12,205.14999389648438,205.9199981689453,203.38999938964844,204.91000366210938,199.44541931152344,34958900.0,IWM
2024-03-13,204.8699951171875,206.5800018310547,204.77000427246094,205.7100067138672,200.2240753173828,25140700.0,IWM
2024-03-14,205.0500030517578,205.27999877929688,200.1699981689453,202.02999877929688,196.6422119140625,47509100.0,IWM
2024-03-15,201.25,203.0800018310547,201.1300048828125,202.41000366210938,197.01206970214844,53217000.0,IWM
2024-03-18,202.91000366210938,203.17999267578125,200.91000366210938,201.25,195.88299560546875,32405100.0,IWM
2024-03-19,199.77999877929688,202.75,199.66000366210938,202.10000610351562,196.71034240722656,29864100.0,IWM
2024-03-20,201.52000427246094,206.99000549316406,201.11000061035156,206.10000610351562,200.60366821289062,49609600.0,IWM
2024-03-21,207.0,208.9499969482422,206.83999633789062,207.94000244140625,202.90850830078125,43067300.0,IWM
2024-03-22,207.85000610351562,208.24000549316406,205.07000732421875,205.07000732421875,200.10800170898438,28437300.0,IWM
2024-03-25,205.72000122070312,207.00999450683594,205.50999450683594,205.5399932861328,200.56658935546875,20107800.0,IWM
2024-03-26,207.0500030517578,207.63999938964844,204.99000549316406,205.1699981689453,200.20553588867188,23434800.0,IWM
2024-03-27,206.8000030517578,209.7100067138672,206.16000366210938,209.63999938964844,204.56736755371094,35028400.0,IWM
2024-03-28,210.0800018310547,211.8800048828125,209.83999633789062,210.3000030517578,205.21141052246094,37675100.0,IWM
2024-04-01,210.77000427246094,210.8000030517578,207.9600067138672,208.32000732421875,203.27932739257812,25684200.0,IWM
2024-04-02,205.75,205.8800048828125,203.39999389648438,204.49000549316406,199.54200744628906,36632100.0,IWM
2024-04-03,203.3800048828125,206.39999389648438,203.27999877929688,205.8300018310547,200.84954833984375,27362800.0,IWM
2024-04-04,208.0500030517578,208.5500030517578,203.2100067138672,203.77000427246094,198.83941650390625,32265200.0,IWM
2024-04-05,203.13999938964844,205.6999969482422,202.8800048828125,204.4499969482422,199.5029754638672,27569400.0,IWM
2024-04-08,205.97999572753906,206.4199981689453,204.5800018310547,205.57000732421875,200.5958709716797,21331000.0,IWM
2024-04-09,206.22000122070312,206.97000122070312,204.47000122070312,206.3800048828125,201.38626098632812,23289100.0,IWM
2024-04-10,201.17999267578125,202.92999267578125,199.5399932861328,200.92999267578125,196.06814575195312,57130500.0,IWM
2024-04-11,201.97000122070312,202.91000366210938,200.10000610351562,202.2899932861328,197.3952178955078,37184000.0,IWM
2024-04-12,201.22999572753906,201.91000366210938,197.67999267578125,198.69000244140625,193.88235473632812,35388700.0,IWM
2024-04-15,199.3699951171875,200.22999572753906,194.97999572753906,195.77999877929688,191.04275512695312,41119300.0,IWM
2024-04-16,194.41000366210938,196.24000549316406,193.36000061035156,195.05999755859375,190.34017944335938,43267500.0,IWM
2024-04-17,196.47000122070312,196.6199951171875,192.99000549316406,193.0,188.33001708984375,38589500.0,IWM
2024-04-18,193.6999969482422,195.66000366210938,192.14999389648438,192.83999633789062,188.17388916015625,40238200.0,IWM
2024-04-19,191.94000244140625,194.38999938964844,191.33999633789062,193.13999938964844,188.4666290283203,42666500.0,IWM
2024-04-22,194.2100067138672,196.3000030517578,192.89999389648438,195.3000030517578,190.57437133789062,31553000.0,IWM
2024-04-23,195.25999450683594,199.32000732421875,195.1300048828125,198.57000732421875,193.7652587890625,31838300.0,IWM
2024-04-24,198.1699981689453,198.91000366210938,196.4600067138672,197.67999267578125,192.8967742919922,28791700.0,IWM
2024-04-25,195.44000244140625,196.8300018310547,193.77000427246094,196.47999572753906,191.72581481933594,31915600.0,IWM
2024-04-26,197.0,198.88999938964844,196.4199981689453,198.36000061035156,193.56031799316406,24613600.0,IWM
2024-04-29,199.25,200.41000366210938,198.8800048828125,199.9600067138672,195.1216278076172,20494600.0,IWM
2024-04-30,198.11000061035156,198.64999389648438,195.75,195.89999389648438,191.15985107421875,30606800.0,IWM
2024-05-01,195.8800048828125,200.32000732421875,195.02999877929688,196.30999755859375,191.5599365234375,38782100.0,IWM
2024-05-02,198.77999877929688,200.1199951171875,196.5399932861328,199.9199981689453,195.08255004882812,27201000.0,IWM
2024-05-03,203.41000366210938,204.16000366210938,201.1199951171875,201.89999389648438,197.01466369628906,30880600.0,IWM
2024-05-06,203.47000122070312,204.77999877929688,203.3800048828125,204.50999450683594,199.5615234375,23129800.0,IWM
2024-05-07,204.77000427246094,206.14999389648438,204.5,204.97000122070312,200.0103759765625,20116900.0,IWM
2024-05-08,202.72000122070312,203.9600067138672,202.55999755859375,203.77999877929688,198.84918212890625,18349400.0,IWM
2024-05-09,203.97000122070312,205.99000549316406,203.41000366210938,205.86000061035156,200.8788604736328,22914300.0,IWM
2024-05-10,206.35000610351562,206.6199951171875,203.67999267578125,204.30999755859375,199.36636352539062,21520200.0,IWM
2024-05-13,206.0800018310547,206.5500030517578,204.60000610351562,204.74000549316406,199.7859649658203,18585300.0,IWM
2024-05-14,207.1300048828125,207.74000549316406,205.91000366210938,206.86000061035156,201.8546600341797,33169000.0,IWM
2024-05-15,209.2100067138672,209.77000427246094,207.72000122070312,209.44000244140625,204.37222290039062,33412300.0,IWM
2024-05-16,208.89999389648438,209.35000610351562,207.92999267578125,207.92999267578125,202.8987274169922,26731100.0,IWM
2024-05-17,208.00999450683594,208.52000427246094,207.35000610351562,208.0800018310547,203.04515075683594,35219800.0,IWM
2024-05-20,208.02000427246094,209.47999572753906,207.77999877929688,208.5399932861328,203.49400329589844,15695900.0,IWM
2024-05-21,207.8300018310547,208.69000244140625,207.58999633789062,208.33999633789062,203.298828125,13466800.0,IWM
2024-05-22,207.52999877929688,208.22000122070312,205.8000030517578,206.5800018310547,201.5814208984375,20853100.0,IWM
2024-05-23,207.50999450683594,207.6199951171875,202.35000610351562,203.19000244140625,198.27346801757812,34039800.0,IWM
2024-05-24,204.7899932861328,205.67999267578125,203.9600067138672,205.44000244140625,200.46902465820312,19946100.0,IWM
2024-05-28,206.97000122070312,207.08999633789062,203.97000122070312,205.16000366210938,200.19578552246094,18475900.0,IWM
2024-05-29,202.52999877929688,203.00999450683594,201.77999877929688,202.1300048828125,197.23910522460938,25654800.0,IWM
2024-05-30,203.52000427246094,204.94000244140625,203.0800018310547,204.0500030517578,199.11264038085938,20428200.0,IWM
2024-05-31,204.9499969482422,206.27999877929688,203.0800018310547,205.77000427246094,200.79103088378906,25784900.0,IWM
2024-06-03,207.52999877929688,207.55999755859375,203.14999389648438,204.61000061035156,199.65908813476562,23902900.0,IWM
2024-06-04,203.14999389648438,204.5,201.64999389648438,201.97000122070312,197.08297729492188,27098900.0,IWM
2024-06-05,203.3000030517578,205.05999755859375,201.7899932861328,205.05999755859375,200.0981903076172,20707600.0,IWM
2024-06-06,204.17999267578125,204.80999755859375,202.99000549316406,203.58999633789062,198.6637725830078,17335500.0,IWM
2024-06-07,201.52999877929688,203.1699981689453,200.67999267578125,201.1999969482422,196.33160400390625,26036000.0,IWM
2024-06-10,199.52000427246094,202.1300048828125,199.00999450683594,201.88999938964844,197.00489807128906,25075300.0,IWM
2024-06-11,199.63999938964844,201.02000427246094,198.4199981689453,200.63999938964844,196.33168029785156,23768400.0,IWM
2024-06-12,205.8699951171875,207.27000427246094,203.10000610351562,203.72000122070312,199.34555053710938,43668700.0,IWM
2024-06-13,203.27000427246094,203.5399932861328,200.50999450683594,201.94000244140625,197.60377502441406,28021100.0,IWM
2024-06-14,199.55999755859375,200.0399932861328,197.94000244140625,198.72999572753906,194.46267700195312,33453700.0,IWM
2024-06-17,198.1199951171875,200.9499969482422,197.41000366210938,200.39999389648438,196.0968475341797,25538100.0,IWM
2024-06-18,200.4600067138672,201.69000244140625,200.02999877929688,200.75,196.43931579589844,25446900.0,IWM
2024-06-20,200.32000732421875,201.86000061035156,199.22000122070312,199.89999389648438,195.60757446289062,27999700.0,IWM
2024-06-21,199.92999267578125,200.41000366210938,198.4600067138672,200.35000610351562,196.0479278564453,37511300.0,IWM
2024-06-24,200.69000244140625,202.69000244140625,200.52999877929688,201.22000122070312,196.8992156982422,22289600.0,IWM
2024-06-25,201.1300048828125,201.16000366210938,199.82000732421875,200.55999755859375,196.25340270996094,15925400.0,IWM
2024-06-26,199.3300018310547,200.5800018310547,198.80999755859375,200.02999877929688,195.7347869873047,19313500.0,IWM
2024-06-27,200.6300048828125,202.14999389648438,199.9600067138672,202.05999755859375,197.72119140625,17432600.0,IWM
2024-06-28,203.8800048828125,204.63999938964844,201.32000732421875,202.88999938964844,198.5334014892578,35026000.0,IWM
2024-07-01,203.52000427246094,203.82000732421875,200.47999572753906,201.19000244140625,196.86988830566406,21886200.0,IWM
2024-07-02,201.52000427246094,202.27000427246094,200.89999389648438,201.8800048828125,197.54507446289062,17219100.0,IWM
2024-07-03,202.25,203.27999877929688,201.6300048828125,201.8300018310547,197.49612426757812,15167200.0,IWM
2024-07-05,201.2100067138672,201.6300048828125,199.8800048828125,200.8699951171875,196.55674743652344,17282500.0,IWM
2024-07-08,202.50999450683594,203.6999969482422,201.83999633789062,202.27999877929688,197.93646240234375,20823800.0,IWM
2024-07-09,201.9199981689453,202.52000427246094,200.52999877929688,201.39999389648438,197.07534790039062,17864200.0,IWM
2024-07-10,202.2899932861328,203.58999633789062,201.49000549316406,203.3699951171875,199.00308227539062,19286100.0,IWM
2024-07-11,207.89999389648438,211.22999572753906,206.94000244140625,210.67999267578125,206.15609741210938,65443600.0,IWM
2024-07-12,212.9199981689453,214.94000244140625,212.66000366210938,213.13999938964844,208.5632781982422,50810700.0,IWM
2024-07-15,214.7899932861328,218.24000549316406,214.3000030517578,217.19000244140625,212.52630615234375,48925300.0,IWM
2024-07-16,219.13999938964844,224.86000061035156,219.02000427246094,224.60000610351562,219.77719116210938,67945700.0,IWM
2024-07-17,222.36000061035156,226.63999938964844,221.66000366210938,222.25,217.47764587402344,66092100.0,IWM
2024-07-18,221.41000366210938,224.77999877929688,216.97999572753906,217.9499969482422,213.26995849609375,53180000.0,IWM
2024-07-19,217.6300048828125,218.64999389648438,215.85000610351562,216.83999633789062,212.18382263183594,37933500.0,IWM
2024-07-22,217.67999267578125,220.64999389648438,215.3800048828125,220.2899932861328,215.55972290039062,36185900.0,IWM
2024-07-23,219.2100067138672,223.75,219.0399932861328,222.6300048828125,217.84950256347656,44884600.0,IWM
2024-07-24,221.07000732421875,223.86000061035156,217.72000122070312,217.85000610351562,213.17213439941406,42443000.0,IWM
2024-07-25,218.4499969482422,224.02000427246094,218.1999969482422,220.57000732421875,215.83375549316406,45053100.0,IWM
2024-07-26,223.89999389648438,225.38999938964844,221.6999969482422,224.22000122070312,219.4053497314453,40822600.0,IWM
2024-07-29,224.7100067138672,225.4199981689453,220.77000427246094,221.72999572753906,216.96881103515625,33869700.0,IWM
2024-07-30,222.72000122070312,224.4600067138672,221.11000061035156,222.57000732421875,217.79080200195312,26876800.0,IWM
2024-07-31,223.7100067138672,228.6300048828125,221.97999572753906,223.86000061035156,219.05308532714844,52387700.0,IWM
2024-08-01,223.77000427246094,224.88999938964844,215.05999755859375,216.5800018310547,211.92942810058594,71508100.0,IWM
2024-08-02,208.85000610351562,211.19000244140625,206.99000549316406,208.9199981689453,204.4338836669922,66850200.0,IWM
2024-08-05,197.89999389648438,204.74000549316406,196.6999969482422,202.1999969482422,197.85818481445312,65683100.0,IWM
2024-08-06,203.00999450683594,207.25,201.1999969482422,204.39999389648438,200.0109405517578,37072500.0,IWM
2024-08-07,207.85000610351562,207.9600067138672,201.55999755859375,201.97999572753906,197.6428985595703,30594500.0,IWM
2024-08-08,204.4199981689453,207.0,203.1699981689453,206.88999938964844,202.44747924804688,26550300.0,IWM
2024-08-09,207.0500030517578,207.1199951171875,204.94000244140625,206.4600067138672,202.02671813964844,20954500.0,IWM
2024-08-12,206.61000061035156,206.97999572753906,203.82000732421875,204.60000610351562,200.20664978027344,20357900.0,IWM
2024-08-13,206.08999633789062,208.3800048828125,204.86000061035156,207.97000122070312,203.50430297851562,25458300.0,IWM
2024-08-14,208.6300048828125,208.75,205.74000549316406,206.67999267578125,202.24197387695312,25345600.0,IWM
2024-08-15,211.25999450683594,213.10000610351562,209.91000366210938,212.0399932861328,207.48687744140625,42561600.0,IWM
2024-08-16,211.3699951171875,213.97999572753906,211.27999877929688,212.60000610351562,208.0348663330078,30427400.0,IWM
2024-08-19,212.9600067138672,215.2100067138672,212.82000732421875,215.1999969482422,210.57904052734375,17246200.0,IWM
2024-08-20,214.88999938964844,214.9499969482422,212.0500030517578,212.69000244140625,208.12294006347656,21703900.0,IWM
2024-08-21,214.27999877929688,215.66000366210938,212.82000732421875,215.4600067138672,210.83346557617188,19623100.0,IWM
2024-08-22,215.57000732421875,216.3699951171875,213.1300048828125,213.55999755859375,208.97425842285156,18084300.0,IWM
2024-08-23,215.17999267578125,221.0800018310547,214.7899932861328,220.3800048828125,215.64781188964844,40003100.0,IWM
2024-08-26,221.92999267578125,222.4499969482422,220.0800018310547,220.4499969482422,215.71632385253906,24865500.0,IWM
2024-08-27,218.91000366210938,219.3699951171875,217.7100067138672,218.74000549316406,214.04299926757812,19577900.0,IWM
2024-08-28,217.8699951171875,219.1199951171875,216.27000427246094,217.25999450683594,212.5948028564453,19685000.0,IWM
2024-08-29,218.77999877929688,220.97999572753906,217.14999389648438,218.80999755859375,214.1115264892578,24599500.0,IWM
2024-08-30,219.7100067138672,220.5,217.39999389648438,220.0800018310547,215.35423278808594,23010500.0,IWM
2024-09-03,218.1300048828125,219.3699951171875,212.91000366210938,213.35000610351562,208.7687530517578,31338500.0,IWM
2024-09-04,212.75999450683594,215.3699951171875,211.6999969482422,212.99000549316406,208.41648864746094,23706300.0,IWM
2024-09-05,213.5399932861328,214.02999877929688,210.9199981689453,211.92999267578125,207.3792266845703,23910500.0,IWM
2024-09-06,211.92999267578125,213.19000244140625,207.13999938964844,207.89999389648438,203.43577575683594,34561300.0,IWM
2024-09-09,208.14999389648438,210.25999450683594,207.52000427246094,208.47999572753906,204.00332641601562,23584100.0,IWM
2024-09-10,208.72000122070312,208.86000061035156,205.7899932861328,208.30999755859375,203.8369903564453,23025700.0,IWM
2024-09-11,207.47000122070312,209.25,204.2100067138672,208.9199981689453,204.4338836669922,27175600.0,IWM
2024-09-12,209.91000366210938,212.77999877929688,208.41000366210938,211.61000061035156,207.06613159179688,27611700.0,IWM
2024-09-13,214.02999877929688,217.25,213.94000244140625,216.8300018310547,212.17404174804688,37388100.0,IWM
2024-09-16,217.6300048828125,218.2899932861328,216.13999938964844,217.61000061035156,212.93728637695312,23289000.0,IWM
2024-09-17,219.5800018310547,221.8000030517578,218.47000122070312,219.41000366210938,214.69862365722656,35563500.0,IWM
2024-09-18,219.22999572753906,224.94000244140625,218.25,219.4499969482422,214.73777770996094,54085200.0,IWM
2024-09-19,224.66000366210938,224.67999267578125,221.5,223.97000122070312,219.1607208251953,35369500.0,IWM
2024-09-20,223.4499969482422,223.4600067138672,221.2899932861328,221.57000732421875,216.81227111816406,34587500.0,IWM
2024-09-23,222.69000244140625,223.11000061035156,220.02000427246094,220.75999450683594,216.01963806152344,20157700.0,IWM
2024-09-24,221.6300048828125,221.92999267578125,219.5,221.1300048828125,216.3817138671875,20939800.0,IWM
2024-09-25,220.32000732421875,220.61000061035156,217.5399932861328,217.69000244140625,213.74244689941406,23242300.0,IWM
2024-09-26,220.49000549316406,221.1300048828125,218.3800048828125,218.85000610351562,214.8813934326172,24974700.0,IWM
2024-09-27,220.86000061035156,222.60000610351562,219.52999877929688,220.3300018310547,216.33460998535156,23959600.0,IWM
2024-09-30,219.4199981689453,221.58999633789062,218.5800018310547,220.88999938964844,216.88442993164062,21938200.0,IWM
2024-01-02,374.79998779296875,377.82000732421875,374.79998779296875,377.0899963378906,362.26348876953125,5776300.0,DIA
2024-01-03,375.57000732421875,376.1199951171875,373.8999938964844,374.2099914550781,359.496826171875,6393600.0,DIA
2024-01-04,374.8399963378906,377.2200012207031,374.3999938964844,374.5400085449219,359.8138732910156,4251900.0,DIA
2024-01-05,374.42999267578125,376.25,373.2099914550781,374.6400146484375,359.9098815917969,5381700.0,DIA
2024-01-08,373.3999938964844,376.9700012207031,372.4700012207031,376.8399963378906,362.0232849121094,4604900.0,DIA
2024-01-09,374.79998779296875,375.6000061035156,373.75,375.17999267578125,360.4285888671875,3230900.0,DIA
2024-01-10,375.54998779296875,377.4700012207031,375.2900085449219,376.95001220703125,362.1290283203125,2718700.0,DIA
2024-01-11,377.7699890136719,378.1199951171875,374.25,377.1700134277344,362.3404846191406,4095700.0,DIA
2024-01-12,377.4800109863281,378.25,374.7300109863281,375.9100036621094,361.12994384765625,3816700.0,DIA
2024-01-16,374.9700012207031,375.5299987792969,372.0400085449219,373.6600036621094,358.9684753417969,4471600.0,DIA
2024-01-17,371.75,373.75,371.3399963378906,372.7200012207031,358.0653991699219,4361000.0,DIA
2024-01-18,372.2300109863281,375.3299865722656,371.3599853515625,374.80999755859375,360.0731506347656,3953400.0,DIA
2024-01-19,375.7799987792969,379.3699951171875,374.4599914550781,378.6000061035156,363.9209289550781,5218600.0,DIA
2024-01-22,379.69000244140625,381.0799865722656,379.0799865722656,380.07000732421875,365.3340759277344,5433400.0,DIA
2024-01-23,379.3599853515625,379.8500061035156,377.9800109863281,379.0400085449219,364.3439636230469,3110100.0,DIA
2024-01-24,380.2099914550781,380.6199951171875,377.94000244140625,378.0899963378906,363.4306945800781,3967200.0,DIA
2024-01-25,379.07000732421875,380.55999755859375,377.9200134277344,380.4800109863281,365.7281188964844,3539100.0,DIA
2024-01-26,379.9800109863281,382.1300048828125,379.95001220703125,381.0899963378906,366.314453125,3221000.0,DIA
2024-01-29,381.0,383.4100036621094,380.5400085449219,383.30999755859375,368.4483337402344,2730900.0,DIA
2024-01-30,382.82000732421875,384.95001220703125,382.489990234375,384.489990234375,369.5826110839844,2747900.0,DIA
2024-01-31,385.2099914550781,385.82000732421875,381.3399963378906,381.3699951171875,366.5836181640625,4476600.0,DIA
2024-02-01,381.3999938964844,385.1499938964844,380.9700012207031,385.1000061035156,370.16900634765625,3652500.0,DIA
2024-02-02,383.989990234375,387.7799987792969,383.239990234375,386.4200134277344,371.4378662109375,3344800.0,DIA
2024-02-05,385.989990234375,385.989990234375,382.1199951171875,383.5799865722656,368.70794677734375,3761600.0,DIA
2024-02-06,383.9200134277344,385.3699951171875,383.5,385.0799865722656,370.1497802734375,2507800.0,DIA
2024-02-07,386.3900146484375,387.45001220703125,385.6499938964844,386.6700134277344,371.6782531738281,2797600.0,DIA
2024-02-08,387.4700012207031,387.6600036621094,385.510009765625,387.3500061035156,372.3318176269531,2549800.0,DIA
2024-02-09,387.19000244140625,387.5,385.760009765625,386.7200012207031,371.72607421875,3526300.0,DIA
2024-02-12,386.489990234375,389.4100036621094,386.44000244140625,388.1099853515625,373.062255859375,2412200.0,DIA
2024-02-13,385.07000732421875,385.1600036621094,380.4599914550781,382.82000732421875,367.9775085449219,5325300.0,DIA
2024-02-14,384.0,384.54998779296875,382.07000732421875,384.2900085449219,369.3904113769531,3465200.0,DIA
2024-02-15,385.19000244140625,388.3299865722656,384.8800048828125,388.25,373.1968994140625,3497200.0,DIA
2024-02-16,387.1700134277344,388.25,385.70001220703125,386.19000244140625,371.8027648925781,3772300.0,DIA
2024-02-20,385.510009765625,386.57000732421875,384.5400085449219,385.69000244140625,371.3215026855469,3295700.0,DIA
2024-02-21,384.9599914550781,386.1700134277344,383.32000732421875,386.04998779296875,371.6679992675781,3027600.0,DIA
2024-02-22,388.3599853515625,391.4700012207031,387.9100036621094,390.5400085449219,375.99078369140625,4990700.0,DIA
2024-02-23,391.7699890136719,392.8399963378906,390.9200134277344,391.2799987792969,376.7032470703125,3451600.0,DIA
2024-02-26,391.45001220703125,392.4100036621094,390.239990234375,390.7099914550781,376.1544189453125,1914100.0,DIA
2024-02-27,390.3599853515625,390.45001220703125,388.75,389.6600036621094,375.14349365234375,2370900.0,DIA
2024-02-28,387.94000244140625,389.739990234375,387.6000061035156,389.6000061035156,375.0858154296875,3313900.0,DIA
2024-02-29,390.69000244140625,391.1099853515625,388.45001220703125,389.95001220703125,375.4227294921875,3026900.0,DIA
2024-03-01,389.8500061035156,391.6099853515625,388.8800048828125,391.30999755859375,376.7321472167969,3857500.0,DIA
2024-03-04,389.3500061035156,391.25,389.3500061035156,390.2300109863281,375.6922912597656,3048500.0,DIA
2024-03-05,388.989990234375,389.2900085449219,384.9200134277344,386.19000244140625,371.8027648925781,4132400.0,DIA
2024-03-06,388.489990234375,389.1300048828125,386.1300048828125,387.17999267578125,372.75592041015625,3039100.0,DIA
2024-03-07,389.07000732421875,389.7200012207031,387.8299865722656,388.45001220703125,373.9785461425781,2965700.0,DIA
2024-03-08,388.239990234375,390.4200134277344,387.7099914550781,387.989990234375,373.5358581542969,4256900.0,DIA
2024-03-11,386.9200134277344,388.6499938964844,385.5,388.4200134277344,373.94976806640625,3396000.0,DIA
2024-03-12,389.239990234375,391.44000244140625,387.8399963378906,390.7900085449219,376.2314453125,3275800.0,DIA
2024-03-13,391.69000244140625,392.7900085449219,390.05999755859375,391.2200012207031,376.6454162597656,2788700.0,DIA
2024-03-14,392.1700134277344,392.4100036621094,387.8399963378906,390.07000732421875,375.538330078125,4471900.0,DIA
2024-03-15,387.739990234375,389.260009765625,386.0400085449219,387.0,373.4759521484375,4372300.0,DIA
2024-03-18,388.3500061035156,388.8599853515625,387.4800109863281,387.7300109863281,374.18048095703125,2060600.0,DIA
2024-03-19,388.1600036621094,391.0899963378906,387.4700012207031,390.8999938964844,377.2395935058594,3303800.0,DIA
2024-03-20,390.1499938964844,395.2200012207031,389.8900146484375,394.989990234375,381.1866760253906,4823900.0,DIA
2024-03-21,396.30999755859375,398.82000732421875,395.80999755859375,397.75,383.85028076171875,4348400.0,DIA
2024-03-22,397.760009765625,398.05999755859375,394.489990234375,394.5299987792969,380.7427978515625,3156100.0,DIA
2024-03-25,393.9200134277344,394.1499938964844,392.82000732421875,392.95001220703125,379.218017578125,2535600.0,DIA
2024-03-26,393.67999267578125,394.2699890136719,392.6300048828125,392.8500061035156,379.12158203125,3395400.0,DIA
2024-03-27,395.0,397.5799865722656,394.4700012207031,397.55999755859375,383.66693115234375,4427300.0,DIA
2024-03-28,398.05999755859375,398.55999755859375,397.0400085449219,397.760009765625,383.85992431640625,3155000.0,DIA
2024-04-01,397.82000732421875,398.04998779296875,394.7300109863281,395.3299865722656,381.5148010253906,3825200.0,DIA
2024-04-02,391.9700012207031,392.1400146484375,390.2799987792969,391.6300048828125,377.9441223144531,4034900.0,DIA
2024-04-03,391.67999267578125,392.9200134277344,389.989990234375,391.260009765625,377.5870361328125,3547000.0,DIA
2024-04-04,394.0299987792969,394.239990234375,385.6000061035156,386.0199890136719,372.5300598144531,5041200.0,DIA
2024-04-05,386.3500061035156,390.45001220703125,386.0799865722656,388.8599853515625,375.2709045410156,4423500.0,DIA
2024-04-08,389.04998779296875,390.1400146484375,388.57000732421875,389.1000061035156,375.50250244140625,2431300.0,DIA
2024-04-09,389.6199951171875,389.9800109863281,385.7300109863281,388.8399963378906,375.2517395019531,4003900.0,DIA
2024-04-10,384.9200134277344,385.9700012207031,383.0299987792969,384.510009765625,371.072998046875,5173100.0,DIA
2024-04-11,385.4700012207031,386.0799865722656,382.0,384.5400085449219,371.1019287109375,3972800.0,DIA
2024-04-12,382.30999755859375,382.92999267578125,378.80999755859375,379.8699951171875,366.5951232910156,5305100.0,DIA
2024-04-15,383.3299865722656,383.82000732421875,376.6000061035156,377.30999755859375,364.1246032714844,4870700.0,DIA
2024-04-16,379.739990234375,379.92999267578125,377.0400085449219,377.9800109863281,364.7711486816406,4383500.0,DIA
2024-04-17,379.2099914550781,380.19000244140625,376.1400146484375,377.45001220703125,364.2596435546875,4584900.0,DIA
2024-04-18,379.04998779296875,380.92999267578125,376.8500061035156,377.8399963378906,364.63592529296875,4579200.0,DIA
2024-04-19,378.69000244140625,381.0299987792969,377.9200134277344,379.79998779296875,366.71978759765625,5078600.0,DIA
2024-04-22,381.7300109863281,384.44000244140625,379.80999755859375,382.3699951171875,369.2011413574219,4129000.0,DIA
2024-04-23,383.69000244140625,385.5899963378906,382.9100036621094,385.0199890136719,371.7599792480469,3126400.0,DIA
2024-04-24,384.8699951171875,385.4700012207031,383.0199890136719,384.44000244140625,371.1999816894531,3575800.0,DIA
2024-04-25,379.7900085449219,381.54998779296875,377.4800109863281,380.9200134277344,367.80120849609375,4682800.0,DIA
2024-04-26,380.75,383.3399963378906,380.5299987792969,382.30999755859375,369.1432800292969,4252400.0,DIA
2024-04-29,383.1000061035156,384.0299987792969,382.07000732421875,383.79998779296875,370.5820007324219,3265900.0,DIA
2024-04-30,382.4599914550781,382.75,378.0799865722656,378.1300048828125,365.10723876953125,3463600.0,DIA
2024-05-01,378.3800048828125,383.4800109863281,377.9800109863281,378.8900146484375,365.8410949707031,5731600.0,DIA
2024-05-02,381.1499938964844,382.9100036621094,378.8999938964844,382.2300109863281,369.06610107421875,3535600.0,DIA
2024-05-03,387.1400146484375,387.989990234375,385.05999755859375,386.7699890136719,373.44970703125,4471100.0,DIA
2024-05-06,388.32000732421875,388.739990234375,386.8299865722656,388.45001220703125,375.07183837890625,2596100.0,DIA
2024-05-07,389.1700134277344,389.75,388.3399963378906,388.739990234375,375.3518981933594,2428600.0,DIA
2024-05-08,388.3399963378906,390.9100036621094,388.19000244140625,390.4800109863281,377.0318603515625,2855100.0,DIA
2024-05-09,390.1099853515625,394.260009765625,390.010009765625,394.0,380.4306640625,4141200.0,DIA
2024-05-10,395.25,395.8999938964844,394.1000061035156,395.17999267578125,381.5700988769531,3505600.0,DIA
2024-05-13,396.3800048828125,396.6099853515625,394.07000732421875,394.4599914550781,380.87493896484375,2635800.0,DIA
2024-05-14,394.5400085449219,396.25,393.80999755859375,395.5799865722656,381.9563293457031,2702700.0,DIA
2024-05-15,397.239990234375,399.5,396.94000244140625,399.2799987792969,385.5287780761719,3421200.0,DIA
2024-05-16,399.75,401.0,399.1300048828125,399.2099914550781,385.46136474609375,2877200.0,DIA
2024-05-17,399.1099853515625,400.0199890136719,398.44000244140625,399.95001220703125,386.7513122558594,2702900.0,DIA
2024-05-20,399.7699890136719,400.7200012207031,397.8399963378906,398.1000061035156,384.9622802734375,2094800.0,DIA
2024-05-21,398.32000732421875,399.05999755859375,397.7699890136719,398.7799987792969,385.6198425292969,1618300.0,DIA
2024-05-22,397.95001220703125,398.8500061035156,395.510009765625,396.6600036621094,383.5697326660156,2647200.0,DIA
2024-05-23,397.05999755859375,397.0899963378906,390.25,390.6600036621094,377.76788330078125,3361200.0,DIA
2024-05-24,391.2200012207031,392.25,390.1600036621094,390.6400146484375,377.7484436035156,2072200.0,DIA
2024-05-28,389.80999755859375,390.2200012207031,387.0199890136719,388.6000061035156,375.7757568359375,2176100.0,DIA
2024-05-29,385.30999755859375,385.7200012207031,384.239990234375,384.5799865722656,371.888427734375,2715000.0,DIA
2024-05-30,381.3699951171875,382.3999938964844,380.4100036621094,381.4800109863281,368.8907470703125,4063400.0,DIA
2024-05-31,381.9800109863281,387.6099853515625,381.2699890136719,387.5299987792969,374.7410888671875,4748400.0,DIA
2024-06-03,387.8699951171875,387.8900146484375,382.92999267578125,386.239990234375,373.49371337890625,3614300.0,DIA
2024-06-04,385.0,388.3800048828125,384.5400085449219,387.510009765625,374.7218322753906,2822500.0,DIA
2024-06-05,388.6000061035156,388.9700012207031,385.9700012207031,388.5299987792969,375.7080078125,2181400.0,DIA
2024-06-06,388.80999755859375,390.5899963378906,387.7900085449219,389.3299865722656,376.48162841796875,2241900.0,DIA
2024-06-07,388.8800048828125,391.6199951171875,387.8900146484375,388.489990234375,375.6694030761719,1952000.0,DIA
2024-06-10,388.0299987792969,389.3599853515625,387.19000244140625,389.2900085449219,376.4430847167969,1380600.0,DIA
2024-06-11,387.6600036621094,388.20001220703125,384.8999938964844,387.9700012207031,375.16650390625,2522600.0,DIA
2024-06-12,391.5799865722656,391.9100036621094,386.69000244140625,387.69000244140625,374.8958435058594,3866700.0,DIA
2024-06-13,386.82000732421875,387.6700134277344,384.5899963378906,386.8800048828125,374.1125793457031,3136100.0,DIA
2024-06-14,384.6199951171875,386.5400085449219,383.6300048828125,386.4599914550781,373.7063903808594,2884300.0,DIA
2024-06-17,385.25,389.2099914550781,384.9800109863281,388.5799865722656,375.7564697265625,2025300.0,DIA
2024-06-18,388.9100036621094,390.19000244140625,388.0199890136719,389.1400146484375,376.29803466796875,1848700.0,DIA
2024-06-20,388.739990234375,393.1099853515625,388.3800048828125,392.07000732421875,379.1313171386719,3588000.0,DIA
2024-06-21,391.6700134277344,392.4700012207031,390.4599914550781,391.3399963378906,379.2708740234375,2592100.0,DIA
2024-06-24,392.4700012207031,395.5899963378906,391.8999938964844,393.9800109863281,381.8293762207031,3096600.0,DIA
2024-06-25,393.55999755859375,394.1099853515625,389.82000732421875,391.0199890136719,378.9606628417969,2879100.0,DIA
2024-06-26,390.0899963378906,391.7300109863281,389.010009765625,391.239990234375,379.1739807128906,1501900.0,DIA
2024-06-27,390.6099853515625,392.3900146484375,390.1600036621094,391.55999755859375,379.4841003417969,1601100.0,DIA
2024-06-28,391.3699951171875,394.32000732421875,389.20001220703125,391.1300048828125,379.06732177734375,3624400.0,DIA
2024-07-01,392.0799865722656,394.2900085449219,390.260009765625,391.4599914550781,379.3870849609375,2536500.0,DIA
2024-07-02,390.7900085449219,393.2900085449219,390.69000244140625,393.2900085449219,381.1607666015625,1711600.0,DIA
2024-07-03,393.7300109863281,394.05999755859375,392.1400146484375,392.8299865722656,380.71484375,2319100.0,DIA
2024-07-05,393.19000244140625,394.0,391.6499938964844,393.70001220703125,381.5580749511719,2011000.0,DIA
2024-07-08,394.4100036621094,396.7300109863281,392.7799987792969,393.4599914550781,381.3254699707031,3374500.0,DIA
2024-07-09,393.2200012207031,395.0400085449219,391.4700012207031,392.94000244140625,380.8213806152344,3821600.0,DIA
2024-07-10,392.94000244140625,397.4599914550781,392.6300048828125,397.260009765625,385.0082702636719,4234300.0,DIA
2024-07-11,397.5,398.8900146484375,396.30999755859375,397.6300048828125,385.3668518066406,4020700.0,DIA
2024-07-12,398.8599853515625,402.69000244140625,398.1199951171875,400.32000732421875,387.9739074707031,4711800.0,DIA
2024-07-15,402.4700012207031,403.5799865722656,401.3999938964844,402.3599853515625,389.95098876953125,4433500.0,DIA
2024-07-16,403.8599853515625,409.989990234375,403.8500061035156,409.6600036621094,397.02587890625,6547600.0,DIA
2024-07-17,408.55999755859375,412.3399963378906,408.55999755859375,411.92999267578125,399.2257995605469,4490600.0,DIA
2024-07-18,410.67999267578125,413.8599853515625,406.04998779296875,406.7200012207031,394.176513671875,4922200.0,DIA
2024-07-19,405.3699951171875,406.05999755859375,401.95001220703125,402.95001220703125,390.7091979980469,4284500.0,DIA
2024-07-22,404.0400085449219,404.7300109863281,402.2200012207031,404.1499938964844,391.8726806640625,2314000.0,DIA
2024-07-23,404.2900085449219,405.2900085449219,403.2200012207031,403.489990234375,391.2327575683594,1693500.0,DIA
2024-07-24,401.7300109863281,402.6300048828125,398.0799865722656,398.6700134277344,386.5592346191406,3701300.0,DIA
2024-07-25,398.6300048828125,404.3900146484375,398.3699951171875,399.489990234375,387.354248046875,4179800.0,DIA
2024-07-26,401.80999755859375,407.6199951171875,401.7099914550781,405.9700012207031,393.63739013671875,2810600.0,DIA
2024-07-29,406.8599853515625,407.0,403.9599914550781,405.510009765625,393.1913757324219,2039000.0,DIA
2024-07-30,405.8699951171875,408.7200012207031,405.2799987792969,407.4100036621094,395.0335998535156,2576400.0,DIA
2024-07-31,407.4599914550781,412.010009765625,406.489990234375,408.489990234375,396.08087158203125,5634800.0,DIA
2024-08-01,409.70001220703125,410.92999267578125,400.9599914550781,403.2300109863281,390.9806213378906,5497900.0,DIA
2024-08-02,399.92999267578125,400.3800048828125,393.55999755859375,397.1300048828125,385.0660095214844,4844900.0,DIA
2024-08-05,386.5199890136719,390.29998779296875,384.92999267578125,386.80999755859375,375.0594787597656,8680200.0,DIA
2024-08-06,387.55999755859375,394.5199890136719,386.260009765625,389.9599914550781,378.1138000488281,4058000.0,DIA
2024-08-07,392.6300048828125,394.7900085449219,387.2799987792969,387.7699890136719,375.99029541015625,3969400.0,DIA
2024-08-08,389.510009765625,395.1400146484375,389.239990234375,394.5199890136719,382.5352478027344,2993500.0,DIA
2024-08-09,394.17999267578125,396.489990234375,392.4200134277344,395.1499938964844,383.1460876464844,3380200.0,DIA
2024-08-12,395.95001220703125,396.0400085449219,392.6099853515625,393.7699890136719,381.8079528808594,1902000.0,DIA
2024-08-13,395.07000732421875,398.1300048828125,394.07000732421875,397.7900085449219,385.7059326171875,3510800.0,DIA
2024-08-14,397.739990234375,400.8800048828125,397.510009765625,400.0899963378906,387.9360656738281,5230400.0,DIA
2024-08-15,404.739990234375,406.1400146484375,403.17999267578125,405.8800048828125,393.5501403808594,3764100.0,DIA
2024-08-16,405.0299987792969,407.3699951171875,404.6000061035156,406.739990234375,394.7020263671875,2789200.0,DIA
2024-08-19,407.3599853515625,409.32000732421875,407.260009765625,409.1099853515625,397.0018310546875,2012400.0,DIA
2024-08-20,408.6199951171875,409.3500061035156,407.7799987792969,408.55999755859375,396.4681396484375,1999600.0,DIA
2024-08-21,409.32000732421875,409.989990234375,407.5899963378906,408.989990234375,396.8855285644531,1439000.0,DIA
2024-08-22,409.70001220703125,410.5,406.0199890136719,407.4800109863281,395.420166015625,2353500.0,DIA
2024-08-23,409.2900085449219,412.32000732421875,408.55999755859375,411.8299865722656,399.64141845703125,3818300.0,DIA
2024-08-26,412.6400146484375,414.5199890136719,411.6499938964844,412.7200012207031,400.50506591796875,3145000.0,DIA
2024-08-27,412.2900085449219,413.07000732421875,411.3599853515625,412.8900146484375,400.6700439453125,1710200.0,DIA
2024-08-28,412.6600036621094,413.92999267578125,408.7099914550781,411.3399963378906,399.1658935546875,2732600.0,DIA
2024-08-29,414.3699951171875,416.29998779296875,411.29998779296875,413.9100036621094,401.659912109375,5024800.0,DIA
2024-08-30,414.510009765625,416.54998779296875,412.1199951171875,416.2099914550781,403.89178466796875,2283800.0,DIA
2024-09-03,414.19000244140625,415.17999267578125,408.6199951171875,410.25,398.1081237792969,3754700.0,DIA
2024-09-04,409.9700012207031,412.54998779296875,409.2300109863281,410.4200134277344,398.2731628417969,2131200.0,DIA
2024-09-05,411.3399963378906,411.6600036621094,405.9800109863281,408.4599914550781,396.3710632324219,2234700.0,DIA
2024-09-06,408.9599914550781,411.0,403.7799987792969,404.4700012207031,392.4991760253906,3351000.0,DIA
2024-09-09,407.3599853515625,410.8900146484375,406.1099853515625,409.04998779296875,396.94366455078125,3038200.0,DIA
2024-09-10,410.1000061035156,410.1300048828125,404.9700012207031,408.260009765625,396.1770935058594,1970500.0,DIA
2024-09-11,407.1499938964844,409.92999267578125,400.80999755859375,409.2699890136719,397.1571350097656,3134600.0,DIA
2024-09-12,409.70001220703125,412.0,407.4800109863281,411.9700012207031,399.7771911621094,3131600.0,DIA
2024-09-13,412.5899963378906,416.30999755859375,412.3500061035156,414.94000244140625,402.6593322753906,5210300.0,DIA
2024-09-16,416.45001220703125,418.54998779296875,415.6499938964844,417.3800048828125,405.027099609375,3881100.0,DIA
2024-09-17,418.2900085449219,419.489990234375,415.80999755859375,417.260009765625,404.91070556640625,2561700.0,DIA
2024-09-18,417.5,421.0,415.54998779296875,416.19000244140625,403.872314453125,3173600.0,DIA
2024-09-19,421.9800109863281,422.7799987792969,419.3800048828125,421.4100036621094,408.9378662109375,4073000.0,DIA
2024-09-20,419.3800048828125,421.29998779296875,418.5,420.57000732421875,409.33489990234375,2902200.0,DIA
2024-09-23,421.1199951171875,421.70001220703125,420.0,421.1099853515625,409.8605651855469,2318700.0,DIA
2024-09-24,421.6700134277344,422.6499938964844,420.3800048828125,422.1300048828125,410.8533630371094,2790700.0,DIA
2024-09-25,422.44000244140625,422.94000244140625,418.3800048828125,419.1199951171875,407.9237060546875,2048000.0,DIA
2024-09-26,421.239990234375,422.1199951171875,420.20001220703125,421.6199951171875,410.3569030761719,2703700.0,DIA
2024-09-27,422.5899963378906,426.20001220703125,422.239990234375,422.95001220703125,411.65130615234375,3667700.0,DIA
2024-09-30,422.4200134277344,423.29998779296875,419.0799865722656,423.1199951171875,411.8168029785156,3819800.0,DIA
2024-01-02,63.56999969482422,63.95000076293945,63.439998626708984,63.560001373291016,59.080604553222656,6828000.0,EWJ
2024-01-03,63.29999923706055,63.5,62.97999954223633,63.209999084472656,58.75526428222656,7952800.0,EWJ
2024-01-04,63.04999923706055,63.45000076293945,63.0099983215332,63.060001373291016,58.6158447265625,3649500.0,EWJ
2024-01-05,63.560001373291016,64.19000244140625,63.459999084472656,63.529998779296875,59.05271530151367,6507600.0,EWJ
2024-01-08,63.68000030517578,64.4800033569336,63.56999969482422,64.45999908447266,59.917171478271484,5785500.0,EWJ
2024-01-09,64.04000091552734,64.23999786376953,63.970001220703125,64.06999969482422,59.554664611816406,5218800.0,EWJ
2024-01-10,65.2300033569336,65.41000366210938,65.12000274658203,65.22000122070312,60.62361526489258,11832800.0,EWJ
2024-01-11,65.79000091552734,65.9000015258789,65.26000213623047,65.80000305175781,61.1627311706543,9210400.0,EWJ
2024-01-12,66.54000091552734,66.79000091552734,66.33000183105469,66.43000030517578,61.74833679199219,9227000.0,EWJ
2024-01-16,66.51000213623047,66.58000183105469,65.79000091552734,65.94000244140625,61.29287338256836,11987500.0,EWJ
2024-01-17,64.94999694824219,65.13999938964844,64.75,65.12000274658203,60.53065872192383,10639400.0,EWJ
2024-01-18,65.38999938964844,65.75,65.3499984741211,65.7300033569336,61.0976676940918,11142900.0,EWJ
2024-01-19,65.55999755859375,65.9000015258789,65.27999877929688,65.9000015258789,61.25569152832031,11186000.0,EWJ
2024-01-22,66.55999755859375,66.8499984741211,66.48999786376953,66.68000030517578,61.98072052001953,8696500.0,EWJ
2024-01-23,65.9000015258789,66.12999725341797,65.79000091552734,66.08999633789062,61.43229293823242,7538600.0,EWJ
2024-01-24,66.33000183105469,66.55999755859375,66.12000274658203,66.16999816894531,61.50665283203125,15995500.0,EWJ
2024-01-25,66.22000122070312,66.22000122070312,65.72000122070312,65.91999816894531,61.2742805480957,11018600.0,EWJ
2024-01-26,65.4000015258789,65.62000274658203,65.30999755859375,65.38999938964844,60.78163146972656,6299800.0,EWJ
2024-01-29,65.87000274658203,66.29000091552734,65.75,66.16999816894531,61.50665283203125,8571500.0,EWJ
2024-01-30,66.0199966430664,66.06999969482422,65.80999755859375,65.93000030517578,61.283573150634766,8448000.0,EWJ
2024-01-31,66.55000305175781,66.91000366210938,66.06999969482422,66.20999908447266,61.54383850097656,11841400.0,EWJ
2024-02-01,66.54000091552734,66.94000244140625,66.29000091552734,66.91999816894531,62.203800201416016,8340200.0,EWJ
2024-02-02,66.29000091552734,66.52999877929688,66.08000183105469,66.51000213623047,61.82270431518555,8473400.0,EWJ
2024-02-05,66.26000213623047,66.41000366210938,65.91999816894531,66.19000244140625,61.52524948120117,9790800.0,EWJ
2024-02-06,65.80999755859375,66.18000030517578,65.80000305175781,66.18000030517578,61.51595687866211,9294500.0,EWJ
2024-02-07,66.5199966430664,66.63999938964844,66.41000366210938,66.55999755859375,61.869171142578125,9171300.0,EWJ
2024-02-08,66.30000305175781,66.4000015258789,65.95999908447266,66.38999938964844,61.711158752441406,6381900.0,EWJ
2024-02-09,66.3499984741211,66.6500015258789,66.27999877929688,66.62999725341797,61.93424606323242,7062200.0,EWJ
2024-02-12,66.79000091552734,67.19999694824219,66.7699966430664,66.97000122070312,62.25027847290039,4820800.0,EWJ
2024-02-13,67.1500015258789,67.25,66.51000213623047,66.73999786376953,62.0364875793457,6513600.0,EWJ
2024-02-14,66.79000091552734,67.0199966430664,66.6500015258789,67.0,62.278160095214844,7384000.0,EWJ
2024-02-15,67.19999694824219,67.69999694824219,67.16999816894531,67.63999938964844,62.87306213378906,8261900.0,EWJ
2024-02-16,67.58000183105469,67.94000244140625,67.43000030517578,67.62999725341797,62.86376190185547,12441100.0,EWJ
2024-02-20,67.9800033569336,68.08000183105469,67.66999816894531,67.93000030517578,63.14262390136719,6052000.0,EWJ
2024-02-21,67.77999877929688,67.9800033569336,67.56999969482422,67.79000091552734,63.01250076293945,5548300.0,EWJ
2024-02-22,68.77999877929688,68.97000122070312,68.63999938964844,68.9000015258789,64.04426574707031,8163300.0,EWJ
2024-02-23,69.0,69.22000122070312,68.97000122070312,69.01000213623047,64.14651489257812,6588200.0,EWJ
2024-02-26,69.2699966430664,69.2699966430664,68.9000015258789,69.0,64.13722229003906,7376300.0,EWJ
2024-02-27,69.08000183105469,69.26000213623047,69.04000091552734,69.18000030517578,64.30453491210938,8569600.0,EWJ
2024-02-28,68.66999816894531,68.83000183105469,68.58999633789062,68.66999816894531,63.830467224121094,7659000.0,EWJ
2024-02-29,69.25,69.37999725341797,68.81999969482422,69.12000274658203,64.2487564086914,7563900.0,EWJ
2024-03-01,69.97000122070312,70.4000015258789,69.81999969482422,70.33000183105469,65.37348175048828,8225000.0,EWJ
2024-03-04,70.0,70.0999984741211,69.83000183105469,69.91999816894531,64.99237823486328,6406600.0,EWJ
2024-03-05,70.62000274658203,70.7699966430664,70.16999816894531,70.30000305175781,65.34561157226562,9841700.0,EWJ
2024-03-06,71.33999633789062,71.63999938964844,71.16999816894531,71.37000274658203,66.34019470214844,8644200.0,EWJ
2024-03-07,71.25,71.43000030517578,71.12999725341797,71.33999633789062,66.31230163574219,6776600.0,EWJ
2024-03-08,71.68000030517578,71.76000213623047,71.11000061035156,71.18000030517578,66.16358184814453,8613300.0,EWJ
2024-03-11,69.80999755859375,69.88999938964844,69.44000244140625,69.5999984741211,64.69493103027344,18476800.0,EWJ
2024-03-12,69.58000183105469,70.04000091552734,69.33000183105469,69.9800033569336,65.04814910888672,9823900.0,EWJ
2024-03-13,69.19999694824219,69.51000213623047,69.08000183105469,69.37000274658203,64.48115539550781,8687100.0,EWJ
2024-03-14,69.66999816894531,69.72000122070312,68.81999969482422,69.05999755859375,64.19298553466797,10113800.0,EWJ
2024-03-15,69.44000244140625,69.63999938964844,69.2699966430664,69.56999969482422,64.66703796386719,11684600.0,EWJ
2024-03-18,70.5,70.70999908447266,70.29000091552734,70.6500015258789,65.67092895507812,17599700.0,EWJ
2024-03-19,70.58999633789062,71.05999755859375,70.5,70.91999816894531,65.92190551757812,7411300.0,EWJ
2024-03-20,71.0199966430664,71.5199966430664,70.86000061035156,71.47000122070312,66.43314361572266,7308500.0,EWJ
2024-03-21,71.68000030517578,71.93000030517578,71.66000366210938,71.83000183105469,66.76777648925781,10859900.0,EWJ
2024-03-22,72.04000091552734,72.06999969482422,71.73999786376953,71.81999969482422,66.75847625732422,5768000.0,EWJ
2024-03-25,70.93000030517578,71.18000030517578,70.88999938964844,70.98999786376953,65.98696899414062,10403300.0,EWJ
2024-03-26,71.4800033569336,71.58000183105469,71.27999877929688,71.30000305175781,66.2751235961914,7997800.0,EWJ
2024-03-27,71.48999786376953,71.61000061035156,71.27999877929688,71.61000061035156,66.56327819824219,8787000.0,EWJ
2024-03-28,71.05999755859375,71.5199966430664,71.05999755859375,71.3499984741211,66.32159423828125,11319700.0,EWJ
2024-04-01,70.2699966430664,70.41000366210938,70.06999969482422,70.27999877929688,65.3270034790039,8227900.0,EWJ
2024-04-02,69.87999725341797,69.94000244140625,69.56999969482422,69.91999816894531,64.99237823486328,10632000.0,EWJ
2024-04-03,69.87000274658203,70.5199966430664,69.87000274658203,70.4000015258789,65.43854522705078,11686900.0,EWJ
2024-04-04,70.79000091552734,70.79000091552734,69.62999725341797,69.66999816894531,64.75999450683594,11481200.0,EWJ
2024-04-05,69.72000122070312,70.05000305175781,69.5999984741211,69.87000274658203,64.94591522216797,11909900.0,EWJ
2024-04-08,70.29000091552734,70.51000213623047,70.19000244140625,70.22000122070312,65.27123260498047,6555400.0,EWJ
2024-04-09,70.81999969482422,70.81999969482422,70.19999694824219,70.4800033569336,65.5129165649414,7474900.0,EWJ
2024-04-10,69.48999786376953,69.68000030517578,69.11000061035156,69.37999725341797,64.49043273925781,9035000.0,EWJ
2024-04-11,69.95999908447266,70.11000061035156,69.2699966430664,69.98999786376953,65.05744171142578,8337200.0,EWJ
2024-04-12,69.55999755859375,69.66000366210938,68.98999786376953,69.05999755859375,64.19298553466797,7815300.0,EWJ
2024-04-15,69.63999938964844,69.81999969482422,68.66000366210938,68.7699966430664,63.92341995239258,8202700.0,EWJ
2024-04-16,67.94999694824219,68.12999725341797,67.62999725341797,67.80999755859375,63.03108215332031,8224500.0,EWJ
2024-04-17,67.33999633789062,67.43000030517578,66.83999633789062,67.08999633789062,62.36182403564453,9147300.0,EWJ
2024-04-18,67.18000030517578,67.41999816894531,66.80999755859375,66.88999938964844,62.17591857910156,7985400.0,EWJ
2024-04-19,66.72000122070312,66.86000061035156,66.3499984741211,66.48999786376953,61.80410385131836,8553700.0,EWJ
2024-04-22,66.83000183105469,67.37000274658203,66.72000122070312,67.16999816894531,62.436187744140625,6622900.0,EWJ
2024-04-23,66.93000030517578,67.41999816894531,66.91000366210938,67.31999969482422,62.57560729980469,7323800.0,EWJ
2024-04-24,67.77999877929688,67.77999877929688,67.33000183105469,67.61000061035156,62.845176696777344,6188300.0,EWJ
2024-04-25,66.0,66.66999816894531,65.83999633789062,66.55999755859375,61.869171142578125,5284800.0,EWJ
2024-04-26,66.79000091552734,67.20999908447266,66.79000091552734,67.12999725341797,62.39900588989258,7598400.0,EWJ
2024-04-29,67.62000274658203,67.9800033569336,67.47000122070312,67.73999786376953,62.96601867675781,6871000.0,EWJ
2024-04-30,67.9800033569336,68.11000061035156,67.2699966430664,67.2699966430664,62.529136657714844,6198000.0,EWJ
2024-05-01,67.33999633789062,67.91999816894531,67.0199966430664,67.11000061035156,62.38041687011719,7950900.0,EWJ
2024-05-02,68.3499984741211,68.58000183105469,67.94000244140625,68.47000122070312,63.64457321166992,6796000.0,EWJ
2024-05-03,69.19000244140625,69.36000061035156,68.76000213623047,69.26000213623047,64.37889099121094,6222500.0,EWJ
2024-05-06,69.47000122070312,69.7300033569336,69.43000030517578,69.66999816894531,64.75999450683594,3575500.0,EWJ
2024-05-07,69.0199966430664,69.12999725341797,68.80000305175781,68.91000366210938,64.05355834960938,6954800.0,EWJ
2024-05-08,67.7300033569336,68.0999984741211,67.72000122070312,68.04000091552734,63.244873046875,7164900.0,EWJ
2024-05-09,67.72000122070312,68.33999633789062,67.68000030517578,68.33999633789062,63.52372360229492,6728900.0,EWJ
2024-05-10,68.23999786376953,68.2699966430664,67.83000183105469,67.94999694824219,63.16121292114258,4261900.0,EWJ
2024-05-13,67.81999969482422,67.9000015258789,67.56999969482422,67.68000030517578,62.91023635864258,4876900.0,EWJ
2024-05-14,67.97000122070312,68.22000122070312,67.87999725341797,68.20999908447266,63.402896881103516,4711800.0,EWJ
2024-05-15,68.61000061035156,68.9800033569336,68.4000015258789,68.97000122070312,64.10933685302734,9293500.0,EWJ
2024-05-16,68.93000030517578,68.93000030517578,68.25,68.2699966430664,63.458656311035156,7235000.0,EWJ
2024-05-17,68.7699966430664,68.94000244140625,68.58999633789062,68.7300033569336,63.886253356933594,4290300.0,EWJ
2024-05-20,69.0999984741211,69.44000244140625,69.08000183105469,69.22000122070312,64.34171295166016,4019700.0,EWJ
2024-05-21,68.88999938964844,69.0199966430664,68.62999725341797,68.81999969482422,63.96989440917969,3046500.0,EWJ
2024-05-22,68.0999984741211,68.2699966430664,67.9000015258789,68.0199966430664,63.22627639770508,4191700.0,EWJ
2024-05-23,68.68000030517578,68.70999908447266,67.58999633789062,67.72000122070312,62.947425842285156,4825800.0,EWJ
2024-05-24,68.3499984741211,68.56999969482422,68.27999877929688,68.45999908447266,63.63526916503906,3952800.0,EWJ
2024-05-28,69.08000183105469,69.12000274658203,68.66000366210938,68.8499984741211,63.99778366088867,3374000.0,EWJ
2024-05-29,67.77999877929688,67.83000183105469,67.4000015258789,67.47000122070312,62.71504592895508,6813000.0,EWJ
2024-05-30,68.05999755859375,68.26000213623047,67.86000061035156,68.05999755859375,63.26345443725586,4101600.0,EWJ
2024-05-31,68.94999694824219,69.05000305175781,68.44000244140625,68.97000122070312,64.10933685302734,5484300.0,EWJ
2024-06-03,69.44000244140625,69.58000183105469,69.1500015258789,69.4000015258789,64.509033203125,6184600.0,EWJ
2024-06-04,69.55000305175781,69.69999694824219,69.26000213623047,69.4800033569336,64.58338928222656,3651300.0,EWJ
2024-06-05,69.01000213623047,69.30000305175781,68.69999694824219,69.27999877929688,64.3974838256836,5379900.0,EWJ
2024-06-06,69.2300033569336,69.26000213623047,68.98999786376953,69.23999786376953,64.36029815673828,4391900.0,EWJ
2024-06-07,68.7699966430664,69.04000091552734,68.62999725341797,68.7300033569336,63.886253356933594,3652800.0,EWJ
2024-06-10,69.0199966430664,69.43000030517578,68.98999786376953,69.33999633789062,64.4532470703125,3371300.0,EWJ
2024-06-11,68.18000030517578,68.20999908447266,67.83000183105469,68.05999755859375,63.73128890991211,3848000.0,EWJ
2024-06-12,68.79000091552734,69.0199966430664,68.30999755859375,68.38999938964844,64.04029846191406,5941300.0,EWJ
2024-06-13,67.43000030517578,67.43000030517578,66.9000015258789,67.1500015258789,62.879173278808594,4839200.0,EWJ
2024-06-14,67.06999969482422,67.25,66.8499984741211,67.12999725341797,62.860443115234375,4767000.0,EWJ
2024-06-17,66.13999938964844,66.69000244140625,66.05000305175781,66.61000061035156,62.37350845336914,4484500.0,EWJ
2024-06-18,66.38999938964844,66.68000030517578,66.37000274658203,66.66000366210938,62.420345306396484,8101100.0,EWJ
2024-06-20,66.44999694824219,66.61000061035156,66.20999908447266,66.4800033569336,62.25178909301758,4028300.0,EWJ
2024-06-21,66.12000274658203,66.1500015258789,65.93000030517578,66.01000213623047,61.81167984008789,4106800.0,EWJ
2024-06-24,66.63999938964844,66.87000274658203,66.5,66.51000213623047,62.279876708984375,3009800.0,EWJ
2024-06-25,67.44000244140625,67.66000366210938,67.2699966430664,67.55999755859375,63.26308822631836,5499100.0,EWJ
2024-06-26,67.33000183105469,67.51000213623047,67.22000122070312,67.30999755859375,63.028987884521484,3634200.0,EWJ
2024-06-27,67.55999755859375,67.83999633789062,67.5,67.6500015258789,63.34737014770508,3628500.0,EWJ
2024-06-28,68.20999908447266,68.62000274658203,67.97000122070312,68.23999786376953,63.899845123291016,4208000.0,EWJ
2024-07-01,68.1500015258789,68.30000305175781,67.69000244140625,67.79000091552734,63.47846984863281,5401100.0,EWJ
2024-07-02,68.5,68.9000015258789,68.38999938964844,68.86000061035156,64.48041534423828,5328600.0,EWJ
2024-07-03,69.2300033569336,69.5,69.1500015258789,69.48999786376953,65.07035064697266,2933800.0,EWJ
2024-07-05,70.0,70.0,69.58000183105469,69.95999908447266,65.51045227050781,6710100.0,EWJ
2024-07-08,69.81999969482422,69.98999786376953,69.58000183105469,69.62000274658203,65.19207763671875,3454200.0,EWJ
2024-07-09,70.06999969482422,70.12000274658203,69.83000183105469,70.0,65.54791259765625,8444100.0,EWJ
2024-07-10,71.0199966430664,71.37999725341797,70.98999786376953,71.27999877929688,66.74649810791016,7060700.0,EWJ
2024-07-11,71.43000030517578,71.58999633789062,70.97000122070312,71.01000213623047,66.49366760253906,6523300.0,EWJ
2024-07-12,71.0999984741211,71.66000366210938,71.08999633789062,71.4000015258789,66.8588638305664,9138800.0,EWJ
2024-07-15,71.5,71.5,70.98999786376953,71.05999755859375,66.54048919677734,10546400.0,EWJ
2024-07-16,71.31999969482422,71.95999908447266,71.2300033569336,71.9000015258789,67.32706451416016,6357900.0,EWJ
2024-07-17,71.48999786376953,71.7300033569336,71.33999633789062,71.4800033569336,66.93377685546875,5174600.0,EWJ
2024-07-18,71.29000091552734,71.33999633789062,70.23999786376953,70.4000015258789,65.9224624633789,8310500.0,EWJ
2024-07-19,70.22000122070312,70.31999969482422,69.88999938964844,69.95999908447266,65.51045227050781,3713400.0,EWJ
2024-07-22,70.25,70.38999938964844,70.01000213623047,70.30000305175781,65.8288345336914,2190700.0,EWJ
2024-07-23,70.12999725341797,70.41999816894531,70.01000213623047,70.23999786376953,65.77263641357422,2688600.0,EWJ
2024-07-24,69.79000091552734,69.83999633789062,68.86000061035156,68.86000061035156,64.48041534423828,3129800.0,EWJ
2024-07-25,67.69999694824219,68.47000122070312,67.41999816894531,67.77999877929688,63.46909713745117,7596400.0,EWJ
2024-07-26,68.30999755859375,68.83999633789062,68.23999786376953,68.69000244140625,64.32122039794922,4355600.0,EWJ
2024-07-29,68.9000015258789,69.0,68.58000183105469,68.8499984741211,64.4710464477539,5189700.0,EWJ
2024-07-30,69.05000305175781,69.18000030517578,68.6500015258789,68.94000244140625,64.5553207397461,6537000.0,EWJ
2024-07-31,71.0,71.19000244140625,70.51000213623047,70.97000122070312,66.45621490478516,7563800.0,EWJ
2024-08-01,68.62000274658203,68.83000183105469,67.0199966430664,67.55000305175781,63.25373840332031,9297500.0,EWJ
2024-08-02,65.12000274658203,65.33000183105469,63.84000015258789,64.6500015258789,60.538177490234375,13888800.0,EWJ
2024-08-05,60.77000045776367,63.869998931884766,60.619998931884766,63.43000030517578,59.39576721191406,28253800.0,EWJ
2024-08-06,62.459999084472656,63.630001068115234,61.970001220703125,63.119998931884766,59.10548400878906,17198200.0,EWJ
2024-08-07,65.68000030517578,65.91999816894531,64.12000274658203,64.16999816894531,60.08869934082031,14686500.0,EWJ
2024-08-08,65.26000213623047,65.70999908447266,64.62000274658203,65.52999877929688,61.36220932006836,8481100.0,EWJ
2024-08-09,64.87000274658203,65.41000366210938,64.69000244140625,65.37000274658203,61.212379455566406,8193000.0,EWJ
2024-08-12,65.4000015258789,66.08000183105469,65.33000183105469,65.7300033569336,61.54948425292969,7620800.0,EWJ
2024-08-13,67.0,67.70999908447266,66.94000244140625,67.61000061035156,63.30991744995117,8950200.0,EWJ
2024-08-14,67.51000213623047,67.7699966430664,67.12999725341797,67.70999908447266,63.40354919433594,5515200.0,EWJ
2024-08-15,68.61000061035156,69.19999694824219,68.56999969482422,69.01000213623047,64.6208724975586,5031400.0,EWJ
2024-08-16,69.16999816894531,69.56999969482422,69.08000183105469,69.37000274658203,64.9579849243164,6661600.0,EWJ
2024-08-19,69.87000274658203,70.45999908447266,69.8499984741211,70.36000061035156,65.885009765625,5268800.0,EWJ
2024-08-20,70.11000061035156,70.43000030517578,69.91000366210938,70.0199966430664,65.5666275024414,6518700.0,EWJ
2024-08-21,70.87999725341797,71.0199966430664,70.52999877929688,70.83000183105469,66.32511138916016,7388200.0,EWJ
2024-08-22,71.25,71.30999755859375,70.19000244140625,70.30999755859375,65.83818817138672,7426000.0,EWJ
2024-08-23,71.19000244140625,72.04000091552734,71.0999984741211,71.93000030517578,67.35515594482422,8212200.0,EWJ
2024-08-26,71.37999725341797,71.51000213623047,70.9000015258789,71.02999877929688,66.51239776611328,6750900.0,EWJ
2024-08-27,71.58000183105469,71.91000366210938,71.48999786376953,71.7300033569336,67.16788482666016,4898100.0,EWJ
2024-08-28,71.91000366210938,72.0999984741211,71.12000274658203,71.41999816894531,66.87759399414062,9908200.0,EWJ
2024-08-29,71.80000305175781,72.26000213623047,71.41000366210938,71.54000091552734,66.98995971679688,6345900.0,EWJ
2024-08-30,72.22000122070312,72.33000183105469,71.69000244140625,71.97000122070312,67.39260864257812,6495600.0,EWJ
2024-09-03,71.77999877929688,72.05000305175781,70.72000122070312,70.88999938964844,66.38130187988281,8228800.0,EWJ
2024-09-04,69.87999725341797,70.58000183105469,69.81999969482422,70.16000366210938,65.69773864746094,5105500.0,EWJ
2024-09-05,70.37000274658203,70.70999908447266,70.11000061035156,70.58000183105469,66.09101867675781,5091200.0,EWJ
2024-09-06,69.52999877929688,69.76000213623047,67.93000030517578,68.08999633789062,63.75938034057617,11533400.0,EWJ
2024-09-09,69.2699966430664,69.75,69.16999816894531,69.33000183105469,64.92052459716797,4790600.0,EWJ
2024-09-10,69.1500015258789,69.18000030517578,68.4000015258789,69.13999938964844,64.74259948730469,4699300.0,EWJ
2024-09-11,69.06999969482422,69.63999938964844,68.1500015258789,69.55999755859375,65.13589477539062,5874000.0,EWJ
2024-09-12,69.4800033569336,70.26000213623047,69.27999877929688,70.25,65.7820053100586,3155900.0,EWJ
2024-09-13,69.87999725341797,70.26000213623047,69.72000122070312,69.87000274658203,65.42617797851562,3882300.0,EWJ
2024-09-16,70.22000122070312,70.56999969482422,70.08999633789062,70.54000091552734,66.0535659790039,5148600.0,EWJ
2024-09-17,69.94999694824219,70.16000366210938,69.45999908447266,69.70999908447266,65.2763442993164,4484600.0,EWJ
2024-09-18,69.54000091552734,70.19999694824219,69.13999938964844,69.38999938964844,64.9767074584961,4204200.0,EWJ
2024-09-19,71.06999969482422,71.41999816894531,70.63999938964844,71.2300033569336,66.69967651367188,6376100.0,EWJ
2024-09-20,71.5,71.54000091552734,70.86000061035156,71.2699966430664,66.73712921142578,6623000.0,EWJ
2024-09-23,71.5199966430664,71.88999938964844,71.47000122070312,71.69999694824219,67.13978576660156,3480500.0,EWJ
2024-09-24,71.13999938964844,71.2699966430664,70.9000015258789,71.08000183105469,66.55921936035156,5007100.0,EWJ
2024-09-25,71.30999755859375,71.33999633789062,70.83999633789062,70.94999694824219,66.43748474121094,3972400.0,EWJ
2024-09-26,72.86000061035156,73.23999786376953,72.44999694824219,72.98999786376953,68.34773254394531,6694400.0,EWJ
2024-09-27,71.68000030517578,72.16999816894531,70.81999969482422,71.08000183105469,66.55921936035156,8990200.0,EWJ
2024-09-30,71.83999633789062,71.93000030517578,71.13999938964844,71.54000091552734,66.98995971679688,5042300.0,EWJ
2024-01-04,33193.05078125,33299.390625,32693.1796875,33288.2890625,33288.2890625,117300000.0,^N225
2024-01-05,33397.51953125,33568.0390625,33257.4296875,33377.421875,33377.421875,115300000.0,^N225
2024-01-09,33704.828125,33990.28125,33600.3203125,33763.1796875,33763.1796875,112100000.0,^N225
2024-01-10,33896.328125,34539.01953125,33885.73828125,34441.71875,34441.71875,106000000.0,^N225
2024-01-11,34871.328125,35157.55859375,34849.5703125,35049.859375,35049.859375,130100000.0,^N225
2024-01-12,35601.6484375,35839.6484375,35362.23828125,35577.109375,35577.109375,129200000.0,^N225
2024-01-15,35634.12109375,36008.23046875,35544.3203125,35901.7890625,35901.7890625,105700000.0,^N225
2024-01-16,35909.19921875,35955.6796875,35587.53125,35619.1796875,35619.1796875,103400000.0,^N225
2024-01-17,35850.1796875,36239.21875,35476.51953125,35477.75,35477.75,139500000.0,^N225
2024-01-18,35371.25,35728.08984375,35371.25,35466.171875,35466.171875,100300000.0,^N225
2024-01-19,35913.71875,36076.23046875,35790.0703125,35963.26953125,35963.26953125,104100000.0,^N225
2024-01-22,36294.1015625,36571.80078125,36225.91015625,36546.94921875,36546.94921875,100000000.0,^N225
2024-01-23,36605.30078125,36984.51171875,36436.0703125,36517.5703125,36517.5703125,111500000.0,^N225
2024-01-24,36415.66015625,36471.390625,36104.890625,36226.48046875,36226.48046875,108600000.0,^N225
2024-01-25,36213.140625,36312.359375,35912.5390625,36236.46875,36236.46875,94600000.0,^N225
2024-01-26,36003.0,36060.3984375,35687.578125,35751.0703125,35751.0703125,109600000.0,^N225
2024-01-29,35814.2890625,36186.87109375,35813.76953125,36026.94140625,36026.94140625,95500000.0,^N225
2024-01-30,36196.640625,36249.03125,36039.30859375,36065.859375,36065.859375,87900000.0,^N225
2024-01-31,35747.890625,36292.53125,35704.578125,36286.7109375,36286.7109375,111100000.0,^N225
2024-02-01,36008.55859375,36146.359375,35924.6015625,36011.4609375,36011.4609375,118100000.0,^N225
2024-02-02,36249.98828125,36441.08984375,36083.609375,36158.01953125,36158.01953125,114800000.0,^N225
2024-02-05,36419.33984375,36452.62109375,36213.0,36354.16015625,36354.16015625,130500000.0,^N225
2024-02-06,36249.078125,36294.48046875,36065.98046875,36160.66015625,36160.66015625,134700000.0,^N225
2024-02-07,36002.98828125,36195.5,35854.62890625,36119.921875,36119.921875,126500000.0,^N225
2024-02-08,36258.83984375,36956.96875,36206.19921875,36863.28125,36863.28125,151000000.0,^N225
2024-02-09,36915.44140625,37287.26171875,36807.03125,36897.421875,36897.421875,146800000.0,^N225
2024-02-13,37248.359375,38010.69140625,37184.1015625,37963.96875,37963.96875,140500000.0,^N225
2024-02-14,37712.87109375,37825.8515625,37594.46875,37703.3203125,37703.3203125,120300000.0,^N225
2024-02-15,38017.828125,38188.73828125,37935.359375,38157.94140625,38157.94140625,130000000.0,^N225
2024-02-16,38517.37109375,38865.05859375,38361.55078125,38487.23828125,38487.23828125,151700000.0,^N225
2024-02-19,38473.41015625,38555.83984375,38281.69921875,38470.37890625,38470.37890625,102000000.0,^N225
2024-02-20,38510.37109375,38742.328125,38288.0390625,38363.609375,38363.609375,108500000.0,^N225
2024-02-21,38191.96875,38339.69921875,38095.1484375,38262.16015625,38262.16015625,104700000.0,^N225
2024-02-22,38508.0703125,39156.96875,38508.0703125,39098.6796875,39098.6796875,122900000.0,^N225
2024-02-26,39320.640625,39388.078125,39181.03125,39233.7109375,39233.7109375,125700000.0,^N225
2024-02-27,39260.78125,39426.2890625,39113.03125,39239.51953125,39239.51953125,119100000.0,^N225
2024-02-28,39189.21875,39283.94921875,39075.46875,39208.03125,39208.03125,119900000.0,^N225
2024-02-29,38935.53125,39250.12109375,38876.80859375,39166.19140625,39166.19140625,166000000.0,^N225
2024-03-01,39254.69140625,39990.23046875,39224.640625,39910.8203125,39910.8203125,122800000.0,^N225
2024-03-04,40201.76171875,40314.640625,40001.55078125,40109.23046875,40109.23046875,119400000.0,^N225
2024-03-05,39881.73046875,40226.98828125,39840.33984375,40097.62890625,40097.62890625,115200000.0,^N225
2024-03-06,39792.37109375,40147.76953125,39769.0390625,40090.78125,40090.78125,112900000.0,^N225
2024-03-07,40331.05859375,40472.109375,39518.3984375,39598.7109375,39598.7109375,137200000.0,^N225
2024-03-08,39809.55859375,39989.328125,39551.6015625,39688.94140625,39688.94140625,143300000.0,^N225
2024-03-11,39232.140625,39241.28125,38496.66015625,38820.48828125,38820.48828125,132900000.0,^N225
2024-03-12,38470.390625,38841.80078125,38271.37890625,38797.51171875,38797.51171875,112900000.0,^N225
2024-03-13,39059.94921875,39147.80078125,38452.5703125,38695.96875,38695.96875,105400000.0,^N225
2024-03-14,38591.73046875,38840.328125,38400.171875,38807.37890625,38807.37890625,111100000.0,^N225
2024-03-15,38548.16015625,38808.6796875,38519.94140625,38707.640625,38707.640625,167100000.0,^N225
2024-03-18,38960.98828125,39769.109375,38935.46875,39740.44140625,39740.44140625,128700000.0,^N225
2024-03-19,39622.578125,40003.6015625,39407.5,40003.6015625,40003.6015625,134700000.0,^N225
2024-03-21,40511.55078125,40823.3203125,40452.19140625,40815.66015625,40815.66015625,157200000.0,^N225
2024-03-22,40942.87890625,41087.75,40714.140625,40888.4296875,40888.4296875,136100000.0,^N225
2024-03-25,40798.9609375,40837.1796875,40414.12109375,40414.12109375,40414.12109375,101500000.0,^N225
2024-03-26,40345.0390625,40529.53125,40280.8515625,40398.03125,40398.03125,101400000.0,^N225
2024-03-27,40517.171875,40979.359375,40452.2109375,40762.73046875,40762.73046875,121300000.0,^N225
2024-03-28,40324.421875,40482.01953125,40054.05859375,40168.0703125,40168.0703125,135600000.0,^N225
2024-03-29,40277.44921875,40521.7109375,40268.109375,40369.44140625,40369.44140625,122000000.0,^N225
2024-04-01,40646.69921875,40697.21875,39706.44921875,39803.08984375,39803.08984375,134500000.0,^N225
2024-04-02,39892.58984375,40151.05078125,39707.87109375,39838.91015625,39838.91015625,115800000.0,^N225
2024-04-03,39503.71875,39625.8984375,39217.0390625,39451.8515625,39451.8515625,123200000.0,^N225
2024-04-04,39928.328125,40243.01953125,39773.140625,39773.140625,39773.140625,145100000.0,^N225
2024-04-05,39237.390625,39274.76171875,38774.23828125,38992.078125,38992.078125,129600000.0,^N225
2024-04-08,39391.98046875,39617.359375,39197.0,39347.0390625,39347.0390625,108300000.0,^N225
2024-04-09,39496.94921875,39773.12890625,39476.12890625,39773.12890625,39773.12890625,105900000.0,^N225
2024-04-10,39582.328125,39708.69921875,39510.48046875,39581.80859375,39581.80859375,97400000.0,^N225
2024-04-11,39090.6796875,39473.48046875,39065.30859375,39442.62890625,39442.62890625,107000000.0,^N225
2024-04-12,39722.01953125,39774.8203125,39457.73046875,39523.55078125,39523.55078125,107100000.0,^N225
2024-04-15,39056.9296875,39232.80078125,38820.94921875,39232.80078125,39232.80078125,107000000.0,^N225
2024-04-16,38750.671875,38764.8203125,38322.3203125,38471.19921875,38471.19921875,133000000.0,^N225
2024-04-17,38587.46875,38587.609375,37961.80078125,37961.80078125,37961.80078125,120600000.0,^N225
2024-04-18,37745.0390625,38216.75,37644.91015625,38079.69921875,38079.69921875,105800000.0,^N225
2024-04-19,37724.46875,37749.48046875,36733.05859375,37068.3515625,37068.3515625,155400000.0,^N225
2024-04-22,37240.9296875,37511.80078125,37052.62890625,37438.609375,37438.609375,119400000.0,^N225
2024-04-23,37797.05859375,37817.78125,37397.26953125,37552.16015625,37552.16015625,95900000.0,^N225
2024-04-24,37871.921875,38460.078125,37857.46875,38460.078125,38460.078125,121100000.0,^N225
2024-04-25,38065.91015625,38129.53125,37604.23046875,37628.48046875,37628.48046875,113900000.0,^N225
2024-04-26,37725.609375,38097.5390625,37550.69921875,37934.76171875,37934.76171875,124900000.0,^N225
2024-04-30,38312.66015625,38608.171875,38182.109375,38405.66015625,38405.66015625,151400000.0,^N225
2024-05-01,38107.37890625,38433.33984375,38036.23828125,38274.05078125,38274.05078125,108500000.0,^N225
2024-05-02,38004.01171875,38355.6015625,37958.19140625,38236.0703125,38236.0703125,101900000.0,^N225
2024-05-07,38636.23046875,38863.140625,38541.96875,38835.1015625,38835.1015625,115200000.0,^N225
2024-05-08,38677.5703125,38749.3515625,38159.8515625,38202.37109375,38202.37109375,120100000.0,^N225
2024-05-09,38242.921875,38429.80859375,38072.23828125,38073.98046875,38073.98046875,118600000.0,^N225
2024-05-10,38361.7890625,38741.87890625,38126.91015625,38229.109375,38229.109375,167300000.0,^N225
2024-05-13,38211.609375,38273.3984375,37969.578125,38179.4609375,38179.4609375,128700000.0,^N225
2024-05-14,38287.98828125,38477.6796875,38084.7109375,38356.05859375,38356.05859375,143300000.0,^N225
2024-05-15,38533.08984375,38816.6015625,38335.609375,38385.73046875,38385.73046875,146300000.0,^N225
2024-05-16,38645.9609375,38949.37890625,38513.328125,38920.26171875,38920.26171875,157900000.0,^N225
2024-05-17,38561.0390625,38842.48828125,38539.55859375,38787.37890625,38787.37890625,133300000.0,^N225
2024-05-20,38761.7109375,39437.16015625,38703.69921875,39069.6796875,39069.6796875,127400000.0,^N225
2024-05-21,39232.16015625,39346.1484375,38942.28125,38946.9296875,38946.9296875,106700000.0,^N225
2024-05-22,38823.91015625,38854.98828125,38592.94140625,38617.1015625,38617.1015625,105500000.0,^N225
2024-05-23,38803.12890625,39129.46875,38617.4296875,39103.21875,39103.21875,107800000.0,^N225
2024-05-24,38506.03125,38740.8203125,38367.69921875,38646.109375,38646.109375,96300000.0,^N225
2024-05-27,38766.2109375,38900.01953125,38667.9296875,38900.01953125,38900.01953125,94200000.0,^N225
2024-05-28,38879.1484375,38981.96875,38756.12890625,38855.37109375,38855.37109375,101200000.0,^N225
2024-05-29,38880.5,39141.98828125,38524.23828125,38556.87109375,38556.87109375,123900000.0,^N225
2024-05-30,38112.76953125,38138.03125,37617.0,38054.12890625,38054.12890625,117300000.0,^N225
2024-05-31,38173.21875,38526.9296875,38087.609375,38487.8984375,38487.8984375,211000000.0,^N225
2024-06-03,38734.94921875,39032.5,38734.94921875,38923.03125,38923.03125,115900000.0,^N225
2024-06-04,38702.5390625,38895.05859375,38591.7890625,38837.4609375,38837.4609375,117900000.0,^N225
2024-06-05,38654.08984375,38656.41015625,38343.98046875,38490.171875,38490.171875,119400000.0,^N225
2024-06-06,38841.66015625,39011.9296875,38693.5,38703.51171875,38703.51171875,118900000.0,^N225
2024-06-07,38597.55078125,38747.26953125,38560.8515625,38683.9296875,38683.9296875,96200000.0,^N225
2024-06-10,38689.78125,39081.5390625,38689.78125,39038.16015625,39038.16015625,89200000.0,^N225
2024-06-11,39175.58984375,39336.66015625,39074.87890625,39134.7890625,39134.7890625,93300000.0,^N225
2024-06-12,38865.1484375,38945.98828125,38809.359375,38876.7109375,38876.7109375,108200000.0,^N225
2024-06-13,39182.05859375,39252.44140625,38689.7890625,38720.46875,38720.46875,115900000.0,^N225
2024-06-14,38587.5703125,39025.69921875,38554.75,38814.55859375,38814.55859375,157100000.0,^N225
2024-06-17,38440.98046875,38442.69921875,37950.19921875,38102.44140625,38102.44140625,107500000.0,^N225
2024-06-18,38433.48046875,38519.01953125,38332.890625,38482.109375,38482.109375,97100000.0,^N225
2024-06-19,38653.91015625,38797.96875,38453.41015625,38570.76171875,38570.76171875,93600000.0,^N225
2024-06-20,38410.3203125,38637.62109375,38263.078125,38633.01953125,38633.01953125,88000000.0,^N225
2024-06-21,38608.66015625,38795.6796875,38532.12890625,38596.46875,38596.46875,140800000.0,^N225
2024-06-24,38497.421875,38905.46875,38416.0703125,38804.6484375,38804.6484375,93500000.0,^N225
2024-06-25,38833.8984375,39215.0703125,38758.0703125,39173.1484375,39173.1484375,108300000.0,^N225
2024-06-26,39364.73046875,39788.62890625,39233.55859375,39667.0703125,39667.0703125,108900000.0,^N225
2024-06-27,39434.46875,39439.23828125,39193.51171875,39341.5390625,39341.5390625,115000000.0,^N225
2024-06-28,39593.01171875,39783.69921875,39485.73046875,39583.078125,39583.078125,124300000.0,^N225
2024-07-01,39839.8203125,39942.69140625,39537.1015625,39631.05859375,39631.05859375,118800000.0,^N225
2024-07-02,39543.609375,40113.48046875,39457.62109375,40074.69140625,40074.69140625,135100000.0,^N225
2024-07-03,40225.828125,40694.2109375,40172.8515625,40580.76171875,40580.76171875,125600000.0,^N225
2024-07-04,40747.58984375,40971.23046875,40604.1484375,40913.6484375,40913.6484375,118000000.0,^N225
2024-07-05,41009.359375,41100.12890625,40746.890625,40912.37109375,40912.37109375,114200000.0,^N225
2024-07-08,40863.140625,41112.23828125,40780.69921875,40780.69921875,40780.69921875,113000000.0,^N225
2024-07-09,40953.41015625,41769.3515625,40942.44140625,41580.171875,41580.171875,118200000.0,^N225
2024-07-10,41444.328125,41889.16015625,41430.37890625,41831.98828125,41831.98828125,134400000.0,^N225
2024-07-11,42343.71875,42426.76953125,42102.4609375,42224.01953125,42224.01953125,123000000.0,^N225
2024-07-12,41668.859375,41754.76171875,41188.2890625,41190.6796875,41190.6796875,130400000.0,^N225
2024-07-16,41366.7890625,41520.0703125,41220.6484375,41275.078125,41275.078125,100800000.0,^N225
2024-07-17,41416.1796875,41466.44921875,41054.71875,41097.69140625,41097.69140625,109900000.0,^N225
2024-07-18,40521.7109375,40587.62890625,40104.21875,40126.3515625,40126.3515625,117600000.0,^N225
2024-07-19,39965.91015625,40212.8984375,39824.578125,40063.7890625,40063.7890625,99800000.0,^N225
2024-07-22,39947.94921875,39973.19921875,39519.390625,39599.0,39599.0,82700000.0,^N225
2024-07-23,39864.08984375,39927.890625,39519.91015625,39594.390625,39594.390625,88300000.0,^N225
2024-07-24,39336.73828125,39643.26953125,39096.5,39154.8515625,39154.8515625,110300000.0,^N225
2024-07-25,38524.19921875,38557.7890625,37825.578125,37869.51171875,37869.51171875,143000000.0,^N225
2024-07-26,37792.87109375,38105.9609375,37611.19140625,37667.41015625,37667.41015625,124000000.0,^N225
2024-07-29,38139.12109375,38719.69921875,38010.01171875,38468.62890625,38468.62890625,107300000.0,^N225
2024-07-30,38241.3515625,38531.16015625,38076.69921875,38525.94921875,38525.94921875,109700000.0,^N225
2024-07-31,38140.76953125,39188.37109375,37954.37890625,39101.8203125,39101.8203125,146400000.0,^N225
2024-08-01,38781.55859375,38781.55859375,37737.87890625,38126.328125,38126.328125,178800000.0,^N225
2024-08-02,37444.171875,37471.51953125,35880.1484375,35909.69921875,35909.69921875,204300000.0,^N225
2024-08-05,35249.359375,35301.1796875,31156.119140625,31458.419921875,31458.419921875,285600000.0,^N225
2024-08-06,32077.330078125,34911.80078125,32077.330078125,34675.4609375,34675.4609375,251200000.0,^N225
2024-08-07,34122.3515625,35849.76953125,33739.4609375,35089.62109375,35089.62109375,242800000.0,^N225
2024-08-08,34645.7890625,35379.6484375,34207.16015625,34831.1484375,34831.1484375,165300000.0,^N225
2024-08-09,35272.33984375,35671.30859375,34445.5703125,35025.0,35025.0,176900000.0,^N225
2024-08-13,35490.578125,36232.51171875,35476.7890625,36232.51171875,36232.51171875,140700000.0,^N225
2024-08-14,36535.6015625,36683.890625,36074.7109375,36442.4296875,36442.4296875,135600000.0,^N225
2024-08-15,36381.3984375,36885.16015625,36381.3984375,36726.640625,36726.640625,119700000.0,^N225
2024-08-16,37304.9296875,38143.55078125,37304.9296875,38062.671875,38062.671875,129500000.0,^N225
2024-08-19,37863.76171875,38125.26953125,37318.0390625,37388.62109375,37388.62109375,107800000.0,^N225
2024-08-20,37847.8515625,38236.390625,37738.30078125,38062.921875,38062.921875,110600000.0,^N225
2024-08-21,37653.33984375,38026.01953125,37605.828125,37951.80078125,37951.80078125,94800000.0,^N225
2024-08-22,38033.78125,38408.19140625,37883.859375,38211.01171875,38211.01171875,92800000.0,^N225
2024-08-23,38278.1796875,38424.26953125,38053.46875,38364.26953125,38364.26953125,89800000.0,^N225
2024-08-26,38156.41015625,38204.80859375,37825.30859375,38110.21875,38110.21875,91700000.0,^N225
2024-08-27,38066.30859375,38365.640625,37911.3203125,38288.62109375,38288.62109375,84300000.0,^N225
2024-08-28,38221.37890625,38399.91015625,38141.48828125,38371.76171875,38371.76171875,88700000.0,^N225
2024-08-29,38119.94921875,38401.1484375,37970.19921875,38362.53125,38362.53125,106500000.0,^N225
2024-08-30,38388.0390625,38669.7890625,38316.87109375,38647.75,38647.75,136600000.0,^N225
2024-09-02,39025.30859375,39080.640625,38476.51171875,38700.87109375,38700.87109375,87100000.0,^N225
2024-09-03,38745.76171875,38967.55859375,38581.55078125,38686.30859375,38686.30859375,91200000.0,^N225
2024-09-04,38039.91015625,38080.01953125,36879.328125,37047.609375,37047.609375,144400000.0,^N225
2024-09-05,36536.25,37099.9609375,36359.23046875,36657.08984375,36657.08984375,111300000.0,^N225
2024-09-06,36815.0,36898.28125,36235.609375,36391.46875,36391.46875,111700000.0,^N225
2024-09-09,35805.8203125,36248.12109375,35247.87109375,36215.75,36215.75,118200000.0,^N225
2024-09-10,36386.12109375,36537.03125,36001.578125,36159.16015625,36159.16015625,112300000.0,^N225
2024-09-11,36029.8984375,36056.87109375,35253.4296875,35619.76953125,35619.76953125,127600000.0,^N225
2024-09-12,36185.62109375,36902.2109375,36172.26171875,36833.26953125,36833.26953125,126300000.0,^N225
2024-09-13,36882.41015625,36887.3984375,36441.33984375,36581.76171875,36581.76171875,115900000.0,^N225
2024-09-17,36601.9296875,36663.1796875,35828.5390625,36203.21875,36203.21875,127300000.0,^N225
2024-09-18,36546.0390625,36675.0703125,36127.44921875,36380.171875,36380.171875,99900000.0,^N225
2024-09-19,36958.9296875,37394.51953125,36958.9296875,37155.328125,37155.328125,114100000.0,^N225
2024-09-20,37714.0703125,37974.71875,37654.109375,37723.91015625,37723.91015625,162600000.0,^N225
2024-09-24,38171.359375,38427.1484375,37902.98828125,37940.58984375,37940.58984375,113500000.0,^N225
2024-09-25,37947.3515625,38109.23828125,37868.83984375,37870.26171875,37870.26171875,108200000.0,^N225
2024-09-26,38266.7890625,38925.62890625,38240.6484375,38925.62890625,38925.62890625,141000000.0,^N225
2024-09-27,39108.26953125,39829.55859375,38917.98046875,39829.55859375,39829.55859375,161900000.0,^N225
2024-09-30,39117.828125,39126.359375,37797.91015625,37919.55078125,37919.55078125,190500000.0,^N225
2024-01-02,13.220000267028809,14.229999542236328,13.100000381469727,13.199999809265137,13.199999809265137,0.0,^VIX
2024-01-03,13.350000381469727,14.220000267028809,13.329999923706055,14.039999961853027,14.039999961853027,0.0,^VIX
2024-01-04,13.930000305175781,14.199999809265137,13.640000343322754,14.130000114440918,14.130000114440918,0.0,^VIX
2024-01-05,14.239999771118164,14.579999923706055,13.289999961853027,13.350000381469727,13.350000381469727,0.0,^VIX
2024-01-08,14.0,14.180000305175781,13.020000457763672,13.079999923706055,13.079999923706055,0.0,^VIX
2024-01-09,13.199999809265137,13.449999809265137,12.739999771118164,12.760000228881836,12.760000228881836,0.0,^VIX
2024-01-10,12.859999656677246,12.949999809265137,12.670000076293945,12.6899995803833,12.6899995803833,0.0,^VIX
2024-01-11,12.640000343322754,13.3100004196167,12.350000381469727,12.4399995803833,12.4399995803833,0.0,^VIX
2024-01-12,12.65999984741211,13.079999923706055,12.470000267028809,12.699999809265137,12.699999809265137,0.0,^VIX
2024-01-16,14.119999885559082,14.350000381469727,13.520000457763672,13.84000015258789,13.84000015258789,0.0,^VIX
2024-01-17,14.59000015258789,15.399999618530273,14.380000114440918,14.789999961853027,14.789999961853027,0.0,^VIX
2024-01-18,14.850000381469727,14.890000343322754,13.890000343322754,14.130000114440918,14.130000114440918,0.0,^VIX
2024-01-19,13.800000190734863,14.579999923706055,13.279999732971191,13.300000190734863,13.300000190734863,0.0,^VIX
2024-01-22,13.770000457763672,13.84000015258789,13.170000076293945,13.1899995803833,13.1899995803833,0.0,^VIX
2024-01-23,13.199999809265137,13.289999961853027,12.529999732971191,12.550000190734863,12.550000190734863,0.0,^VIX
2024-01-24,12.65999984741211,13.180000305175781,12.40999984741211,13.140000343322754,13.140000343322754,0.0,^VIX
2024-01-25,13.180000305175781,13.579999923706055,13.0600004196167,13.449999809265137,13.449999809265137,0.0,^VIX
2024-01-26,13.729999542236328,14.100000381469727,13.199999809265137,13.260000228881836,13.260000228881836,0.0,^VIX
2024-01-29,13.979999542236328,15.350000381469727,13.59000015258789,13.600000381469727,13.600000381469727,0.0,^VIX
2024-01-30,13.6899995803833,13.739999771118164,13.229999542236328,13.3100004196167,13.3100004196167,0.0,^VIX
2024-01-31,13.420000076293945,14.609999656677246,13.180000305175781,14.350000381469727,14.350000381469727,0.0,^VIX
2024-02-01,14.210000038146973,14.630000114440918,13.869999885559082,13.880000114440918,13.880000114440918,0.0,^VIX
2024-02-02,13.949999809265137,14.229999542236328,13.390000343322754,13.850000381469727,13.850000381469727,0.0,^VIX
2024-02-05,14.369999885559082,14.529999732971191,13.579999923706055,13.670000076293945,13.670000076293945,0.0,^VIX
2024-02-06,13.569999694824219,13.779999732971191,12.979999542236328,13.0600004196167,13.0600004196167,0.0,^VIX
2024-02-07,13.0600004196167,13.130000114440918,12.8100004196167,12.829999923706055,12.829999923706055,0.0,^VIX
2024-02-08,12.949999809265137,13.170000076293945,12.739999771118164,12.789999961853027,12.789999961853027,0.0,^VIX
2024-02-09,12.789999961853027,13.010000228881836,12.6899995803833,12.930000305175781,12.930000305175781,0.0,^VIX
2024-02-12,13.479999542236328,13.9399995803833,13.34000015258789,13.930000305175781,13.930000305175781,0.0,^VIX
2024-02-13,13.960000038146973,17.940000534057617,13.430000305175781,15.850000381469727,15.850000381469727,0.0,^VIX
2024-02-14,15.380000114440918,15.470000267028809,14.220000267028809,14.380000114440918,14.380000114440918,0.0,^VIX
2024-02-15,14.270000457763672,14.640000343322754,13.9399995803833,14.010000228881836,14.010000228881836,0.0,^VIX
2024-02-16,13.9399995803833,14.710000038146973,13.75,14.239999771118164,14.239999771118164,0.0,^VIX
2024-02-20,15.09000015258789,15.90999984741211,15.069999694824219,15.420000076293945,15.420000076293945,0.0,^VIX
2024-02-21,15.539999961853027,16.1200008392334,15.220000267028809,15.34000015258789,15.34000015258789,0.0,^VIX
2024-02-22,14.279999732971191,14.640000343322754,14.119999885559082,14.539999961853027,14.539999961853027,0.0,^VIX
2024-02-23,14.3100004196167,14.3100004196167,13.640000343322754,13.75,13.75,0.0,^VIX
2024-02-26,14.170000076293945,14.199999809265137,13.65999984741211,13.739999771118164,13.739999771118164,0.0,^VIX
2024-02-27,13.630000114440918,13.75,13.40999984741211,13.430000305175781,13.430000305175781,0.0,^VIX
2024-02-28,13.520000457763672,13.899999618530273,13.4399995803833,13.84000015258789,13.84000015258789,0.0,^VIX
2024-02-29,14.140000343322754,14.149999618530273,13.300000190734863,13.399999618530273,13.399999618530273,0.0,^VIX
2024-03-01,13.34000015258789,13.65999984741211,13.079999923706055,13.109999656677246,13.109999656677246,0.0,^VIX
2024-03-04,13.489999771118164,13.579999923706055,13.319999694824219,13.489999771118164,13.489999771118164,0.0,^VIX
2024-03-05,13.75,15.100000381469727,13.75,14.460000038146973,14.460000038146973,0.0,^VIX
2024-03-06,14.270000457763672,14.930000305175781,13.890000343322754,14.5,14.5,0.0,^VIX
2024-03-07,14.979999542236328,14.979999542236328,14.25,14.4399995803833,14.4399995803833,0.0,^VIX
2024-03-08,14.220000267028809,15.529999732971191,13.970000267028809,14.739999771118164,14.739999771118164,0.0,^VIX
2024-03-11,15.510000228881836,16.040000915527344,15.130000114440918,15.220000267028809,15.220000267028809,0.0,^VIX
2024-03-12,14.970000267028809,15.199999809265137,13.8100004196167,13.84000015258789,13.84000015258789,0.0,^VIX
2024-03-13,13.890000343322754,14.039999961853027,13.670000076293945,13.75,13.75,0.0,^VIX
2024-03-14,13.619999885559082,15.329999923706055,13.420000076293945,14.399999618530273,14.399999618530273,0.0,^VIX
2024-03-15,14.329999923706055,15.529999732971191,14.140000343322754,14.40999984741211,14.40999984741211,0.0,^VIX
2024-03-18,14.75,14.850000381469727,14.260000228881836,14.329999923706055,14.329999923706055,0.0,^VIX
2024-03-19,14.5,14.859999656677246,13.800000190734863,13.819999694824219,13.819999694824219,0.0,^VIX
2024-03-20,13.829999923706055,14.170000076293945,13.010000228881836,13.039999961853027,13.039999961853027,0.0,^VIX
2024-03-21,12.979999542236328,13.079999923706055,12.399999618530273,12.920000076293945,12.920000076293945,0.0,^VIX
2024-03-22,12.920000076293945,13.149999618530273,12.579999923706055,13.0600004196167,13.0600004196167,0.0,^VIX
2024-03-25,13.670000076293945,13.670000076293945,13.109999656677246,13.1899995803833,13.1899995803833,0.0,^VIX
2024-03-26,13.119999885559082,13.430000305175781,12.84000015258789,13.239999771118164,13.239999771118164,0.0,^VIX
2024-03-27,13.130000114440918,13.34000015258789,12.65999984741211,12.779999732971191,12.779999732971191,0.0,^VIX
2024-03-28,12.930000305175781,13.100000381469727,12.84000015258789,13.010000228881836,13.010000228881836,0.0,^VIX
2024-04-01,13.609999656677246,14.149999618530273,13.550000190734863,13.649999618530273,13.649999618530273,0.0,^VIX
2024-04-02,13.739999771118164,15.430000305175781,13.680000305175781,14.609999656677246,14.609999656677246,0.0,^VIX
2024-04-03,15.0,15.180000305175781,14.25,14.329999923706055,14.329999923706055,0.0,^VIX
2024-04-04,14.289999961853027,16.920000076293945,13.739999771118164,16.350000381469727,16.350000381469727,0.0,^VIX
2024-04-05,16.450000762939453,16.75,15.529999732971191,16.030000686645508,16.030000686645508,0.0,^VIX
2024-04-08,16.239999771118164,16.5,15.109999656677246,15.1899995803833,15.1899995803833,0.0,^VIX
2024-04-09,15.34000015258789,16.6299991607666,14.9399995803833,14.979999542236328,14.979999542236328,0.0,^VIX
2024-04-10,15.239999771118164,16.6200008392334,14.59000015258789,15.800000190734863,15.800000190734863,0.0,^VIX
2024-04-11,16.020000457763672,17.610000610351562,14.90999984741211,14.90999984741211,14.90999984741211,0.0,^VIX
2024-04-12,14.90999984741211,19.200000762939453,14.90999984741211,17.309999465942383,17.309999465942383,0.0,^VIX
2024-04-15,16.940000534057617,19.459999084472656,16.260000228881836,19.229999542236328,19.229999542236328,0.0,^VIX
2024-04-16,19.489999771118164,19.559999465942383,17.639999389648438,18.399999618530273,18.399999618530273,0.0,^VIX
2024-04-17,18.239999771118164,19.110000610351562,17.540000915527344,18.209999084472656,18.209999084472656,0.0,^VIX
2024-04-18,17.90999984741211,18.3700008392334,17.209999084472656,18.0,18.0,0.0,^VIX
2024-04-19,21.329999923706055,21.360000610351562,18.170000076293945,18.709999084472656,18.709999084472656,0.0,^VIX
2024-04-22,18.59000015258789,18.719999313354492,16.690000534057617,16.940000534057617,16.940000534057617,0.0,^VIX
2024-04-23,16.719999313354492,16.760000228881836,15.6899995803833,15.6899995803833,15.6899995803833,0.0,^VIX
2024-04-24,15.760000228881836,16.3799991607666,15.579999923706055,15.970000267028809,15.970000267028809,0.0,^VIX
2024-04-25,16.25,17.549999237060547,15.270000457763672,15.369999885559082,15.369999885559082,0.0,^VIX
2024-04-26,15.489999771118164,16.059999465942383,14.920000076293945,15.029999732971191,15.029999732971191,0.0,^VIX
2024-04-29,15.369999885559082,15.420000076293945,14.630000114440918,14.670000076293945,14.670000076293945,0.0,^VIX
2024-04-30,14.819999694824219,15.899999618530273,14.670000076293945,15.649999618530273,15.649999618530273,0.0,^VIX
2024-05-01,15.75,16.219999313354492,14.350000381469727,15.390000343322754,15.390000343322754,0.0,^VIX
2024-05-02,15.140000343322754,16.09000015258789,14.600000381469727,14.680000305175781,14.680000305175781,0.0,^VIX
2024-05-03,14.510000228881836,14.579999923706055,13.479999542236328,13.489999771118164,13.489999771118164,0.0,^VIX
2024-05-06,13.979999542236328,14.020000457763672,13.4399995803833,13.489999771118164,13.489999771118164,0.0,^VIX
2024-05-07,13.520000457763672,13.640000343322754,13.15999984741211,13.229999542236328,13.229999542236328,0.0,^VIX
2024-05-08,13.239999771118164,13.510000228881836,12.9399995803833,13.0,13.0,0.0,^VIX
2024-05-09,13.079999923706055,13.289999961853027,12.680000305175781,12.6899995803833,12.6899995803833,0.0,^VIX
2024-05-10,12.770000457763672,12.960000038146973,12.5,12.550000190734863,12.550000190734863,0.0,^VIX
2024-05-13,13.260000228881836,13.65999984741211,13.25,13.600000381469727,13.600000381469727,0.0,^VIX
2024-05-14,13.710000038146973,14.029999732971191,13.270000457763672,13.420000076293945,13.420000076293945,0.0,^VIX
2024-05-15,13.729999542236328,13.9399995803833,12.380000114440918,12.449999809265137,12.449999809265137,0.0,^VIX
2024-05-16,12.520000457763672,12.670000076293945,12.329999923706055,12.420000076293945,12.420000076293945,0.0,^VIX
2024-05-17,12.279999732971191,12.479999542236328,11.90999984741211,11.989999771118164,11.989999771118164,0.0,^VIX
2024-05-20,12.270000457763672,12.59000015258789,12.069999694824219,12.149999618530273,12.149999618530273,0.0,^VIX
2024-05-21,12.300000190734863,12.5600004196167,11.84000015258789,11.859999656677246,11.859999656677246,0.0,^VIX
2024-05-22,12.050000190734863,12.8100004196167,11.779999732971191,12.289999961853027,12.289999961853027,0.0,^VIX
2024-05-23,11.529999732971191,13.369999885559082,11.520000457763672,12.770000457763672,12.770000457763672,0.0,^VIX
2024-05-24,12.859999656677246,12.890000343322754,11.890000343322754,11.930000305175781,11.930000305175781,0.0,^VIX
2024-05-28,12.510000228881836,13.4399995803833,12.359999656677246,12.920000076293945,12.920000076293945,0.0,^VIX
2024-05-29,13.75,14.319999694824219,13.6899995803833,14.279999732971191,14.279999732971191,0.0,^VIX
2024-05-30,14.819999694824219,14.880000114440918,13.670000076293945,14.470000267028809,14.470000267028809,0.0,^VIX
2024-05-31,14.5,14.869999885559082,12.84000015258789,12.920000076293945,12.920000076293945,0.0,^VIX
2024-06-03,13.079999923706055,14.3100004196167,13.0,13.109999656677246,13.109999656677246,0.0,^VIX
2024-06-04,13.510000228881836,14.079999923706055,13.109999656677246,13.15999984741211,13.15999984741211,0.0,^VIX
2024-06-05,13.140000343322754,13.25,12.600000381469727,12.630000114440918,12.630000114440918,0.0,^VIX
2024-06-06,12.75,12.979999542236328,12.539999961853027,12.579999923706055,12.579999923706055,0.0,^VIX
2024-06-07,12.6899995803833,13.079999923706055,12.109999656677246,12.220000267028809,12.220000267028809,0.0,^VIX
2024-06-10,13.09000015258789,13.279999732971191,12.619999885559082,12.739999771118164,12.739999771118164,0.0,^VIX
2024-06-11,12.850000381469727,13.470000267028809,12.779999732971191,12.850000381469727,12.850000381469727,0.0,^VIX
2024-06-12,13.100000381469727,13.149999618530273,11.9399995803833,12.039999961853027,12.039999961853027,0.0,^VIX
2024-06-13,12.050000190734863,12.680000305175781,11.880000114440918,11.9399995803833,11.9399995803833,0.0,^VIX
2024-06-14,12.220000267028809,13.449999809265137,12.119999885559082,12.65999984741211,12.65999984741211,0.0,^VIX
2024-06-17,13.069999694824219,13.289999961853027,12.5,12.75,12.75,0.0,^VIX
2024-06-18,12.699999809265137,12.739999771118164,12.239999771118164,12.300000190734863,12.300000190734863,0.0,^VIX
2024-06-20,12.5,13.550000190734863,12.180000305175781,13.279999732971191,13.279999732971191,0.0,^VIX
2024-06-21,13.220000267028809,13.779999732971191,12.989999771118164,13.199999809265137,13.199999809265137,0.0,^VIX
2024-06-24,13.850000381469727,13.880000114440918,13.149999618530273,13.329999923706055,13.329999923706055,0.0,^VIX
2024-06-25,13.479999542236328,13.520000457763672,12.84000015258789,12.84000015258789,12.84000015258789,0.0,^VIX
2024-06-26,12.8100004196167,13.239999771118164,12.369999885559082,12.550000190734863,12.550000190734863,0.0,^VIX
2024-06-27,12.6899995803833,12.770000457763672,12.210000038146973,12.239999771118164,12.239999771118164,0.0,^VIX
2024-06-28,12.239999771118164,12.760000228881836,11.869999885559082,12.4399995803833,12.4399995803833,0.0,^VIX
2024-07-01,12.979999542236328,13.260000228881836,12.100000381469727,12.220000267028809,12.220000267028809,0.0,^VIX
2024-07-02,12.670000076293945,12.880000114440918,11.850000381469727,12.029999732971191,12.029999732971191,0.0,^VIX
2024-07-03,12.130000114440918,12.229999542236328,11.949999809265137,12.09000015258789,12.09000015258789,0.0,^VIX
2024-07-05,12.369999885559082,12.609999656677246,11.84000015258789,12.479999542236328,12.479999542236328,0.0,^VIX
2024-07-08,12.90999984741211,12.90999984741211,12.3100004196167,12.369999885559082,12.369999885559082,0.0,^VIX
2024-07-09,12.479999542236328,12.609999656677246,12.350000381469727,12.510000228881836,12.510000228881836,0.0,^VIX
2024-07-10,12.510000228881836,12.920000076293945,12.390000343322754,12.850000381469727,12.850000381469727,0.0,^VIX
2024-07-11,12.880000114440918,13.329999923706055,12.229999542236328,12.920000076293945,12.920000076293945,0.0,^VIX
2024-07-12,12.869999885559082,12.890000343322754,12.109999656677246,12.460000038146973,12.460000038146973,0.0,^VIX
2024-07-15,12.779999732971191,13.260000228881836,12.75,13.119999885559082,13.119999885559082,0.0,^VIX
2024-07-16,13.380000114440918,13.470000267028809,12.949999809265137,13.1899995803833,13.1899995803833,0.0,^VIX
2024-07-17,13.600000381469727,14.880000114440918,13.539999961853027,14.479999542236328,14.479999542236328,0.0,^VIX
2024-07-18,14.270000457763672,16.43000030517578,14.079999923706055,15.930000305175781,15.930000305175781,0.0,^VIX
2024-07-19,16.440000534057617,17.190000534057617,10.619999885559082,16.520000457763672,16.520000457763672,0.0,^VIX
2024-07-22,16.790000915527344,16.889999389648438,14.75,14.90999984741211,14.90999984741211,0.0,^VIX
2024-07-23,15.210000038146973,15.350000381469727,13.899999618530273,14.720000267028809,14.720000267028809,0.0,^VIX
2024-07-24,15.350000381469727,18.459999084472656,15.180000305175781,18.040000915527344,18.040000915527344,0.0,^VIX
2024-07-25,18.40999984741211,19.360000610351562,16.420000076293945,18.459999084472656,18.459999084472656,0.0,^VIX
2024-07-26,17.969999313354492,18.049999237060547,16.3700008392334,16.389999389648438,16.389999389648438,0.0,^VIX
2024-07-29,16.59000015258789,17.209999084472656,16.229999542236328,16.600000381469727,16.600000381469727,0.0,^VIX
2024-07-30,16.639999389648438,18.31999969482422,16.260000228881836,17.690000534057617,17.690000534057617,0.0,^VIX
2024-07-31,16.65999984741211,16.770000457763672,15.710000038146973,16.360000610351562,16.360000610351562,0.0,^VIX
2024-08-01,16.200000762939453,19.479999542236328,15.949999809265137,18.59000015258789,18.59000015258789,0.0,^VIX
2024-08-02,20.520000457763672,29.65999984741211,20.010000228881836,23.389999389648438,23.389999389648438,0.0,^VIX
2024-08-05,23.389999389648438,65.7300033569336,23.389999389648438,38.56999969482422,38.56999969482422,0.0,^VIX
2024-08-06,33.709999084472656,34.77000045776367,24.020000457763672,27.709999084472656,27.709999084472656,0.0,^VIX
2024-08-07,24.770000457763672,29.760000228881836,21.969999313354492,27.850000381469727,27.850000381469727,0.0,^VIX
2024-08-08,28.34000015258789,29.469999313354492,23.360000610351562,23.790000915527344,23.790000915527344,0.0,^VIX
2024-08-09,23.780000686645508,24.520000457763672,20.260000228881836,20.3700008392334,20.3700008392334,0.0,^VIX
2024-08-12,20.790000915527344,21.190000534057617,18.889999389648438,20.709999084472656,20.709999084472656,0.0,^VIX
2024-08-13,20.059999465942383,20.790000915527344,17.950000762939453,18.1200008392334,18.1200008392334,0.0,^VIX
2024-08-14,18.40999984741211,18.489999771118164,16.1200008392334,16.190000534057617,16.190000534057617,0.0,^VIX
2024-08-15,16.270000457763672,16.68000030517578,14.770000457763672,15.229999542236328,15.229999542236328,0.0,^VIX
2024-08-16,15.289999961853027,15.760000228881836,14.649999618530273,14.800000190734863,14.800000190734863,0.0,^VIX
2024-08-19,15.9399995803833,16.06999969482422,14.460000038146973,14.649999618530273,14.649999618530273,0.0,^VIX
2024-08-20,14.890000343322754,15.930000305175781,14.779999732971191,15.880000114440918,15.880000114440918,0.0,^VIX
2024-08-21,16.25,17.170000076293945,15.920000076293945,16.270000457763672,16.270000457763672,0.0,^VIX
2024-08-22,16.270000457763672,18.059999465942383,15.760000228881836,17.549999237060547,17.549999237060547,0.0,^VIX
2024-08-23,17.1200008392334,17.209999084472656,15.609999656677246,15.859999656677246,15.859999656677246,0.0,^VIX
2024-08-26,16.270000457763672,16.670000076293945,15.8100004196167,16.149999618530273,16.149999618530273,0.0,^VIX
2024-08-27,16.209999084472656,16.809999465942383,15.369999885559082,15.430000305175781,15.430000305175781,0.0,^VIX
2024-08-28,15.510000228881836,17.889999389648438,15.460000038146973,17.110000610351562,17.110000610351562,0.0,^VIX
2024-08-29,16.540000915527344,16.56999969482422,15.1899995803833,15.649999618530273,15.649999618530273,0.0,^VIX
2024-08-30,15.670000076293945,16.040000915527344,14.779999732971191,15.0,15.0,0.0,^VIX
2024-09-03,15.760000228881836,21.989999771118164,15.710000038146973,20.719999313354492,20.719999313354492,0.0,^VIX
2024-09-04,23.200000762939453,23.309999465942383,19.34000015258789,21.31999969482422,21.31999969482422,0.0,^VIX
2024-09-05,20.75,21.530000686645508,19.209999084472656,19.899999618530273,19.899999618530273,0.0,^VIX
2024-09-06,21.979999542236328,23.760000228881836,18.829999923706055,22.3799991607666,22.3799991607666,0.0,^VIX
2024-09-09,21.31999969482422,21.40999984741211,19.290000915527344,19.450000762939453,19.450000762939453,0.0,^VIX
2024-09-10,19.860000610351562,20.739999771118164,18.899999618530273,19.079999923706055,19.079999923706055,0.0,^VIX
2024-09-11,19.40999984741211,21.40999984741211,17.549999237060547,17.690000534057617,17.690000534057617,0.0,^VIX
2024-09-12,17.6200008392334,18.59000015258789,16.889999389648438,17.06999969482422,17.06999969482422,0.0,^VIX
2024-09-13,17.030000686645508,17.18000030517578,16.229999542236328,16.559999465942383,16.559999465942383,0.0,^VIX
2024-09-16,17.15999984741211,17.690000534057617,16.90999984741211,17.139999389648438,17.139999389648438,0.0,^VIX
2024-09-17,17.15999984741211,18.079999923706055,16.670000076293945,17.610000610351562,17.610000610351562,0.0,^VIX
2024-09-18,17.579999923706055,19.389999389648438,17.110000610351562,18.229999542236328,18.229999542236328,0.0,^VIX
2024-09-19,17.209999084472656,17.270000457763672,16.209999084472656,16.329999923706055,16.329999923706055,0.0,^VIX
2024-09-20,16.350000381469727,16.68000030517578,15.8100004196167,16.149999618530273,16.149999618530273,0.0,^VIX
2024-09-23,16.709999084472656,16.950000762939453,15.75,15.890000343322754,15.890000343322754,0.0,^VIX
2024-09-24,15.869999885559082,16.670000076293945,15.270000457763672,15.390000343322754,15.390000343322754,0.0,^VIX
2024-09-25,15.819999694824219,15.819999694824219,15.170000076293945,15.40999984741211,15.40999984741211,0.0,^VIX
2024-09-26,15.0600004196167,15.829999923706055,14.899999618530273,15.369999885559082,15.369999885559082,0.0,^VIX
2024-09-27,15.640000343322754,16.969999313354492,15.199999809265137,16.959999084472656,16.959999084472656,0.0,^VIX
2024-09-30,17.010000228881836,17.790000915527344,16.469999313354492,16.729999542236328,16.729999542236328,0.0,^VIX
2024-01-02,63.79999923706055,64.83999633789062,61.720001220703125,62.08000183105469,62.08000183105469,2972650.0,VXX
2024-01-03,63.2599983215332,65.4000015258789,62.31999969482422,64.4000015258789,64.4000015258789,3911775.0,VXX
2024-01-04,64.4800033569336,64.68000030517578,63.08000183105469,64.31999969482422,64.31999969482422,1841525.0,VXX
2024-01-05,63.720001220703125,63.79999923706055,61.599998474121094,62.20000076293945,62.20000076293945,3274175.0,VXX
2024-01-08,62.15999984741211,62.439998626708984,60.0,60.7599983215332,60.7599983215332,2247200.0,VXX
2024-01-09,61.31999969482422,61.439998626708984,59.20000076293945,59.36000061035156,59.36000061035156,1744875.0,VXX
2024-01-10,58.959999084472656,59.20000076293945,58.400001525878906,58.720001220703125,58.720001220703125,2050700.0,VXX
2024-01-11,57.880001068115234,60.560001373291016,57.720001220703125,58.400001525878906,58.400001525878906,3160675.0,VXX
2024-01-12,58.20000076293945,59.599998474121094,58.13199996948242,59.36000061035156,59.36000061035156,2455275.0,VXX
2024-01-16,60.79999923706055,62.68000030517578,60.040000915527344,61.439998626708984,61.439998626708984,3302600.0,VXX
2024-01-17,63.279998779296875,65.19999694824219,62.20000076293945,63.7599983215332,63.7599983215332,3771400.0,VXX
2024-01-18,62.15999984741211,63.599998474121094,61.279998779296875,61.560001373291016,61.560001373291016,2631125.0,VXX
2024-01-19,60.31999969482422,60.72800064086914,59.52000045776367,60.0,60.0,2722475.0,VXX
2024-01-22,59.2400016784668,59.68000030517578,57.79999923706055,58.0,58.0,2473425.0,VXX
2024-01-23,57.2400016784668,57.400001525878906,56.279998779296875,56.31999969482422,56.31999969482422,1944675.0,VXX
2024-01-24,55.880001068115234,57.84000015258789,55.7239990234375,57.79999923706055,57.79999923706055,2860975.0,VXX
2024-01-25,57.68000030517578,58.68000030517578,57.36000061035156,58.439998626708984,58.439998626708984,2132100.0,VXX
2024-01-26,58.439998626708984,58.7599983215332,57.36000061035156,58.119998931884766,58.119998931884766,2106675.0,VXX
2024-01-29,58.15999984741211,59.215999603271484,57.959999084472656,58.36000061035156,58.36000061035156,2120950.0,VXX
2024-01-30,58.15999984741211,58.279998779296875,57.439998626708984,57.599998474121094,57.599998474121094,1854800.0,VXX
2024-01-31,57.720001220703125,61.0,57.560001373291016,60.52000045776367,60.52000045776367,5029550.0,VXX
2024-02-01,59.79999923706055,61.15999984741211,58.79999923706055,60.040000915527344,60.040000915527344,2881425.0,VXX
2024-02-02,59.7599983215332,60.439998626708984,58.86000061035156,59.959999084472656,59.959999084472656,2486275.0,VXX
2024-02-05,59.439998626708984,60.68000030517578,57.439998626708984,57.599998474121094,57.599998474121094,2795125.0,VXX
2024-02-06,57.08000183105469,57.75600051879883,56.119998931884766,56.20000076293945,56.20000076293945,2097600.0,VXX
2024-02-07,55.68000030517578,56.47999954223633,55.599998474121094,56.0,56.0,2277700.0,VXX
2024-02-08,55.84000015258789,56.68000030517578,55.47999954223633,55.68000030517578,55.68000030517578,1803575.0,VXX
2024-02-09,55.439998626708984,56.279998779296875,55.0,56.08000183105469,56.08000183105469,1980350.0,VXX
2024-02-12,55.720001220703125,57.86000061035156,55.560001373291016,57.279998779296875,57.279998779296875,3088575.0,VXX
2024-02-13,59.15999984741211,65.23999786376953,58.63999938964844,61.31999969482422,61.31999969482422,7684850.0,VXX
2024-02-14,59.0,60.2400016784668,57.84000015258789,58.279998779296875,58.279998779296875,5570925.0,VXX
2024-02-15,57.599998474121094,58.86000061035156,57.220001220703125,57.68000030517578,57.68000030517578,3149375.0,VXX
2024-02-16,58.040000915527344,58.5,56.47999954223633,57.599998474121094,57.599998474121094,3162375.0,VXX
2024-02-20,58.47999954223633,60.959999084472656,58.20000076293945,59.47999954223633,59.47999954223633,4758025.0,VXX
2024-02-21,59.784000396728516,60.36000061035156,58.79999923706055,58.959999084472656,58.959999084472656,3730075.0,VXX
2024-02-22,56.720001220703125,57.959999084472656,55.959999084472656,57.84000015258789,57.84000015258789,3068325.0,VXX
2024-02-23,56.875999450683594,57.279998779296875,55.63999938964844,55.720001220703125,55.720001220703125,2614675.0,VXX
2024-02-26,55.2400016784668,55.439998626708984,54.86000061035156,55.15999984741211,55.15999984741211,1720125.0,VXX
2024-02-27,54.47999954223633,54.7599983215332,54.01599884033203,54.119998931884766,54.119998931884766,1821725.0,VXX
2024-02-28,54.47999954223633,55.439998626708984,54.36000061035156,55.0,55.0,1864950.0,VXX
2024-02-29,54.0,55.47999954223633,53.959999084472656,54.2400016784668,54.2400016784668,2811150.0,VXX
2024-03-01,53.720001220703125,54.720001220703125,53.400001525878906,54.400001525878906,54.400001525878906,2654925.0,VXX
2024-03-04,54.15999984741211,54.599998474121094,53.959999084472656,54.279998779296875,54.279998779296875,1411750.0,VXX
2024-03-05,54.79999923706055,58.18000030517578,54.720001220703125,56.52000045776367,56.52000045776367,5452625.0,VXX
2024-03-06,55.20000076293945,57.20000076293945,54.880001068115234,56.720001220703125,56.720001220703125,3620075.0,VXX
2024-03-07,55.52000045776367,57.15999984741211,55.439998626708984,56.439998626708984,56.439998626708984,2594475.0,VXX
2024-03-08,55.63999938964844,59.84000015258789,55.279998779296875,57.91999816894531,57.91999816894531,5088775.0,VXX
2024-03-11,58.439998626708984,59.444000244140625,56.779998779296875,57.31999969482422,57.31999969482422,2853650.0,VXX
2024-03-12,55.91999816894531,56.68000030517578,54.34000015258789,54.52000045776367,54.52000045776367,3712525.0,VXX
2024-03-13,54.279998779296875,54.7599983215332,53.91999816894531,54.2400016784668,54.2400016784668,1880950.0,VXX
2024-03-14,53.880001068115234,57.79999923706055,53.560001373291016,55.63999938964844,55.63999938964844,7349650.0,VXX
2024-03-15,56.487998962402344,58.84000015258789,55.900001525878906,56.7599983215332,56.7599983215332,5613400.0,VXX
2024-03-18,55.880001068115234,55.944000244140625,54.959999084472656,55.439998626708984,55.439998626708984,3045650.0,VXX
2024-03-19,55.560001373291016,55.84000015258789,53.84000015258789,53.880001068115234,53.880001068115234,2943625.0,VXX
2024-03-20,54.0,54.20000076293945,52.5,52.7599983215332,52.7599983215332,4367825.0,VXX
2024-03-21,52.040000915527344,53.0,51.79999923706055,52.279998779296875,52.279998779296875,3155675.0,VXX
2024-03-22,52.52000045776367,52.79999923706055,51.68000030517578,52.52000045776367,52.52000045776367,2363700.0,VXX
2024-03-25,52.560001373291016,52.599998474121094,51.70000076293945,52.31999969482422,52.31999969482422,1645850.0,VXX
2024-03-26,51.7599983215332,52.040000915527344,51.15999984741211,52.040000915527344,52.040000915527344,2631600.0,VXX
2024-03-27,51.36000061035156,52.279998779296875,51.040000915527344,51.08000183105469,51.08000183105469,2454375.0,VXX
2024-03-28,51.20000076293945,52.040000915527344,50.91999816894531,51.880001068115234,51.880001068115234,2704350.0,VXX
2024-04-01,51.959999084472656,53.31999969482422,51.70000076293945,52.560001373291016,52.560001373291016,2865450.0,VXX
2024-04-02,54.36000061035156,55.79999923706055,53.79999923706055,53.79999923706055,53.79999923706055,5405700.0,VXX
2024-04-03,54.63999938964844,54.91999816894531,52.880001068115234,53.439998626708984,53.439998626708984,3775800.0,VXX
2024-04-04,52.63999938964844,57.63999938964844,52.119998931884766,55.97999954223633,55.97999954223633,9011825.0,VXX
2024-04-05,56.720001220703125,57.720001220703125,55.119998931884766,57.040000915527344,57.040000915527344,8183550.0,VXX
2024-04-08,56.0,56.47999954223633,54.36000061035156,54.79999923706055,54.79999923706055,4333400.0,VXX
2024-04-09,54.560001373291016,56.84000015258789,54.119998931884766,54.400001525878906,54.400001525878906,5583450.0,VXX
2024-04-10,55.7599983215332,57.560001373291016,55.15999984741211,55.439998626708984,55.439998626708984,9044250.0,VXX
2024-04-11,55.599998474121094,57.7599983215332,54.119998931884766,54.36000061035156,54.36000061035156,4807525.0,VXX
2024-04-12,56.79999923706055,61.939998626708984,56.79999923706055,59.15999984741211,59.15999984741211,12628475.0,VXX
2024-04-15,57.400001525878906,62.720001220703125,56.720001220703125,62.439998626708984,62.439998626708984,9149900.0,VXX
2024-04-16,61.959999084472656,62.599998474121094,59.2400016784668,60.31999969482422,60.31999969482422,8245225.0,VXX
2024-04-17,60.0,62.400001525878906,58.779998779296875,59.720001220703125,59.720001220703125,5622925.0,VXX
2024-04-18,58.91999816894531,61.08000183105469,58.2400016784668,59.880001068115234,59.880001068115234,4777350.0,VXX
2024-04-19,60.119998931884766,62.81999969482422,59.279998779296875,61.84000015258789,61.84000015258789,6294450.0,VXX
2024-04-22,59.47999954223633,59.560001373291016,56.332000732421875,57.08000183105469,57.08000183105469,4063600.0,VXX
2024-04-23,55.880001068115234,56.15999984741211,54.52000045776367,54.84000015258789,54.84000015258789,3242025.0,VXX
2024-04-24,54.560001373291016,55.84000015258789,54.20000076293945,54.279998779296875,54.279998779296875,4047550.0,VXX
2024-04-25,57.36000061035156,58.20000076293945,55.18000030517578,55.52000045776367,55.52000045776367,5529275.0,VXX
2024-04-26,53.959999084472656,54.439998626708984,53.439998626708984,53.720001220703125,53.720001220703125,2951250.0,VXX
2024-04-29,53.15999984741211,53.959999084472656,52.439998626708984,52.79999923706055,52.79999923706055,2189925.0,VXX
2024-04-30,53.0,54.560001373291016,52.36000061035156,54.439998626708984,54.439998626708984,2786875.0,VXX
2024-05-01,55.0,55.439998626708984,52.31999969482422,54.7599983215332,54.7599983215332,4846650.0,VXX
2024-05-02,53.599998474121094,55.08000183105469,52.720001220703125,52.959999084472656,52.959999084472656,2399375.0,VXX
2024-05-03,51.08000183105469,52.119998931884766,50.880001068115234,51.15999984741211,51.15999984741211,3770350.0,VXX
2024-05-06,50.36000061035156,50.439998626708984,49.63999938964844,49.63999938964844,49.63999938964844,2138500.0,VXX
2024-05-07,49.560001373291016,50.040000915527344,49.5,49.63999938964844,49.63999938964844,2569775.0,VXX
2024-05-08,49.63999938964844,49.720001220703125,49.060001373291016,49.119998931884766,49.119998931884766,1889975.0,VXX
2024-05-09,49.119998931884766,49.63999938964844,48.84000015258789,48.91999816894531,48.91999816894531,2890825.0,VXX
2024-05-10,48.880001068115234,49.040000915527344,48.15999984741211,48.2400016784668,48.2400016784668,2155200.0,VXX
2024-05-13,48.15999984741211,49.040000915527344,48.040000915527344,48.7599983215332,48.7599983215332,2416200.0,VXX
2024-05-14,48.7599983215332,49.08000183105469,47.7599983215332,47.959999084472656,47.959999084472656,1726725.0,VXX
2024-05-15,47.0,47.439998626708984,46.08000183105469,46.08000183105469,46.08000183105469,2222450.0,VXX
2024-05-16,46.08000183105469,46.540000915527344,45.91999816894531,46.040000915527344,46.040000915527344,2733525.0,VXX
2024-05-17,46.0,46.20000076293945,45.36000061035156,45.439998626708984,45.439998626708984,2322650.0,VXX
2024-05-20,45.47999954223633,45.84000015258789,45.0,45.52000045776367,45.52000045776367,2238800.0,VXX
2024-05-21,45.57600021362305,45.68000030517578,44.63999938964844,44.7599983215332,44.7599983215332,2097625.0,VXX
2024-05-22,44.91999816894531,46.20000076293945,44.47999954223633,45.720001220703125,45.720001220703125,4482125.0,VXX
2024-05-23,44.79999923706055,46.91999816894531,44.560001373291016,46.36000061035156,46.36000061035156,5584000.0,VXX
2024-05-24,46.119998931884766,46.15999984741211,44.7599983215332,45.0,45.0,2897775.0,VXX
2024-05-28,44.84000015258789,46.7599983215332,44.7599983215332,45.959999084472656,45.959999084472656,3940675.0,VXX
2024-05-29,48.0,48.15999984741211,46.91999816894531,47.720001220703125,47.720001220703125,3462000.0,VXX
2024-05-30,47.7599983215332,48.47999954223633,46.68000030517578,47.560001373291016,47.560001373291016,3165925.0,VXX
2024-05-31,46.880001068115234,48.84000015258789,46.0,46.119998931884766,46.119998931884766,4577675.0,VXX
2024-06-03,45.63999938964844,47.599998474121094,45.439998626708984,45.84000015258789,45.84000015258789,3611200.0,VXX
2024-06-04,46.599998474121094,47.380001068115234,45.84000015258789,46.08000183105469,46.08000183105469,4044375.0,VXX
2024-06-05,45.47999954223633,46.47999954223633,45.040000915527344,45.2400016784668,45.2400016784668,2406275.0,VXX
2024-06-06,45.0,45.47999954223633,44.7599983215332,45.0,45.0,2207275.0,VXX
2024-06-07,44.91999816894531,45.099998474121094,44.119998931884766,44.52000045776367,44.52000045776367,3279200.0,VXX
2024-06-10,45.15999984741211,45.400001525878906,44.279998779296875,44.400001525878906,44.400001525878906,1977700.0,VXX
2024-06-11,45.0,45.599998474121094,44.279998779296875,44.439998626708984,44.439998626708984,2292375.0,VXX
2024-06-12,43.47999954223633,43.959999084472656,43.220001220703125,43.560001373291016,43.560001373291016,3319900.0,VXX
2024-06-13,43.439998626708984,44.70000076293945,43.2599983215332,43.439998626708984,43.439998626708984,2641775.0,VXX
2024-06-14,44.599998474121094,45.7599983215332,44.2400016784668,44.84000015258789,44.84000015258789,3800075.0,VXX
2024-06-17,44.91999816894531,45.47999954223633,44.16400146484375,44.7599983215332,44.7599983215332,3703450.0,VXX
2024-06-18,44.15999984741211,44.959999084472656,44.02000045776367,44.52000045776367,44.52000045776367,2059125.0,VXX
2024-06-20,44.439998626708984,46.31999969482422,44.380001068115234,46.20000076293945,46.20000076293945,3247550.0,VXX
2024-06-21,46.31999969482422,46.84000015258789,44.7599983215332,45.15999984741211,45.15999984741211,2858700.0,VXX
2024-06-24,45.439998626708984,45.52000045776367,44.31999969482422,44.79999923706055,44.79999923706055,2741850.0,VXX
2024-06-25,44.7599983215332,45.08000183105469,43.79999923706055,44.0,44.0,1813250.0,VXX
2024-06-26,44.040000915527344,44.2400016784668,43.400001525878906,43.52000045776367,43.52000045776367,1854100.0,VXX
2024-06-27,43.52000045776367,43.599998474121094,43.119998931884766,43.2400016784668,43.2400016784668,1770750.0,VXX
2024-06-28,43.15999984741211,43.79999923706055,42.880001068115234,43.68000030517578,43.68000030517578,2017425.0,VXX
2024-07-01,43.2400016784668,43.439998626708984,41.959999084472656,41.959999084472656,41.959999084472656,2351450.0,VXX
2024-07-02,42.20000076293945,42.2400016784668,41.36000061035156,41.47999954223633,41.47999954223633,1265975.0,VXX
2024-07-03,41.400001525878906,41.80400085449219,41.279998779296875,41.68000030517578,41.68000030517578,1128500.0,VXX
2024-07-05,41.52000045776367,42.15999984741211,41.459999084472656,41.84000015258789,41.84000015258789,1744150.0,VXX
2024-07-08,41.36000061035156,41.400001525878906,40.84000015258789,41.08000183105469,41.08000183105469,1716025.0,VXX
2024-07-09,41.040000915527344,41.459999084472656,40.880001068115234,41.20000076293945,41.20000076293945,1290750.0,VXX
2024-07-10,41.2400016784668,41.279998779296875,40.560001373291016,41.119998931884766,41.119998931884766,2107600.0,VXX
2024-07-11,40.63999938964844,41.86000061035156,40.57600021362305,41.36000061035156,41.36000061035156,4569925.0,VXX
2024-07-12,40.70000076293945,40.720001220703125,39.97999954223633,40.63999938964844,40.63999938964844,2987975.0,VXX
2024-07-15,40.31999969482422,41.400001525878906,40.119998931884766,41.2400016784668,41.2400016784668,2597375.0,VXX
2024-07-16,41.15999984741211,41.63999938964844,40.959999084472656,41.63999938964844,41.63999938964844,2382200.0,VXX
2024-07-17,42.63999938964844,43.540000915527344,42.08000183105469,43.0,43.0,6436200.0,VXX
2024-07-18,42.0,44.88800048828125,41.7599983215332,44.2400016784668,44.2400016784668,5880600.0,VXX
2024-07-19,44.959999084472656,46.68000030517578,44.36000061035156,46.119998931884766,46.119998931884766,6748275.0,VXX
2024-07-22,45.2400016784668,45.41999816894531,43.380001068115234,43.68000030517578,43.68000030517578,4132675.0,VXX
2024-07-23,43.68000030517578,43.880001068115234,42.68000030517578,43.31999969482422,43.31999969482422,3291525.0,VXX
2024-07-24,44.70000076293945,49.66999816894531,44.66999816894531,49.189998626708984,49.189998626708984,15192000.0,VXX
2024-07-25,48.56800079345703,51.040000915527344,46.61000061035156,49.59000015258789,49.59000015258789,17223400.0,VXX
2024-07-26,48.04999923706055,48.459999084472656,46.720001220703125,46.779998779296875,46.779998779296875,8958500.0,VXX
2024-07-29,46.369998931884766,47.25,45.68000030517578,45.90999984741211,45.90999984741211,5320100.0,VXX
2024-07-30,45.7599983215332,49.13999938964844,45.650001525878906,47.369998931884766,47.369998931884766,7642200.0,VXX
2024-07-31,46.117000579833984,46.540000915527344,44.619998931884766,46.25,46.25,6750800.0,VXX
2024-08-01,46.11000061035156,52.130001068115234,45.83000183105469,50.5099983215332,50.5099983215332,10034700.0,VXX
2024-08-02,54.459999084472656,64.44999694824219,53.81999969482422,62.68000030517578,62.68000030517578,34052000.0,VXX
2024-08-05,90.08000183105469,91.0199966430664,72.37000274658203,87.26000213623047,87.26000213623047,34747600.0,VXX
2024-08-06,77.4800033569336,80.41999816894531,62.0,70.47000122070312,70.47000122070312,17972800.0,VXX
2024-08-07,61.43000030517578,71.80000305175781,60.380001068115234,68.95500183105469,68.95500183105469,12113300.0,VXX
2024-08-08,67.73999786376953,67.73999786376953,62.61000061035156,63.470001220703125,63.470001220703125,6181800.0,VXX
2024-08-09,62.72999954223633,64.05000305175781,54.5099983215332,55.779998779296875,55.779998779296875,8224400.0,VXX
2024-08-12,54.724998474121094,56.16999816894531,51.220001220703125,54.7599983215332,54.7599983215332,6186500.0,VXX
2024-08-13,53.34000015258789,53.5,50.33000183105469,50.41999816894531,50.41999816894531,5265800.0,VXX
2024-08-14,49.47999954223633,49.900001525878906,47.060001373291016,47.13999938964844,47.13999938964844,5644600.0,VXX
2024-08-15,45.83000183105469,46.560001373291016,44.65999984741211,45.334999084472656,45.334999084472656,6014300.0,VXX
2024-08-16,46.119998931884766,46.45000076293945,45.0,45.22999954223633,45.22999954223633,4001800.0,VXX
2024-08-19,45.290000915527344,45.45000076293945,44.029998779296875,44.43000030517578,44.43000030517578,5124200.0,VXX
2024-08-20,44.7400016784668,46.43899917602539,44.52000045776367,46.16999816894531,46.16999816894531,6027900.0,VXX
2024-08-21,46.06999969482422,48.0099983215332,45.9900016784668,46.88999938964844,46.88999938964844,5104900.0,VXX
2024-08-22,46.349998474121094,49.15999984741211,46.189998626708984,48.8650016784668,48.8650016784668,5196900.0,VXX
2024-08-23,47.54999923706055,48.13999938964844,45.72999954223633,45.939998626708984,45.939998626708984,6822900.0,VXX
2024-08-26,45.65999984741211,47.04999923706055,45.56999969482422,45.900001525878906,45.900001525878906,3060600.0,VXX
2024-08-27,46.529998779296875,46.91999816894531,44.94499969482422,44.9900016784668,44.9900016784668,2718300.0,VXX
2024-08-28,45.04999923706055,48.2400016784668,44.90999984741211,47.58000183105469,47.58000183105469,5544000.0,VXX
2024-08-29,46.02000045776367,46.58000183105469,45.15800094604492,45.8849983215332,45.8849983215332,5392000.0,VXX
2024-08-30,45.040000915527344,46.0,44.36000061035156,44.5,44.5,4818100.0,VXX
2024-09-03,45.619998931884766,55.20000076293945,45.52000045776367,53.540000915527344,53.540000915527344,10683500.0,VXX
2024-09-04,55.029998779296875,56.209999084472656,51.2400016784668,54.970001220703125,54.970001220703125,8746000.0,VXX
2024-09-05,53.9900016784668,54.63999938964844,51.400001525878906,52.2400016784668,52.2400016784668,7605100.0,VXX
2024-09-06,51.34000015258789,58.58000183105469,50.70000076293945,56.11000061035156,56.11000061035156,9680000.0,VXX
2024-09-09,54.97999954223633,55.54999923706055,51.94499969482422,52.45000076293945,52.45000076293945,6143000.0,VXX
2024-09-10,51.95000076293945,54.90999984741211,51.400001525878906,51.52000045776367,51.52000045776367,5116700.0,VXX
2024-09-11,50.77000045776367,55.70500183105469,49.290000915527344,49.33000183105469,49.33000183105469,7399800.0,VXX
2024-09-12,49.849998474121094,51.02000045776367,48.880001068115234,48.939998626708984,48.939998626708984,4295600.0,VXX
2024-09-13,49.20000076293945,49.369998931884766,47.709999084472656,48.790000915527344,48.790000915527344,4374700.0,VXX
2024-09-16,49.06999969482422,50.45000076293945,48.959999084472656,49.2400016784668,49.2400016784668,4137900.0,VXX
2024-09-17,49.150001525878906,51.06999969482422,48.70000076293945,50.29999923706055,50.29999923706055,4633500.0,VXX
2024-09-18,50.099998474121094,50.930999755859375,47.560001373291016,49.880001068115234,49.880001068115234,7650400.0,VXX
2024-09-19,47.970001220703125,48.72999954223633,47.349998474121094,47.720001220703125,47.720001220703125,4122400.0,VXX
2024-09-20,48.060001373291016,48.25,46.93000030517578,47.43000030517578,47.43000030517578,3999200.0,VXX
2024-09-23,47.060001373291016,48.150001525878906,46.630001068115234,47.72999954223633,47.72999954223633,3110100.0,VXX
2024-09-24,47.45000076293945,49.358001708984375,47.14500045776367,47.7599983215332,47.7599983215332,2841300.0,VXX
2024-09-25,48.029998779296875,48.59000015258789,47.439998626708984,48.40999984741211,48.40999984741211,2901600.0,VXX
2024-09-26,48.150001525878906,48.95000076293945,48.0,48.47999954223633,48.47999954223633,2758300.0,VXX
2024-09-27,48.400001525878906,50.768001556396484,48.34000015258789,50.72999954223633,50.72999954223633,3286500.0,VXX
2024-09-30,51.0,52.16999816894531,49.529998779296875,49.599998474121094,49.599998474121094,3831200.0,VXX
2024-01-02,77.12999725341797,77.23999786376953,77.04000091552734,77.12999725341797,66.54047393798828,41547100.0,HYG
2024-01-03,76.72000122070312,77.08000183105469,76.55000305175781,76.91999816894531,66.35929870605469,39495500.0,HYG
2024-01-04,76.80999755859375,76.9000015258789,76.5999984741211,76.62000274658203,66.10047912597656,32856100.0,HYG
2024-01-05,76.5999984741211,77.0,76.55000305175781,76.68000030517578,66.15225982666016,31158500.0,HYG
2024-01-08,76.69999694824219,77.16999816894531,76.69999694824219,77.11000061035156,66.52322387695312,33479100.0,HYG
2024-01-09,77.01000213623047,77.31999969482422,76.95999908447266,77.2300033569336,66.62675476074219,25593500.0,HYG
2024-01-10,77.41000366210938,77.48999786376953,77.27999877929688,77.37000274658203,66.74752807617188,35702800.0,HYG
2024-01-11,77.3499984741211,77.62999725341797,77.16999816894531,77.62000274658203,66.9632339477539,35947100.0,HYG
2024-01-12,77.68000030517578,77.91999816894531,77.62999725341797,77.69999694824219,67.03221130371094,31155500.0,HYG
2024-01-16,77.55000305175781,77.55000305175781,77.12999725341797,77.20999908447266,66.6094970703125,43669900.0,HYG
2024-01-17,77.08000183105469,77.08000183105469,76.7300033569336,76.87999725341797,66.32479095458984,54160800.0,HYG
2024-01-18,76.98999786376953,77.05000305175781,76.8499984741211,77.04000091552734,66.46283721923828,34837600.0,HYG
2024-01-19,77.06999969482422,77.16999816894531,76.77999877929688,77.16999816894531,66.57499694824219,44359700.0,HYG
2024-01-22,77.18000030517578,77.43000030517578,77.18000030517578,77.2300033569336,66.62675476074219,36758900.0,HYG
2024-01-23,77.19000244140625,77.25,77.02999877929688,77.13999938964844,66.54910278320312,24561500.0,HYG
2024-01-24,77.4000015258789,77.43000030517578,77.02999877929688,77.0999984741211,66.51457977294922,27623300.0,HYG
2024-01-25,77.37000274658203,77.69000244140625,77.30000305175781,77.69000244140625,67.02359771728516,48268800.0,HYG
2024-01-26,77.6500015258789,77.7699966430664,77.58999633789062,77.62999725341797,66.97183227539062,26232800.0,HYG
2024-01-29,77.66000366210938,77.83000183105469,77.56999969482422,77.80000305175781,67.1185073852539,25924900.0,HYG
2024-01-30,77.80000305175781,77.83000183105469,77.52999877929688,77.69999694824219,67.03221130371094,32486600.0,HYG
2024-01-31,77.69999694824219,77.9000015258789,77.43000030517578,77.4800033569336,66.84244537353516,55548900.0,HYG
2024-02-01,77.33000183105469,77.61000061035156,77.11000061035156,77.54000091552734,67.22737884521484,48019300.0,HYG
2024-02-02,77.05000305175781,77.29000091552734,77.04000091552734,77.19000244140625,66.92391967773438,42727400.0,HYG
2024-02-05,76.94999694824219,77.01000213623047,76.66000366210938,76.83000183105469,66.6117935180664,51908600.0,HYG
2024-02-06,76.87000274658203,77.22000122070312,76.87000274658203,77.11000061035156,66.85455322265625,32948200.0,HYG
2024-02-07,77.2699966430664,77.30000305175781,77.0199966430664,77.23999786376953,66.96725463867188,42954100.0,HYG
2024-02-08,77.18000030517578,77.30000305175781,77.12000274658203,77.19999694824219,66.93258666992188,25548400.0,HYG
2024-02-09,77.25,77.41000366210938,77.13999938964844,77.36000061035156,67.07133483886719,33951400.0,HYG
2024-02-12,77.33000183105469,77.45999908447266,77.16999816894531,77.19000244140625,66.92391967773438,36249100.0,HYG
2024-02-13,76.66999816894531,76.80000305175781,76.44000244140625,76.56999969482422,66.38636779785156,69904200.0,HYG
2024-02-14,76.79000091552734,76.98999786376953,76.7300033569336,76.87000274658203,66.64649963378906,38603100.0,HYG
2024-02-15,77.0,77.2300033569336,76.94000244140625,77.13999938964844,66.88055419921875,44319900.0,HYG
2024-02-16,76.93000030517578,77.01000213623047,76.81999969482422,76.91000366210938,66.68116760253906,50322900.0,HYG
2024-02-20,76.88999938964844,77.12999725341797,76.81999969482422,77.06999969482422,66.81987762451172,31994100.0,HYG
2024-02-21,77.05999755859375,77.12000274658203,76.81999969482422,76.93000030517578,66.698486328125,38674100.0,HYG
2024-02-22,77.1500015258789,77.30999755859375,77.0999984741211,77.30000305175781,67.0193099975586,45450200.0,HYG
2024-02-23,77.37000274658203,77.45999908447266,77.29000091552734,77.3499984741211,67.0626449584961,24686900.0,HYG
2024-02-26,77.31999969482422,77.3499984741211,77.08000183105469,77.0999984741211,66.84587097167969,32795300.0,HYG
2024-02-27,77.1500015258789,77.19999694824219,77.05000305175781,77.19999694824219,66.93258666992188,30926600.0,HYG
2024-02-28,77.1500015258789,77.27999877929688,77.0999984741211,77.19000244140625,66.92391967773438,24667600.0,HYG
2024-02-29,77.30000305175781,77.47000122070312,77.23999786376953,77.33000183105469,67.0453109741211,43322400.0,HYG
2024-03-01,76.93000030517578,77.20999908447266,76.77999877929688,77.18000030517578,67.29641723632812,39342900.0,HYG
2024-03-04,77.12000274658203,77.2300033569336,77.02999877929688,77.16000366210938,67.27896881103516,21607300.0,HYG
2024-03-05,77.16000366210938,77.3499984741211,77.05999755859375,77.0999984741211,67.2266616821289,38076900.0,HYG
2024-03-06,77.30000305175781,77.41000366210938,77.18000030517578,77.29000091552734,67.392333984375,34335200.0,HYG
2024-03-07,77.48999786376953,77.51000213623047,77.31999969482422,77.37999725341797,67.47080993652344,30393000.0,HYG
2024-03-08,77.48999786376953,77.7300033569336,77.38999938964844,77.4000015258789,67.48824310302734,38317900.0,HYG
2024-03-11,77.33999633789062,77.43000030517578,77.30000305175781,77.38999938964844,67.47953033447266,27177600.0,HYG
2024-03-12,77.51000213623047,77.51000213623047,77.26000213623047,77.45999908447266,67.54056549072266,33351700.0,HYG
2024-03-13,77.4000015258789,77.68000030517578,77.4000015258789,77.48999786376953,67.56671905517578,28482200.0,HYG
2024-03-14,77.47000122070312,77.51000213623047,77.02999877929688,77.12000274658203,67.24410247802734,46677200.0,HYG
2024-03-15,77.08000183105469,77.23999786376953,76.95999908447266,77.06999969482422,67.20051574707031,53985300.0,HYG
2024-03-18,77.2699966430664,77.31999969482422,77.18000030517578,77.25,67.35746765136719,34649300.0,HYG
2024-03-19,77.2300033569336,77.58000183105469,77.22000122070312,77.55999755859375,67.62776184082031,41841500.0,HYG
2024-03-20,77.54000091552734,77.8499984741211,77.47000122070312,77.81999969482422,67.85446166992188,36886700.0,HYG
2024-03-21,77.94999694824219,77.95999908447266,77.68000030517578,77.77999877929688,67.81959533691406,34693300.0,HYG
2024-03-22,77.80999755859375,77.88999938964844,77.66000366210938,77.69999694824219,67.74980163574219,26955700.0,HYG
2024-03-25,77.55999755859375,77.66999816894531,77.54000091552734,77.58000183105469,67.64519500732422,29373100.0,HYG
2024-03-26,77.66999816894531,77.68000030517578,77.47000122070312,77.48999786376953,67.56671905517578,28522200.0,HYG
2024-03-27,77.68000030517578,77.9000015258789,77.5999984741211,77.9000015258789,67.9242172241211,28891100.0,HYG
2024-03-28,77.80000305175781,77.91999816894531,77.72000122070312,77.7300033569336,67.7759780883789,31546700.0,HYG
2024-04-01,77.3499984741211,77.3499984741211,76.98999786376953,77.0199966430664,67.49993896484375,47857400.0,HYG
2024-04-02,76.76000213623047,76.91000366210938,76.72000122070312,76.88999938964844,67.38597869873047,45551200.0,HYG
2024-04-03,76.77999877929688,76.98999786376953,76.70999908447266,76.94999694824219,67.43856048583984,29542300.0,HYG
2024-04-04,77.11000061035156,77.22000122070312,76.77999877929688,76.88999938964844,67.38597869873047,36056400.0,HYG
2024-04-05,76.83000183105469,76.93000030517578,76.79000091552734,76.81999969482422,67.32464599609375,30857300.0,HYG
2024-04-08,76.83000183105469,77.04000091552734,76.77999877929688,77.0,67.4823989868164,31067800.0,HYG
2024-04-09,77.12000274658203,77.2300033569336,77.0199966430664,77.16000366210938,67.62264251708984,32219100.0,HYG
2024-04-10,76.6500015258789,76.76000213623047,76.30000305175781,76.4800033569336,67.02667999267578,76623900.0,HYG
2024-04-11,76.51000213623047,76.55999755859375,76.20999908447266,76.41000366210938,66.96534729003906,50836000.0,HYG
2024-04-12,76.37999725341797,76.41999816894531,76.25,76.37000274658203,66.93026733398438,41441700.0,HYG
2024-04-15,76.44999694824219,76.44999694824219,75.83999633789062,75.93000030517578,66.5446548461914,55560400.0,HYG
2024-04-16,75.91000366210938,75.91000366210938,75.58999633789062,75.68000030517578,66.32555389404297,55746100.0,HYG
2024-04-17,75.88999938964844,76.04000091552734,75.70999908447266,75.77999877929688,66.41319274902344,48158800.0,HYG
2024-04-18,75.77999877929688,75.88999938964844,75.63999938964844,75.83999633789062,66.46578216552734,40291400.0,HYG
2024-04-19,75.91000366210938,76.08000183105469,75.9000015258789,75.9800033569336,66.58846282958984,54739500.0,HYG
2024-04-22,76.13999938964844,76.43000030517578,76.11000061035156,76.4000015258789,66.95655059814453,40772500.0,HYG
2024-04-23,76.47000122070312,76.76000213623047,76.37999725341797,76.70999908447266,67.22824096679688,43554400.0,HYG
2024-04-24,76.66999816894531,76.69999694824219,76.37000274658203,76.54000091552734,67.07925415039062,40496500.0,HYG
2024-04-25,76.08000183105469,76.4000015258789,75.91000366210938,76.37999725341797,66.93902587890625,46371600.0,HYG
2024-04-26,76.37000274658203,76.66000366210938,76.37000274658203,76.62000274658203,67.14934539794922,34500800.0,HYG
2024-04-29,76.72000122070312,76.8499984741211,76.66999816894531,76.8499984741211,67.3509292602539,33157800.0,HYG
2024-04-30,76.5999984741211,76.76000213623047,76.29000091552734,76.29000091552734,66.86015319824219,49937500.0,HYG
2024-05-01,75.94999694824219,76.62999725341797,75.93000030517578,76.29000091552734,67.21255493164062,71484700.0,HYG
2024-05-02,76.4800033569336,76.77999877929688,76.33000183105469,76.76000213623047,67.62665557861328,41497900.0,HYG
2024-05-03,77.1500015258789,77.38999938964844,76.94000244140625,77.08000183105469,67.90856170654297,44204400.0,HYG
2024-05-06,77.16999816894531,77.2300033569336,77.12000274658203,77.16999816894531,67.98784637451172,29547100.0,HYG
2024-05-07,77.26000213623047,77.27999877929688,77.02999877929688,77.18000030517578,67.99665069580078,34064000.0,HYG
2024-05-08,76.98999786376953,77.05999755859375,76.94999694824219,77.0,67.83808135986328,22959500.0,HYG
2024-05-09,76.95999908447266,77.05999755859375,76.86000061035156,77.0199966430664,67.855712890625,24590900.0,HYG
2024-05-10,77.01000213623047,77.02999877929688,76.80999755859375,76.9000015258789,67.74996185302734,24633800.0,HYG
2024-05-13,77.05999755859375,77.05999755859375,76.8499984741211,76.87999725341797,67.73233795166016,22109800.0,HYG
2024-05-14,76.91999816894531,77.02999877929688,76.9000015258789,77.0,67.83808135986328,27298700.0,HYG
2024-05-15,77.25,77.45999908447266,77.19000244140625,77.44999694824219,68.23453521728516,56544400.0,HYG
2024-05-16,77.45999908447266,77.45999908447266,77.26000213623047,77.2699966430664,68.07595825195312,31749800.0,HYG
2024-05-17,77.22000122070312,77.30999755859375,77.16000366210938,77.27999877929688,68.08476257324219,31550300.0,HYG
2024-05-20,77.2300033569336,77.31999969482422,77.19999694824219,77.31999969482422,68.11998748779297,18665000.0,HYG
2024-05-21,77.2699966430664,77.4000015258789,77.25,77.26000213623047,68.06715393066406,20295900.0,HYG
2024-05-22,77.1500015258789,77.19000244140625,77.0199966430664,77.08999633789062,67.9173583984375,31110700.0,HYG
2024-05-23,77.16999816894531,77.22000122070312,76.79000091552734,76.81999969482422,67.67950439453125,36464700.0,HYG
2024-05-24,76.94000244140625,77.11000061035156,76.83999633789062,77.08999633789062,67.9173583984375,20488500.0,HYG
2024-05-28,77.16999816894531,77.19000244140625,76.76000213623047,76.77999877929688,67.64424896240234,27771700.0,HYG
2024-05-29,76.54000091552734,76.6500015258789,76.5199966430664,76.55000305175781,67.4416275024414,38800000.0,HYG
2024-05-30,76.62999725341797,76.87999725341797,76.62999725341797,76.86000061035156,67.7147445678711,44210200.0,HYG
2024-05-31,76.91999816894531,77.1500015258789,76.91999816894531,77.12999725341797,67.95262145996094,45381900.0,HYG
2024-06-03,76.87000274658203,77.01000213623047,76.83999633789062,77.01000213623047,68.16326904296875,36791300.0,HYG
2024-06-04,76.91999816894531,77.0999984741211,76.91000366210938,76.97000122070312,68.12786102294922,39230600.0,HYG
2024-06-05,77.12000274658203,77.22000122070312,76.95999908447266,77.22000122070312,68.34912109375,29793700.0,HYG
2024-06-06,77.18000030517578,77.18000030517578,77.04000091552734,77.08999633789062,68.23407745361328,24398300.0,HYG
2024-06-07,76.79000091552734,76.94000244140625,76.75,76.88999938964844,68.05704498291016,32498800.0,HYG
2024-06-10,76.80999755859375,76.97000122070312,76.76000213623047,76.95999908447266,68.1190185546875,24875700.0,HYG
2024-06-11,76.91999816894531,77.06999969482422,76.8499984741211,77.05999755859375,68.20753479003906,25339600.0,HYG
2024-06-12,77.58999633789062,77.63999938964844,77.3499984741211,77.37000274658203,68.48192596435547,51775700.0,HYG
2024-06-13,77.55000305175781,77.55000305175781,77.26000213623047,77.36000061035156,68.47307586669922,38532000.0,HYG
2024-06-14,77.11000061035156,77.18000030517578,76.94999694824219,77.05999755859375,68.20753479003906,52953300.0,HYG
2024-06-17,76.94000244140625,77.19000244140625,76.83999633789062,77.11000061035156,68.25178527832031,33165000.0,HYG
2024-06-18,77.19999694824219,77.41000366210938,77.18000030517578,77.3499984741211,68.46420288085938,46845500.0,HYG
2024-06-20,77.31999969482422,77.33999633789062,77.13999938964844,77.30000305175781,68.41996765136719,26989000.0,HYG
2024-06-21,77.29000091552734,77.41000366210938,77.20999908447266,77.38999938964844,68.4996337890625,26857600.0,HYG
2024-06-24,77.36000061035156,77.51000213623047,77.30999755859375,77.30999755859375,68.42879486083984,28766200.0,HYG
2024-06-25,77.36000061035156,77.41999816894531,77.27999877929688,77.41000366210938,68.517333984375,26111600.0,HYG
2024-06-26,77.26000213623047,77.2699966430664,77.16999816894531,77.23999786376953,68.3668441772461,29282000.0,HYG
2024-06-27,77.19999694824219,77.33000183105469,77.18000030517578,77.33000183105469,68.44651794433594,29404500.0,HYG
2024-06-28,77.37999725341797,77.5199966430664,77.13999938964844,77.13999938964844,68.27833557128906,34952000.0,HYG
2024-07-01,76.87000274658203,76.91999816894531,76.69000244140625,76.72000122070312,68.2650146484375,31113100.0,HYG
2024-07-02,76.7300033569336,76.94999694824219,76.69000244140625,76.93000030517578,68.45185089111328,30418400.0,HYG
2024-07-03,76.91999816894531,77.19999694824219,76.91999816894531,77.19999694824219,68.69209289550781,22067300.0,HYG
2024-07-05,77.27999877929688,77.44999694824219,77.23999786376953,77.43000030517578,68.8967514038086,25941500.0,HYG
2024-07-08,77.41000366210938,77.4800033569336,77.30999755859375,77.41000366210938,68.87895965576172,26962000.0,HYG
2024-07-09,77.41000366210938,77.41000366210938,77.2300033569336,77.31999969482422,68.79886627197266,19108500.0,HYG
2024-07-10,77.41000366210938,77.5199966430664,77.37000274658203,77.5,68.95902252197266,25361900.0,HYG
2024-07-11,77.76000213623047,77.83999633789062,77.70999908447266,77.77999877929688,69.20816040039062,44932500.0,HYG
2024-07-12,77.79000091552734,78.0199966430664,77.79000091552734,77.9800033569336,69.38613891601562,31688100.0,HYG
2024-07-15,78.04000091552734,78.06999969482422,77.9000015258789,77.98999786376953,69.39503479003906,23235600.0,HYG
2024-07-16,78.06999969482422,78.33000183105469,78.0,78.29000091552734,69.66197967529297,41375400.0,HYG
2024-07-17,78.05999755859375,78.25,78.02999877929688,78.19999694824219,69.58189392089844,32750400.0,HYG
2024-07-18,78.23999786376953,78.2699966430664,77.97000122070312,78.04000091552734,69.43952941894531,42513000.0,HYG
2024-07-19,78.12000274658203,78.12999725341797,77.87999725341797,77.9800033569336,69.38613891601562,36125700.0,HYG
2024-07-22,78.16999816894531,78.27999877929688,78.11000061035156,78.2699966430664,69.6441879272461,32378800.0,HYG
2024-07-23,78.26000213623047,78.41999816894531,78.2300033569336,78.27999877929688,69.65306854248047,28826900.0,HYG
2024-07-24,78.19999694824219,78.30999755859375,78.01000213623047,78.02999877929688,69.4306411743164,37612800.0,HYG
2024-07-25,78.08000183105469,78.33000183105469,78.04000091552734,78.04000091552734,69.43952941894531,35409000.0,HYG
2024-07-26,78.37000274658203,78.37000274658203,78.20999908447266,78.29000091552734,69.66197967529297,23683700.0,HYG
2024-07-29,78.4000015258789,78.44000244140625,78.13999938964844,78.22000122070312,69.59967803955078,28468400.0,HYG
2024-07-30,78.33000183105469,78.3499984741211,78.12000274658203,78.26000213623047,69.63526153564453,33652100.0,HYG
2024-07-31,78.47000122070312,78.5999984741211,78.36000061035156,78.54000091552734,69.88441467285156,50714800.0,HYG
2024-08-01,78.19000244140625,78.30000305175781,77.94000244140625,77.95999908447266,69.73146057128906,51319800.0,HYG
2024-08-02,77.80999755859375,77.97000122070312,77.61000061035156,77.69999694824219,69.49889373779297,71578700.0,HYG
2024-08-05,76.63999938964844,77.37999725341797,76.58000183105469,77.22000122070312,69.0695571899414,104456100.0,HYG
2024-08-06,77.4800033569336,77.80999755859375,77.16999816894531,77.51000213623047,69.32896423339844,60113400.0,HYG
2024-08-07,77.9800033569336,78.01000213623047,77.61000061035156,77.66000366210938,69.463134765625,56107800.0,HYG
2024-08-08,77.9000015258789,78.0199966430664,77.79000091552734,77.9800033569336,69.74935913085938,31528100.0,HYG
2024-08-09,78.0199966430664,78.08999633789062,77.83000183105469,77.97000122070312,69.74042510986328,29759900.0,HYG
2024-08-12,78.04000091552734,78.04000091552734,77.87000274658203,78.0199966430664,69.78512573242188,33878400.0,HYG
2024-08-13,78.11000061035156,78.38999938964844,78.08999633789062,78.37999725341797,70.10713958740234,37310200.0,HYG
2024-08-14,78.36000061035156,78.55000305175781,78.30000305175781,78.5199966430664,70.23236083984375,36086900.0,HYG
2024-08-15,78.55999755859375,78.62000274658203,78.44999694824219,78.58999633789062,70.29496002197266,39411300.0,HYG
2024-08-16,78.55000305175781,78.87999725341797,78.54000091552734,78.83999633789062,70.51858520507812,33682600.0,HYG
2024-08-19,78.80999755859375,79.0,78.75,78.97000122070312,70.63487243652344,29604300.0,HYG
2024-08-20,79.01000213623047,79.02999877929688,78.7699966430664,78.9000015258789,70.5722427368164,33189300.0,HYG
2024-08-21,78.9800033569336,79.11000061035156,78.91000366210938,79.08000183105469,70.7332534790039,34266700.0,HYG
2024-08-22,79.08000183105469,79.08999633789062,78.88999938964844,78.9800033569336,70.64383697509766,29292100.0,HYG
2024-08-23,79.18000030517578,79.4000015258789,79.08000183105469,79.4000015258789,71.01948547363281,32590900.0,HYG
2024-08-26,79.38999938964844,79.43000030517578,79.2300033569336,79.23999786376953,70.8763656616211,20460100.0,HYG
2024-08-27,79.1500015258789,79.37000274658203,79.11000061035156,79.29000091552734,70.92107391357422,22784300.0,HYG
2024-08-28,79.30999755859375,79.31999969482422,79.18000030517578,79.25,70.88529968261719,22351600.0,HYG
2024-08-29,79.33000183105469,79.36000061035156,79.2300033569336,79.33000183105469,70.95687866210938,18353000.0,HYG
2024-08-30,79.41999816894531,79.41999816894531,79.23999786376953,79.33999633789062,70.9657974243164,27633300.0,HYG
2024-09-03,78.87999725341797,78.95999908447266,78.6500015258789,78.68000030517578,70.71416473388672,31596800.0,HYG
2024-09-04,78.66000366210938,79.05000305175781,78.66000366210938,78.97000122070312,70.97481536865234,32371800.0,HYG
2024-09-05,79.11000061035156,79.27999877929688,79.05000305175781,79.23999786376953,71.21746826171875,44675300.0,HYG
2024-09-06,79.2699966430664,79.37999725341797,78.98999786376953,79.13999938964844,71.12757873535156,49888900.0,HYG
2024-09-09,79.2699966430664,79.37999725341797,79.16000366210938,79.33000183105469,71.2983627319336,24823800.0,HYG
2024-09-10,79.33999633789062,79.37000274658203,79.0999984741211,79.18000030517578,71.16354370117188,38347600.0,HYG
2024-09-11,79.08999633789062,79.30999755859375,78.97000122070312,79.30000305175781,71.27140808105469,42342700.0,HYG
2024-09-12,79.25,79.48999786376953,79.20999908447266,79.41000366210938,71.3702392578125,28515000.0,HYG
2024-09-13,79.5199966430664,79.68000030517578,79.5,79.62999725341797,71.56798553466797,31806800.0,HYG
2024-09-16,79.66000366210938,79.9000015258789,79.63999938964844,79.83000183105469,71.74773406982422,31402400.0,HYG
2024-09-17,79.9000015258789,79.94000244140625,79.80000305175781,79.8499984741211,71.76570892333984,27423900.0,HYG
2024-09-18,79.87999725341797,80.27999877929688,79.79000091552734,79.91999816894531,71.82860565185547,39546900.0,HYG
2024-09-19,80.29000091552734,80.33000183105469,80.08999633789062,80.16000366210938,72.04431915283203,48785900.0,HYG
2024-09-20,80.16000366210938,80.26000213623047,80.0,80.26000213623047,72.13420867919922,43626300.0,HYG
2024-09-23,80.19000244140625,80.20999908447266,80.08000183105469,80.11000061035156,71.99939727783203,29049400.0,HYG
2024-09-24,80.12000274658203,80.18000030517578,80.0,80.12000274658203,72.00836944580078,28674500.0,HYG
2024-09-25,80.08000183105469,80.11000061035156,80.0199966430664,80.02999877929688,71.92748260498047,28899100.0,HYG
2024-09-26,80.19000244140625,80.19000244140625,80.0199966430664,80.16000366210938,72.04431915283203,32732300.0,HYG
2024-09-27,80.22000122070312,80.37000274658203,80.19999694824219,80.36000061035156,72.22406005859375,36712700.0,HYG
2024-09-30,80.33000183105469,80.37000274658203,80.19000244140625,80.30000305175781,72.17015075683594,31551500.0,HYG
2024-01-02,98.2300033569336,98.6500015258789,98.0,98.30999755859375,88.40296173095703,47797400.0,TLT
2024-01-03,97.37999725341797,98.8499984741211,97.1500015258789,98.72000122070312,88.77159881591797,58159500.0,TLT
2024-01-04,97.41999816894531,97.63999938964844,97.06999969482422,97.22000122070312,87.42276763916016,52604500.0,TLT
2024-01-05,96.5,97.68000030517578,96.20999908447266,96.29000091552734,86.58650970458984,45894800.0,TLT
2024-01-08,96.2300033569336,97.37999725341797,96.08999633789062,97.23999786376953,87.44076538085938,39485800.0,TLT
2024-01-09,96.63999938964844,97.16999816894531,96.58999633789062,96.62000274658203,86.88322448730469,34374000.0,TLT
2024-01-10,96.91999816894531,97.05000305175781,96.12000274658203,96.16999816894531,86.47859191894531,48227800.0,TLT
2024-01-11,96.16999816894531,96.83000183105469,95.70999908447266,96.70999908447266,86.96417999267578,78858900.0,TLT
2024-01-12,96.77999877929688,97.2699966430664,96.2699966430664,96.5199966430664,86.7933349609375,38883900.0,TLT
2024-01-16,95.62000274658203,95.79000091552734,94.51000213623047,94.81999969482422,85.26464080810547,61716700.0,TLT
2024-01-17,94.5999984741211,95.0,94.16000366210938,94.66999816894531,85.1297378540039,55506800.0,TLT
2024-01-18,94.45999908447266,94.58000183105469,93.51000213623047,93.79000091552734,84.33844757080078,77339100.0,TLT
2024-01-19,93.70999908447266,94.16999816894531,93.26000213623047,94.08999633789062,84.60820007324219,47030900.0,TLT
2024-01-22,94.81999969482422,95.08000183105469,94.38999938964844,94.6500015258789,85.11175537109375,35756400.0,TLT
2024-01-23,93.88999938964844,93.98999786376953,93.43000030517578,93.9000015258789,84.43734741210938,35786700.0,TLT
2024-01-24,94.51000213623047,94.54000091552734,93.0999984741211,93.3499984741211,83.9427719116211,54574900.0,TLT
2024-01-25,94.0,94.22000122070312,93.56999969482422,93.95999908447266,84.49128723144531,57019400.0,TLT
2024-01-26,93.93000030517578,94.06999969482422,93.48999786376953,93.77999877929688,84.32943725585938,29276900.0,TLT
2024-01-29,94.30999755859375,95.16999816894531,94.12000274658203,94.86000061035156,85.30059814453125,38243600.0,TLT
2024-01-30,95.4800033569336,95.83999633789062,94.73999786376953,95.72000122070312,86.07392883300781,40151400.0,TLT
2024-01-31,96.22000122070312,96.91000366210938,96.0,96.66000366210938,86.9192123413086,80646700.0,TLT
2024-02-01,97.41999816894531,98.66999816894531,97.19000244140625,98.23999786376953,88.62422180175781,84291200.0,TLT
2024-02-02,96.2699966430664,96.62000274658203,95.69000244140625,96.06999969482422,86.66661071777344,63823300.0,TLT
2024-02-05,94.62999725341797,94.8499984741211,94.0199966430664,94.12999725341797,84.91650390625,53827400.0,TLT
2024-02-06,94.23999786376953,95.1500015258789,94.20999908447266,95.05000305175781,85.74645233154297,33411500.0,TLT
2024-02-07,94.56999969482422,95.2300033569336,94.5199966430664,94.58999633789062,85.33148193359375,40120200.0,TLT
2024-02-08,94.0199966430664,94.30000305175781,93.66000366210938,94.04000091552734,84.8353042602539,50087700.0,TLT
2024-02-09,93.76000213623047,94.01000213623047,93.66000366210938,93.8499984741211,84.66390991210938,27951300.0,TLT
2024-02-12,93.9000015258789,94.13999938964844,93.5,93.95999908447266,84.76314544677734,27890300.0,TLT
2024-02-13,92.86000061035156,93.05999755859375,92.33000183105469,92.3499984741211,83.31072998046875,49768500.0,TLT
2024-02-14,92.30000305175781,93.05000305175781,92.2300033569336,92.81999969482422,83.73473358154297,44191600.0,TLT
2024-02-15,93.55999755859375,93.72000122070312,93.0,93.30000305175781,84.16773986816406,49598500.0,TLT
2024-02-16,92.4800033569336,92.8499984741211,92.33999633789062,92.76000213623047,83.68060302734375,33116800.0,TLT
2024-02-20,92.79000091552734,93.19000244140625,92.72000122070312,92.83999633789062,83.75276947021484,24469300.0,TLT
2024-02-21,92.83000183105469,92.9000015258789,92.01000213623047,92.18000030517578,83.15737915039062,36343100.0,TLT
2024-02-22,92.33000183105469,92.76000213623047,92.2699966430664,92.62999725341797,83.56331634521484,45190700.0,TLT
2024-02-23,92.75,94.0,92.75,93.87000274658203,84.68194580078125,38406700.0,TLT
2024-02-26,94.0,94.02999877929688,93.19000244140625,93.58999633789062,84.42933654785156,27855000.0,TLT
2024-02-27,93.23999786376953,93.47000122070312,92.8499984741211,92.93000030517578,83.83395385742188,30242000.0,TLT
2024-02-28,93.08000183105469,93.5999984741211,92.9000015258789,93.5199966430664,84.36621856689453,34574200.0,TLT
2024-02-29,93.81999969482422,94.30000305175781,93.77999877929688,94.18000030517578,84.96161651611328,51038600.0,TLT
2024-03-01,93.44000244140625,94.51000213623047,93.01000213623047,94.47000122070312,85.49102020263672,45832800.0,TLT
2024-03-04,93.69999694824219,94.16000366210938,93.68000030517578,94.08999633789062,85.1471176147461,23864200.0,TLT
2024-03-05,95.2300033569336,95.68000030517578,94.97000122070312,95.43000030517578,86.3597640991211,37721900.0,TLT
2024-03-06,95.48999786376953,96.16999816894531,95.41000366210938,95.98999786376953,86.86653137207031,40571600.0,TLT
2024-03-07,96.36000061035156,96.4000015258789,95.4800033569336,95.9000015258789,86.78509521484375,39075000.0,TLT
2024-03-08,95.80000305175781,96.05000305175781,95.4800033569336,95.7300033569336,86.6312484741211,25023200.0,TLT
2024-03-11,95.95999908447266,96.01000213623047,95.37000274658203,95.68000030517578,86.58599090576172,17787900.0,TLT
2024-03-12,95.04000091552734,95.20999908447266,94.69000244140625,94.87999725341797,85.86205291748047,29566000.0,TLT
2024-03-13,94.5,94.73999786376953,94.20999908447266,94.41999816894531,85.44576263427734,38270100.0,TLT
2024-03-14,93.7300033569336,93.75,92.86000061035156,92.97000122070312,84.13358306884766,58365600.0,TLT
2024-03-15,93.05999755859375,93.19000244140625,92.79000091552734,92.94000244140625,84.1064224243164,34997700.0,TLT
2024-03-18,92.7300033569336,92.98999786376953,92.5,92.66000366210938,83.85303497314453,29519500.0,TLT
2024-03-19,92.8499984741211,93.2699966430664,92.69000244140625,92.91999816894531,84.08831787109375,26953100.0,TLT
2024-03-20,93.0999984741211,93.79000091552734,92.29000091552734,92.88999938964844,84.06118774414062,43460100.0,TLT
2024-03-21,93.2699966430664,93.43000030517578,92.7300033569336,93.08999633789062,84.24217224121094,34276600.0,TLT
2024-03-22,94.19000244140625,94.20999908447266,93.77999877929688,93.9800033569336,85.0475845336914,30262300.0,TLT
2024-03-25,93.70999908447266,93.75,93.30000305175781,93.51000213623047,84.62226104736328,24011800.0,TLT
2024-03-26,93.51000213623047,93.87000274658203,93.27999877929688,93.7699966430664,84.85752868652344,34423000.0,TLT
2024-03-27,93.98999786376953,94.69999694824219,93.94000244140625,94.69999694824219,85.69913482666016,50157800.0,TLT
2024-03-28,94.48999786376953,95.0199966430664,94.31999969482422,94.62000274658203,85.62674713134766,34540400.0,TLT
2024-04-01,93.29000091552734,93.30000305175781,92.45999908447266,92.55000305175781,84.03059387207031,48945400.0,TLT
2024-04-02,91.56999969482422,92.19999694824219,91.33999633789062,92.04000091552734,83.5675048828125,43086300.0,TLT
2024-04-03,91.26000213623047,92.05000305175781,91.05000305175781,92.0199966430664,83.54935455322266,45494400.0,TLT
2024-04-04,92.62999725341797,92.76000213623047,92.04000091552734,92.68000030517578,84.14860534667969,47957400.0,TLT
2024-04-05,91.69000244140625,92.18000030517578,91.37999725341797,91.38999938964844,82.97737121582031,42495900.0,TLT
2024-04-08,91.2300033569336,91.58999633789062,91.12999725341797,91.37999725341797,82.96827697753906,37879800.0,TLT
2024-04-09,91.87000274658203,92.36000061035156,91.83999633789062,92.2300033569336,83.74002838134766,32522000.0,TLT
2024-04-10,91.19999694824219,91.30000305175781,90.05000305175781,90.22000122070312,81.91507720947266,74368900.0,TLT
2024-04-11,90.37999725341797,90.44000244140625,89.51000213623047,89.80999755859375,81.54278564453125,65751200.0,TLT
2024-04-12,90.63999938964844,90.94999694824219,90.27999877929688,90.29000091552734,81.97862243652344,47900100.0,TLT
2024-04-15,89.22000122070312,89.26000213623047,88.5199966430664,88.88999938964844,80.70745849609375,55993100.0,TLT
2024-04-16,88.05000305175781,88.58000183105469,87.79000091552734,88.30000305175781,80.17182159423828,45103200.0,TLT
2024-04-17,88.87000274658203,89.37999725341797,88.45999908447266,89.27999877929688,81.06157684326172,57947000.0,TLT
2024-04-18,89.23999786376953,89.2699966430664,88.58999633789062,88.83000183105469,80.65303039550781,43839500.0,TLT
2024-04-19,89.38999938964844,89.38999938964844,88.91000366210938,89.1500015258789,80.94355010986328,44826800.0,TLT
2024-04-22,88.68000030517578,89.12000274658203,88.6500015258789,89.0,80.80736541748047,24969000.0,TLT
2024-04-23,88.7300033569336,89.54000091552734,88.55000305175781,89.02999877929688,80.83460998535156,27222700.0,TLT
2024-04-24,88.55999755859375,88.62999725341797,87.5,88.4000015258789,80.26258850097656,48986800.0,TLT
2024-04-25,87.45999908447266,87.9000015258789,87.33999633789062,87.77999877929688,79.69966888427734,49282600.0,TLT
2024-04-26,88.25,88.61000061035156,88.05000305175781,88.23999786376953,80.11730194091797,31589800.0,TLT
2024-04-29,88.66000366210938,89.0199966430664,88.4800033569336,88.9800033569336,80.7892074584961,39228600.0,TLT
2024-04-30,88.41999816894531,88.7300033569336,88.0999984741211,88.22000122070312,80.09917449951172,41054700.0,TLT
2024-05-01,88.5999984741211,89.20999908447266,88.23999786376953,88.55999755859375,80.6895751953125,59679500.0,TLT
2024-05-02,88.20999908447266,89.01000213623047,88.02999877929688,88.94000244140625,81.03580474853516,58925400.0,TLT
2024-05-03,89.93000030517578,90.12000274658203,89.2699966430664,89.83999633789062,81.85579681396484,50066100.0,TLT
2024-05-06,89.87000274658203,90.25,89.66999816894531,90.19000244140625,82.17472076416016,23868200.0,TLT
2024-05-07,90.9000015258789,91.23999786376953,90.61000061035156,90.73999786376953,82.67584228515625,30525800.0,TLT
2024-05-08,90.30999755859375,90.45999908447266,90.16000366210938,90.19000244140625,82.17472076416016,31171700.0,TLT
2024-05-09,89.87000274658203,90.7699966430664,89.81999969482422,90.62999725341797,82.57562255859375,39606700.0,TLT
2024-05-10,90.27999877929688,90.37999725341797,89.95999908447266,90.12000274658203,82.1109390258789,21913800.0,TLT
2024-05-13,90.55000305175781,90.61000061035156,90.30999755859375,90.3499984741211,82.32048034667969,23157500.0,TLT
2024-05-14,90.6500015258789,90.91999816894531,90.41999816894531,90.86000061035156,82.78518676757812,25746400.0,TLT
2024-05-15,91.87000274658203,92.26000213623047,91.62999725341797,92.0999984741211,83.91496276855469,65142900.0,TLT
2024-05-16,92.38999938964844,92.41999816894531,91.94000244140625,92.01000213623047,83.83297729492188,37902400.0,TLT
2024-05-17,91.63999938964844,91.80000305175781,91.33999633789062,91.38999938964844,83.26805877685547,24755000.0,TLT
2024-05-20,91.08000183105469,91.31999969482422,91.01000213623047,91.12000274658203,83.02205657958984,17922800.0,TLT
2024-05-21,91.7300033569336,91.7699966430664,91.43000030517578,91.58999633789062,83.45030975341797,15334400.0,TLT
2024-05-22,91.2699966430664,91.77999877929688,91.26000213623047,91.69999694824219,83.5505142211914,38073700.0,TLT
2024-05-23,91.80000305175781,91.80000305175781,90.81999969482422,91.11000061035156,83.01295471191406,51294700.0,TLT
2024-05-24,90.97000122070312,91.47000122070312,90.9000015258789,91.37999725341797,83.25896453857422,19164400.0,TLT
2024-05-28,91.33000183105469,91.36000061035156,90.02999877929688,90.06999969482422,82.0654067993164,45973700.0,TLT
2024-05-29,89.33999633789062,89.4000015258789,88.68000030517578,88.9800033569336,81.07227325439453,45508400.0,TLT
2024-05-30,89.5999984741211,89.97000122070312,89.44000244140625,89.83999633789062,81.85579681396484,29548600.0,TLT
2024-05-31,90.4800033569336,90.66000366210938,90.25,90.44999694824219,82.4115982055664,41308800.0,TLT
2024-06-03,90.63999938964844,91.66999816894531,90.61000061035156,91.5999984741211,83.74459075927734,42272100.0,TLT
2024-06-04,92.19999694824219,92.80000305175781,91.98999786376953,92.66999816894531,84.72280883789062,42581500.0,TLT
2024-06-05,93.0,93.3499984741211,92.38999938964844,93.3499984741211,85.344482421875,43153900.0,TLT
2024-06-06,92.91999816894531,93.43000030517578,92.86000061035156,93.20999908447266,85.21651458740234,22891900.0,TLT
2024-06-07,91.83000183105469,91.83000183105469,91.4000015258789,91.5,83.65313720703125,35240500.0,TLT
2024-06-10,91.0,91.05999755859375,90.6500015258789,90.88999938964844,83.0954818725586,20586500.0,TLT
2024-06-11,91.02999877929688,91.87000274658203,90.91999816894531,91.83000183105469,83.95484924316406,30329200.0,TLT
2024-06-12,93.0199966430664,93.56999969482422,92.48999786376953,92.5199966430664,84.5856704711914,42554600.0,TLT
2024-06-13,93.22000122070312,93.98999786376953,92.94999694824219,93.87999725341797,85.82904815673828,33093800.0,TLT
2024-06-14,94.41999816894531,94.83999633789062,94.23999786376953,94.66999816894531,86.55130004882812,28776700.0,TLT
2024-06-17,93.5199966430664,93.80999755859375,93.27999877929688,93.7300033569336,85.69190979003906,31040200.0,TLT
2024-06-18,93.88999938964844,94.5999984741211,93.7300033569336,94.58999633789062,86.47815704345703,26881000.0,TLT
2024-06-20,93.41000366210938,94.0,93.33999633789062,93.95999908447266,85.90218353271484,30246300.0,TLT
2024-06-21,94.23999786376953,94.4800033569336,93.58999633789062,93.95999908447266,85.90218353271484,22596400.0,TLT
2024-06-24,94.05000305175781,94.33999633789062,93.73999786376953,94.33999633789062,86.24958038330078,56939100.0,TLT
2024-06-25,94.06999969482422,94.55000305175781,94.04000091552734,94.5,86.39588928222656,22890200.0,TLT
2024-06-26,93.27999877929688,93.47000122070312,93.11000061035156,93.1500015258789,85.1616439819336,38489100.0,TLT
2024-06-27,93.5199966430664,93.70999908447266,93.41999816894531,93.5199966430664,85.49991607666016,23140800.0,TLT
2024-06-28,93.7300033569336,93.7699966430664,91.77999877929688,91.77999877929688,83.90914154052734,55119600.0,TLT
2024-07-01,90.41999816894531,91.08000183105469,89.81999969482422,89.91000366210938,82.46096801757812,49735400.0,TLT
2024-07-02,90.68000030517578,90.80999755859375,90.08000183105469,90.61000061035156,83.10296630859375,34204700.0,TLT
2024-07-03,91.16999816894531,91.88999938964844,91.08999633789062,91.80000305175781,84.19438171386719,35563300.0,TLT
2024-07-05,92.2699966430664,92.7300033569336,91.9000015258789,92.55999755859375,84.89141845703125,34895500.0,TLT
2024-07-08,92.54000091552734,92.8499984741211,92.22000122070312,92.76000213623047,85.07482147216797,16095700.0,TLT
2024-07-09,92.47000122070312,92.68000030517578,91.87000274658203,92.3499984741211,84.69881439208984,30289800.0,TLT
2024-07-10,92.44999694824219,92.68000030517578,92.26000213623047,92.63999938964844,84.96479034423828,23572500.0,TLT
2024-07-11,93.68000030517578,94.13999938964844,93.47000122070312,93.54000091552734,85.79022979736328,49761800.0,TLT
2024-07-12,93.52999877929688,93.94000244140625,93.33999633789062,93.94000244140625,86.15706634521484,27796500.0,TLT
2024-07-15,93.0,93.30000305175781,92.77999877929688,92.86000061035156,85.16656494140625,37918900.0,TLT
2024-07-16,93.52999877929688,94.20999908447266,93.38999938964844,94.16999816894531,86.36802673339844,36383700.0,TLT
2024-07-17,93.91999816894531,94.4000015258789,93.69000244140625,94.19000244140625,86.38636779785156,29036800.0,TLT
2024-07-18,93.68000030517578,94.13999938964844,93.37999725341797,93.47000122070312,85.72599029541016,34553100.0,TLT
2024-07-19,93.04000091552734,93.16000366210938,92.81999969482422,92.91999816894531,85.22157287597656,32164700.0,TLT
2024-07-22,93.4000015258789,93.5199966430664,92.30000305175781,92.6500015258789,84.97394561767578,36160400.0,TLT
2024-07-23,92.80999755859375,93.02999877929688,92.48999786376953,92.5199966430664,84.85470581054688,23498000.0,TLT
2024-07-24,92.58999633789062,92.8499984741211,91.47000122070312,91.5199966430664,83.93756866455078,50757100.0,TLT
2024-07-25,92.02999877929688,92.86000061035156,91.95999908447266,92.2699966430664,84.62543487548828,44999100.0,TLT
2024-07-26,92.94999694824219,93.1500015258789,92.70999908447266,92.98999786376953,85.2857666015625,34423800.0,TLT
2024-07-29,93.66999816894531,93.69000244140625,93.22000122070312,93.48999786376953,85.74433898925781,25801300.0,TLT
2024-07-30,93.75,94.05000305175781,93.30000305175781,93.8499984741211,86.07453155517578,28169800.0,TLT
2024-07-31,94.52999877929688,94.83999633789062,94.23999786376953,94.80999755859375,86.9549789428711,47445300.0,TLT
2024-08-01,95.13999938964844,95.91000366210938,95.12000274658203,95.30999755859375,87.70497131347656,77254200.0,TLT
2024-08-02,97.0,98.37000274658203,96.88999938964844,98.27999877929688,90.43797302246094,91912900.0,TLT
2024-08-05,99.69000244140625,99.94000244140625,97.9000015258789,98.80000305175781,90.91648864746094,90686300.0,TLT
2024-08-06,98.1500015258789,98.41000366210938,96.58999633789062,96.58999633789062,88.88285064697266,61316900.0,TLT
2024-08-07,95.94999694824219,96.44999694824219,95.5,95.91000366210938,88.25708770751953,51337100.0,TLT
2024-08-08,95.12000274658203,95.4000015258789,94.83999633789062,95.31999969482422,87.71417236328125,37815800.0,TLT
2024-08-09,96.51000213623047,96.54000091552734,96.08999633789062,96.26000213623047,88.57916259765625,32141800.0,TLT
2024-08-12,96.02999877929688,96.81999969482422,95.87999725341797,96.61000061035156,88.90122985839844,24261400.0,TLT
2024-08-13,97.30000305175781,97.36000061035156,96.9800033569336,97.27999877929688,89.51776885986328,30366900.0,TLT
2024-08-14,97.55000305175781,98.16000366210938,97.51000213623047,97.88999938964844,90.0791015625,31334100.0,TLT
2024-08-15,96.41000366210938,97.0999984741211,96.20999908447266,97.0999984741211,89.35214233398438,38723700.0,TLT
2024-08-16,97.44000244140625,97.54000091552734,97.01000213623047,97.44000244140625,89.66500091552734,28541000.0,TLT
2024-08-19,97.41999816894531,98.16000366210938,97.41000366210938,97.88999938964844,90.0791015625,25322100.0,TLT
2024-08-20,98.31999969482422,98.86000061035156,98.12000274658203,98.66999816894531,90.79685974121094,25239300.0,TLT
2024-08-21,98.66999816894531,99.19999694824219,98.20999908447266,98.7300033569336,90.85206604003906,29230000.0,TLT
2024-08-22,98.2300033569336,98.30000305175781,97.43000030517578,97.75,89.95026397705078,33453800.0,TLT
2024-08-23,98.19000244140625,98.66999816894531,97.95999908447266,98.38999938964844,90.53919982910156,32005100.0,TLT
2024-08-26,98.69000244140625,98.69999694824219,98.08000183105469,98.13999938964844,90.30913543701172,23198700.0,TLT
2024-08-27,97.48999786376953,98.08000183105469,97.41000366210938,97.97000122070312,90.15271759033203,21507700.0,TLT
2024-08-28,98.01000213623047,98.19999694824219,97.7300033569336,97.8499984741211,90.04228210449219,18501400.0,TLT
2024-08-29,97.37000274658203,97.63999938964844,97.12999725341797,97.52999877929688,89.74781799316406,24988200.0,TLT
2024-08-30,97.68000030517578,97.98999786376953,96.47000122070312,96.48999786376953,88.79077911376953,42896200.0,TLT
2024-09-03,97.55999755859375,98.05999755859375,97.41999816894531,97.75,90.24301147460938,48947900.0,TLT
2024-09-04,97.87999725341797,99.02999877929688,97.80999755859375,99.01000213623047,91.40626525878906,40885200.0,TLT
2024-09-05,99.33999633789062,99.68000030517578,98.77999877929688,99.56999969482422,91.92323303222656,47450900.0,TLT
2024-09-06,99.55000305175781,100.77999877929688,99.19000244140625,99.55999755859375,91.91400146484375,57406400.0,TLT
2024-09-09,99.4000015258789,100.0999984741211,99.16000366210938,99.98999786376953,92.31098175048828,26961400.0,TLT
2024-09-10,99.87000274658203,100.91000366210938,99.81999969482422,100.69000244140625,92.95724487304688,31703400.0,TLT
2024-09-11,100.48999786376953,101.23999786376953,100.3499984741211,100.61000061035156,92.88335418701172,39497100.0,TLT
2024-09-12,100.36000061035156,100.55000305175781,99.69000244140625,100.13999938964844,92.449462890625,41618700.0,TLT
2024-09-13,100.45999908447266,100.61000061035156,100.0199966430664,100.41000366210938,92.69873046875,25722100.0,TLT
2024-09-16,100.62999725341797,101.37000274658203,100.41000366210938,101.33000183105469,93.5480728149414,30866300.0,TLT
2024-09-17,101.47000122070312,101.63999938964844,100.73999786376953,100.83999633789062,93.09568786621094,31699400.0,TLT
2024-09-18,100.23999786376953,100.7300033569336,99.54000091552734,99.58999633789062,91.94171142578125,48897000.0,TLT
2024-09-19,98.91999816894531,99.30999755859375,98.7699966430664,99.26000213623047,91.63704681396484,39979800.0,TLT
2024-09-20,98.98999786376953,99.25,98.72000122070312,98.87999725341797,91.2862319946289,37067600.0,TLT
2024-09-23,98.5,99.08999633789062,98.0199966430664,98.66999816894531,91.09233856201172,35703900.0,TLT
2024-09-24,98.0,98.88999938964844,97.8499984741211,98.6500015258789,91.07389068603516,31005400.0,TLT
2024-09-25,98.26000213623047,98.31999969482422,97.79000091552734,97.83000183105469,90.3168716430664,36738200.0,TLT
2024-09-26,98.06999969482422,98.25,97.41999816894531,98.05999755859375,90.52919006347656,33332300.0,TLT
2024-09-27,98.54000091552734,98.76000213623047,98.20999908447266,98.56999969482422,91.00003814697266,28317600.0,TLT
2024-09-30,98.63999938964844,98.70999908447266,97.87999725341797,98.0999984741211,90.56613159179688,34175500.0,TLT
2024-01-02,27.290000915527344,27.329999923706055,27.260000228881836,27.31999969482422,25.27703857421875,2109400.0,UUP
2024-01-03,27.420000076293945,27.469999313354492,27.360000610351562,27.40999984741211,25.360309600830078,1222900.0,UUP
2024-01-04,27.420000076293945,27.43000030517578,27.350000381469727,27.40999984741211,25.360309600830078,2839300.0,UUP
2024-01-05,27.43000030517578,27.440000534057617,27.260000228881836,27.40999984741211,25.360309600830078,1082100.0,UUP
2024-01-08,27.3799991607666,27.389999389648438,27.309999465942383,27.360000610351562,25.314048767089844,1193100.0,UUP
2024-01-09,27.389999389648438,27.479999542236328,27.3799991607666,27.450000762939453,25.39731788635254,407200.0,UUP
2024-01-10,27.440000534057617,27.459999084472656,27.389999389648438,27.399999618530273,25.351057052612305,1514800.0,UUP
2024-01-11,27.450000762939453,27.520000457763672,27.3799991607666,27.420000076293945,25.36956024169922,1172800.0,UUP
2024-01-12,27.399999618530273,27.459999084472656,27.350000381469727,27.450000762939453,25.39731788635254,849300.0,UUP
2024-01-16,27.6299991607666,27.709999084472656,27.6200008392334,27.690000534057617,25.61937141418457,1061500.0,UUP
2024-01-17,27.75,27.790000915527344,27.709999084472656,27.709999084472656,25.637874603271484,930100.0,UUP
2024-01-18,27.75,27.780000686645508,27.729999542236328,27.739999771118164,25.665632247924805,2123700.0,UUP
2024-01-19,27.739999771118164,27.760000228881836,27.690000534057617,27.700000762939453,25.628623962402344,1116600.0,UUP
2024-01-22,27.690000534057617,27.729999542236328,27.65999984741211,27.709999084472656,25.637874603271484,2171700.0,UUP
2024-01-23,27.75,27.850000381469727,27.75,27.780000686645508,25.702640533447266,996900.0,UUP
2024-01-24,27.56999969482422,27.709999084472656,27.559999465942383,27.700000762939453,25.628623962402344,851100.0,UUP
2024-01-25,27.719999313354492,27.829999923706055,27.719999313354492,27.780000686645508,25.702640533447266,1250900.0,UUP
2024-01-26,27.739999771118164,27.780000686645508,27.709999084472656,27.780000686645508,25.702640533447266,1154700.0,UUP
2024-01-29,27.850000381469727,27.8799991607666,27.770000457763672,27.780000686645508,25.702640533447266,1286200.0,UUP
2024-01-30,27.760000228881836,27.829999923706055,27.729999542236328,27.760000228881836,25.68413734436035,460600.0,UUP
2024-01-31,27.709999084472656,27.860000610351562,27.649999618530273,27.829999923706055,25.7489013671875,3424500.0,UUP
2024-02-01,27.809999465942383,27.84000015258789,27.65999984741211,27.690000534057617,25.61937141418457,3755500.0,UUP
2024-02-02,27.8799991607666,27.969999313354492,27.860000610351562,27.940000534057617,25.850677490234375,3216000.0,UUP
2024-02-05,28.059999465942383,28.1299991607666,28.059999465942383,28.09000015258789,25.989459991455078,3422600.0,UUP
2024-02-06,28.100000381469727,28.110000610351562,28.0,28.010000228881836,25.915441513061523,621700.0,UUP
2024-02-07,28.0,28.010000228881836,27.959999084472656,27.979999542236328,25.887685775756836,849000.0,UUP
2024-02-08,28.059999465942383,28.079999923706055,28.0,28.010000228881836,25.915441513061523,1686900.0,UUP
2024-02-09,28.020000457763672,28.030000686645508,27.979999542236328,27.989999771118164,25.896936416625977,1118200.0,UUP
2024-02-12,28.030000686645508,28.06999969482422,28.0,28.020000457763672,25.924694061279297,1127700.0,UUP
2024-02-13,28.18000030517578,28.260000228881836,28.18000030517578,28.239999771118164,26.12824249267578,3596900.0,UUP
2024-02-14,28.239999771118164,28.239999771118164,28.170000076293945,28.190000534057617,26.081981658935547,3242200.0,UUP
2024-02-15,28.110000610351562,28.139999389648438,28.059999465942383,28.079999923706055,25.980207443237305,948900.0,UUP
2024-02-16,28.18000030517578,28.18000030517578,28.06999969482422,28.09000015258789,25.989459991455078,643500.0,UUP
2024-02-20,28.0,28.059999465942383,27.969999313354492,28.049999237060547,25.952449798583984,1142700.0,UUP
2024-02-21,28.040000915527344,28.079999923706055,28.020000457763672,28.020000457763672,25.924694061279297,878600.0,UUP
2024-02-22,28.059999465942383,28.079999923706055,28.020000457763672,28.020000457763672,25.924694061279297,895300.0,UUP
2024-02-23,28.010000228881836,28.049999237060547,28.0,28.040000915527344,25.943199157714844,538700.0,UUP
2024-02-26,27.989999771118164,28.020000457763672,27.979999542236328,27.989999771118164,25.896936416625977,636800.0,UUP
2024-02-27,28.010000228881836,28.030000686645508,27.969999313354492,28.010000228881836,25.915441513061523,1424900.0,UUP
2024-02-28,28.049999237060547,28.079999923706055,28.020000457763672,28.030000686645508,25.933948516845703,502900.0,UUP
2024-02-29,28.0,28.1200008392334,27.969999313354492,28.09000015258789,25.989459991455078,1038700.0,UUP
2024-03-01,28.110000610351562,28.15999984741211,28.030000686645508,28.040000915527344,25.943199157714844,779700.0,UUP
2024-03-04,28.040000915527344,28.049999237060547,28.0,28.040000915527344,25.943199157714844,853200.0,UUP
2024-03-05,28.030000686645508,28.049999237060547,27.959999084472656,28.010000228881836,25.915441513061523,1249300.0,UUP
2024-03-06,27.950000762939453,27.959999084472656,27.8700008392334,27.90999984741211,25.822919845581055,841600.0,UUP
2024-03-07,27.860000610351562,27.8799991607666,27.770000457763672,27.770000457763672,25.693389892578125,1081500.0,UUP
2024-03-08,27.709999084472656,27.780000686645508,27.700000762939453,27.780000686645508,25.702640533447266,940100.0,UUP
2024-03-11,27.790000915527344,27.829999923706055,27.780000686645508,27.809999465942383,25.730396270751953,541900.0,UUP
2024-03-12,27.850000381469727,27.899999618530273,27.81999969482422,27.829999923706055,25.7489013671875,832000.0,UUP
2024-03-13,27.809999465942383,27.829999923706055,27.760000228881836,27.799999237060547,25.721145629882812,304700.0,UUP
2024-03-14,27.860000610351562,27.969999313354492,27.860000610351562,27.950000762939453,25.85993003845215,1062900.0,UUP
2024-03-15,27.989999771118164,28.0,27.959999084472656,27.979999542236328,25.887685775756836,396600.0,UUP
2024-03-18,27.989999771118164,28.049999237060547,27.989999771118164,28.040000915527344,25.943199157714844,659700.0,UUP
2024-03-19,28.1200008392334,28.139999389648438,28.09000015258789,28.110000610351562,26.007963180541992,909000.0,UUP
2024-03-20,28.190000534057617,28.200000762939453,27.979999542236328,27.979999542236328,25.887685775756836,837900.0,UUP
2024-03-21,28.079999923706055,28.18000030517578,28.06999969482422,28.170000076293945,26.0634765625,719600.0,UUP
2024-03-22,28.260000228881836,28.31999969482422,28.239999771118164,28.31999969482422,26.202259063720703,736500.0,UUP
2024-03-25,28.25,28.260000228881836,28.219999313354492,28.25,26.137495040893555,255200.0,UUP
2024-03-26,28.219999313354492,28.280000686645508,28.209999084472656,28.270000457763672,26.1560001373291,245800.0,UUP
2024-03-27,28.299999237060547,28.31999969482422,28.280000686645508,28.290000915527344,26.174503326416016,209600.0,UUP
2024-03-28,28.31999969482422,28.3700008392334,28.299999237060547,28.3700008392334,26.24852180480957,392000.0,UUP
2024-04-01,28.3799991607666,28.510000228881836,28.3700008392334,28.479999542236328,26.350296020507812,664400.0,UUP
2024-04-02,28.459999084472656,28.459999084472656,28.399999618530273,28.440000534057617,26.31328773498535,582100.0,UUP
2024-04-03,28.40999984741211,28.420000076293945,28.290000915527344,28.309999465942383,26.193008422851562,3024900.0,UUP
2024-04-04,28.229999542236328,28.309999465942383,28.219999313354492,28.309999465942383,26.193008422851562,1404900.0,UUP
2024-04-05,28.40999984741211,28.43000030517578,28.309999465942383,28.34000015258789,26.220766067504883,469200.0,UUP
2024-04-08,28.329999923706055,28.329999923706055,28.280000686645508,28.299999237060547,26.18375587463379,379200.0,UUP
2024-04-09,28.229999542236328,28.309999465942383,28.219999313354492,28.290000915527344,26.174503326416016,599900.0,UUP
2024-04-10,28.489999771118164,28.6200008392334,28.489999771118164,28.59000015258789,26.452070236206055,1016800.0,UUP
2024-04-11,28.559999465942383,28.690000534057617,28.559999465942383,28.610000610351562,26.4705753326416,1112400.0,UUP
2024-04-12,28.81999969482422,28.860000610351562,28.799999237060547,28.84000015258789,26.68337631225586,620700.0,UUP
2024-04-15,28.850000381469727,28.899999618530273,28.84000015258789,28.889999389648438,26.72963523864746,614100.0,UUP
2024-04-16,28.889999389648438,28.969999313354492,28.860000610351562,28.93000030517578,26.766645431518555,1490800.0,UUP
2024-04-17,28.8799991607666,28.920000076293945,28.799999237060547,28.84000015258789,26.68337631225586,1293500.0,UUP
2024-04-18,28.84000015258789,28.899999618530273,28.829999923706055,28.899999618530273,26.738889694213867,826400.0,UUP
2024-04-19,28.84000015258789,28.920000076293945,28.81999969482422,28.899999618530273,26.738889694213867,831000.0,UUP
2024-04-22,28.969999313354492,28.969999313354492,28.8799991607666,28.90999984741211,26.748140335083008,302600.0,UUP
2024-04-23,28.8799991607666,28.889999389648438,28.760000228881836,28.790000915527344,26.637115478515625,780900.0,UUP
2024-04-24,28.809999465942383,28.860000610351562,28.799999237060547,28.81999969482422,26.664871215820312,299700.0,UUP
2024-04-25,28.8700008392334,28.8799991607666,28.75,28.760000228881836,26.609357833862305,639700.0,UUP
2024-04-26,28.850000381469727,28.950000762939453,28.84000015258789,28.889999389648438,26.72963523864746,1018400.0,UUP
2024-04-29,28.850000381469727,28.8799991607666,28.75,28.799999237060547,26.646366119384766,783200.0,UUP
2024-04-30,28.889999389648438,28.979999542236328,28.860000610351562,28.979999542236328,26.81290626525879,819900.0,UUP
2024-05-01,28.969999313354492,28.989999771118164,28.81999969482422,28.950000762939453,26.7851505279541,3025300.0,UUP
2024-05-02,28.850000381469727,28.889999389648438,28.719999313354492,28.729999542236328,26.581600189208984,1344600.0,UUP
2024-05-03,28.600000381469727,28.700000762939453,28.549999237060547,28.649999618530273,26.50758171081543,856400.0,UUP
2024-05-06,28.6299991607666,28.690000534057617,28.6299991607666,28.68000030517578,26.53533935546875,1365000.0,UUP
2024-05-07,28.68000030517578,28.780000686645508,28.670000076293945,28.760000228881836,26.609357833862305,450300.0,UUP
2024-05-08,28.799999237060547,28.81999969482422,28.780000686645508,28.799999237060547,26.646366119384766,361700.0,UUP
2024-05-09,28.780000686645508,28.790000915527344,28.700000762939453,28.700000762939453,26.553844451904297,388400.0,UUP
2024-05-10,28.729999542236328,28.780000686645508,28.700000762939453,28.739999771118164,26.590852737426758,406200.0,UUP
2024-05-13,28.690000534057617,28.75,28.690000534057617,28.729999542236328,26.581600189208984,371700.0,UUP
2024-05-14,28.690000534057617,28.709999084472656,28.670000076293945,28.670000076293945,26.52608871459961,525200.0,UUP
2024-05-15,28.559999465942383,28.639999389648438,28.489999771118164,28.489999771118164,26.359548568725586,705600.0,UUP
2024-05-16,28.559999465942383,28.59000015258789,28.520000457763672,28.559999465942383,26.424312591552734,1726900.0,UUP
2024-05-17,28.610000610351562,28.6200008392334,28.530000686645508,28.559999465942383,26.424312591552734,698000.0,UUP
2024-05-20,28.579999923706055,28.600000381469727,28.56999969482422,28.600000381469727,26.461322784423828,296000.0,UUP
2024-05-21,28.610000610351562,28.6299991607666,28.579999923706055,28.600000381469727,26.461322784423828,281200.0,UUP
2024-05-22,28.649999618530273,28.709999084472656,28.6299991607666,28.690000534057617,26.544593811035156,309400.0,UUP
2024-05-23,28.6299991607666,28.75,28.6200008392334,28.75,26.600107192993164,326300.0,UUP
2024-05-24,28.670000076293945,28.690000534057617,28.6299991607666,28.65999984741211,26.516836166381836,253100.0,UUP
2024-05-28,28.559999465942383,28.639999389648438,28.559999465942383,28.6200008392334,26.479827880859375,402200.0,UUP
2024-05-29,28.700000762939453,28.780000686645508,28.68000030517578,28.780000686645508,26.62786293029785,383000.0,UUP
2024-05-30,28.690000534057617,28.700000762939453,28.649999618530273,28.690000534057617,26.544593811035156,322100.0,UUP
2024-05-31,28.6200008392334,28.690000534057617,28.59000015258789,28.670000076293945,26.52608871459961,797000.0,UUP
2024-06-03,28.639999389648438,28.65999984741211,28.520000457763672,28.520000457763672,26.387304306030273,786900.0,UUP
2024-06-04,28.579999923706055,28.59000015258789,28.510000228881836,28.530000686645508,26.396556854248047,540300.0,UUP
2024-06-05,28.549999237060547,28.6299991607666,28.540000915527344,28.56999969482422,26.43356704711914,1348600.0,UUP
2024-06-06,28.579999923706055,28.600000381469727,28.530000686645508,28.530000686645508,26.396556854248047,222500.0,UUP
2024-06-07,28.719999313354492,28.780000686645508,28.719999313354492,28.770000457763672,26.618610382080078,369400.0,UUP
2024-06-10,28.889999389648438,28.899999618530273,28.829999923706055,28.84000015258789,26.68337631225586,752800.0,UUP
2024-06-11,28.920000076293945,28.93000030517578,28.860000610351562,28.8799991607666,26.72038459777832,396600.0,UUP
2024-06-12,28.6299991607666,28.75,28.610000610351562,28.75,26.600107192993164,835200.0,UUP
2024-06-13,28.600000381469727,28.899999618530273,28.56999969482422,28.860000610351562,26.701879501342773,2156700.0,UUP
2024-06-14,29.030000686645508,29.059999465942383,28.969999313354492,28.989999771118164,26.822158813476562,434500.0,UUP
2024-06-17,28.979999542236328,29.010000228881836,28.920000076293945,28.920000076293945,26.75739288330078,204900.0,UUP
2024-06-18,28.950000762939453,28.950000762939453,28.8799991607666,28.90999984741211,26.748140335083008,179600.0,UUP
2024-06-20,28.969999313354492,29.030000686645508,28.959999084472656,29.030000686645508,26.859169006347656,346900.0,UUP
2024-06-21,29.079999923706055,29.1200008392334,29.06999969482422,29.100000381469727,26.923933029174805,935100.0,UUP
2024-06-24,29.0,29.040000915527344,28.979999542236328,29.0,26.831411361694336,1158700.0,UUP
2024-06-25,29.059999465942383,29.09000015258789,29.020000457763672,29.030000686645508,26.859169006347656,872400.0,UUP
2024-06-26,29.170000076293945,29.200000762939453,29.1299991607666,29.170000076293945,26.988697052001953,334700.0,UUP
2024-06-27,29.09000015258789,29.139999389648438,29.079999923706055,29.1299991607666,26.951688766479492,314400.0,UUP
2024-06-28,29.149999618530273,29.18000030517578,29.100000381469727,29.1299991607666,26.951688766479492,941200.0,UUP
2024-07-01,29.079999923706055,29.18000030517578,29.040000915527344,29.139999389648438,26.960941314697266,770900.0,UUP
2024-07-02,29.139999389648438,29.15999984741211,29.09000015258789,29.100000381469727,26.923933029174805,544000.0,UUP
2024-07-03,29.030000686645508,29.030000686645508,28.920000076293945,28.979999542236328,26.81290626525879,1535700.0,UUP
2024-07-05,28.920000076293945,28.969999313354492,28.8799991607666,28.8799991607666,26.72038459777832,969300.0,UUP
2024-07-08,28.8799991607666,28.940000534057617,28.8700008392334,28.93000030517578,26.766645431518555,333900.0,UUP
2024-07-09,28.950000762939453,28.989999771118164,28.93000030517578,28.969999313354492,26.803653717041016,633200.0,UUP
2024-07-10,28.959999084472656,28.959999084472656,28.940000534057617,28.940000534057617,26.775897979736328,929600.0,UUP
2024-07-11,28.75,28.809999465942383,28.719999313354492,28.790000915527344,26.637115478515625,1004700.0,UUP
2024-07-12,28.719999313354492,28.75,28.68000030517578,28.690000534057617,26.544593811035156,1111400.0,UUP
2024-07-15,28.690000534057617,28.760000228881836,28.68000030517578,28.739999771118164,26.590852737426758,1727000.0,UUP
2024-07-16,28.799999237060547,28.81999969482422,28.739999771118164,28.739999771118164,26.590852737426758,382600.0,UUP
2024-07-17,28.6200008392334,28.649999618530273,28.59000015258789,28.610000610351562,26.4705753326416,1065900.0,UUP
2024-07-18,28.670000076293945,28.760000228881836,28.65999984741211,28.739999771118164,26.590852737426758,1840600.0,UUP
2024-07-19,28.780000686645508,28.81999969482422,28.780000686645508,28.81999969482422,26.664871215820312,378000.0,UUP
2024-07-22,28.809999465942383,28.829999923706055,28.799999237060547,28.799999237060547,26.646366119384766,1065600.0,UUP
2024-07-23,28.850000381469727,28.8700008392334,28.829999923706055,28.850000381469727,26.692628860473633,359000.0,UUP
2024-07-24,28.780000686645508,28.84000015258789,28.760000228881836,28.84000015258789,26.68337631225586,313800.0,UUP
2024-07-25,28.84000015258789,28.860000610351562,28.790000915527344,28.84000015258789,26.68337631225586,272000.0,UUP
2024-07-26,28.809999465942383,28.84000015258789,28.799999237060547,28.81999969482422,26.664871215820312,230400.0,UUP
2024-07-29,28.920000076293945,28.959999084472656,28.889999389648438,28.899999618530273,26.738889694213867,1107000.0,UUP
2024-07-30,28.950000762939453,28.969999313354492,28.899999618530273,28.920000076293945,26.75739288330078,273800.0,UUP
2024-07-31,28.75,28.8700008392334,28.739999771118164,28.760000228881836,26.609357833862305,533400.0,UUP
2024-08-01,28.829999923706055,28.889999389648438,28.790000915527344,28.860000610351562,26.701879501342773,1206500.0,UUP
2024-08-02,28.6299991607666,28.6299991607666,28.540000915527344,28.56999969482422,26.43356704711914,1180300.0,UUP
2024-08-05,28.31999969482422,28.479999542236328,28.309999465942383,28.40999984741211,26.28553009033203,2084300.0,UUP
2024-08-06,28.530000686645508,28.530000686645508,28.479999542236328,28.5,26.368799209594727,787300.0,UUP
2024-08-07,28.579999923706055,28.59000015258789,28.540000915527344,28.559999465942383,26.424312591552734,921900.0,UUP
2024-08-08,28.6299991607666,28.670000076293945,28.59000015258789,28.600000381469727,26.461322784423828,304900.0,UUP
2024-08-09,28.579999923706055,28.59000015258789,28.549999237060547,28.56999969482422,26.43356704711914,350500.0,UUP
2024-08-12,28.610000610351562,28.6299991607666,28.56999969482422,28.56999969482422,26.43356704711914,181600.0,UUP
2024-08-13,28.530000686645508,28.530000686645508,28.420000076293945,28.420000076293945,26.294782638549805,229400.0,UUP
2024-08-14,28.43000030517578,28.450000762939453,28.350000381469727,28.450000762939453,26.322540283203125,615900.0,UUP
2024-08-15,28.600000381469727,28.600000381469727,28.520000457763672,28.549999237060547,26.41506004333496,378400.0,UUP
2024-08-16,28.479999542236328,28.530000686645508,28.40999984741211,28.40999984741211,26.28553009033203,320200.0,UUP
2024-08-19,28.3700008392334,28.3700008392334,28.260000228881836,28.260000228881836,26.146747589111328,4595700.0,UUP
2024-08-20,28.209999084472656,28.229999542236328,28.139999389648438,28.15999984741211,26.05422592163086,487200.0,UUP
2024-08-21,28.15999984741211,28.229999542236328,28.010000228881836,28.06999969482422,25.97095489501953,568500.0,UUP
2024-08-22,28.1200008392334,28.229999542236328,28.1200008392334,28.200000762939453,26.09123420715332,3506400.0,UUP
2024-08-23,28.200000762939453,28.209999084472656,27.940000534057617,27.959999084472656,25.869178771972656,968500.0,UUP
2024-08-26,28.010000228881836,28.040000915527344,27.979999542236328,28.020000457763672,25.924694061279297,318200.0,UUP
2024-08-27,28.010000228881836,28.020000457763672,27.93000030517578,27.93000030517578,25.84142303466797,1806500.0,UUP
2024-08-28,28.09000015258789,28.1200008392334,28.040000915527344,28.09000015258789,25.989459991455078,588200.0,UUP
2024-08-29,28.18000030517578,28.239999771118164,28.15999984741211,28.190000534057617,26.081981658935547,1799000.0,UUP
2024-08-30,28.25,28.299999237060547,28.209999084472656,28.270000457763672,26.1560001373291,2138600.0,UUP
2024-09-03,28.260000228881836,28.350000381469727,28.229999542236328,28.31999969482422,26.202259063720703,2698700.0,UUP
2024-09-04,28.270000457763672,28.280000686645508,28.170000076293945,28.18000030517578,26.072731018066406,738600.0,UUP
2024-09-05,28.139999389648438,28.209999084472656,28.100000381469727,28.139999389648438,26.03571891784668,426500.0,UUP
2024-09-06,28.170000076293945,28.229999542236328,28.059999465942383,28.18000030517578,26.072731018066406,759100.0,UUP
2024-09-09,28.260000228881836,28.299999237060547,28.25,28.299999237060547,26.18375587463379,361600.0,UUP
2024-09-10,28.31999969482422,28.350000381469727,28.299999237060547,28.309999465942383,26.193008422851562,371600.0,UUP
2024-09-11,28.34000015258789,28.350000381469727,28.309999465942383,28.34000015258789,26.220766067504883,332800.0,UUP
2024-09-12,28.299999237060547,28.31999969482422,28.209999084472656,28.219999313354492,26.109737396240234,330200.0,UUP
2024-09-13,28.139999389648438,28.200000762939453,28.1299991607666,28.18000030517578,26.072731018066406,957300.0,UUP
2024-09-16,28.06999969482422,28.1299991607666,28.059999465942383,28.09000015258789,25.989459991455078,1623800.0,UUP
2024-09-17,28.1200008392334,28.18000030517578,28.1200008392334,28.18000030517578,26.072731018066406,456000.0,UUP
2024-09-18,28.09000015258789,28.229999542236328,27.969999313354492,28.209999084472656,26.100486755371094,638800.0,UUP
2024-09-19,28.18000030517578,28.219999313354492,28.06999969482422,28.09000015258789,25.989459991455078,331100.0,UUP
2024-09-20,28.149999618530273,28.209999084472656,28.100000381469727,28.139999389648438,26.03571891784668,370000.0,UUP
2024-09-23,28.170000076293945,28.209999084472656,28.139999389648438,28.18000030517578,26.072731018066406,310900.0,UUP
2024-09-24,28.1200008392334,28.15999984741211,28.020000457763672,28.020000457763672,25.924694061279297,213000.0,UUP
2024-09-25,28.020000457763672,28.219999313354492,28.010000228881836,28.209999084472656,26.100486755371094,263300.0,UUP
2024-09-26,28.149999618530273,28.200000762939453,28.06999969482422,28.079999923706055,25.980207443237305,389400.0,UUP
2024-09-27,28.020000457763672,28.110000610351562,28.0,28.06999969482422,25.97095489501953,845300.0,UUP
2024-09-30,28.06999969482422,28.209999084472656,28.06999969482422,28.18000030517578,26.072731018066406,1322300.0,UUP
2024-01-02,141.12600708007812,142.18600463867188,141.10699462890625,141.12600708007812,141.12600708007812,0.0,JPY=X
2024-01-03,142.15499877929688,143.6929931640625,141.86900329589844,142.15499877929688,142.15499877929688,0.0,JPY=X
2024-01-04,142.99899291992188,144.83200073242188,142.8679962158203,142.99899291992188,142.99899291992188,0.0,JPY=X
2024-01-05,144.76499938964844,145.95799255371094,143.84800720214844,144.76499938964844,144.76499938964844,0.0,JPY=X
2024-01-08,144.71600341796875,144.79299926757812,143.6699981689453,144.71600341796875,144.71600341796875,0.0,JPY=X
2024-01-09,144.22999572753906,144.4320068359375,143.4530029296875,144.22999572753906,144.22999572753906,0.0,JPY=X
2024-01-10,144.42799377441406,145.80999755859375,144.43899536132812,144.42799377441406,144.42799377441406,0.0,JPY=X
2024-01-11,145.73399353027344,146.35899353027344,145.2790069580078,145.73399353027344,145.73399353027344,0.0,JPY=X
2024-01-12,145.04600524902344,145.51100158691406,144.36900329589844,145.04600524902344,145.04600524902344,0.0,JPY=X
2024-01-15,145.1490020751953,145.9340057373047,145.0970001220703,145.1490020751953,145.1490020751953,0.0,JPY=X
2024-01-16,145.79400634765625,147.16400146484375,145.59100341796875,145.79400634765625,145.79400634765625,0.0,JPY=X
2024-01-17,147.24600219726562,148.5019989013672,147.1269989013672,147.24600219726562,147.24600219726562,0.0,JPY=X
2024-01-18,148.1179962158203,148.29800415039062,147.66700744628906,148.1179962158203,148.1179962158203,0.0,JPY=X
2024-01-19,148.1280059814453,148.781005859375,147.85000610351562,148.1280059814453,148.1280059814453,0.0,JPY=X
2024-01-22,148.12100219726562,148.2760009765625,147.64100646972656,148.12100219726562,148.12100219726562,0.0,JPY=X
2024-01-23,148.14199829101562,148.5800018310547,147.04299926757812,148.14199829101562,148.14199829101562,0.0,JPY=X
2024-01-24,148.25100708007812,148.23800659179688,146.67599487304688,148.25100708007812,148.25100708007812,0.0,JPY=X
2024-01-25,147.59100341796875,147.85800170898438,147.10899353027344,147.59100341796875,147.59100341796875,0.0,JPY=X
2024-01-26,147.72300720214844,148.13900756835938,147.50900268554688,147.72300720214844,147.72300720214844,0.0,JPY=X
2024-01-29,148.13999938964844,148.32200622558594,147.6060028076172,148.13999938964844,148.13999938964844,0.0,JPY=X
2024-01-30,147.46800231933594,147.90199279785156,147.11000061035156,147.46800231933594,147.46800231933594,0.0,JPY=X
2024-01-31,147.36900329589844,147.88999938964844,146.08200073242188,147.36900329589844,147.36900329589844,0.0,JPY=X
2024-02-01,146.99600219726562,147.10899353027344,145.92100524902344,146.99600219726562,146.99600219726562,0.0,JPY=X
2024-02-02,146.4510040283203,148.56199645996094,146.2480010986328,146.4510040283203,146.4510040283203,0.0,JPY=X
2024-02-05,148.50100708007812,148.8800048828125,148.27999877929688,148.50100708007812,148.50100708007812,0.0,JPY=X
2024-02-06,148.63999938964844,148.7830047607422,148.00599670410156,148.63999938964844,148.63999938964844,0.0,JPY=X
2024-02-07,147.8179931640625,148.2449951171875,147.66299438476562,147.8179931640625,147.8179931640625,0.0,JPY=X
2024-02-08,148.08599853515625,149.4739990234375,147.93499755859375,148.08599853515625,148.08599853515625,0.0,JPY=X
2024-02-09,149.25900268554688,149.5709991455078,149.0590057373047,149.25900268554688,149.25900268554688,0.0,JPY=X
2024-02-12,149.16700744628906,149.4759979248047,148.9320068359375,149.16700744628906,149.16700744628906,0.0,JPY=X
2024-02-13,149.40499877929688,150.75399780273438,149.28399658203125,149.40499877929688,149.40499877929688,0.0,JPY=X
2024-02-14,150.7239990234375,150.7740020751953,150.36300659179688,150.7239990234375,150.7239990234375,0.0,JPY=X
2024-02-15,150.54400634765625,150.5590057373047,149.75900268554688,150.54400634765625,150.54400634765625,0.0,JPY=X
2024-02-16,149.9459991455078,150.63699340820312,149.92999267578125,149.9459991455078,149.9459991455078,0.0,JPY=X
2024-02-19,150.13900756835938,150.18699645996094,149.88299560546875,150.09100341796875,150.09100341796875,0.0,JPY=X
2024-02-20,150.27000427246094,150.4340057373047,149.697998046875,150.27000427246094,150.27000427246094,0.0,JPY=X
2024-02-21,149.93899536132812,150.2949981689453,149.85699462890625,149.93899536132812,149.93899536132812,0.0,JPY=X
2024-02-22,150.35499572753906,150.63900756835938,150.01600646972656,150.35499572753906,150.35499572753906,0.0,JPY=X
2024-02-23,150.48300170898438,150.76199340820312,150.30599975585938,150.48300170898438,150.48300170898438,0.0,JPY=X
2024-02-26,150.4969940185547,150.81399536132812,150.29600524902344,150.4980010986328,150.4980010986328,0.0,JPY=X
2024-02-27,150.5659942626953,150.60000610351562,150.1280059814453,150.5659942626953,150.5659942626953,0.0,JPY=X
2024-02-28,150.4949951171875,150.83700561523438,150.3730010986328,150.4949951171875,150.4949951171875,0.0,JPY=X
2024-02-29,150.656005859375,150.64100646972656,149.21499633789062,150.656005859375,150.656005859375,0.0,JPY=X
2024-03-01,150.09500122070312,150.697998046875,150.06900024414062,150.09500122070312,150.09500122070312,0.0,JPY=X
2024-03-04,150.10499572753906,150.5659942626953,149.843994140625,150.10499572753906,150.10499572753906,0.0,JPY=X
2024-03-05,150.46600341796875,150.54200744628906,149.73300170898438,150.46600341796875,150.46600341796875,0.0,JPY=X
2024-03-06,150.0489959716797,150.0760040283203,149.13900756835938,150.0489959716797,150.0489959716797,0.0,JPY=X
2024-03-07,149.2689971923828,149.25900268554688,147.58299255371094,149.2689971923828,149.2689971923828,0.0,JPY=X
2024-03-08,147.8679962158203,148.10000610351562,146.50399780273438,147.8679962158203,147.8679962158203,0.0,JPY=X
2024-03-11,146.7740020751953,147.125,146.4949951171875,146.7740020751953,146.7740020751953,0.0,JPY=X
2024-03-12,146.73199462890625,147.95599365234375,146.64500427246094,146.73199462890625,146.73199462890625,0.0,JPY=X
2024-03-13,147.61900329589844,148.031005859375,147.2519989013672,147.61900329589844,147.61900329589844,0.0,JPY=X
2024-03-14,147.62100219726562,148.30299377441406,147.50900268554688,147.62100219726562,147.62100219726562,0.0,JPY=X
2024-03-15,148.29600524902344,149.1580047607422,148.0570068359375,148.29600524902344,148.29600524902344,0.0,JPY=X
2024-03-18,148.9550018310547,149.3209991455078,148.9290008544922,148.9550018310547,148.9550018310547,0.0,JPY=X
2024-03-19,149.1439971923828,150.83900451660156,149.11700439453125,149.1439971923828,149.1439971923828,0.0,JPY=X
2024-03-20,151.03500366210938,151.79100036621094,151.01600646972656,151.03500366210938,151.03500366210938,0.0,JPY=X
2024-03-21,150.75999450683594,151.65199279785156,150.2760009765625,150.75999450683594,150.75999450683594,0.0,JPY=X
2024-03-22,151.63299560546875,151.8459930419922,151.0260009765625,151.63299560546875,151.63299560546875,0.0,JPY=X
2024-03-25,151.30499267578125,151.42999267578125,151.0570068359375,151.30499267578125,151.30499267578125,0.0,JPY=X
2024-03-26,151.3730010986328,151.59100341796875,151.218994140625,151.3730010986328,151.3730010986328,0.0,JPY=X
2024-03-27,151.52999877929688,151.94400024414062,151.03799438476562,151.52999877929688,151.52999877929688,0.0,JPY=X
2024-03-28,151.28700256347656,151.53900146484375,151.15199279785156,151.28700256347656,151.28700256347656,0.0,JPY=X
2024-03-29,151.44000244140625,151.48899841308594,151.16900634765625,151.44000244140625,151.44000244140625,0.0,JPY=X
2024-04-01,151.3979949951172,151.75399780273438,151.25799560546875,151.3979949951172,151.3979949951172,0.0,JPY=X
2024-04-02,151.58099365234375,151.78700256347656,151.4770050048828,151.58099365234375,151.58099365234375,0.0,JPY=X
2024-04-03,151.5399932861328,151.94700622558594,151.45899963378906,151.5399932861328,151.5399932861328,0.0,JPY=X
2024-04-04,151.58099365234375,151.76300048828125,151.51199340820312,151.58099365234375,151.58099365234375,0.0,JPY=X
2024-04-05,151.29200744628906,151.7429962158203,150.85400390625,151.29200744628906,151.29200744628906,0.0,JPY=X
2024-04-08,151.69000244140625,151.9320068359375,151.677001953125,151.69000244140625,151.69000244140625,0.0,JPY=X
2024-04-09,151.84300231933594,151.92799377441406,151.57899475097656,151.84300231933594,151.84300231933594,0.0,JPY=X
2024-04-10,151.77699279785156,152.92599487304688,151.68299865722656,151.77699279785156,151.77699279785156,0.0,JPY=X
2024-04-11,152.96400451660156,153.3090057373047,152.76699829101562,152.96400451660156,152.96400451660156,0.0,JPY=X
2024-04-12,153.19200134277344,153.3769989013672,152.61700439453125,153.19200134277344,153.19200134277344,0.0,JPY=X
2024-04-15,153.2830047607422,154.43600463867188,153.28500366210938,153.2830047607422,153.2830047607422,0.0,JPY=X
2024-04-16,154.20599365234375,154.76100158691406,154.14999389648438,154.20599365234375,154.20599365234375,0.0,JPY=X
2024-04-17,154.697998046875,154.7270050048828,154.46099853515625,154.697998046875,154.697998046875,0.0,JPY=X
2024-04-18,154.3419952392578,154.64100646972656,153.98500061035156,154.3419952392578,154.3419952392578,0.0,JPY=X
2024-04-19,154.61000061035156,154.66099548339844,153.6179962158203,154.61000061035156,154.61000061035156,0.0,JPY=X
2024-04-22,154.62899780273438,154.78399658203125,154.58700561523438,154.63999938964844,154.63999938964844,0.0,JPY=X
2024-04-23,154.81300354003906,154.87100219726562,154.593994140625,154.81300354003906,154.81300354003906,0.0,JPY=X
2024-04-24,154.74400329589844,155.1300048828125,154.74000549316406,154.74400329589844,154.74400329589844,0.0,JPY=X
2024-04-25,155.25900268554688,155.73599243164062,155.25900268554688,155.25900268554688,155.25900268554688,0.0,JPY=X
2024-04-26,155.5970001220703,157.66600036621094,155.47900390625,155.5970001220703,155.5970001220703,0.0,JPY=X
2024-04-29,158.2239990234375,159.96099853515625,154.5489959716797,158.2239990234375,158.2239990234375,0.0,JPY=X
2024-04-30,156.31399536132812,157.55599975585938,156.20399475097656,156.31399536132812,156.31399536132812,0.0,JPY=X
2024-05-01,157.7220001220703,157.98199462890625,157.42100524902344,157.7220001220703,157.7220001220703,0.0,JPY=X
2024-05-02,155.70399475097656,156.25100708007812,153.4949951171875,155.70399475097656,155.70399475097656,0.0,JPY=X
2024-05-03,153.0449981689453,153.41000366210938,151.88099670410156,153.0449981689453,153.0449981689453,0.0,JPY=X
2024-05-06,153.5659942626953,154.0050048828125,153.3209991455078,153.5659942626953,153.5659942626953,0.0,JPY=X
2024-05-07,154.23699951171875,154.63999938964844,153.8939971923828,154.23699951171875,154.23699951171875,0.0,JPY=X
2024-05-08,154.7480010986328,155.64999389648438,154.69400024414062,154.7480010986328,154.7480010986328,0.0,JPY=X
2024-05-09,155.41900634765625,155.94700622558594,155.2259979248047,155.41900634765625,155.41900634765625,0.0,JPY=X
2024-05-10,155.38900756835938,155.88600158691406,155.38099670410156,155.38900756835938,155.38900756835938,0.0,JPY=X
2024-05-13,155.8179931640625,156.2100067138672,155.5959930419922,155.8179931640625,155.8179931640625,0.0,JPY=X
2024-05-14,156.23300170898438,156.67100524902344,156.2270050048828,156.23300170898438,156.23300170898438,0.0,JPY=X
2024-05-15,156.4980010986328,156.55299377441406,154.75900268554688,156.4980010986328,156.4980010986328,0.0,JPY=X
2024-05-16,154.28199768066406,155.51600646972656,153.58999633789062,154.28199768066406,154.28199768066406,0.0,JPY=X
2024-05-17,155.37899780273438,155.97500610351562,155.27099609375,155.37899780273438,155.37899780273438,0.0,JPY=X
2024-05-20,155.75399780273438,156.218994140625,155.51400756835938,155.75399780273438,155.75399780273438,0.0,JPY=X
2024-05-21,156.3699951171875,156.5240020751953,155.8719940185547,156.3699951171875,156.3699951171875,0.0,JPY=X
2024-05-22,156.25100708007812,156.60499572753906,156.14700317382812,156.25100708007812,156.25100708007812,0.0,JPY=X
2024-05-23,156.70399475097656,157.16299438476562,156.5290069580078,156.70399475097656,156.70399475097656,0.0,JPY=X
2024-05-24,156.97300720214844,157.13699340820312,156.8679962158203,156.97300720214844,156.97300720214844,0.0,JPY=X
2024-05-27,156.8699951171875,156.9550018310547,156.67799377441406,156.8699951171875,156.8699951171875,0.0,JPY=X
2024-05-28,156.84500122070312,156.98899841308594,156.61199951171875,156.84500122070312,156.84500122070312,0.0,JPY=X
2024-05-29,157.26199340820312,157.63900756835938,157.02200317382812,157.26199340820312,157.26199340820312,0.0,JPY=X
2024-05-30,157.60800170898438,157.6269989013672,156.427001953125,157.60800170898438,157.60800170898438,0.0,JPY=X
2024-05-31,156.9530029296875,157.36199951171875,156.57000732421875,156.9530029296875,156.9530029296875,0.0,JPY=X
2024-06-03,157.17999267578125,157.4510040283203,155.9709930419922,157.17999267578125,157.17999267578125,0.0,JPY=X
2024-06-04,156.0760040283203,156.47900390625,154.6009979248047,156.0760040283203,156.0760040283203,0.0,JPY=X
2024-06-05,155.12399291992188,156.47300720214844,155.11099243164062,155.12399291992188,155.12399291992188,0.0,JPY=X
2024-06-06,155.9290008544922,156.39599609375,155.40699768066406,155.9290008544922,155.9290008544922,0.0,JPY=X
2024-06-07,155.69700622558594,157.06700134277344,155.14199829101562,155.69700622558594,155.69700622558594,0.0,JPY=X
2024-06-10,156.83299255371094,157.18600463867188,156.72300720214844,156.83299255371094,156.83299255371094,0.0,JPY=X
2024-06-11,157.0399932861328,157.38800048828125,156.81100463867188,157.0399932861328,157.0399932861328,0.0,JPY=X
2024-06-12,157.10499572753906,157.36500549316406,155.72900390625,157.10499572753906,157.10499572753906,0.0,JPY=X
2024-06-13,156.8000030517578,157.3000030517578,156.57699584960938,156.8000030517578,156.8000030517578,0.0,JPY=X
2024-06-14,157.1280059814453,158.2469940185547,156.89999389648438,157.1280059814453,157.1280059814453,0.0,JPY=X
2024-06-17,157.54600524902344,157.95199584960938,157.1699981689453,157.54600524902344,157.54600524902344,0.0,JPY=X
2024-06-18,157.6999969482422,158.22799682617188,157.52499389648438,157.6999969482422,157.6999969482422,0.0,JPY=X
2024-06-19,157.87100219726562,157.94500732421875,157.61300659179688,157.87100219726562,157.87100219726562,0.0,JPY=X
2024-06-20,157.95799255371094,158.77200317382812,157.95599365234375,157.95799255371094,157.95799255371094,0.0,JPY=X
2024-06-21,158.93099975585938,159.60800170898438,158.68600463867188,158.93099975585938,158.93099975585938,0.0,JPY=X
2024-06-24,159.86099243164062,159.91299438476562,159.01800537109375,159.86099243164062,159.86099243164062,0.0,JPY=X
2024-06-25,159.68600463867188,159.75,159.2530059814453,159.68600463867188,159.68600463867188,0.0,JPY=X
2024-06-26,159.68600463867188,160.80299377441406,159.66299438476562,159.68600463867188,159.68600463867188,0.0,JPY=X
2024-06-27,160.62100219726562,160.7239990234375,160.31399536132812,160.62100219726562,160.62100219726562,0.0,JPY=X
2024-06-28,160.68699645996094,161.24099731445312,160.27699279785156,160.68699645996094,160.68699645996094,0.0,JPY=X
2024-07-01,160.90699768066406,161.71499633789062,160.81900024414062,160.90699768066406,160.90699768066406,0.0,JPY=X
2024-07-02,161.51199340820312,161.72999572753906,161.28500366210938,161.51199340820312,161.51199340820312,0.0,JPY=X
2024-07-03,161.50399780273438,161.94200134277344,160.86500549316406,161.50399780273438,161.50399780273438,0.0,JPY=X
2024-07-04,161.62100219726562,161.58599853515625,160.9550018310547,161.62100219726562,161.62100219726562,0.0,JPY=X
2024-07-05,161.35800170898438,161.3719940185547,160.4459991455078,161.35800170898438,161.35800170898438,0.0,JPY=X
2024-07-08,160.63800048828125,161.10699462890625,160.27200317382812,160.63800048828125,160.63800048828125,0.0,JPY=X
2024-07-09,160.85699462890625,161.4949951171875,160.7469940185547,160.85699462890625,160.85699462890625,0.0,JPY=X
2024-07-10,161.33099365234375,161.74000549316406,161.3000030517578,161.33099365234375,161.33099365234375,0.0,JPY=X
2024-07-11,161.60699462890625,161.7469940185547,157.48899841308594,161.60699462890625,161.60699462890625,0.0,JPY=X
2024-07-12,158.2010040283203,159.37600708007812,157.37899780273438,158.2010040283203,158.2010040283203,0.0,JPY=X
2024-07-15,158.31300354003906,158.35800170898438,157.75399780273438,158.31300354003906,158.31300354003906,0.0,JPY=X
2024-07-16,158.14100646972656,158.84100341796875,158.11300659179688,158.14100646972656,158.14100646972656,0.0,JPY=X
2024-07-17,158.35000610351562,158.5780029296875,156.1199951171875,158.35000610351562,158.35000610351562,0.0,JPY=X
2024-07-18,155.68600463867188,156.98500061035156,155.4969940185547,155.68600463867188,155.68600463867188,0.0,JPY=X
2024-07-19,157.14999389648438,157.85499572753906,156.97799682617188,157.14999389648438,157.14999389648438,0.0,JPY=X
2024-07-22,157.4219970703125,157.60499572753906,156.2989959716797,157.4219970703125,157.4219970703125,0.0,JPY=X
2024-07-23,156.89100646972656,156.9029998779297,155.82899475097656,156.89100646972656,156.89100646972656,0.0,JPY=X
2024-07-24,155.76800537109375,155.9770050048828,153.11099243164062,155.76800537109375,155.76800537109375,0.0,JPY=X
2024-07-25,153.89100646972656,154.1510009765625,151.9669952392578,153.89100646972656,153.89100646972656,0.0,JPY=X
2024-07-26,153.69700622558594,154.7310028076172,153.26199340820312,153.69700622558594,153.69700622558594,0.0,JPY=X
2024-07-29,154.13900756835938,154.33700561523438,153.06300354003906,154.13900756835938,154.13900756835938,0.0,JPY=X
2024-07-30,153.83299255371094,155.19000244140625,153.656005859375,153.83299255371094,153.83299255371094,0.0,JPY=X
2024-07-31,152.6699981689453,153.58099365234375,149.66400146484375,152.6699981689453,152.6699981689453,0.0,JPY=X
2024-08-01,149.74400329589844,150.85699462890625,148.5050048828125,149.74400329589844,149.74400329589844,0.0,JPY=X
2024-08-02,149.2010040283203,149.76400756835938,146.4239959716797,149.2010040283203,149.2010040283203,0.0,JPY=X
2024-08-05,145.58399963378906,145.91799926757812,141.69700622558594,145.58399963378906,145.58399963378906,0.0,JPY=X
2024-08-06,145.7899932861328,146.2570037841797,144.06300354003906,145.7899932861328,145.7899932861328,0.0,JPY=X
2024-08-07,144.73199462890625,147.82200622558594,144.5540008544922,144.73199462890625,144.73199462890625,0.0,JPY=X
2024-08-08,146.12399291992188,147.47500610351562,145.4709930419922,146.12399291992188,146.12399291992188,0.0,JPY=X
2024-08-09,147.66900634765625,147.73599243164062,146.31199645996094,147.66900634765625,147.66900634765625,0.0,JPY=X
2024-08-12,147.04200744628906,148.2010040283203,146.69900512695312,147.04200744628906,147.04200744628906,0.0,JPY=X
2024-08-13,146.98199462890625,147.92999267578125,146.91099548339844,146.98199462890625,146.98199462890625,0.0,JPY=X
2024-08-14,146.9709930419922,147.552001953125,146.08099365234375,146.9709930419922,146.9709930419922,0.0,JPY=X
2024-08-15,147.2530059814453,149.26300048828125,147.06300354003906,147.2530059814453,147.2530059814453,0.0,JPY=X
2024-08-16,149.2220001220703,149.22999572753906,147.63900756835938,149.2220001220703,149.2220001220703,0.0,JPY=X
2024-08-19,147.95599365234375,147.95899963378906,145.2209930419922,147.95599365234375,147.95599365234375,0.0,JPY=X
2024-08-20,146.69900512695312,147.31900024414062,145.53399658203125,146.69900512695312,146.69900512695312,0.0,JPY=X
2024-08-21,145.3470001220703,146.33900451660156,144.9810028076172,145.3470001220703,145.3470001220703,0.0,JPY=X
2024-08-22,145.1179962158203,146.47000122070312,144.947998046875,145.1179962158203,145.1179962158203,0.0,JPY=X
2024-08-23,146.20199584960938,146.47300720214844,144.60499572753906,146.20199584960938,146.20199584960938,0.0,JPY=X
2024-08-26,144.0,144.57899475097656,143.4600067138672,144.0,144.0,0.0,JPY=X
2024-08-27,144.51600646972656,145.1529998779297,144.1649932861328,144.51600646972656,144.51600646972656,0.0,JPY=X
2024-08-28,143.97500610351562,145.02499389648438,143.91200256347656,143.97500610351562,143.97500610351562,0.0,JPY=X
2024-08-29,144.43299865722656,145.52499389648438,144.2830047607422,144.43299865722656,144.43299865722656,0.0,JPY=X
2024-08-30,144.88999938964844,145.96200561523438,144.70199584960938,144.88999938964844,144.88999938964844,0.0,JPY=X
2024-09-02,146.38099670410156,147.11900329589844,145.79600524902344,146.38099670410156,146.38099670410156,0.0,JPY=X
2024-09-03,146.7220001220703,147.18800354003906,145.16799926757812,146.7220001220703,146.7220001220703,0.0,JPY=X
2024-09-04,145.35299682617188,145.53799438476562,144.02699279785156,145.35299682617188,145.35299682617188,0.0,JPY=X
2024-09-05,143.32400512695312,144.20399475097656,142.85400390625,143.32400512695312,143.32400512695312,0.0,JPY=X
2024-09-06,143.39300537109375,143.84800720214844,141.76499938964844,143.39300537109375,143.39300537109375,0.0,JPY=X
2024-09-09,142.48599243164062,143.78599548339844,142.44500732421875,142.48599243164062,142.48599243164062,0.0,JPY=X
2024-09-10,143.177001953125,143.6750030517578,142.26199340820312,143.177001953125,143.177001953125,0.0,JPY=X
2024-09-11,142.23399353027344,142.46800231933594,140.71800231933594,142.23399353027344,142.23399353027344,0.0,JPY=X
2024-09-12,142.58999633789062,143.01100158691406,141.91299438476562,142.58999633789062,142.58999633789062,0.0,JPY=X
2024-09-13,141.49899291992188,141.52699279785156,140.36199951171875,141.49899291992188,141.49899291992188,0.0,JPY=X
2024-09-16,140.7899932861328,140.8990020751953,139.5780029296875,140.7899932861328,140.7899932861328,0.0,JPY=X
2024-09-17,140.7899932861328,141.85000610351562,140.322998046875,140.7899932861328,140.7899932861328,0.0,JPY=X
2024-09-18,142.01499938964844,142.05099487304688,141.24400329589844,142.01499938964844,142.01499938964844,0.0,JPY=X
2024-09-19,142.7100067138672,143.93499755859375,142.06500244140625,142.7100067138672,142.7100067138672,0.0,JPY=X
2024-09-20,142.85800170898438,144.4759979248047,141.76300048828125,142.85800170898438,142.85800170898438,0.0,JPY=X
2024-09-23,144.00399780273438,144.43899536132812,143.1959991455078,144.00399780273438,144.00399780273438,0.0,JPY=X
2024-09-24,143.63800048828125,144.6649932861328,143.41200256347656,143.63800048828125,143.63800048828125,0.0,JPY=X
2024-09-25,142.96299743652344,144.58799743652344,142.93600463867188,142.96299743652344,142.96299743652344,0.0,JPY=X
2024-09-26,144.68299865722656,145.18800354003906,144.11700439453125,144.68299865722656,144.68299865722656,0.0,JPY=X
2024-09-27,145.0760040283203,146.46200561523438,142.45399475097656,145.0760040283203,145.0760040283203,0.0,JPY=X
2024-09-30,142.7830047607422,143.3560028076172,141.64700317382812,142.7830047607422,142.7830047607422,0.0,JPY=X
2024-01-02,42.459999084472656,42.76499938964844,42.400001525878906,42.69499969482422,40.78031539916992,19924800.0,XLB
2024-01-03,42.25,42.45000076293945,41.939998626708984,42.23500061035156,40.3409423828125,23358600.0,XLB
2024-01-04,42.165000915527344,42.36000061035156,42.02000045776367,42.099998474121094,40.211997985839844,20424200.0,XLB
2024-01-05,41.98500061035156,42.404998779296875,41.935001373291016,42.16999816894531,40.27885437011719,14692800.0,XLB
2024-01-08,41.95000076293945,42.36000061035156,41.79999923706055,42.349998474121094,40.45078659057617,10366200.0,XLB
2024-01-09,42.08000183105469,42.08000183105469,41.72999954223633,41.8650016784668,39.98754119873047,12910400.0,XLB
2024-01-10,41.71500015258789,41.849998474121094,41.61000061035156,41.810001373291016,39.93500518798828,8202800.0,XLB
2024-01-11,41.86000061035156,41.86000061035156,41.380001068115234,41.685001373291016,39.81561279296875,8542200.0,XLB
2024-01-12,41.92499923706055,42.02000045776367,41.54499816894531,41.724998474121094,39.85381317138672,8267800.0,XLB
2024-01-16,41.470001220703125,41.54499816894531,41.14500045776367,41.244998931884766,39.39534378051758,10552800.0,XLB
2024-01-17,40.82500076293945,41.09000015258789,40.76499938964844,40.94499969482422,39.10879135131836,9287600.0,XLB
2024-01-18,41.025001525878906,41.1349983215332,40.72999954223633,41.07500076293945,39.232967376708984,9320800.0,XLB
2024-01-19,41.1150016784668,41.189998626708984,40.720001220703125,41.1150016784668,39.27117156982422,11653600.0,XLB
2024-01-22,40.880001068115234,41.310001373291016,40.880001068115234,41.23500061035156,39.38578796386719,10785200.0,XLB
2024-01-23,41.43000030517578,41.55500030517578,41.21500015258789,41.369998931884766,39.514739990234375,7891600.0,XLB
2024-01-24,41.39500045776367,41.5,40.78499984741211,40.810001373291016,38.9798469543457,10317800.0,XLB
2024-01-25,41.005001068115234,41.2599983215332,40.8849983215332,41.2400016784668,39.39057159423828,9734400.0,XLB
2024-01-26,41.38999938964844,41.4900016784668,41.16999816894531,41.255001068115234,39.4048957824707,7799400.0,XLB
2024-01-29,41.224998474121094,41.474998474121094,41.03499984741211,41.459999084472656,39.6006965637207,7125800.0,XLB
2024-01-30,41.375,41.845001220703125,41.29499816894531,41.650001525878906,39.78217697143555,10851400.0,XLB
2024-01-31,41.71500015258789,41.77000045776367,41.064998626708984,41.10499954223633,39.26161575317383,13478400.0,XLB
2024-02-01,41.73500061035156,41.85499954223633,41.23500061035156,41.790000915527344,39.9159049987793,19793800.0,XLB
2024-02-02,41.48500061035156,41.744998931884766,41.09000015258789,41.54499816894531,39.681880950927734,22920400.0,XLB
2024-02-05,40.650001525878906,40.744998931884766,40.369998931884766,40.4900016784668,38.67420196533203,24886800.0,XLB
2024-02-06,40.81999969482422,41.29499816894531,40.81999969482422,41.20500183105469,39.35713577270508,19053000.0,XLB
2024-02-07,41.439998626708984,41.650001525878906,41.41999816894531,41.53499984741211,39.67233657836914,10820400.0,XLB
2024-02-08,41.595001220703125,41.599998474121094,41.185001373291016,41.47999954223633,39.61980056762695,6798600.0,XLB
2024-02-09,41.3849983215332,41.59000015258789,41.26499938964844,41.56999969482422,39.70576858520508,7636600.0,XLB
2024-02-12,41.66999816894531,42.095001220703125,41.6349983215332,41.900001525878906,40.02096939086914,6796400.0,XLB
2024-02-13,41.5,41.619998931884766,41.0099983215332,41.310001373291016,39.457427978515625,12864600.0,XLB
2024-02-14,41.52000045776367,41.654998779296875,41.310001373291016,41.57500076293945,39.71053695678711,8762000.0,XLB
2024-02-15,41.80500030517578,42.42499923706055,41.80500030517578,42.36000061035156,40.46034622192383,11984000.0,XLB
2024-02-16,42.540000915527344,42.875,42.494998931884766,42.584999084472656,40.67525100708008,9313400.0,XLB
2024-02-20,42.560001373291016,42.630001068115234,42.369998931884766,42.494998931884766,40.58927917480469,9019000.0,XLB
2024-02-21,42.48500061035156,42.755001068115234,42.32500076293945,42.72999954223633,40.81374740600586,8122400.0,XLB
2024-02-22,42.810001373291016,43.224998474121094,42.755001068115234,43.15999984741211,41.224456787109375,9448600.0,XLB
2024-02-23,43.25,43.47999954223633,43.14500045776367,43.415000915527344,41.4680290222168,7079000.0,XLB
2024-02-26,43.275001525878906,43.334999084472656,43.10499954223633,43.154998779296875,41.21968460083008,6653600.0,XLB
2024-02-27,43.314998626708984,43.42499923706055,43.189998626708984,43.314998626708984,41.37250518798828,8254600.0,XLB
2024-02-28,43.189998626708984,43.61000061035156,43.07500076293945,43.45000076293945,41.501461029052734,8994000.0,XLB
2024-02-29,43.71500015258789,43.900001525878906,43.564998626708984,43.779998779296875,41.816654205322266,12247600.0,XLB
2024-03-01,43.779998779296875,44.09000015258789,43.744998931884766,43.97999954223633,42.0076904296875,10401600.0,XLB
2024-03-04,44.029998779296875,44.375,43.97999954223633,44.29999923706055,42.31333923339844,9349200.0,XLB
2024-03-05,44.150001525878906,44.435001373291016,43.915000915527344,44.064998626708984,42.088871002197266,8493800.0,XLB
2024-03-06,44.30500030517578,44.54499816894531,44.2400016784668,44.38999938964844,42.3993034362793,10224000.0,XLB
2024-03-07,44.7400016784668,45.14500045776367,44.73500061035156,44.935001373291016,42.919864654541016,7942200.0,XLB
2024-03-08,45.07500076293945,45.099998474121094,44.665000915527344,44.67499923706055,42.67152404785156,10311200.0,XLB
2024-03-11,44.8849983215332,45.369998931884766,44.724998474121094,45.18000030517578,43.153873443603516,23270600.0,XLB
2024-03-12,45.17499923706055,45.23500061035156,44.95500183105469,45.17499923706055,43.14909744262695,10149400.0,XLB
2024-03-13,45.314998626708984,45.83000183105469,45.314998626708984,45.619998931884766,43.57414245605469,14529200.0,XLB
2024-03-14,45.494998931884766,45.599998474121094,45.18000030517578,45.380001068115234,43.34490203857422,19452000.0,XLB
2024-03-15,45.084999084472656,45.599998474121094,45.05500030517578,45.400001525878906,43.364009857177734,18702600.0,XLB
2024-03-18,45.380001068115234,45.68000030517578,45.29999923706055,45.31999969482422,43.44308853149414,15242400.0,XLB
2024-03-19,45.26499938964844,45.404998779296875,45.130001068115234,45.32500076293945,43.447879791259766,10832800.0,XLB
2024-03-20,45.290000915527344,45.94499969482422,45.20000076293945,45.779998779296875,43.8840446472168,13252400.0,XLB
2024-03-21,45.900001525878906,46.040000915527344,45.720001220703125,45.970001220703125,44.0661735534668,9384200.0,XLB
2024-03-22,45.869998931884766,45.97999954223633,45.65999984741211,45.685001373291016,43.7929801940918,5874600.0,XLB
2024-03-25,45.65999984741211,45.8849983215332,45.619998931884766,45.70000076293945,43.80735397338867,5662600.0,XLB
2024-03-26,45.775001525878906,45.86000061035156,45.6349983215332,45.665000915527344,43.773807525634766,5434400.0,XLB
2024-03-27,45.779998779296875,46.334999084472656,45.7400016784668,46.31999969482422,44.40167236328125,8444400.0,XLB
2024-03-28,46.32500076293945,46.60499954223633,46.23500061035156,46.44499969482422,44.52150344848633,9025200.0,XLB
2024-04-01,46.665000915527344,46.665000915527344,46.25,46.334999084472656,44.41606140136719,7647000.0,XLB
2024-04-02,46.290000915527344,46.33000183105469,45.96500015258789,46.165000915527344,44.25309753417969,9570800.0,XLB
2024-04-03,46.21500015258789,46.5,46.17499923706055,46.439998626708984,44.51670455932617,10022800.0,XLB
2024-04-04,46.69499969482422,46.86000061035156,45.8650016784668,45.970001220703125,44.0661735534668,12658600.0,XLB
2024-04-05,45.96500015258789,46.44499969482422,45.92499923706055,46.3849983215332,44.4639892578125,9804200.0,XLB
2024-04-08,46.53499984741211,46.584999084472656,46.29499816894531,46.41999816894531,44.497535705566406,6522000.0,XLB
2024-04-09,46.779998779296875,46.79499816894531,46.05500030517578,46.529998779296875,44.60298156738281,11350600.0,XLB
2024-04-10,45.814998626708984,46.08000183105469,45.63999938964844,45.80500030517578,43.90800094604492,14113000.0,XLB
2024-04-11,45.849998474121094,45.96500015258789,45.53499984741211,45.77000045776367,43.87445831298828,9900600.0,XLB
2024-04-12,45.6349983215332,45.724998474121094,44.7599983215332,44.959999084472656,43.09800338745117,12113000.0,XLB
2024-04-15,45.439998626708984,45.61000061035156,44.59000015258789,44.744998931884766,42.89190673828125,11506200.0,XLB
2024-04-16,44.5,44.63999938964844,44.244998931884766,44.400001525878906,42.561195373535156,13555600.0,XLB
2024-04-17,44.70000076293945,44.900001525878906,44.369998931884766,44.5,42.65705108642578,9156800.0,XLB
2024-04-18,44.86000061035156,44.89500045776367,44.310001373291016,44.51499938964844,42.67142868041992,7497800.0,XLB
2024-04-19,44.630001068115234,44.81999969482422,44.314998626708984,44.47999954223633,42.637882232666016,10109000.0,XLB
2024-04-22,44.23500061035156,44.7599983215332,44.064998626708984,44.525001525878906,42.68102264404297,8284600.0,XLB
2024-04-23,43.970001220703125,44.35499954223633,43.8849983215332,44.13999938964844,42.31196594238281,11470000.0,XLB
2024-04-24,43.959999084472656,44.209999084472656,43.83000183105469,44.16999816894531,42.34071350097656,9553800.0,XLB
2024-04-25,44.16999816894531,44.584999084472656,43.775001525878906,44.48500061035156,42.64267349243164,9220200.0,XLB
2024-04-26,44.505001068115234,44.95000076293945,44.494998931884766,44.7599983215332,42.90629196166992,6274400.0,XLB
2024-04-29,44.959999084472656,45.189998626708984,44.915000915527344,45.1349983215332,43.2657585144043,5676800.0,XLB
2024-04-30,44.7599983215332,44.8650016784668,44.30500030517578,44.314998626708984,42.479713439941406,9871800.0,XLB
2024-05-01,44.47999954223633,45.2599983215332,44.369998931884766,44.54499816894531,42.700191497802734,15456200.0,XLB
2024-05-02,44.30500030517578,44.505001068115234,43.95000076293945,44.314998626708984,42.479713439941406,15567400.0,XLB
2024-05-03,44.685001373291016,44.8849983215332,44.525001525878906,44.76499938964844,42.91107940673828,8999400.0,XLB
2024-05-06,45.040000915527344,45.209999084472656,44.834999084472656,45.03499984741211,43.169891357421875,6615600.0,XLB
2024-05-07,45.20500183105469,45.64500045776367,45.20000076293945,45.56999969482422,43.682735443115234,8862200.0,XLB
2024-05-08,45.400001525878906,45.56999969482422,45.314998626708984,45.36000061035156,43.48143005371094,6522600.0,XLB
2024-05-09,45.47999954223633,45.904998779296875,45.42499923706055,45.8650016784668,43.96552276611328,7070000.0,XLB
2024-05-10,46.060001373291016,46.10499954223633,45.88999938964844,45.91999816894531,44.018245697021484,5472600.0,XLB
2024-05-13,46.005001068115234,46.165000915527344,45.849998474121094,45.88999938964844,43.98948669433594,5030600.0,XLB
2024-05-14,46.01499938964844,46.099998474121094,45.78499984741211,45.935001373291016,44.032623291015625,7480400.0,XLB
2024-05-15,46.25,46.279998779296875,45.80500030517578,46.01499938964844,44.109310150146484,7922200.0,XLB
2024-05-16,46.029998779296875,46.064998626708984,45.65999984741211,45.685001373291016,43.7929801940918,7245800.0,XLB
2024-05-17,45.85499954223633,46.07500076293945,45.78499984741211,46.07500076293945,44.16682815551758,7256200.0,XLB
2024-05-20,46.0099983215332,46.220001220703125,45.88999938964844,46.13999938964844,44.229129791259766,4544600.0,XLB
2024-05-21,46.13999938964844,46.150001525878906,45.935001373291016,46.13999938964844,44.229129791259766,5425000.0,XLB
2024-05-22,45.709999084472656,45.875,45.47999954223633,45.689998626708984,43.797767639160156,8703200.0,XLB
2024-05-23,45.755001068115234,45.79999923706055,45.19499969482422,45.28499984741211,43.40953826904297,5688000.0,XLB
2024-05-24,45.494998931884766,45.7400016784668,45.494998931884766,45.68000030517578,43.788185119628906,4598000.0,XLB
2024-05-28,45.689998626708984,45.75,45.345001220703125,45.505001068115234,43.62042236328125,4223000.0,XLB
2024-05-29,45.07500076293945,45.189998626708984,44.81999969482422,44.85499954223633,42.997352600097656,8145000.0,XLB
2024-05-30,44.76499938964844,45.244998931884766,44.76499938964844,45.220001220703125,43.34723663330078,6599400.0,XLB
2024-05-31,45.26499938964844,45.775001525878906,44.94499969482422,45.76499938964844,43.869659423828125,8203000.0,XLB
2024-06-03,45.755001068115234,45.775001525878906,45.10499954223633,45.494998931884766,43.610843658447266,11900200.0,XLB
2024-06-04,45.130001068115234,45.21500015258789,44.72999954223633,44.9900016784668,43.12676239013672,6779000.0,XLB
2024-06-05,45.0,45.31999969482422,44.810001373291016,45.29999923706055,43.423919677734375,6820800.0,XLB
2024-06-06,45.29999923706055,45.36000061035156,45.099998474121094,45.349998474121094,43.47184753417969,4238800.0,XLB
2024-06-07,44.880001068115234,45.27000045776367,44.70000076293945,44.89500045776367,43.03569412231445,8359000.0,XLB
2024-06-10,44.775001525878906,44.89500045776367,44.67499923706055,44.849998474121094,42.99256134033203,5223600.0,XLB
2024-06-11,44.599998474121094,44.834999084472656,44.41999816894531,44.834999084472656,42.97817611694336,6457200.0,XLB
2024-06-12,45.375,45.5099983215332,44.80500030517578,44.91999816894531,43.05965805053711,8174200.0,XLB
2024-06-13,44.66999816894531,44.959999084472656,44.505001068115234,44.904998779296875,43.0452766418457,7937200.0,XLB
2024-06-14,44.64500045776367,44.720001220703125,44.209999084472656,44.4900016784668,42.64746856689453,5694400.0,XLB
2024-06-17,44.33000183105469,44.89500045776367,44.224998474121094,44.81999969482422,42.96379470825195,7631200.0,XLB
2024-06-18,44.83000183105469,44.994998931884766,44.564998626708984,44.77000045776367,42.915870666503906,6872200.0,XLB
2024-06-20,44.744998931884766,45.03499984741211,44.709999084472656,44.814998626708984,42.959007263183594,6441000.0,XLB
2024-06-21,44.69499969482422,44.904998779296875,44.48500061035156,44.81999969482422,42.96379470825195,8209800.0,XLB
2024-06-24,44.79499816894531,45.08000183105469,44.66999816894531,44.89500045776367,43.2407112121582,8065200.0,XLB
2024-06-25,44.810001373291016,44.81999969482422,44.18000030517578,44.32500076293945,42.691707611083984,7292200.0,XLB
2024-06-26,44.10499954223633,44.334999084472656,43.974998474121094,44.29499816894531,42.66281509399414,6474600.0,XLB
2024-06-27,44.290000915527344,44.310001373291016,44.060001373291016,44.16999816894531,42.54241943359375,16279600.0,XLB
2024-06-28,44.17499923706055,44.47999954223633,44.02000045776367,44.154998779296875,42.52796936035156,7750600.0,XLB
2024-07-01,44.189998626708984,44.35499954223633,43.34000015258789,43.474998474121094,41.87302780151367,8647400.0,XLB
2024-07-02,43.369998931884766,43.67499923706055,43.20500183105469,43.55500030517578,41.95008087158203,13117200.0,XLB
2024-07-03,43.70000076293945,43.9900016784668,43.65999984741211,43.880001068115234,42.26310348510742,4591200.0,XLB
2024-07-05,43.85499954223633,44.005001068115234,43.61000061035156,43.95000076293945,42.33052444458008,8846800.0,XLB
2024-07-08,44.08000183105469,44.23500061035156,43.92499923706055,44.08000183105469,42.45573806762695,10496800.0,XLB
2024-07-09,43.8849983215332,43.974998474121094,43.619998931884766,43.630001068115234,42.02232360839844,5951000.0,XLB
2024-07-10,43.849998474121094,44.2400016784668,43.779998779296875,44.21500015258789,42.58576202392578,7915400.0,XLB
2024-07-11,44.435001373291016,44.8849983215332,44.404998779296875,44.81999969482422,43.16847229003906,11914000.0,XLB
2024-07-12,45.07500076293945,45.46500015258789,44.95500183105469,45.25,43.5826301574707,9796000.0,XLB
2024-07-15,45.255001068115234,45.439998626708984,45.029998779296875,45.1349983215332,43.47186279296875,6485200.0,XLB
2024-07-16,45.095001220703125,46.04999923706055,45.07500076293945,46.0099983215332,44.31462097167969,7465600.0,XLB
2024-07-17,45.98500061035156,46.189998626708984,45.89500045776367,45.915000915527344,44.22312545776367,8790400.0,XLB
2024-07-18,45.64500045776367,46.14500045776367,45.404998779296875,45.459999084472656,43.78488540649414,8910200.0,XLB
2024-07-19,45.244998931884766,45.345001220703125,44.91999816894531,45.05500030517578,43.39480972290039,9365200.0,XLB
2024-07-22,45.16999816894531,45.2599983215332,44.83000183105469,45.20500183105469,43.539283752441406,7526200.0,XLB
2024-07-23,45.34000015258789,45.46500015258789,45.064998626708984,45.3849983215332,43.71265411376953,6493400.0,XLB
2024-07-24,45.46500015258789,45.52000045776367,44.7599983215332,44.80500030517578,43.154022216796875,8549000.0,XLB
2024-07-25,44.599998474121094,45.474998474121094,44.560001373291016,44.93000030517578,43.274417877197266,10052000.0,XLB
2024-07-26,45.224998474121094,45.84000015258789,45.119998931884766,45.665000915527344,43.98233413696289,7069800.0,XLB
2024-07-29,45.69499969482422,45.869998931884766,45.494998931884766,45.744998931884766,44.059383392333984,7049600.0,XLB
2024-07-30,45.584999084472656,45.93000030517578,45.5,45.595001220703125,43.914913177490234,8502200.0,XLB
2024-07-31,45.98500061035156,46.494998931884766,45.834999084472656,46.06999969482422,44.37240982055664,10466800.0,XLB
2024-08-01,46.275001525878906,46.69499969482422,45.595001220703125,45.8849983215332,44.1942253112793,17134400.0,XLB
2024-08-02,45.369998931884766,45.474998474121094,44.42499923706055,45.02000045776367,43.36110305786133,20945200.0,XLB
2024-08-05,44.209999084472656,44.375,43.63999938964844,44.01499938964844,42.39312744140625,19482800.0,XLB
2024-08-06,43.95500183105469,44.80500030517578,43.880001068115234,44.2400016784668,42.60984802246094,11812200.0,XLB
2024-08-07,44.6150016784668,44.79999923706055,43.61000061035156,43.63999938964844,42.03194808959961,11097400.0,XLB
2024-08-08,43.8650016784668,44.40999984741211,43.834999084472656,44.314998626708984,42.68207931518555,10759000.0,XLB
2024-08-09,44.34000015258789,44.42499923706055,43.875,44.279998779296875,42.64836883544922,5722000.0,XLB
2024-08-12,44.33000183105469,44.38999938964844,43.98500061035156,44.084999084472656,42.46055221557617,5561800.0,XLB
2024-08-13,44.2400016784668,44.619998931884766,44.1349983215332,44.525001525878906,42.88433837890625,6236000.0,XLB
2024-08-14,44.6349983215332,44.65999984741211,44.29999923706055,44.525001525878906,42.88433837890625,7241000.0,XLB
2024-08-15,44.95000076293945,45.32500076293945,44.85499954223633,45.22999954223633,43.56336212158203,7728600.0,XLB
2024-08-16,45.150001525878906,45.314998626708984,44.95000076293945,45.28499984741211,43.6163330078125,5803200.0,XLB
2024-08-19,45.290000915527344,45.540000915527344,45.290000915527344,45.5,43.82341384887695,4586400.0,XLB
2024-08-20,45.525001525878906,45.64500045776367,45.290000915527344,45.334999084472656,43.664493560791016,4834600.0,XLB
2024-08-21,45.48500061035156,45.89500045776367,45.46500015258789,45.85499954223633,44.16533279418945,4611000.0,XLB
2024-08-22,45.85499954223633,45.935001373291016,45.599998474121094,45.7599983215332,44.07382583618164,5684400.0,XLB
2024-08-23,45.95000076293945,46.47999954223633,45.91999816894531,46.3650016784668,44.65654373168945,5797800.0,XLB
2024-08-26,46.56999969482422,46.915000915527344,46.494998931884766,46.56999969482422,44.853981018066406,7663000.0,XLB
2024-08-27,46.53499984741211,46.584999084472656,46.275001525878906,46.57500076293945,44.858795166015625,8845400.0,XLB
2024-08-28,46.41999816894531,46.625,46.20500183105469,46.375,44.66617202758789,6524000.0,XLB
2024-08-29,46.540000915527344,46.91999816894531,46.244998931884766,46.630001068115234,44.91177749633789,6051200.0,XLB
2024-08-30,46.7599983215332,47.209999084472656,46.53499984741211,47.13999938964844,45.402984619140625,8647400.0,XLB
2024-09-03,46.45500183105469,46.68000030517578,45.92499923706055,46.06999969482422,44.37240982055664,9503400.0,XLB
2024-09-04,46.185001373291016,46.380001068115234,45.83000183105469,45.880001068115234,44.18941116333008,6313400.0,XLB
2024-09-05,45.974998474121094,46.029998779296875,45.415000915527344,45.52000045776367,43.842674255371094,7587000.0,XLB
2024-09-06,45.45500183105469,45.724998474121094,44.85499954223633,44.94499969482422,43.28886413574219,10616400.0,XLB
2024-09-09,45.20500183105469,45.6150016784668,45.20500183105469,45.380001068115234,43.70783233642578,6412400.0,XLB
2024-09-10,45.36000061035156,45.40999984741211,45.03499984741211,45.400001525878906,43.72710037231445,6299800.0,XLB
2024-09-11,45.400001525878906,45.560001373291016,44.44499969482422,45.5099983215332,43.83304214477539,7392800.0,XLB
2024-09-12,45.654998779296875,45.939998626708984,45.39500045776367,45.93000030517578,44.23756790161133,5962800.0,XLB
2024-09-13,46.064998626708984,46.595001220703125,46.029998779296875,46.345001220703125,44.63727951049805,6459000.0,XLB
2024-09-16,46.54999923706055,46.86000061035156,46.415000915527344,46.775001525878906,45.05143356323242,5838600.0,XLB
2024-09-17,46.79499816894531,47.209999084472656,46.75,46.8650016784668,45.138118743896484,5881400.0,XLB
2024-09-18,46.96500015258789,47.21500015258789,46.54999923706055,46.665000915527344,44.94548416137695,11155400.0,XLB
2024-09-19,47.439998626708984,47.560001373291016,47.11000061035156,47.369998931884766,45.624507904052734,8351800.0,XLB
2024-09-20,47.314998626708984,47.314998626708984,46.849998474121094,47.03499984741211,45.30185317993164,9617400.0,XLB
2024-09-23,47.0099983215332,47.275001525878906,46.90999984741211,47.23500061035156,45.697540283203125,5159800.0,XLB
2024-09-24,47.65999984741211,47.959999084472656,47.564998626708984,47.880001068115234,46.3215446472168,7918800.0,XLB
2024-09-25,48.0099983215332,48.04999923706055,47.45000076293945,47.560001373291016,46.01195526123047,5815400.0,XLB
2024-09-26,48.07500076293945,48.6150016784668,48.07500076293945,48.54499816894531,46.96489715576172,10243400.0,XLB
2024-09-27,48.540000915527344,48.88999938964844,48.36000061035156,48.459999084472656,46.88266372680664,8498600.0,XLB
2024-09-30,48.380001068115234,48.435001373291016,47.82500076293945,48.189998626708984,46.62145233154297,7373600.0,XLB
2024-01-02,72.30999755859375,72.41999816894531,71.66500091552734,72.25,70.19556427001953,6003800.0,XLC
2024-01-03,72.06999969482422,72.5199966430664,71.87999725341797,71.9800033569336,69.9332504272461,7592700.0,XLC
2024-01-04,72.08999633789062,72.18000030517578,71.73999786376953,71.73999786376953,69.70005798339844,6665400.0,XLC
2024-01-05,71.80000305175781,72.44999694824219,71.73999786376953,72.04000091552734,69.99153137207031,5277300.0,XLC
2024-01-08,72.27999877929688,73.18499755859375,72.08999633789062,73.16000366210938,71.07969665527344,4658200.0,XLC
2024-01-09,72.80999755859375,73.26000213623047,72.66999816894531,73.01000213623047,70.93395233154297,3533000.0,XLC
2024-01-10,73.16000366210938,73.97699737548828,73.05000305175781,73.69000244140625,71.59461975097656,7234900.0,XLC
2024-01-11,74.0,74.01000213623047,72.80999755859375,73.44999694824219,71.3614501953125,6962800.0,XLC
2024-01-12,73.75,74.11000061035156,73.6500015258789,73.80999755859375,71.7112045288086,3862400.0,XLC
2024-01-16,73.5,73.73999786376953,73.13500213623047,73.38999938964844,71.30313873291016,6365600.0,XLC
2024-01-17,72.94999694824219,73.0199966430664,72.31999969482422,72.94000244140625,70.86595153808594,6561800.0,XLC
2024-01-18,73.06999969482422,73.87999725341797,73.06999969482422,73.83000183105469,71.73063659667969,6420400.0,XLC
2024-01-19,74.19999694824219,74.875,73.91000366210938,74.83000183105469,72.70220947265625,6446700.0,XLC
2024-01-22,75.20999908447266,75.66000366210938,74.94000244140625,74.9800033569336,72.84793090820312,5694400.0,XLC
2024-01-23,75.54000091552734,75.75900268554688,75.3550033569336,75.72000122070312,73.56690979003906,4663500.0,XLC
2024-01-24,76.48999786376953,76.91999816894531,76.1240005493164,76.19000244140625,74.02352905273438,6991100.0,XLC
2024-01-25,76.54000091552734,77.43000030517578,76.30999755859375,77.43000030517578,75.228271484375,6161800.0,XLC
2024-01-26,77.31999969482422,77.98500061035156,77.30000305175781,77.68000030517578,75.47115325927734,4718200.0,XLC
2024-01-29,77.63999938964844,78.38999938964844,77.37200164794922,78.33000183105469,76.10267639160156,4065400.0,XLC
2024-01-30,78.13999938964844,78.36000061035156,77.76000213623047,77.80000305175781,75.58775329589844,4596900.0,XLC
2024-01-31,76.33999633789062,76.94999694824219,75.83999633789062,75.87999725341797,73.72235107421875,9336400.0,XLC
2024-02-01,76.56999969482422,76.9800033569336,76.32499694824219,76.66000366210938,74.48016357421875,6907200.0,XLC
2024-02-02,79.06999969482422,80.21499633789062,78.30000305175781,79.73999786376953,77.47257995605469,11971800.0,XLC
2024-02-05,79.29000091552734,79.58000183105469,78.58999633789062,78.62000274658203,76.38443756103516,7886300.0,XLC
2024-02-06,79.02999877929688,79.22000122070312,78.23500061035156,78.37999725341797,76.15125274658203,6738300.0,XLC
2024-02-07,78.75,79.04000091552734,78.59300231933594,78.77999877929688,76.53987884521484,5980100.0,XLC
2024-02-08,79.29000091552734,79.30000305175781,78.76000213623047,79.08000183105469,76.83135986328125,4267600.0,XLC
2024-02-09,79.16000366210938,79.41500091552734,78.86100006103516,79.16999816894531,76.91877746582031,7624600.0,XLC
2024-02-12,79.12000274658203,80.19000244140625,79.08000183105469,79.41999816894531,77.16168212890625,4285300.0,XLC
2024-02-13,78.19000244140625,78.73999786376953,77.91999816894531,78.30000305175781,76.07353210449219,8023900.0,XLC
2024-02-14,79.08000183105469,79.56999969482422,78.62999725341797,79.55000305175781,77.28799438476562,7344700.0,XLC
2024-02-15,79.31999969482422,80.41999816894531,79.16999816894531,80.19999694824219,77.91949462890625,6672500.0,XLC
2024-02-16,79.76000213623047,79.83999633789062,78.86000061035156,78.94999694824219,76.70504760742188,7036600.0,XLC
2024-02-20,78.52999877929688,79.08999633789062,78.48999786376953,78.83000183105469,76.58845520019531,8030600.0,XLC
2024-02-21,78.58000183105469,78.79000091552734,78.23500061035156,78.73999786376953,76.50102233886719,6142700.0,XLC
2024-02-22,79.66000366210938,80.15599822998047,79.1500015258789,79.91999816894531,77.64746856689453,7108600.0,XLC
2024-02-23,79.8499984741211,80.23500061035156,79.56500244140625,79.72000122070312,77.45314025878906,7327500.0,XLC
2024-02-26,79.4000015258789,79.5,78.52999877929688,78.55999755859375,76.32613372802734,7872600.0,XLC
2024-02-27,78.61000061035156,79.20999908447266,78.5,79.19999694824219,76.94793701171875,4502500.0,XLC
2024-02-28,78.7699966430664,78.95999908447266,78.4800033569336,78.66000366210938,76.4233169555664,3774600.0,XLC
2024-02-29,79.16999816894531,79.61000061035156,78.66000366210938,79.36000061035156,77.10338592529297,6774300.0,XLC
2024-03-01,79.41999816894531,80.29499816894531,79.41500091552734,80.0199966430664,77.74462127685547,5829000.0,XLC
2024-03-04,79.83999633789062,79.88999938964844,78.86499786376953,78.97000122070312,76.7244873046875,7165800.0,XLC
2024-03-05,78.44000244140625,78.69000244140625,78.06999969482422,78.33000183105469,76.10267639160156,7602700.0,XLC
2024-03-06,78.95999908447266,79.06999969482422,78.18499755859375,78.44000244140625,76.20954895019531,6833300.0,XLC
2024-03-07,79.05000305175781,79.93000030517578,78.87999725341797,79.70999908447266,77.44344329833984,6460500.0,XLC
2024-03-08,79.83000183105469,80.73500061035156,79.19000244140625,79.58999633789062,77.32684326171875,8710000.0,XLC
2024-03-11,79.29000091552734,79.80999755859375,78.82499694824219,79.44000244140625,77.18110656738281,6934200.0,XLC
2024-03-12,79.83000183105469,80.41999816894531,79.4000015258789,80.13999938964844,77.8612060546875,7405100.0,XLC
2024-03-13,80.11000061035156,80.66999816894531,80.06999969482422,80.27999877929688,77.99723052978516,5496500.0,XLC
2024-03-14,80.54000091552734,80.5999984741211,79.62999725341797,80.08999633789062,77.8126220703125,7210300.0,XLC
2024-03-15,79.75,80.13999938964844,79.12999725341797,79.29000091552734,77.03539276123047,8166300.0,XLC
2024-03-18,80.55999755859375,81.00900268554688,80.44999694824219,80.69999694824219,78.61748504638672,5360600.0,XLC
2024-03-19,80.38999938964844,80.73999786376953,79.97000122070312,80.66999816894531,78.58824920654297,4777100.0,XLC
2024-03-20,80.80999755859375,81.77999877929688,80.55000305175781,81.62000274658203,79.51373291015625,4432700.0,XLC
2024-03-21,82.25,82.25,81.58999633789062,81.6500015258789,79.5429458618164,5377200.0,XLC
2024-03-22,81.86000061035156,82.16000366210938,81.66999816894531,81.81999969482422,79.70855712890625,3214200.0,XLC
2024-03-25,81.58999633789062,81.63999938964844,81.11000061035156,81.54000091552734,79.435791015625,3732500.0,XLC
2024-03-26,81.69000244140625,82.01499938964844,81.2699966430664,81.37000274658203,79.27017974853516,5441600.0,XLC
2024-03-27,81.75,81.86000061035156,81.12999725341797,81.79000091552734,79.6793441772461,4177800.0,XLC
2024-03-28,81.7699966430664,81.9000015258789,81.51000213623047,81.66000366210938,79.55270385742188,5294700.0,XLC
2024-04-01,81.55000305175781,82.31999969482422,81.36000061035156,82.29000091552734,80.16643524169922,5290700.0,XLC
2024-04-02,81.58000183105469,82.22000122070312,81.4000015258789,82.16000366210938,80.039794921875,5271200.0,XLC
2024-04-03,82.0999984741211,82.87999725341797,82.02999877929688,82.80999755859375,80.67301177978516,5158900.0,XLC
2024-04-04,83.19000244140625,83.58499908447266,81.66000366210938,81.69000244140625,79.58192443847656,8000500.0,XLC
2024-04-05,81.8499984741211,82.91000366210938,81.69000244140625,82.5199966430664,80.39049530029297,6619400.0,XLC
2024-04-08,82.65499877929688,82.9800033569336,82.44999694824219,82.52999877929688,80.40023803710938,3503100.0,XLC
2024-04-09,82.73999786376953,83.19000244140625,82.12000274658203,82.62000274658203,80.48793029785156,4733100.0,XLC
2024-04-10,81.83499908447266,82.12000274658203,81.58000183105469,81.97000122070312,79.85469818115234,6845300.0,XLC
2024-04-11,82.30000305175781,82.93499755859375,81.80000305175781,82.69000244140625,80.55611419677734,4072900.0,XLC
2024-04-12,82.1500015258789,82.31999969482422,81.19999694824219,81.33000183105469,79.2312240600586,5997200.0,XLC
2024-04-15,81.98999786376953,82.08999633789062,80.08999633789062,80.30000305175781,78.22779846191406,6494700.0,XLC
2024-04-16,80.06999969482422,80.4800033569336,79.82499694824219,80.02999877929688,77.96475219726562,7501000.0,XLC
2024-04-17,80.58000183105469,80.63999938964844,79.5199966430664,79.95999908447266,77.89656066894531,4862200.0,XLC
2024-04-18,80.23999786376953,81.01000213623047,80.12999725341797,80.3499984741211,78.27650451660156,4539400.0,XLC
2024-04-19,80.16999816894531,80.19999694824219,78.88999938964844,79.47000122070312,77.41921997070312,6854700.0,XLC
2024-04-22,80.0199966430664,80.22000122070312,78.94999694824219,79.58000183105469,77.5263900756836,5458300.0,XLC
2024-04-23,80.06999969482422,81.07499694824219,79.9800033569336,80.79000091552734,78.70514678955078,5068000.0,XLC
2024-04-24,81.05000305175781,81.2300033569336,80.12000274658203,80.83999633789062,78.75385284423828,6196600.0,XLC
2024-04-25,76.63999938964844,78.23999786376953,76.4800033569336,77.95999908447266,75.94818115234375,14354200.0,XLC
2024-04-26,79.87999725341797,80.29499816894531,79.38999938964844,80.11000061035156,78.04269409179688,13015600.0,XLC
2024-04-29,79.7699966430664,79.8499984741211,78.8499984741211,79.18000030517578,77.13668823242188,5357800.0,XLC
2024-04-30,78.9000015258789,79.05000305175781,77.86000061035156,77.86000061035156,75.85076141357422,7333500.0,XLC
2024-05-01,77.97000122070312,79.81999969482422,77.91000366210938,78.58000183105469,76.55217742919922,9300500.0,XLC
2024-05-02,78.94999694824219,79.48999786376953,78.37000274658203,79.37000274658203,77.32178497314453,6956800.0,XLC
2024-05-03,79.95999908447266,80.37999725341797,79.55000305175781,80.20999908447266,78.14010620117188,4813300.0,XLC
2024-05-06,80.58999633789062,81.30000305175781,80.37999725341797,81.30000305175781,79.20198059082031,4714000.0,XLC
2024-05-07,81.20999908447266,81.62000274658203,81.13999938964844,81.38999938964844,79.28965759277344,3453300.0,XLC
2024-05-08,80.5999984741211,81.69200134277344,80.58999633789062,81.26000213623047,79.16300964355469,2941300.0,XLC
2024-05-09,81.1500015258789,81.66999816894531,81.04000091552734,81.66999816894531,79.56243896484375,3995900.0,XLC
2024-05-10,81.5,81.86000061035156,81.25499725341797,81.79000091552734,79.6793441772461,3563900.0,XLC
2024-05-13,81.30000305175781,81.68000030517578,81.09500122070312,81.63999938964844,79.53321075439453,2715500.0,XLC
2024-05-14,81.75,82.0999984741211,81.61499786376953,82.01000213623047,79.89366912841797,2730100.0,XLC
2024-05-15,82.47000122070312,82.5999984741211,81.95999908447266,82.52999877929688,80.40023803710938,3487700.0,XLC
2024-05-16,82.3499984741211,82.68599700927734,82.26000213623047,82.47000122070312,80.34178924560547,3136600.0,XLC
2024-05-17,82.47000122070312,82.62999725341797,82.26000213623047,82.61000061035156,80.4781723022461,2714100.0,XLC
2024-05-20,82.48999786376953,82.94499969482422,82.43000030517578,82.8499984741211,80.71198272705078,2157300.0,XLC
2024-05-21,82.70999908447266,82.94000244140625,82.48999786376953,82.73999786376953,80.60482788085938,2317200.0,XLC
2024-05-22,82.5999984741211,82.97000122070312,82.52999877929688,82.83999633789062,80.7022476196289,2602600.0,XLC
2024-05-23,83.0,83.1500015258789,81.54100036621094,81.9000015258789,79.78651428222656,3534100.0,XLC
2024-05-24,82.27999877929688,83.02999877929688,82.16999816894531,82.94999694824219,80.80940246582031,2028000.0,XLC
2024-05-28,82.70999908447266,83.1500015258789,82.62999725341797,83.08999633789062,80.94578552246094,2786100.0,XLC
2024-05-29,82.51000213623047,83.01000213623047,82.48999786376953,82.6500015258789,80.51715850830078,2768800.0,XLC
2024-05-30,82.55000305175781,82.55000305175781,82.04000091552734,82.37999725341797,80.25411224365234,2942200.0,XLC
2024-05-31,82.26000213623047,83.30000305175781,81.80500030517578,83.26000213623047,81.11141967773438,3600000.0,XLC
2024-06-03,83.5,83.91999816894531,82.87999725341797,83.58999633789062,81.43289947509766,5947600.0,XLC
2024-06-04,83.44999694824219,84.0,83.23999786376953,83.91000366210938,81.74462890625,2879000.0,XLC
2024-06-05,84.44000244140625,84.95999908447266,84.31999969482422,84.93000030517578,82.7383041381836,4160500.0,XLC
2024-06-06,84.87000274658203,85.55000305175781,84.8499984741211,84.9800033569336,82.78702545166016,3184500.0,XLC
2024-06-07,84.97000122070312,85.2750015258789,84.3239974975586,84.4000015258789,82.22199249267578,3463000.0,XLC
2024-06-10,84.33000183105469,84.69999694824219,84.00499725341797,84.61000061035156,82.42657470703125,3442900.0,XLC
2024-06-11,84.45999908447266,84.83999633789062,84.19999694824219,84.7699966430664,82.58244323730469,5804300.0,XLC
2024-06-12,85.3499984741211,85.62999725341797,84.06999969482422,84.58999633789062,82.40708923339844,4248000.0,XLC
2024-06-13,84.1500015258789,84.22000122070312,83.69999694824219,83.86000061035156,81.69591522216797,3595500.0,XLC
2024-06-14,83.47000122070312,84.16000366210938,83.47000122070312,84.12999725341797,81.95895385742188,2402800.0,XLC
2024-06-17,83.80999755859375,84.78800201416016,83.40499877929688,84.52999877929688,82.34862518310547,3420600.0,XLC
2024-06-18,84.38999938964844,84.68000030517578,83.80999755859375,84.02999877929688,81.86153411865234,3004500.0,XLC
2024-06-20,84.0199966430664,84.44499969482422,83.87000274658203,84.38999938964844,82.21224212646484,3650900.0,XLC
2024-06-21,84.73999786376953,85.08499908447266,84.44999694824219,84.94000244140625,82.748046875,3724700.0,XLC
2024-06-24,85.0,85.5199966430664,84.81500244140625,85.0,83.02545166015625,3724900.0,XLC
2024-06-25,84.98999786376953,85.98999786376953,84.88999938964844,85.94999694824219,83.95337677001953,3225400.0,XLC
2024-06-26,85.4800033569336,86.05999755859375,85.4000015258789,85.95999908447266,83.96314239501953,2746500.0,XLC
2024-06-27,86.08999633789062,86.55000305175781,86.02999877929688,86.44999694824219,84.44178009033203,2988500.0,XLC
2024-06-28,86.41000366210938,87.0199966430664,85.62999725341797,85.66000366210938,83.67013549804688,4025100.0,XLC
2024-07-01,85.79000091552734,85.93000030517578,84.8949966430664,85.30000305175781,83.3184814453125,3213100.0,XLC
2024-07-02,85.08999633789062,86.05999755859375,85.04000091552734,86.05999755859375,84.06082153320312,2934400.0,XLC
2024-07-03,85.94000244140625,86.25499725341797,85.87999725341797,86.08999633789062,84.09012603759766,2081200.0,XLC
2024-07-05,86.06999969482422,87.8499984741211,86.06999969482422,87.76000213623047,85.72134399414062,3344400.0,XLC
2024-07-08,87.80000305175781,87.81999969482422,86.83999633789062,86.97000122070312,84.94969177246094,3043300.0,XLC
2024-07-09,87.38999938964844,87.52200317382812,87.11000061035156,87.23999786376953,85.2134017944336,2347500.0,XLC
2024-07-10,87.30000305175781,87.93499755859375,87.20999908447266,87.79000091552734,85.75064849853516,5169400.0,XLC
2024-07-11,87.5999984741211,87.86000061035156,86.33999633789062,86.58999633789062,84.57852172851562,3949100.0,XLC
2024-07-12,86.13999938964844,86.94000244140625,86.05000305175781,86.30999755859375,84.30502319335938,3443500.0,XLC
2024-07-15,86.27999877929688,87.30000305175781,86.23999786376953,86.62000274658203,84.60782623291016,3543000.0,XLC
2024-07-16,86.93000030517578,87.37999725341797,86.45999908447266,86.8499984741211,84.83247375488281,3843000.0,XLC
2024-07-17,86.0199966430664,86.16999816894531,85.33000183105469,85.54000091552734,83.55292510986328,5222000.0,XLC
2024-07-18,86.22000122070312,86.29000091552734,85.29000091552734,85.48999786376953,83.50405883789062,4524600.0,XLC
2024-07-19,85.77999877929688,85.97000122070312,85.02999877929688,85.11000061035156,83.13290405273438,3402800.0,XLC
2024-07-22,85.48999786376953,85.69000244140625,84.97000122070312,85.47000122070312,83.48455047607422,4204700.0,XLC
2024-07-23,85.33999633789062,85.80000305175781,84.94499969482422,85.3499984741211,83.36732482910156,4242400.0,XLC
2024-07-24,83.94000244140625,84.0999984741211,83.05000305175781,83.12000274658203,81.18913269042969,7701200.0,XLC
2024-07-25,83.31999969482422,83.79000091552734,82.13999938964844,82.16000366210938,80.25143432617188,7788500.0,XLC
2024-07-26,83.27999877929688,84.00499725341797,82.94000244140625,83.69999694824219,81.75565338134766,6660500.0,XLC
2024-07-29,84.0999984741211,84.83999633789062,83.86000061035156,84.44000244140625,82.47846221923828,4184300.0,XLC
2024-07-30,84.58999633789062,85.05000305175781,84.07499694824219,84.77999877929688,82.81056213378906,5373800.0,XLC
2024-07-31,85.55999755859375,86.19000244140625,85.36000061035156,85.79000091552734,83.79710388183594,4545600.0,XLC
2024-08-01,87.55999755859375,87.91999816894531,85.55999755859375,86.13999938964844,84.13896942138672,7523000.0,XLC
2024-08-02,85.36000061035156,85.94999694824219,84.26000213623047,84.73999786376953,82.77149963378906,9145600.0,XLC
2024-08-05,81.45999908447266,83.4800033569336,81.1500015258789,82.30999755859375,80.39794158935547,10799500.0,XLC
2024-08-06,82.48999786376953,84.26000213623047,82.41000366210938,83.27999877929688,81.34540557861328,9076800.0,XLC
2024-08-07,84.16999816894531,84.79000091552734,82.75,82.83999633789062,80.91563415527344,8590900.0,XLC
2024-08-08,83.20999908447266,84.55999755859375,83.12999725341797,84.48999786376953,82.52730560302734,7612000.0,XLC
2024-08-09,84.19999694824219,85.30000305175781,84.02999877929688,85.20999908447266,83.23057556152344,4385800.0,XLC
2024-08-12,85.30999755859375,85.30999755859375,84.43000030517578,84.62000274658203,82.65428161621094,3131900.0,XLC
2024-08-13,85.08999633789062,85.83499908447266,84.95999908447266,85.72000122070312,83.72874450683594,4184100.0,XLC
2024-08-14,85.4800033569336,85.70999908447266,84.86000061035156,85.2300033569336,83.25011444091797,4069000.0,XLC
2024-08-15,85.69999694824219,86.08999633789062,85.45999908447266,86.0,84.0022201538086,3665400.0,XLC
2024-08-16,85.98999786376953,86.51000213623047,85.9000015258789,86.26000213623047,84.25617980957031,3929000.0,XLC
2024-08-19,86.48999786376953,87.2699966430664,86.48999786376953,87.23999786376953,85.2134017944336,2807400.0,XLC
2024-08-20,87.11000061035156,87.51000213623047,87.01499938964844,87.18000030517578,85.15480041503906,3355800.0,XLC
2024-08-21,87.23999786376953,87.70999908447266,87.02999877929688,87.55000305175781,85.51622009277344,3298900.0,XLC
2024-08-22,87.88999938964844,88.0,86.62999725341797,86.88999938964844,84.87155151367188,2984400.0,XLC
2024-08-23,87.43000030517578,87.8499984741211,86.86000061035156,87.5,85.4673843383789,3009000.0,XLC
2024-08-26,87.6500015258789,87.94999694824219,87.3499984741211,87.69999694824219,85.6627197265625,2976700.0,XLC
2024-08-27,87.45999908447266,88.0199966430664,87.33000183105469,87.5,85.4673843383789,2554100.0,XLC
2024-08-28,87.45999908447266,87.56999969482422,86.48999786376953,86.91999816894531,84.9008560180664,3182900.0,XLC
2024-08-29,87.41999816894531,87.80999755859375,86.54000091552734,86.73999786376953,84.72502899169922,3240300.0,XLC
2024-08-30,87.16000366210938,87.38999938964844,86.44000244140625,87.31999969482422,85.29156494140625,3072400.0,XLC
2024-09-03,86.95999908447266,87.2300033569336,85.31500244140625,85.72000122070312,83.72874450683594,5599400.0,XLC
2024-09-04,85.47000122070312,86.5,85.24500274658203,85.30999755859375,83.32823944091797,5200200.0,XLC
2024-09-05,85.23999786376953,85.9800033569336,85.11000061035156,85.55999755859375,83.57244110107422,3562800.0,XLC
2024-09-06,85.69999694824219,86.12000274658203,83.68000030517578,83.7699966430664,81.82402038574219,4422300.0,XLC
2024-09-09,84.22000122070312,84.66999816894531,83.69499969482422,84.12999725341797,82.1756591796875,4120300.0,XLC
2024-09-10,84.44999694824219,84.69999694824219,83.5199966430664,84.11000061035156,82.15613555908203,3924200.0,XLC
2024-09-11,84.19000244140625,84.61000061035156,82.6500015258789,84.45999908447266,82.49800109863281,5549300.0,XLC
2024-09-12,84.95999908447266,86.06999969482422,84.95999908447266,86.04000091552734,84.04129028320312,4689000.0,XLC
2024-09-13,85.91999816894531,87.06500244140625,85.91999816894531,86.87000274658203,84.85201263427734,3026500.0,XLC
2024-09-16,87.13999938964844,87.83000183105469,86.77999877929688,87.77999877929688,85.74087524414062,3275300.0,XLC
2024-09-17,88.06999969482422,88.62999725341797,87.33000183105469,87.77999877929688,85.74087524414062,4079400.0,XLC
2024-09-18,87.94000244140625,88.5999984741211,87.56999969482422,87.70999908447266,85.67250061035156,5009700.0,XLC
2024-09-19,89.23999786376953,89.54000091552734,88.68000030517578,88.9000015258789,86.8348617553711,4036400.0,XLC
2024-09-20,89.02999877929688,89.12000274658203,88.43000030517578,88.9000015258789,86.8348617553711,5857700.0,XLC
2024-09-23,89.05999755859375,89.16999816894531,88.5999984741211,88.83000183105469,87.02982330322266,3361400.0,XLC
2024-09-24,88.94999694824219,89.28500366210938,88.33000183105469,89.25,87.44131469726562,2735700.0,XLC
2024-09-25,89.19000244140625,89.58000183105469,88.93000030517578,88.97000122070312,87.1669921875,2692100.0,XLC
2024-09-26,89.66999816894531,89.88999938964844,89.01499938964844,89.47000122070312,87.6568603515625,2245700.0,XLC
2024-09-27,89.73999786376953,90.3499984741211,89.6520004272461,90.01000213623047,88.18592071533203,2532000.0,XLC
2024-09-30,90.0,90.49500274658203,89.6449966430664,90.4000015258789,88.56800842285156,3269700.0,XLC
2024-01-02,42.21500015258789,42.7599983215332,42.154998779296875,42.369998931884766,39.14448928833008,39301800.0,XLE
2024-01-03,42.435001373291016,43.21500015258789,42.220001220703125,43.060001373291016,39.781959533691406,37936000.0,XLE
2024-01-04,43.369998931884766,43.55500030517578,42.279998779296875,42.30500030517578,39.08443832397461,42049000.0,XLE
2024-01-05,42.709999084472656,42.72999954223633,42.14500045776367,42.34000015258789,39.11677551269531,34029200.0,XLE
2024-01-08,41.619998931884766,41.900001525878906,41.04999923706055,41.849998474121094,38.6640739440918,47218600.0,XLE
2024-01-09,41.904998779296875,41.95000076293945,41.09000015258789,41.18000030517578,38.04507827758789,33750400.0,XLE
2024-01-10,41.2599983215332,41.275001525878906,40.61000061035156,40.775001525878906,37.67091369628906,33159800.0,XLE
2024-01-11,40.994998931884766,41.099998474121094,40.71500015258789,40.880001068115234,37.76791763305664,38588600.0,XLE
2024-01-12,41.5099983215332,41.67499923706055,41.09000015258789,41.34000015258789,38.192901611328125,38769200.0,XLE
2024-01-16,41.25,41.30500030517578,40.33000183105469,40.35499954223633,37.28288650512695,36031200.0,XLE
2024-01-17,39.939998626708984,40.41999816894531,39.849998474121094,40.02000045776367,36.973392486572266,39284200.0,XLE
2024-01-18,40.029998779296875,40.064998626708984,39.4900016784668,39.95500183105469,36.913333892822266,35705600.0,XLE
2024-01-19,39.935001373291016,40.09000015258789,39.79499816894531,40.084999084472656,37.0334358215332,39940200.0,XLE
2024-01-22,40.0,40.32500076293945,39.7400016784668,40.23500061035156,37.172019958496094,30136800.0,XLE
2024-01-23,40.16999816894531,40.64500045776367,40.11000061035156,40.31999969482422,37.25054931640625,24709200.0,XLE
2024-01-24,40.529998779296875,40.915000915527344,40.34000015258789,40.89500045776367,37.78178405761719,33841000.0,XLE
2024-01-25,41.185001373291016,41.83000183105469,40.939998626708984,41.814998626708984,38.631744384765625,37609400.0,XLE
2024-01-26,41.77000045776367,42.13999938964844,41.46500015258789,42.125,38.91814422607422,36469600.0,XLE
2024-01-29,42.060001373291016,42.125,41.625,42.064998626708984,38.86270523071289,29680600.0,XLE
2024-01-30,41.650001525878906,42.5099983215332,41.4900016784668,42.5,39.26459884643555,35341200.0,XLE
2024-01-31,42.5,42.58000183105469,41.685001373291016,41.70500183105469,38.53011703491211,38580800.0,XLE
2024-02-01,41.95500183105469,42.150001525878906,41.314998626708984,41.70000076293945,38.52549743652344,51101400.0,XLE
2024-02-02,42.04999923706055,42.09000015258789,41.40999984741211,41.7599983215332,38.580928802490234,38075000.0,XLE
2024-02-05,41.505001068115234,41.904998779296875,41.20500183105469,41.654998779296875,38.483917236328125,31593600.0,XLE
2024-02-06,41.86000061035156,42.20000076293945,41.6150016784668,41.790000915527344,38.608642578125,28056200.0,XLE
2024-02-07,41.90999984741211,42.09000015258789,41.53499984741211,41.875,38.687171936035156,26920400.0,XLE
2024-02-08,41.849998474121094,42.459999084472656,41.84000015258789,42.30500030517578,39.08443832397461,36201000.0,XLE
2024-02-09,42.3849983215332,42.564998626708984,41.61000061035156,41.654998779296875,38.483917236328125,38073400.0,XLE
2024-02-12,41.79999923706055,42.23500061035156,41.79999923706055,42.1150016784668,38.90890884399414,25893800.0,XLE
2024-02-13,42.154998779296875,42.29999923706055,41.41999816894531,41.689998626708984,38.51625061035156,41156800.0,XLE
2024-02-14,41.994998931884766,42.125,41.43000030517578,41.650001525878906,38.47930145263672,40894600.0,XLE
2024-02-15,41.63999938964844,42.93000030517578,41.60499954223633,42.810001373291016,39.550994873046875,43364400.0,XLE
2024-02-16,42.98500061035156,43.125,42.65999984741211,42.78499984741211,39.52789306640625,26960800.0,XLE
2024-02-20,42.83000183105469,42.85499954223633,42.34000015258789,42.39500045776367,39.1675910949707,28995600.0,XLE
2024-02-21,42.57500076293945,43.22999954223633,42.54499816894531,43.189998626708984,39.902069091796875,28745800.0,XLE
2024-02-22,42.915000915527344,43.44499969482422,42.709999084472656,43.26499938964844,39.97135925292969,35206800.0,XLE
2024-02-23,42.845001220703125,43.119998931884766,42.56999969482422,42.97999954223633,39.70804977416992,28952400.0,XLE
2024-02-26,42.93000030517578,43.415000915527344,42.71500015258789,43.130001068115234,39.84663391113281,23376400.0,XLE
2024-02-27,43.16999816894531,43.35499954223633,42.724998474121094,42.94499969482422,39.675716400146484,26317400.0,XLE
2024-02-28,43.0,43.32500076293945,42.689998626708984,42.86000061035156,39.59718704223633,26679600.0,XLE
2024-02-29,42.95000076293945,43.209999084472656,42.83000183105469,43.06999969482422,39.79119873046875,27335400.0,XLE
2024-03-01,43.380001068115234,43.77000045776367,43.30500030517578,43.56999969482422,40.253143310546875,32459600.0,XLE
2024-03-04,43.54499816894531,43.65999984741211,43.064998626708984,43.10499954223633,39.82353591918945,33198000.0,XLE
2024-03-05,43.040000915527344,43.70500183105469,42.98500061035156,43.42499923706055,40.11917495727539,32174200.0,XLE
2024-03-06,43.790000915527344,44.02000045776367,43.46500015258789,43.560001373291016,40.243896484375,28008800.0,XLE
2024-03-07,43.619998931884766,44.17499923706055,43.584999084472656,43.93000030517578,40.58572769165039,24569200.0,XLE
2024-03-08,43.869998931884766,44.095001220703125,43.7599983215332,44.084999084472656,40.72893142700195,28252000.0,XLE
2024-03-11,44.095001220703125,44.55500030517578,43.76499938964844,44.540000915527344,41.1492919921875,24983800.0,XLE
2024-03-12,44.53499984741211,44.65999984741211,44.23500061035156,44.470001220703125,41.08462142944336,23780600.0,XLE
2024-03-13,44.935001373291016,45.42499923706055,44.86000061035156,45.18000030517578,41.74057388305664,42725200.0,XLE
2024-03-14,45.36000061035156,45.665000915527344,45.185001373291016,45.64500045776367,42.1701774597168,35946000.0,XLE
2024-03-15,45.61000061035156,46.11000061035156,45.505001068115234,45.779998779296875,42.29489517211914,37753400.0,XLE
2024-03-18,45.595001220703125,45.72999954223633,45.21500015258789,45.56999969482422,42.44111633300781,30496800.0,XLE
2024-03-19,45.564998626708984,46.125,45.53499984741211,46.09000015258789,42.925411224365234,28545800.0,XLE
2024-03-20,45.82500076293945,46.189998626708984,45.755001068115234,46.025001525878906,42.8648796081543,32659400.0,XLE
2024-03-21,46.10499954223633,46.39500045776367,45.959999084472656,46.29999923706055,43.120994567871094,23334200.0,XLE
2024-03-22,46.31999969482422,46.435001373291016,46.084999084472656,46.20000076293945,43.02785873413086,17948800.0,XLE
2024-03-25,46.36000061035156,46.939998626708984,46.349998474121094,46.630001068115234,43.42833709716797,35074400.0,XLE
2024-03-26,46.67499923706055,46.779998779296875,46.18000030517578,46.27000045776367,43.093055725097656,35373800.0,XLE
2024-03-27,46.16999816894531,46.709999084472656,46.09000015258789,46.70000076293945,43.493534088134766,33960000.0,XLE
2024-03-28,46.974998474121094,47.290000915527344,46.75,47.20500183105469,43.9638557434082,34615200.0,XLE
2024-04-01,47.345001220703125,47.69499969482422,46.880001068115234,47.55500030517578,44.289817810058594,42899000.0,XLE
2024-04-02,47.7599983215332,48.27000045776367,47.54999923706055,48.220001220703125,44.9091682434082,38671200.0,XLE
2024-04-03,48.400001525878906,48.6150016784668,48.2400016784668,48.54999923706055,45.21650695800781,29148800.0,XLE
2024-04-04,48.625,48.79999923706055,48.33000183105469,48.52000045776367,45.188568115234375,36941200.0,XLE
2024-04-05,48.720001220703125,49.23500061035156,48.42499923706055,49.040000915527344,45.672855377197266,31194600.0,XLE
2024-04-08,49.064998626708984,49.20500183105469,48.64500045776367,48.72999954223633,45.38414764404297,34034600.0,XLE
2024-04-09,48.939998626708984,49.06999969482422,48.38999938964844,48.744998931884766,45.39811706542969,35322800.0,XLE
2024-04-10,48.61000061035156,49.07500076293945,48.400001525878906,48.89500045776367,45.537818908691406,39199600.0,XLE
2024-04-11,49.04999923706055,49.06999969482422,48.16999816894531,48.86000061035156,45.50522232055664,39204600.0,XLE
2024-04-12,49.16999816894531,49.48500061035156,47.834999084472656,48.064998626708984,44.764801025390625,46572400.0,XLE
2024-04-15,48.29499816894531,48.525001525878906,47.55500030517578,47.6150016784668,44.34571075439453,48690800.0,XLE
2024-04-16,47.525001525878906,47.744998931884766,46.8650016784668,47.20000076293945,43.959197998046875,36497600.0,XLE
2024-04-17,47.099998474121094,47.56999969482422,46.72999954223633,47.064998626708984,43.833465576171875,27421000.0,XLE
2024-04-18,47.224998474121094,47.36000061035156,46.755001068115234,46.91999816894531,43.698421478271484,25555600.0,XLE
2024-04-19,47.0099983215332,47.80500030517578,46.939998626708984,47.48500061035156,44.22463607788086,35451400.0,XLE
2024-04-22,47.23500061035156,48.119998931884766,46.86000061035156,47.79499816894531,44.51333999633789,30244400.0,XLE
2024-04-23,47.57500076293945,48.060001373291016,47.345001220703125,48.060001373291016,44.76014709472656,28657400.0,XLE
2024-04-24,47.7599983215332,48.150001525878906,47.529998779296875,48.095001220703125,44.79274368286133,21303800.0,XLE
2024-04-25,48.040000915527344,48.459999084472656,47.625,48.314998626708984,44.99763870239258,26500200.0,XLE
2024-04-26,47.880001068115234,48.060001373291016,47.380001068115234,47.869998931884766,44.58319091796875,32366600.0,XLE
2024-04-29,47.72999954223633,48.29999923706055,47.70000076293945,48.19499969482422,44.88588333129883,22236400.0,XLE
2024-04-30,48.0,48.084999084472656,46.7400016784668,46.7599983215332,43.54941177368164,35399000.0,XLE
2024-05-01,46.69499969482422,46.845001220703125,45.76499938964844,46.01499938964844,42.855560302734375,50943800.0,XLE
2024-05-02,46.32500076293945,46.595001220703125,46.060001373291016,46.279998779296875,43.10236740112305,34616800.0,XLE
2024-05-03,46.31999969482422,46.369998931884766,45.67499923706055,46.28499984741211,43.10702133178711,38087800.0,XLE
2024-05-06,46.43000030517578,47.119998931884766,46.43000030517578,46.650001525878906,43.446964263916016,33445600.0,XLE
2024-05-07,46.71500015258789,46.95000076293945,46.59000015258789,46.60499954223633,43.40504837036133,20942200.0,XLE
2024-05-08,46.334999084472656,46.775001525878906,46.26499938964844,46.54999923706055,43.353824615478516,19811800.0,XLE
2024-05-09,46.599998474121094,47.17499923706055,46.599998474121094,47.17499923706055,43.935909271240234,22489400.0,XLE
2024-05-10,47.275001525878906,47.43000030517578,46.790000915527344,46.915000915527344,43.69377136230469,20568400.0,XLE
2024-05-13,47.025001525878906,47.20000076293945,46.59000015258789,46.790000915527344,43.57735061645508,20978000.0,XLE
2024-05-14,46.70000076293945,46.8849983215332,46.5099983215332,46.849998474121094,43.633235931396484,24911600.0,XLE
2024-05-15,46.75,47.040000915527344,46.060001373291016,46.95500183105469,43.731021881103516,38792200.0,XLE
2024-05-16,46.849998474121094,47.189998626708984,46.70000076293945,46.82500076293945,43.60995101928711,24580200.0,XLE
2024-05-17,46.90999984741211,47.55500030517578,46.89500045776367,47.47999954223633,44.219974517822266,29001600.0,XLE
2024-05-20,47.5,47.60499954223633,47.05500030517578,47.16999816894531,43.93125915527344,20134600.0,XLE
2024-05-21,47.04999923706055,47.435001373291016,46.904998779296875,46.939998626708984,43.71704864501953,22467600.0,XLE
2024-05-22,46.75,46.77000045776367,45.85499954223633,46.040000915527344,42.878849029541016,34868000.0,XLE
2024-05-23,46.27000045776367,46.43000030517578,45.540000915527344,45.619998931884766,42.4876823425293,26931400.0,XLE
2024-05-24,45.974998474121094,46.095001220703125,45.55500030517578,45.685001373291016,42.54822540283203,19041400.0,XLE
2024-05-28,45.845001220703125,46.275001525878906,45.72999954223633,46.154998779296875,42.9859504699707,28904200.0,XLE
2024-05-29,46.025001525878906,46.064998626708984,45.1349983215332,45.34000015258789,42.22690963745117,30053600.0,XLE
2024-05-30,45.2400016784668,45.6349983215332,45.224998474121094,45.470001220703125,42.34798049926758,22731400.0,XLE
2024-05-31,45.54999923706055,46.6349983215332,45.505001068115234,46.599998474121094,43.400386810302734,32503000.0,XLE
2024-06-03,46.44499969482422,46.459999084472656,45.04499816894531,45.380001068115234,42.26416015625,40796600.0,XLE
2024-06-04,44.90999984741211,44.98500061035156,44.349998474121094,44.94499969482422,41.85902786254883,34721400.0,XLE
2024-06-05,45.0,45.06999969482422,44.665000915527344,44.939998626708984,41.854366302490234,21040200.0,XLE
2024-06-06,44.78499984741211,45.189998626708984,44.6150016784668,45.17499923706055,42.0732421875,25506600.0,XLE
2024-06-07,45.09000015258789,45.52000045776367,44.775001525878906,44.994998931884766,41.90559005737305,20089800.0,XLE
2024-06-10,45.165000915527344,45.60499954223633,44.994998931884766,45.334999084472656,42.22224807739258,22543800.0,XLE
2024-06-11,45.1349983215332,45.29499816894531,44.720001220703125,45.244998931884766,42.138431549072266,18591200.0,XLE
2024-06-12,45.619998931884766,45.6349983215332,44.53499984741211,44.7599983215332,41.686729431152344,32560600.0,XLE
2024-06-13,44.63999938964844,44.76499938964844,44.125,44.349998474121094,41.30487823486328,28495600.0,XLE
2024-06-14,44.29999923706055,44.349998474121094,43.834999084472656,44.02000045776367,40.99754333496094,25811400.0,XLE
2024-06-17,43.959999084472656,44.334999084472656,43.79999923706055,44.1349983215332,41.10464096069336,29547800.0,XLE
2024-06-18,44.41999816894531,44.880001068115234,44.209999084472656,44.31999969482422,41.276939392089844,29285800.0,XLE
2024-06-20,44.45000076293945,45.3650016784668,44.310001373291016,45.1349983215332,42.03598403930664,34073800.0,XLE
2024-06-21,45.255001068115234,45.380001068115234,44.810001373291016,44.875,41.7938346862793,39972600.0,XLE
2024-06-24,44.76499938964844,45.814998626708984,44.689998626708984,45.63999938964844,42.847660064697266,31188200.0,XLE
2024-06-25,45.599998474121094,45.75,45.349998474121094,45.744998931884766,42.94623565673828,27666600.0,XLE
2024-06-26,45.79499816894531,45.79499816894531,45.08000183105469,45.29499816894531,42.52376937866211,23127400.0,XLE
2024-06-27,45.53499984741211,45.584999084472656,45.14500045776367,45.400001525878906,42.62234115600586,15631600.0,XLE
2024-06-28,45.75,45.90999984741211,45.40999984741211,45.57500076293945,42.7866325378418,25670000.0,XLE
2024-07-01,45.939998626708984,46.09000015258789,45.33000183105469,45.599998474121094,42.81010437011719,24563200.0,XLE
2024-07-02,46.040000915527344,46.04999923706055,45.275001525878906,45.564998626708984,42.777244567871094,25226800.0,XLE
2024-07-03,45.60499954223633,45.974998474121094,45.525001525878906,45.76499938964844,42.96501159667969,16280000.0,XLE
2024-07-05,45.67499923706055,45.709999084472656,44.849998474121094,45.04999923706055,42.29375457763672,23450400.0,XLE
2024-07-08,44.724998474121094,45.189998626708984,44.599998474121094,44.775001525878906,42.03558349609375,19595000.0,XLE
2024-07-09,44.33000183105469,44.869998931884766,44.20000076293945,44.380001068115234,41.66474914550781,19086600.0,XLE
2024-07-10,44.33000183105469,44.69499969482422,44.19499969482422,44.68000030517578,41.94639587402344,19320800.0,XLE
2024-07-11,44.564998626708984,45.2400016784668,44.40999984741211,45.14500045776367,42.38294219970703,22684800.0,XLE
2024-07-12,45.400001525878906,45.46500015258789,44.92499923706055,45.2599983215332,42.490909576416016,18117200.0,XLE
2024-07-15,45.58000183105469,46.36000061035156,45.404998779296875,45.94499969482422,43.133995056152344,30792000.0,XLE
2024-07-16,45.75,46.19499969482422,45.51499938964844,46.150001525878906,43.32645797729492,24129400.0,XLE
2024-07-17,46.255001068115234,46.90999984741211,46.244998931884766,46.61000061035156,43.75830841064453,29435400.0,XLE
2024-07-18,46.560001373291016,47.255001068115234,46.39500045776367,46.69499969482422,43.83811569213867,32867600.0,XLE
2024-07-19,46.619998931884766,46.939998626708984,46.064998626708984,46.185001373291016,43.35931396484375,26500200.0,XLE
2024-07-22,45.939998626708984,46.15999984741211,45.6349983215332,45.89500045776367,43.087059020996094,21527600.0,XLE
2024-07-23,45.76499938964844,45.80500030517578,45.11000061035156,45.165000915527344,42.4017219543457,33103800.0,XLE
2024-07-24,45.28499984741211,45.57500076293945,44.86000061035156,45.16999816894531,42.40641784667969,29328600.0,XLE
2024-07-25,45.20000076293945,46.095001220703125,44.98500061035156,45.95000076293945,43.138694763183594,36437400.0,XLE
2024-07-26,45.83000183105469,46.290000915527344,45.665000915527344,46.095001220703125,43.274818420410156,23730800.0,XLE
2024-07-29,46.099998474121094,46.1349983215332,45.27000045776367,45.70000076293945,42.903987884521484,27156600.0,XLE
2024-07-30,45.69499969482422,46.55500030517578,45.63999938964844,46.40999984741211,43.5705451965332,25673200.0,XLE
2024-07-31,47.040000915527344,47.06999969482422,46.56999969482422,46.60499954223633,43.75361251831055,36173800.0,XLE
2024-08-01,46.5,46.73500061035156,45.1349983215332,45.369998931884766,42.594181060791016,42558400.0,XLE
2024-08-02,44.849998474121094,45.095001220703125,43.755001068115234,44.20000076293945,41.495758056640625,45836200.0,XLE
2024-08-05,43.25,43.59000015258789,42.73500061035156,43.224998474121094,40.58041000366211,50039200.0,XLE
2024-08-06,43.3849983215332,43.97999954223633,43.21500015258789,43.4900016784668,40.82919692993164,31418600.0,XLE
2024-08-07,44.02000045776367,44.470001220703125,43.63999938964844,43.665000915527344,40.99349594116211,26126000.0,XLE
2024-08-08,43.790000915527344,44.665000915527344,43.790000915527344,44.60499954223633,41.875980377197266,21596800.0,XLE
2024-08-09,44.540000915527344,44.89500045776367,44.255001068115234,44.70500183105469,41.96986389160156,22345600.0,XLE
2024-08-12,44.96500015258789,45.21500015258789,43.75,44.92499923706055,42.17640686035156,28785800.0,XLE
2024-08-13,44.584999084472656,44.625,44.27000045776367,44.4900016784668,41.76802444458008,31386400.0,XLE
2024-08-14,44.57500076293945,44.95000076293945,44.400001525878906,44.75,42.012107849121094,21657600.0,XLE
2024-08-15,45.005001068115234,45.43000030517578,44.96500015258789,45.28499984741211,42.514381408691406,18335200.0,XLE
2024-08-16,45.005001068115234,45.345001220703125,44.970001220703125,45.23500061035156,42.46744155883789,17753000.0,XLE
2024-08-19,45.310001373291016,45.92499923706055,45.310001373291016,45.540000915527344,42.753780364990234,21762600.0,XLE
2024-08-20,45.439998626708984,45.47999954223633,44.31999969482422,44.34000015258789,41.627193450927734,33866400.0,XLE
2024-08-21,44.619998931884766,44.845001220703125,44.290000915527344,44.415000915527344,41.697608947753906,22737800.0,XLE
2024-08-22,44.44499969482422,44.72999954223633,44.35499954223633,44.529998779296875,41.80556869506836,19595400.0,XLE
2024-08-23,44.7400016784668,45.27000045776367,44.685001373291016,45.19499969482422,42.42988586425781,20734600.0,XLE
2024-08-26,45.69499969482422,46.0,45.26499938964844,45.599998474121094,42.81010437011719,19514800.0,XLE
2024-08-27,45.599998474121094,45.724998474121094,45.095001220703125,45.17499923706055,42.41110610961914,16627200.0,XLE
2024-08-28,44.900001525878906,45.165000915527344,44.685001373291016,44.8849983215332,42.13884735107422,17049000.0,XLE
2024-08-29,45.150001525878906,45.63999938964844,44.724998474121094,45.470001220703125,42.68806076049805,22498800.0,XLE
2024-08-30,45.0099983215332,45.654998779296875,44.904998779296875,45.63999938964844,42.847660064697266,28085000.0,XLE
2024-09-03,44.89500045776367,44.96500015258789,44.224998474121094,44.505001068115234,41.78209686279297,38194200.0,XLE
2024-09-04,44.54999923706055,44.834999084472656,43.80500030517578,43.88999938964844,41.2047233581543,30114000.0,XLE
2024-09-05,44.20500183105469,44.2400016784668,43.5099983215332,43.54999923706055,40.88552474975586,24991200.0,XLE
2024-09-06,43.64500045776367,43.90999984741211,42.83000183105469,43.005001068115234,40.373878479003906,35912000.0,XLE
2024-09-09,43.1349983215332,43.71500015258789,43.06999969482422,43.314998626708984,40.66490173339844,32824400.0,XLE
2024-09-10,43.380001068115234,43.435001373291016,42.20500183105469,42.56999969482422,39.965484619140625,49326800.0,XLE
2024-09-11,42.564998626708984,42.584999084472656,41.5099983215332,42.17499923706055,39.59465026855469,48125800.0,XLE
2024-09-12,42.34000015258789,42.720001220703125,42.025001525878906,42.55500030517578,39.95140838623047,31762000.0,XLE
2024-09-13,42.77000045776367,43.1150016784668,42.66999816894531,42.79499816894531,40.176719665527344,26195400.0,XLE
2024-09-16,43.154998779296875,43.55500030517578,42.959999084472656,43.28499984741211,40.636741638183594,26875000.0,XLE
2024-09-17,43.29999923706055,43.900001525878906,43.20500183105469,43.869998931884766,41.185951232910156,25034600.0,XLE
2024-09-18,43.80500030517578,44.494998931884766,43.744998931884766,43.95500183105469,41.26575469970703,28209600.0,XLE
2024-09-19,44.70000076293945,44.97999954223633,44.23500061035156,44.47999954223633,41.75863265991211,37806800.0,XLE
2024-09-20,44.29499816894531,44.48500061035156,43.88999938964844,44.380001068115234,41.66474914550781,27961600.0,XLE
2024-09-23,44.099998474121094,44.779998779296875,43.95000076293945,44.560001373291016,42.17921447753906,26630200.0,XLE
2024-09-24,45.06999969482422,45.06999969482422,44.3849983215332,44.45000076293945,42.0750846862793,34627400.0,XLE
2024-09-25,44.334999084472656,44.470001220703125,43.4900016784668,43.58000183105469,41.2515754699707,27633600.0,XLE
2024-09-26,42.71500015258789,43.290000915527344,42.584999084472656,42.724998474121094,40.4422492980957,46896400.0,XLE
2024-09-27,42.95500183105469,43.65999984741211,42.93000030517578,43.595001220703125,41.265777587890625,30489600.0,XLE
2024-09-30,43.51499938964844,43.97999954223633,43.26499938964844,43.900001525878906,41.55447769165039,22806600.0,XLE
2024-01-02,37.5,37.779998779296875,37.43000030517578,37.7599983215332,36.35088348388672,31351900.0,XLF
2024-01-03,37.59000015258789,37.650001525878906,37.380001068115234,37.439998626708984,36.042823791503906,46909000.0,XLF
2024-01-04,37.56999969482422,37.88999938964844,37.52000045776367,37.59000015258789,36.187232971191406,36904200.0,XLF
2024-01-05,37.59000015258789,37.95000076293945,37.56999969482422,37.75,36.34125900268555,44852300.0,XLF
2024-01-08,37.7599983215332,38.0099983215332,37.560001373291016,37.9900016784668,36.572303771972656,39098300.0,XLF
2024-01-09,37.790000915527344,37.79999923706055,37.630001068115234,37.75,36.34125900268555,36338100.0,XLF
2024-01-10,37.689998626708984,37.84000015258789,37.56999969482422,37.810001373291016,36.39902114868164,37095500.0,XLF
2024-01-11,37.7599983215332,37.810001373291016,37.369998931884766,37.66999816894531,36.26424026489258,49043500.0,XLF
2024-01-12,37.849998474121094,37.9900016784668,37.45000076293945,37.599998474121094,36.19685745239258,41333900.0,XLF
2024-01-16,37.279998779296875,37.40999984741211,37.130001068115234,37.34000015258789,35.946556091308594,44042100.0,XLF
2024-01-17,37.02000045776367,37.41999816894531,37.0,37.27000045776367,35.87916564941406,38715900.0,XLF
2024-01-18,37.220001220703125,37.369998931884766,36.95000076293945,37.33000183105469,35.936927795410156,42064900.0,XLF
2024-01-19,37.470001220703125,37.97999954223633,37.349998474121094,37.93000030517578,36.514530181884766,59417700.0,XLF
2024-01-22,38.09000015258789,38.29999923706055,38.02000045776367,38.11000061035156,36.68782424926758,51828800.0,XLF
2024-01-23,38.09000015258789,38.20000076293945,38.0099983215332,38.16999816894531,36.745582580566406,46255500.0,XLF
2024-01-24,38.33000183105469,38.529998779296875,38.290000915527344,38.31999969482422,36.889984130859375,43975500.0,XLF
2024-01-25,38.470001220703125,38.54999923706055,38.27000045776367,38.5099983215332,37.07289505004883,50693800.0,XLF
2024-01-26,38.45000076293945,38.720001220703125,38.40999984741211,38.650001525878906,37.207672119140625,38620200.0,XLF
2024-01-29,38.529998779296875,38.779998779296875,38.43000030517578,38.75,37.30393600463867,44175600.0,XLF
2024-01-30,38.790000915527344,39.279998779296875,38.77000045776367,39.2400016784668,37.77565383911133,43229300.0,XLF
2024-01-31,39.15999984741211,39.45000076293945,38.7400016784668,38.7599983215332,37.31356430053711,65780900.0,XLF
2024-02-01,38.689998626708984,38.849998474121094,38.25,38.81999969482422,37.37133026123047,63445600.0,XLF
2024-02-02,38.689998626708984,39.15999984741211,38.66999816894531,38.97999954223633,37.525352478027344,61778400.0,XLF
2024-02-05,38.7599983215332,38.880001068115234,38.58000183105469,38.75,37.30393600463867,37351300.0,XLF
2024-02-06,38.70000076293945,38.88999938964844,38.650001525878906,38.83000183105469,37.380958557128906,41055700.0,XLF
2024-02-07,39.040000915527344,39.16999816894531,38.77000045776367,39.119998931884766,37.660133361816406,39018700.0,XLF
2024-02-08,38.939998626708984,39.09000015258789,38.720001220703125,38.970001220703125,37.51572799682617,47331500.0,XLF
2024-02-09,38.91999816894531,39.099998474121094,38.81999969482422,39.08000183105469,37.62162780761719,50680400.0,XLF
2024-02-12,39.08000183105469,39.43000030517578,38.9900016784668,39.2599983215332,37.79490661621094,39952700.0,XLF
2024-02-13,38.959999084472656,39.060001373291016,38.41999816894531,38.72999954223633,37.284690856933594,62948300.0,XLF
2024-02-14,38.959999084472656,39.130001068115234,38.810001373291016,39.099998474121094,37.64087677001953,58722500.0,XLF
2024-02-15,39.220001220703125,39.849998474121094,39.209999084472656,39.77000045776367,38.2858772277832,58107900.0,XLF
2024-02-16,39.72999954223633,39.810001373291016,39.54999923706055,39.630001068115234,38.151100158691406,37900000.0,XLF
2024-02-20,39.349998474121094,39.65999984741211,39.31999969482422,39.52000045776367,38.04520797729492,39952200.0,XLF
2024-02-21,39.470001220703125,39.63999938964844,39.33000183105469,39.63999938964844,38.160728454589844,40242400.0,XLF
2024-02-22,39.86000061035156,40.2400016784668,39.790000915527344,40.099998474121094,38.60356140136719,55188200.0,XLF
2024-02-23,40.25,40.470001220703125,40.220001220703125,40.29999923706055,38.79609298706055,42190500.0,XLF
2024-02-26,40.2599983215332,40.529998779296875,40.029998779296875,40.099998474121094,38.60356140136719,38370000.0,XLF
2024-02-27,40.13999938964844,40.220001220703125,39.939998626708984,40.209999084472656,38.70945739746094,42599500.0,XLF
2024-02-28,40.130001068115234,40.5,40.119998931884766,40.36000061035156,38.85385513305664,40040800.0,XLF
2024-02-29,40.459999084472656,40.54999923706055,40.16999816894531,40.34000015258789,38.83460235595703,37629700.0,XLF
2024-03-01,40.33000183105469,40.41999816894531,40.15999984741211,40.290000915527344,38.78647232055664,40794900.0,XLF
2024-03-04,40.220001220703125,40.5,40.209999084472656,40.38999938964844,38.88274002075195,53413200.0,XLF
2024-03-05,40.25,40.630001068115234,40.25,40.400001525878906,38.892364501953125,50770200.0,XLF
2024-03-06,40.459999084472656,40.72999954223633,40.279998779296875,40.61000061035156,39.09452819824219,58459500.0,XLF
2024-03-07,40.7599983215332,40.84000015258789,40.400001525878906,40.54999923706055,39.036766052246094,35505100.0,XLF
2024-03-08,40.61000061035156,40.83000183105469,40.56999969482422,40.619998931884766,39.10415267944336,47266600.0,XLF
2024-03-11,40.470001220703125,40.72999954223633,40.400001525878906,40.689998626708984,39.17154312133789,36233100.0,XLF
2024-03-12,40.779998779296875,40.97999954223633,40.63999938964844,40.86000061035156,39.33519744873047,53199300.0,XLF
2024-03-13,40.939998626708984,41.16999816894531,40.90999984741211,41.15999984741211,39.62400436401367,43471400.0,XLF
2024-03-14,41.16999816894531,41.25,40.61000061035156,40.83000183105469,39.30632019042969,65563400.0,XLF
2024-03-15,40.599998474121094,40.97999954223633,40.52000045776367,40.790000915527344,39.267818450927734,67568000.0,XLF
2024-03-18,40.779998779296875,40.91999816894531,40.58000183105469,40.869998931884766,39.492958068847656,39140600.0,XLF
2024-03-19,40.900001525878906,41.09000015258789,40.880001068115234,41.06999969482422,39.68622589111328,36748300.0,XLF
2024-03-20,41.02000045776367,41.59000015258789,40.95000076293945,41.560001373291016,40.15971374511719,52255300.0,XLF
2024-03-21,41.65999984741211,42.0,41.61000061035156,41.900001525878906,40.48825454711914,49209200.0,XLF
2024-03-22,41.95000076293945,42.040000915527344,41.38999938964844,41.41999816894531,40.02443313598633,32033000.0,XLF
2024-03-25,41.38999938964844,41.459999084472656,41.2599983215332,41.2599983215332,39.86982727050781,31784000.0,XLF
2024-03-26,41.40999984741211,41.529998779296875,41.27000045776367,41.400001525878906,40.00510787963867,30135500.0,XLF
2024-03-27,41.599998474121094,41.900001525878906,41.4900016784668,41.88999938964844,40.47859573364258,36670300.0,XLF
2024-03-28,41.939998626708984,42.220001220703125,41.869998931884766,42.119998931884766,40.70084762573242,41490200.0,XLF
2024-04-01,42.15999984741211,42.20000076293945,41.810001373291016,41.88999938964844,40.47859573364258,37537700.0,XLF
2024-04-02,41.7599983215332,41.81999969482422,41.599998474121094,41.66999816894531,40.2660026550293,36359800.0,XLF
2024-04-03,41.68000030517578,41.959999084472656,41.540000915527344,41.650001525878906,40.24668502807617,39715900.0,XLF
2024-04-04,42.0,42.08000183105469,41.130001068115234,41.18000030517578,39.792518615722656,52657500.0,XLF
2024-04-05,41.34000015258789,41.68000030517578,41.20000076293945,41.56999969482422,40.169376373291016,47540300.0,XLF
2024-04-08,41.58000183105469,41.81999969482422,41.560001373291016,41.75,40.34330749511719,35165700.0,XLF
2024-04-09,41.77000045776367,41.880001068115234,41.18000030517578,41.5099983215332,40.11139678955078,51953600.0,XLF
2024-04-10,41.11000061035156,41.27000045776367,40.7599983215332,40.88999938964844,39.51228713989258,59492800.0,XLF
2024-04-11,40.869998931884766,40.93000030517578,40.349998474121094,40.599998474121094,39.232059478759766,56870800.0,XLF
2024-04-12,40.33000183105469,40.5,39.90999984741211,40.060001373291016,38.71025848388672,81234800.0,XLF
2024-04-15,40.58000183105469,40.7400016784668,39.7400016784668,39.86000061035156,38.516990661621094,71800600.0,XLF
2024-04-16,39.88999938964844,39.97999954223633,39.529998779296875,39.59000015258789,38.25608825683594,66751300.0,XLF
2024-04-17,39.77000045776367,39.95000076293945,39.529998779296875,39.689998626708984,38.352718353271484,41561900.0,XLF
2024-04-18,39.869998931884766,40.18000030517578,39.7400016784668,39.83000183105469,38.48800277709961,48893400.0,XLF
2024-04-19,40.04999923706055,40.459999084472656,39.970001220703125,40.380001068115234,39.019474029541016,55513600.0,XLF
2024-04-22,40.599998474121094,41.099998474121094,40.43000030517578,40.869998931884766,39.492958068847656,50701200.0,XLF
2024-04-23,41.060001373291016,41.22999954223633,40.95000076293945,41.130001068115234,39.74420166015625,36488600.0,XLF
2024-04-24,41.02000045776367,41.18000030517578,40.90999984741211,41.119998931884766,39.73453140258789,33957500.0,XLF
2024-04-25,40.91999816894531,41.029998779296875,40.529998779296875,40.880001068115234,39.502628326416016,50365700.0,XLF
2024-04-26,40.810001373291016,41.04999923706055,40.720001220703125,40.81999969482422,39.44464874267578,35796900.0,XLF
2024-04-29,40.810001373291016,40.9900016784668,40.61000061035156,40.7599983215332,39.38666534423828,36596100.0,XLF
2024-04-30,40.66999816894531,40.7599983215332,40.36000061035156,40.36000061035156,39.00014114379883,34481600.0,XLF
2024-05-01,40.33000183105469,40.849998474121094,40.279998779296875,40.36000061035156,39.00014114379883,54717600.0,XLF
2024-05-02,40.63999938964844,40.70000076293945,40.16999816894531,40.459999084472656,39.09677505493164,37085100.0,XLF
2024-05-03,40.70000076293945,40.790000915527344,40.349998474121094,40.54999923706055,39.18373489379883,45012600.0,XLF
2024-05-06,40.86000061035156,41.06999969482422,40.77000045776367,41.06999969482422,39.68622589111328,42335600.0,XLF
2024-05-07,41.16999816894531,41.290000915527344,41.099998474121094,41.209999084472656,39.821502685546875,42601200.0,XLF
2024-05-08,41.16999816894531,41.43000030517578,41.060001373291016,41.36000061035156,39.966453552246094,28390900.0,XLF
2024-05-09,41.2599983215332,41.66999816894531,41.25,41.66999816894531,40.2660026550293,31594800.0,XLF
2024-05-10,41.81999969482422,41.90999984741211,41.77000045776367,41.83000183105469,40.420623779296875,34306800.0,XLF
2024-05-13,41.95000076293945,42.02000045776367,41.65999984741211,41.65999984741211,40.256343841552734,29570100.0,XLF
2024-05-14,41.81999969482422,41.900001525878906,41.65999984741211,41.869998931884766,40.45927429199219,30638300.0,XLF
2024-05-15,41.970001220703125,42.220001220703125,41.959999084472656,42.18000030517578,40.75882339477539,36138300.0,XLF
2024-05-16,42.220001220703125,42.380001068115234,42.15999984741211,42.18000030517578,40.75882339477539,36032700.0,XLF
2024-05-17,42.25,42.4900016784668,42.20000076293945,42.4900016784668,41.05837631225586,29813200.0,XLF
2024-05-20,42.400001525878906,42.459999084472656,41.88999938964844,41.90999984741211,40.49791717529297,35719600.0,XLF
2024-05-21,41.9900016784668,42.220001220703125,41.970001220703125,42.18000030517578,40.75882339477539,33413400.0,XLF
2024-05-22,42.09000015258789,42.27000045776367,41.849998474121094,41.939998626708984,40.52690887451172,38661100.0,XLF
2024-05-23,41.900001525878906,41.939998626708984,41.20000076293945,41.36000061035156,39.966453552246094,51768500.0,XLF
2024-05-24,41.439998626708984,41.619998931884766,41.439998626708984,41.61000061035156,40.208030700683594,23477300.0,XLF
2024-05-28,41.52000045776367,41.52000045776367,41.0,41.150001525878906,39.763526916503906,31004900.0,XLF
2024-05-29,40.81999969482422,40.95000076293945,40.70000076293945,40.81999969482422,39.44464874267578,40620200.0,XLF
2024-05-30,40.86000061035156,41.130001068115234,40.7599983215332,41.040000915527344,39.65723419189453,32769300.0,XLF
2024-05-31,41.119998931884766,41.68000030517578,41.0,41.63999938964844,40.23701858520508,38664000.0,XLF
2024-06-03,41.630001068115234,41.68000030517578,41.02000045776367,41.380001068115234,39.98577880859375,37855000.0,XLF
2024-06-04,41.15999984741211,41.5,41.0,41.189998626708984,39.802181243896484,27586400.0,XLF
2024-06-05,41.31999969482422,41.36000061035156,41.0099983215332,41.310001373291016,39.91813278198242,23817300.0,XLF
2024-06-06,41.380001068115234,41.5,41.130001068115234,41.290000915527344,39.8988037109375,39040200.0,XLF
2024-06-07,41.29999923706055,41.709999084472656,41.220001220703125,41.47999954223633,40.082401275634766,42273300.0,XLF
2024-06-10,41.29999923706055,41.369998931884766,41.04999923706055,41.31999969482422,39.927799224853516,31615200.0,XLF
2024-06-11,41.119998931884766,41.13999938964844,40.650001525878906,40.849998474121094,39.473628997802734,54584900.0,XLF
2024-06-12,41.27000045776367,41.31999969482422,40.75,40.810001373291016,39.43498611450195,46399800.0,XLF
2024-06-13,40.810001373291016,40.81999969482422,40.5,40.779998779296875,39.4059944152832,39497900.0,XLF
2024-06-14,40.5,40.72999954223633,40.369998931884766,40.650001525878906,39.28037643432617,29083000.0,XLF
2024-06-17,40.54999923706055,41.02000045776367,40.47999954223633,41.0099983215332,39.62824630737305,36076900.0,XLF
2024-06-18,40.959999084472656,41.27000045776367,40.91999816894531,41.27000045776367,39.879486083984375,38900300.0,XLF
2024-06-20,41.18000030517578,41.599998474121094,41.13999938964844,41.4900016784668,40.092071533203125,42869100.0,XLF
2024-06-21,41.38999938964844,41.43000030517578,41.09000015258789,41.33000183105469,39.93745803833008,42530600.0,XLF
2024-06-24,41.34000015258789,41.849998474121094,41.2400016784668,41.59000015258789,40.34782791137695,45252000.0,XLF
2024-06-25,41.5099983215332,41.63999938964844,41.15999984741211,41.279998779296875,40.047088623046875,32845400.0,XLF
2024-06-26,41.09000015258789,41.11000061035156,40.81999969482422,41.02000045776367,39.79484939575195,37978500.0,XLF
2024-06-27,40.900001525878906,41.02000045776367,40.720001220703125,40.970001220703125,39.7463493347168,25466100.0,XLF
2024-06-28,41.060001373291016,41.369998931884766,40.939998626708984,41.11000061035156,39.88216781616211,44045100.0,XLF
2024-07-01,41.279998779296875,41.54999923706055,41.029998779296875,41.20000076293945,39.969482421875,36131100.0,XLF
2024-07-02,41.119998931884766,41.68000030517578,41.099998474121094,41.68000030517578,40.435142517089844,27033100.0,XLF
2024-07-03,41.720001220703125,41.7599983215332,41.529998779296875,41.54999923706055,40.309024810791016,21113200.0,XLF
2024-07-05,41.63999938964844,41.63999938964844,41.29999923706055,41.540000915527344,40.29931640625,21421100.0,XLF
2024-07-08,41.599998474121094,41.849998474121094,41.380001068115234,41.43000030517578,40.192604064941406,27779300.0,XLF
2024-07-09,41.470001220703125,42.02000045776367,41.41999816894531,41.75,40.50304412841797,33140000.0,XLF
2024-07-10,41.54999923706055,41.91999816894531,41.529998779296875,41.90999984741211,40.65827178955078,28445400.0,XLF
2024-07-11,41.95000076293945,42.310001373291016,41.81999969482422,42.2400016784668,40.978416442871094,45836600.0,XLF
2024-07-12,42.189998626708984,42.560001373291016,42.08000183105469,42.380001068115234,41.114234924316406,39041200.0,XLF
2024-07-15,42.529998779296875,43.040000915527344,42.5,43.0,41.71571350097656,46561200.0,XLF
2024-07-16,43.029998779296875,43.5099983215332,42.95000076293945,43.4900016784668,42.19108200073242,52243100.0,XLF
2024-07-17,43.439998626708984,43.900001525878906,43.369998931884766,43.81999969482422,42.5112190246582,54773300.0,XLF
2024-07-18,43.66999816894531,44.11000061035156,43.189998626708984,43.290000915527344,41.99705505371094,58731300.0,XLF
2024-07-19,43.27000045776367,43.36000061035156,42.79999923706055,42.849998474121094,41.570194244384766,47220000.0,XLF
2024-07-22,42.95000076293945,43.16999816894531,42.75,43.09000015258789,41.80302810668945,29071100.0,XLF
2024-07-23,43.20000076293945,43.38999938964844,43.099998474121094,43.16999816894531,41.88063430786133,23800400.0,XLF
2024-07-24,43.040000915527344,43.130001068115234,42.58000183105469,42.58000183105469,41.30826187133789,47786900.0,XLF
2024-07-25,42.65999984741211,43.369998931884766,42.650001525878906,42.7400016784668,41.4634895324707,44862000.0,XLF
2024-07-26,42.970001220703125,43.540000915527344,42.95000076293945,43.40999984741211,42.113468170166016,32636300.0,XLF
2024-07-29,43.5099983215332,43.540000915527344,43.130001068115234,43.349998474121094,42.055267333984375,35195700.0,XLF
2024-07-30,43.619998931884766,44.0,43.599998474121094,43.849998474121094,42.54032897949219,31418700.0,XLF
2024-07-31,43.95000076293945,44.11000061035156,43.709999084472656,43.7400016784668,42.43361282348633,38694800.0,XLF
2024-08-01,43.900001525878906,43.959999084472656,42.93000030517578,43.119998931884766,41.83213424682617,47060900.0,XLF
2024-08-02,42.630001068115234,42.779998779296875,41.79999923706055,42.060001373291016,40.803794860839844,78599800.0,XLF
2024-08-05,41.13999938964844,41.22999954223633,40.65999984741211,40.84000015258789,39.6202278137207,107913600.0,XLF
2024-08-06,41.02000045776367,41.9900016784668,40.90999984741211,41.5,40.2605094909668,57668900.0,XLF
2024-08-07,41.959999084472656,42.36000061035156,41.4900016784668,41.54999923706055,40.309024810791016,43912600.0,XLF
2024-08-08,41.81999969482422,42.27000045776367,41.7599983215332,42.220001220703125,40.959014892578125,41260500.0,XLF
2024-08-09,42.209999084472656,42.5099983215332,42.040000915527344,42.400001525878906,41.133644104003906,23838800.0,XLF
2024-08-12,42.47999954223633,42.59000015258789,42.09000015258789,42.18000030517578,40.920204162597656,20509300.0,XLF
2024-08-13,42.43000030517578,42.560001373291016,42.119998931884766,42.529998779296875,41.2597541809082,24922000.0,XLF
2024-08-14,42.630001068115234,43.130001068115234,42.599998474121094,43.04999923706055,41.76422119140625,30673000.0,XLF
2024-08-15,43.459999084472656,43.689998626708984,43.310001373291016,43.45000076293945,42.152278900146484,33329000.0,XLF
2024-08-16,43.400001525878906,43.77000045776367,43.400001525878906,43.77000045776367,42.46272277832031,25338900.0,XLF
2024-08-19,43.779998779296875,44.02000045776367,43.779998779296875,44.0099983215332,42.6955451965332,24458600.0,XLF
2024-08-20,43.959999084472656,44.0,43.779998779296875,43.869998931884766,42.559730529785156,19620400.0,XLF
2024-08-21,43.939998626708984,43.9900016784668,43.56999969482422,43.79999923706055,42.491817474365234,19914100.0,XLF
2024-08-22,43.849998474121094,44.04999923706055,43.810001373291016,44.04999923706055,42.73435592651367,24738700.0,XLF
2024-08-23,44.18000030517578,44.540000915527344,44.09000015258789,44.43000030517578,43.103004455566406,32762500.0,XLF
2024-08-26,44.58000183105469,44.810001373291016,44.470001220703125,44.56999969482422,43.23882293701172,23716300.0,XLF
2024-08-27,44.65999984741211,44.81999969482422,44.58000183105469,44.79999923706055,43.46195983886719,21583500.0,XLF
2024-08-28,44.68000030517578,45.15999984741211,44.63999938964844,44.90999984741211,43.568668365478516,24726200.0,XLF
2024-08-29,45.060001373291016,45.459999084472656,44.75,45.310001373291016,43.95672607421875,33726600.0,XLF
2024-08-30,45.439998626708984,45.779998779296875,45.22999954223633,45.7400016784668,44.37388610839844,28967700.0,XLF
2024-09-03,45.5,45.880001068115234,45.189998626708984,45.400001525878906,44.04404067993164,39893900.0,XLF
2024-09-04,45.47999954223633,45.77000045776367,45.220001220703125,45.45000076293945,44.09253692626953,32006100.0,XLF
2024-09-05,45.63999938964844,45.65999984741211,44.75,44.95000076293945,43.60747528076172,39523500.0,XLF
2024-09-06,44.95000076293945,45.20000076293945,44.189998626708984,44.290000915527344,42.967185974121094,51331300.0,XLF
2024-09-09,44.709999084472656,45.20000076293945,44.650001525878906,44.95000076293945,43.60747528076172,41010900.0,XLF
2024-09-10,45.099998474121094,45.13999938964844,43.97999954223633,44.4900016784668,43.161216735839844,59115000.0,XLF
2024-09-11,44.31999969482422,44.349998474121094,43.380001068115234,44.279998779296875,42.957489013671875,59397500.0,XLF
2024-09-12,44.36000061035156,44.52000045776367,44.0,44.380001068115234,43.05450439453125,37732700.0,XLF
2024-09-13,44.5099983215332,44.689998626708984,44.40999984741211,44.5099983215332,43.18061828613281,32912300.0,XLF
2024-09-16,44.70000076293945,45.099998474121094,44.70000076293945,45.09000015258789,43.743289947509766,37063700.0,XLF
2024-09-17,45.189998626708984,45.47999954223633,45.13999938964844,45.33000183105469,43.97612762451172,27893300.0,XLF
2024-09-18,45.349998474121094,45.689998626708984,45.09000015258789,45.189998626708984,43.84030532836914,41783900.0,XLF
2024-09-19,45.650001525878906,45.810001373291016,45.34000015258789,45.689998626708984,44.325374603271484,46457700.0,XLF
2024-09-20,45.59000015258789,45.65999984741211,45.34000015258789,45.65999984741211,44.2962646484375,48699200.0,XLF
2024-09-23,45.4900016784668,45.66999816894531,45.36000061035156,45.439998626708984,44.24271774291992,31615300.0,XLF
2024-09-24,45.29999923706055,45.29999923706055,44.900001525878906,45.060001373291016,43.87273406982422,40341400.0,XLF
2024-09-25,45.08000183105469,45.13999938964844,44.650001525878906,44.790000915527344,43.60984802246094,32546900.0,XLF
2024-09-26,44.91999816894531,45.11000061035156,44.77000045776367,45.02000045776367,43.83378601074219,31445200.0,XLF
2024-09-27,45.119998931884766,45.439998626708984,45.04999923706055,45.150001525878906,43.960357666015625,23226100.0,XLF
2024-09-30,45.040000915527344,45.34000015258789,44.84000015258789,45.31999969482422,44.125877380371094,23593400.0,XLF
2024-01-02,113.2300033569336,113.94000244140625,112.48999786376953,112.83999633789062,109.10201263427734,8558700.0,XLI
2024-01-03,112.22000122070312,112.41999816894531,111.08999633789062,111.16000366210938,107.47769165039062,18631200.0,XLI
2024-01-04,111.36000061035156,112.23999786376953,111.2300033569336,111.30000305175781,107.61304473876953,10715900.0,XLI
2024-01-05,111.22000122070312,111.94000244140625,111.02999877929688,111.43000030517578,107.73873901367188,7888100.0,XLI
2024-01-08,111.12999725341797,112.16000366210938,110.63999938964844,112.16000366210938,108.44457244873047,10855900.0,XLI
2024-01-09,111.4000015258789,111.94000244140625,110.98999786376953,111.80999755859375,108.10616302490234,8452000.0,XLI
2024-01-10,111.83000183105469,112.5199966430664,111.7300033569336,112.37999725341797,108.65727233886719,9109100.0,XLI
2024-01-11,112.41000366210938,112.56999969482422,111.19999694824219,112.12000274658203,108.40589904785156,9081700.0,XLI
2024-01-12,112.5,112.75,111.66999816894531,112.11000061035156,108.3962173461914,6631000.0,XLI
2024-01-16,111.55000305175781,111.63999938964844,110.61000061035156,110.9800033569336,107.30364990234375,10834200.0,XLI
2024-01-17,110.19000244140625,110.94000244140625,109.94999694824219,110.2300033569336,106.57849884033203,7604700.0,XLI
2024-01-18,110.63999938964844,111.9000015258789,110.5,111.72000122070312,108.0191421508789,9060600.0,XLI
2024-01-19,111.9800033569336,112.73999786376953,111.0999984741211,112.44999694824219,108.7249526977539,10355700.0,XLI
2024-01-22,112.83999633789062,113.61000061035156,112.83999633789062,113.31999969482422,109.56613159179688,9912900.0,XLI
2024-01-23,113.3499984741211,113.72000122070312,112.73999786376953,113.2300033569336,109.47913360595703,10275200.0,XLI
2024-01-24,113.69000244140625,113.70999908447266,112.47000122070312,112.52999877929688,108.80229949951172,9638600.0,XLI
2024-01-25,113.08999633789062,113.62999725341797,112.80000305175781,113.61000061035156,109.84651947021484,9898900.0,XLI
2024-01-26,113.7300033569336,114.11000061035156,113.11000061035156,113.43000030517578,109.67249298095703,7031100.0,XLI
2024-01-29,113.31999969482422,114.18000030517578,113.16999816894531,114.16999816894531,110.38798522949219,5849900.0,XLI
2024-01-30,113.36000061035156,114.37000274658203,113.36000061035156,114.20999908447266,110.42666625976562,8300000.0,XLI
2024-01-31,114.12999725341797,114.33999633789062,112.87000274658203,112.88999938964844,109.1503677368164,14462300.0,XLI
2024-02-01,113.5999984741211,114.83999633789062,112.9800033569336,114.80999755859375,111.00677490234375,13946100.0,XLI
2024-02-02,114.56999969482422,116.08000183105469,114.12999725341797,115.58000183105469,111.75127410888672,12830200.0,XLI
2024-02-05,115.12000274658203,115.36000061035156,114.30000305175781,114.94999694824219,111.14213562011719,9536700.0,XLI
2024-02-06,115.08999633789062,116.04000091552734,114.81999969482422,115.9800033569336,112.13802337646484,8722800.0,XLI
2024-02-07,116.37000274658203,117.0999984741211,116.31999969482422,116.75,112.88251495361328,7557100.0,XLI
2024-02-08,117.02999877929688,117.0999984741211,116.29000091552734,116.7699966430664,112.90184783935547,8532300.0,XLI
2024-02-09,116.93000030517578,116.95999908447266,116.30000305175781,116.94999694824219,113.07588195800781,10106000.0,XLI
2024-02-12,116.87999725341797,117.44000244140625,116.7699966430664,117.12000274658203,113.24026489257812,8383200.0,XLI
2024-02-13,116.11000061035156,116.13999938964844,115.08999633789062,115.91999816894531,112.07999420166016,14054200.0,XLI
2024-02-14,116.80999755859375,117.91000366210938,116.68000030517578,117.86000061035156,113.95574188232422,11889500.0,XLI
2024-02-15,118.0,118.80999755859375,117.83000183105469,118.73999786376953,114.80658721923828,11644100.0,XLI
2024-02-16,118.47000122070312,118.86000061035156,117.9000015258789,118.02999877929688,114.12010192871094,8740900.0,XLI
2024-02-20,117.62000274658203,118.04000091552734,117.37999725341797,117.66000366210938,113.76236724853516,7392100.0,XLI
2024-02-21,117.68000030517578,118.18000030517578,117.3499984741211,118.12999725341797,114.21680450439453,8873000.0,XLI
2024-02-22,118.81999969482422,119.80999755859375,118.73999786376953,119.58999633789062,115.62844848632812,10604300.0,XLI
2024-02-23,119.86000061035156,120.4800033569336,119.76000213623047,120.22000122070312,116.23755645751953,8757400.0,XLI
2024-02-26,120.20999908447266,120.4800033569336,119.91000366210938,120.04000091552734,116.06352996826172,7951300.0,XLI
2024-02-27,120.30000305175781,120.33999633789062,119.72000122070312,120.22000122070312,116.23755645751953,6275500.0,XLI
2024-02-28,120.0999984741211,120.94000244140625,120.0,120.62999725341797,116.63398742675781,8324000.0,XLI
2024-02-29,121.0,121.2699966430664,120.41000366210938,121.0,116.99172973632812,9662100.0,XLI
2024-03-01,120.95999908447266,121.58999633789062,120.61000061035156,121.5199966430664,117.49449157714844,10782400.0,XLI
2024-03-04,121.5199966430664,122.30999755859375,121.5199966430664,121.95999908447266,117.91992950439453,11886600.0,XLI
2024-03-05,121.69000244140625,122.0199966430664,120.44999694824219,120.95999908447266,116.95304107666016,11999000.0,XLI
2024-03-06,121.44000244140625,122.2699966430664,121.30999755859375,121.58999633789062,117.56218719482422,8644800.0,XLI
2024-03-07,122.37000274658203,122.7300033569336,122.06999969482422,122.56999969482422,118.50971984863281,7936800.0,XLI
2024-03-08,122.86000061035156,123.5,121.95999908447266,122.30000305175781,118.24866485595703,10157100.0,XLI
2024-03-11,121.91999816894531,122.18000030517578,120.81999969482422,121.66999816894531,117.63953399658203,9179300.0,XLI
2024-03-12,121.66000366210938,122.33000183105469,121.0999984741211,122.20999908447266,118.1616439819336,9125300.0,XLI
2024-03-13,122.0199966430664,122.81999969482422,122.0199966430664,122.54000091552734,118.480712890625,8009300.0,XLI
2024-03-14,122.7300033569336,122.86000061035156,121.22000122070312,122.0199966430664,117.9779281616211,9684800.0,XLI
2024-03-15,121.52999877929688,122.52999877929688,121.47000122070312,122.04000091552734,117.99728393554688,10739900.0,XLI
2024-03-18,122.0999984741211,122.37999725341797,121.73999786376953,121.87999725341797,118.20675659179688,7178800.0,XLI
2024-03-19,121.93000030517578,122.94000244140625,121.86000061035156,122.93000030517578,119.2251205444336,8842400.0,XLI
2024-03-20,122.7699966430664,124.58999633789062,122.63999938964844,124.41000366210938,120.6605224609375,10400900.0,XLI
2024-03-21,124.98999786376953,125.94000244140625,124.79000091552734,125.63999938964844,121.85343933105469,9965100.0,XLI
2024-03-22,126.0,126.0999984741211,125.18000030517578,125.20999908447266,121.43639373779297,6771100.0,XLI
2024-03-25,125.18000030517578,125.2699966430664,124.31999969482422,124.4000015258789,120.65081787109375,7658200.0,XLI
2024-03-26,124.4000015258789,124.7300033569336,123.9000015258789,123.94999694824219,120.21436309814453,7292700.0,XLI
2024-03-27,124.75,125.94999694824219,124.68000030517578,125.94000244140625,122.1444091796875,7162900.0,XLI
2024-03-28,126.0999984741211,126.29000091552734,125.72000122070312,125.95999908447266,122.16381072998047,7287000.0,XLI
2024-04-01,126.08999633789062,126.16000366210938,124.91000366210938,124.98999786376953,121.22303771972656,6905300.0,XLI
2024-04-02,124.48999786376953,124.9000015258789,124.1500015258789,124.41000366210938,120.6605224609375,11049400.0,XLI
2024-04-03,124.31999969482422,125.4000015258789,124.31999969482422,125.05000305175781,121.28123474121094,7589900.0,XLI
2024-04-04,125.87000274658203,126.38999938964844,123.58000183105469,123.94999694824219,120.21436309814453,10659800.0,XLI
2024-04-05,124.3499984741211,126.0,124.29000091552734,125.66999816894531,121.8825454711914,10718600.0,XLI
2024-04-08,125.8499984741211,126.05999755859375,125.36000061035156,125.44999694824219,121.6691665649414,6096100.0,XLI
2024-04-09,125.62000274658203,125.95999908447266,123.7300033569336,125.16000366210938,121.38790893554688,9042200.0,XLI
2024-04-10,123.61000061035156,124.47000122070312,123.18000030517578,124.08999633789062,120.35015106201172,14119500.0,XLI
2024-04-11,124.1500015258789,124.73999786376953,123.19999694824219,124.2300033569336,120.48594665527344,8228700.0,XLI
2024-04-12,123.44999694824219,123.88999938964844,122.37999725341797,122.9000015258789,119.19602966308594,11604300.0,XLI
2024-04-15,124.58000183105469,124.76000213623047,121.6500015258789,122.0199966430664,118.34253692626953,10374500.0,XLI
2024-04-16,121.9800033569336,122.31999969482422,121.12000274658203,121.73999786376953,118.07098388671875,11046200.0,XLI
2024-04-17,122.41999816894531,122.44999694824219,120.36000061035156,121.11000061035156,117.45997619628906,11084200.0,XLI
2024-04-18,121.69000244140625,122.19000244140625,120.51000213623047,120.69000244140625,117.0526351928711,9195800.0,XLI
2024-04-19,120.94999694824219,121.62000274658203,120.16999816894531,120.47000122070312,116.83926391601562,10832100.0,XLI
2024-04-22,121.19999694824219,122.19000244140625,120.62999725341797,121.37999725341797,117.72183227539062,10484900.0,XLI
2024-04-23,122.23999786376953,123.23999786376953,122.05999755859375,123.06999969482422,119.36090087890625,9870000.0,XLI
2024-04-24,122.95999908447266,123.18000030517578,121.06999969482422,122.08999633789062,118.41043090820312,11063800.0,XLI
2024-04-25,121.41000366210938,122.75,120.5999984741211,122.45999908447266,118.76929473876953,10321200.0,XLI
2024-04-26,122.1500015258789,123.02999877929688,122.12999725341797,122.66000366210938,118.96326446533203,6958100.0,XLI
2024-04-29,122.91000366210938,123.58999633789062,122.87000274658203,123.4800033569336,119.75855255126953,6339800.0,XLI
2024-04-30,123.30000305175781,123.4800033569336,121.47000122070312,121.5199966430664,117.85760498046875,15475900.0,XLI
2024-05-01,121.33000183105469,122.8499984741211,120.91999816894531,121.22000122070312,117.56666564941406,15569500.0,XLI
2024-05-02,121.80000305175781,122.16000366210938,120.55999755859375,121.91999816894531,118.24554443359375,11999600.0,XLI
2024-05-03,123.06999969482422,123.20999908447266,122.19999694824219,122.7699966430664,119.06993865966797,9068500.0,XLI
2024-05-06,123.58000183105469,124.11000061035156,123.47000122070312,124.01000213623047,120.2725830078125,7157300.0,XLI
2024-05-07,124.23999786376953,124.70999908447266,124.02999877929688,124.3499984741211,120.6023178100586,5244200.0,XLI
2024-05-08,123.61000061035156,124.5199966430664,123.58999633789062,124.3499984741211,120.6023178100586,5062500.0,XLI
2024-05-09,124.58999633789062,125.58999633789062,124.44999694824219,125.58999633789062,121.8049545288086,6682000.0,XLI
2024-05-10,126.13999938964844,126.22000122070312,125.44000244140625,125.68000030517578,121.89225006103516,6038500.0,XLI
2024-05-13,125.95999908447266,126.0999984741211,125.08000183105469,125.1500015258789,121.37821197509766,5946900.0,XLI
2024-05-14,125.38999938964844,125.61000061035156,124.8499984741211,125.12000274658203,121.34912109375,5105700.0,XLI
2024-05-15,125.77999877929688,126.02999877929688,125.55999755859375,125.94000244140625,122.1444091796875,8404100.0,XLI
2024-05-16,125.72000122070312,125.95999908447266,125.13999938964844,125.19000244140625,121.4170150756836,7135900.0,XLI
2024-05-17,125.29000091552734,125.4800033569336,124.70999908447266,125.33000183105469,121.55280303955078,5714100.0,XLI
2024-05-20,125.36000061035156,126.02999877929688,125.23999786376953,125.56999969482422,121.78556060791016,4337600.0,XLI
2024-05-21,125.33999633789062,125.36000061035156,124.83999633789062,125.16000366210938,121.38790893554688,6010000.0,XLI
2024-05-22,124.97000122070312,125.62999725341797,124.62999725341797,125.30999755859375,121.53338623046875,7910500.0,XLI
2024-05-23,125.61000061035156,125.68000030517578,123.5999984741211,123.83000183105469,120.09800720214844,9078200.0,XLI
2024-05-24,124.30000305175781,124.7300033569336,123.79000091552734,124.45999908447266,120.7090072631836,7556800.0,XLI
2024-05-28,124.41000366210938,124.41000366210938,122.52999877929688,122.94000244140625,119.23482513427734,8525400.0,XLI
2024-05-29,121.9000015258789,121.98999786376953,121.0999984741211,121.19999694824219,117.54724884033203,16725400.0,XLI
2024-05-30,121.36000061035156,122.12000274658203,121.33000183105469,122.02999877929688,118.35224151611328,7816300.0,XLI
2024-05-31,122.31999969482422,123.55999755859375,121.33000183105469,123.51000213623047,119.78765869140625,9703500.0,XLI
2024-06-03,123.91000366210938,123.95999908447266,120.87000274658203,122.0,118.3231430053711,15241000.0,XLI
2024-06-04,121.75,122.2300033569336,121.01000213623047,121.69999694824219,118.0322036743164,10061500.0,XLI
2024-06-05,122.16000366210938,122.94999694824219,121.44000244140625,122.93000030517578,119.2251205444336,8666000.0,XLI
2024-06-06,122.79000091552734,123.08999633789062,121.72000122070312,122.19999694824219,118.51712036132812,6523900.0,XLI
2024-06-07,121.88999938964844,123.13999938964844,121.58000183105469,122.33000183105469,118.6432113647461,7036200.0,XLI
2024-06-10,122.1500015258789,122.87999725341797,122.08999633789062,122.70999908447266,119.01174926757812,6642600.0,XLI
2024-06-11,122.05000305175781,122.16999816894531,121.19999694824219,122.01000213623047,118.33285522460938,11217000.0,XLI
2024-06-12,123.13999938964844,123.88999938964844,122.62999725341797,123.16999816894531,119.4578857421875,11106700.0,XLI
2024-06-13,123.0,123.06999969482422,121.33999633789062,122.37999725341797,118.69169616699219,8056100.0,XLI
2024-06-14,121.33000183105469,121.33000183105469,119.66000366210938,121.1500015258789,117.49877166748047,15315800.0,XLI
2024-06-17,120.7300033569336,122.69000244140625,120.54000091552734,122.48999786376953,118.79837036132812,12522100.0,XLI
2024-06-18,122.45999908447266,123.16000366210938,122.2300033569336,123.1500015258789,119.43849182128906,8176500.0,XLI
2024-06-20,123.01000213623047,123.55999755859375,122.73999786376953,123.2300033569336,119.51608276367188,6350700.0,XLI
2024-06-21,123.20999908447266,123.27999877929688,121.91999816894531,122.97000122070312,119.263916015625,8231000.0,XLI
2024-06-24,122.87999725341797,124.20999908447266,122.61000061035156,123.06999969482422,119.77095031738281,8650600.0,XLI
2024-06-25,122.97000122070312,122.97000122070312,121.44999694824219,122.0199966430664,118.74908447265625,11365300.0,XLI
2024-06-26,121.86000061035156,121.87999725341797,121.20999908447266,121.69000244140625,118.42794036865234,7350500.0,XLI
2024-06-27,121.80999755859375,122.05000305175781,121.37999725341797,121.81999969482422,118.55445098876953,4804100.0,XLI
2024-06-28,122.16000366210938,122.95999908447266,121.27999877929688,121.87000274658203,118.6031265258789,9796400.0,XLI
2024-07-01,122.44000244140625,122.69000244140625,120.29000091552734,120.55999755859375,117.32823181152344,10008500.0,XLI
2024-07-02,120.37999725341797,121.26000213623047,120.29000091552734,121.22000122070312,117.97054290771484,6789000.0,XLI
2024-07-03,121.36000061035156,122.0999984741211,121.1500015258789,121.66000366210938,118.39875030517578,5467700.0,XLI
2024-07-05,121.62999725341797,121.62999725341797,120.25,121.22000122070312,117.97054290771484,6367100.0,XLI
2024-07-08,121.55999755859375,122.20999908447266,121.0,121.37000274658203,118.11651611328125,7405600.0,XLI
2024-07-09,121.43000030517578,121.62000274658203,120.80999755859375,120.83999633789062,117.60072326660156,4617900.0,XLI
2024-07-10,121.01000213623047,121.95999908447266,120.76000213623047,121.91999816894531,118.65176391601562,6930900.0,XLI
2024-07-11,122.23999786376953,123.91000366210938,122.05999755859375,123.47000122070312,120.16022491455078,11113900.0,XLI
2024-07-12,124.18000030517578,124.91000366210938,123.87000274658203,124.18000030517578,120.8511962890625,10565200.0,XLI
2024-07-15,124.55000305175781,125.66000366210938,124.27999877929688,125.06999969482422,121.71733093261719,9680800.0,XLI
2024-07-16,125.44000244140625,128.30999755859375,125.43000030517578,128.19000244140625,124.75370025634766,15501400.0,XLI
2024-07-17,127.62999725341797,127.9000015258789,126.5199966430664,126.55000305175781,123.15766906738281,14511200.0,XLI
2024-07-18,126.54000091552734,127.80999755859375,125.37999725341797,125.55999755859375,122.19420623779297,9267900.0,XLI
2024-07-19,125.83999633789062,126.0999984741211,124.58999633789062,124.87000274658203,121.52268981933594,9955300.0,XLI
2024-07-22,125.45999908447266,126.2300033569336,124.4800033569336,126.13999938964844,122.7586441040039,8334900.0,XLI
2024-07-23,125.51000213623047,126.58999633789062,125.44000244140625,125.9000015258789,122.52508544921875,9432900.0,XLI
2024-07-24,125.27999877929688,125.52999877929688,123.06999969482422,123.19000244140625,119.88772583007812,11370800.0,XLI
2024-07-25,123.3499984741211,126.0999984741211,123.02999877929688,124.18000030517578,120.8511962890625,14738900.0,XLI
2024-07-26,125.5999984741211,127.19000244140625,125.38999938964844,126.30000305175781,122.91437530517578,10620800.0,XLI
2024-07-29,126.69999694824219,126.69999694824219,125.68000030517578,126.08000183105469,122.70027160644531,8946500.0,XLI
2024-07-30,126.62000274658203,127.33999633789062,125.94000244140625,126.44999694824219,123.06033325195312,7811200.0,XLI
2024-07-31,127.91999816894531,129.07000732421875,127.29000091552734,127.86000061035156,124.43254852294922,10947600.0,XLI
2024-08-01,127.54000091552734,128.55999755859375,124.7300033569336,125.48999786376953,122.1260757446289,17283200.0,XLI
2024-08-02,124.12999725341797,124.3499984741211,121.56999969482422,122.7300033569336,119.44005584716797,16916300.0,XLI
2024-08-05,120.37999725341797,121.83999633789062,119.16999816894531,120.5999984741211,117.3671646118164,20012000.0,XLI
2024-08-06,121.30999755859375,123.77999877929688,120.77999877929688,122.05000305175781,118.77828979492188,13732600.0,XLI
2024-08-07,123.19999694824219,124.2300033569336,121.38999938964844,121.45999908447266,118.20410919189453,8307700.0,XLI
2024-08-08,122.36000061035156,124.3499984741211,122.33999633789062,124.26000213623047,120.92904663085938,7976800.0,XLI
2024-08-09,124.0999984741211,124.52999877929688,123.0,124.27999877929688,120.94850158691406,5891400.0,XLI
2024-08-12,124.29000091552734,124.4800033569336,123.25,123.6500015258789,120.33539581298828,5733400.0,XLI
2024-08-13,124.2300033569336,125.05000305175781,123.33999633789062,124.94999694824219,121.60054779052734,7808300.0,XLI
2024-08-14,124.91000366210938,125.68000030517578,124.83999633789062,125.45999908447266,122.09687042236328,5506400.0,XLI
2024-08-15,126.6500015258789,127.51000213623047,126.30000305175781,127.1500015258789,123.74156951904297,5717400.0,XLI
2024-08-16,126.98999786376953,127.33000183105469,126.41000366210938,126.97000122070312,123.56639862060547,5448600.0,XLI
2024-08-19,127.08000183105469,127.77999877929688,126.94000244140625,127.73999786376953,124.31575012207031,3482900.0,XLI
2024-08-20,127.68000030517578,127.8499984741211,127.01000213623047,127.38999938964844,123.97514343261719,6443300.0,XLI
2024-08-21,127.69000244140625,128.3800048828125,127.54000091552734,128.16000366210938,124.7245101928711,4989200.0,XLI
2024-08-22,128.3800048828125,128.6699981689453,127.5999984741211,128.0,124.56878662109375,6355600.0,XLI
2024-08-23,128.44000244140625,129.5800018310547,128.19000244140625,129.27999877929688,125.81448364257812,5888000.0,XLI
2024-08-26,129.55999755859375,130.0,128.8699951171875,129.13999938964844,125.67823028564453,6226600.0,XLI
2024-08-27,128.9499969482422,129.2899932861328,128.50999450683594,129.22000122070312,125.7560806274414,4000900.0,XLI
2024-08-28,129.27999877929688,129.9499969482422,128.50999450683594,129.16000366210938,125.69770812988281,4336300.0,XLI
2024-08-29,129.75999450683594,131.1999969482422,129.10000610351562,130.07000732421875,126.58329772949219,8226000.0,XLI
2024-08-30,130.52999877929688,131.58999633789062,129.58999633789062,131.4600067138672,127.93606567382812,8347900.0,XLI
2024-09-03,130.80999755859375,131.02000427246094,128.05999755859375,128.5500030517578,125.10405731201172,9332600.0,XLI
2024-09-04,128.47000122070312,129.4600067138672,128.19000244140625,128.67999267578125,125.23055267333984,7809700.0,XLI
2024-09-05,128.41000366210938,128.55999755859375,126.47000122070312,127.18000030517578,123.7707748413086,8044500.0,XLI
2024-09-06,127.33999633789062,128.27000427246094,125.63999938964844,125.88999938964844,122.5153579711914,9567300.0,XLI
2024-09-09,126.95999908447266,128.3300018310547,126.91999816894531,127.81999969482422,124.39362335205078,7283100.0,XLI
2024-09-10,128.32000732421875,128.32000732421875,126.97000122070312,128.0399932861328,124.60771179199219,6270200.0,XLI
2024-09-11,127.7300033569336,128.42999267578125,125.11000061035156,128.27000427246094,124.8315658569336,7969700.0,XLI
2024-09-12,128.3000030517578,129.27000427246094,127.58999633789062,129.25999450683594,125.7950210571289,7012600.0,XLI
2024-09-13,129.82000732421875,131.05999755859375,129.55999755859375,130.57000732421875,127.06991577148438,7913800.0,XLI
2024-09-16,131.13999938964844,132.02999877929688,130.4499969482422,131.24000549316406,127.72195434570312,6400800.0,XLI
2024-09-17,131.5,132.42999267578125,131.22000122070312,131.9600067138672,128.4226531982422,7820700.0,XLI
2024-09-18,132.1699981689453,133.6699981689453,131.64999389648438,131.85000610351562,128.3155975341797,9191600.0,XLI
2024-09-19,134.00999450683594,134.3699951171875,132.97000122070312,134.1199951171875,130.5247344970703,8957800.0,XLI
2024-09-20,133.0800018310547,133.4600067138672,132.44000244140625,133.17999267578125,129.60992431640625,10907500.0,XLI
2024-09-23,133.25999450683594,133.85000610351562,132.75999450683594,133.63999938964844,130.47987365722656,8284000.0,XLI
2024-09-24,134.00999450683594,134.63999938964844,133.6999969482422,134.60000610351562,131.4171905517578,7507900.0,XLI
2024-09-25,135.00999450683594,135.14999389648438,133.8699951171875,133.97000122070312,130.8020782470703,4422400.0,XLI
2024-09-26,135.05999755859375,135.47000122070312,134.47000122070312,134.63999938964844,131.45620727539062,6620700.0,XLI
2024-09-27,135.0500030517578,135.6999969482422,134.6199951171875,134.8300018310547,131.6417236328125,5859200.0,XLI
2024-09-30,134.8300018310547,135.57000732421875,134.0399932861328,135.44000244140625,132.23731994628906,5321200.0,XLI
2024-01-02,94.93000030517578,95.08000183105469,93.125,93.72000122070312,92.28047180175781,23545400.0,XLK
2024-01-03,92.86499786376953,93.375,92.5999984741211,92.76499938964844,91.34015655517578,18190000.0,XLK
2024-01-04,92.19499969482422,92.83499908447266,91.99500274658203,92.08499908447266,90.67058563232422,12127200.0,XLK
2024-01-05,92.19000244140625,92.8550033569336,91.70999908447266,92.05999755859375,90.6459732055664,16350600.0,XLK
2024-01-08,92.5250015258789,94.43499755859375,92.43000030517578,94.37000274658203,92.92049407958984,16434600.0,XLK
2024-01-09,93.6449966430664,94.79000091552734,93.44499969482422,94.5199966430664,93.06819152832031,10633800.0,XLK
2024-01-10,94.56500244140625,95.52999877929688,94.36499786376953,95.32499694824219,93.86083221435547,9785400.0,XLK
2024-01-11,95.79499816894531,96.2750015258789,94.46499633789062,95.80999755859375,94.33837127685547,13296600.0,XLK
2024-01-12,95.96499633789062,96.33999633789062,95.63999938964844,96.12000274658203,94.64361572265625,8834600.0,XLK
2024-01-16,96.0,96.76499938964844,95.44499969482422,96.36000061035156,94.87992858886719,11775600.0,XLK
2024-01-17,95.6449966430664,96.0,94.84500122070312,95.88500213623047,94.41222381591797,14109000.0,XLK
2024-01-18,97.16500091552734,97.91999816894531,96.80000305175781,97.83000183105469,96.32735443115234,18918800.0,XLK
2024-01-19,98.47000122070312,100.1050033569336,98.25499725341797,100.08499908447266,98.54771423339844,18333200.0,XLK
2024-01-22,100.57499694824219,101.13999938964844,100.1449966430664,100.5250015258789,98.98096466064453,14969000.0,XLK
2024-01-23,100.62000274658203,100.99500274658203,100.03500366210938,100.93000030517578,99.37972259521484,13263800.0,XLK
2024-01-24,101.625,102.6449966430664,101.33499908447266,101.625,100.0640640258789,17651200.0,XLK
2024-01-25,102.55999755859375,103.07499694824219,101.58000183105469,102.05000305175781,100.48253631591797,17071400.0,XLK
2024-01-26,101.33499908447266,101.78500366210938,100.6449966430664,100.875,99.3255844116211,10553000.0,XLK
2024-01-29,101.0,101.81999969482422,100.80000305175781,101.80000305175781,100.23636627197266,7639600.0,XLK
2024-01-30,101.76499938964844,101.91999816894531,100.6500015258789,100.95999908447266,99.4092788696289,12251600.0,XLK
2024-01-31,100.0,100.41000366210938,98.79000091552734,98.83999633789062,97.32183074951172,16295200.0,XLK
2024-02-01,99.23500061035156,100.2249984741211,99.16999816894531,100.08499908447266,98.54771423339844,14303400.0,XLK
2024-02-02,99.40499877929688,101.44000244140625,99.375,101.12000274658203,99.56681060791016,12872200.0,XLK
2024-02-05,101.52999877929688,101.63999938964844,100.4000015258789,101.3499984741211,99.79328155517578,10086200.0,XLK
2024-02-06,101.45999908447266,101.63500213623047,100.23500061035156,100.88500213623047,99.33543395996094,12677200.0,XLK
2024-02-07,101.59500122070312,102.24500274658203,101.19000244140625,102.22000122070312,100.64991760253906,11365800.0,XLK
2024-02-08,102.3949966430664,102.81500244140625,102.2699966430664,102.54000091552734,100.9649887084961,9948200.0,XLK
2024-02-09,102.97000122070312,104.05500030517578,102.8499984741211,103.91999816894531,102.32379913330078,11612200.0,XLK
2024-02-12,103.91500091552734,104.23500061035156,102.9800033569336,103.12999725341797,101.54593658447266,10753200.0,XLK
2024-02-13,100.8949966430664,102.05999755859375,100.58999633789062,101.37999725341797,99.82282257080078,19459400.0,XLK
2024-02-14,102.13500213623047,102.5199966430664,101.41500091552734,102.44000244140625,100.86654663085938,11791600.0,XLK
2024-02-15,102.57499694824219,102.67500305175781,101.65499877929688,102.2249984741211,100.65485382080078,10796400.0,XLK
2024-02-16,102.5,102.70500183105469,101.1500015258789,101.28500366210938,99.72927856445312,11090400.0,XLK
2024-02-20,100.69000244140625,101.05000305175781,99.25,100.25499725341797,98.71510314941406,17447600.0,XLK
2024-02-21,99.28500366210938,99.625,98.53500366210938,99.625,98.09478759765625,15954400.0,XLK
2024-02-22,102.19999694824219,103.16500091552734,101.96499633789062,102.88500213623047,101.30470275878906,18551600.0,XLK
2024-02-23,103.69999694824219,103.83000183105469,102.31999969482422,102.6449966430664,101.06839752197266,12324000.0,XLK
2024-02-26,103.09500122070312,103.3499984741211,102.63999938964844,102.74500274658203,101.16685485839844,18248800.0,XLK
2024-02-27,103.0250015258789,103.0250015258789,102.06999969482422,102.83499908447266,101.25545501708984,9984400.0,XLK
2024-02-28,102.49500274658203,102.62999725341797,101.9800033569336,102.3499984741211,100.77790832519531,8329000.0,XLK
2024-02-29,102.8949966430664,103.73500061035156,102.31999969482422,103.48999786376953,101.9004135131836,11986800.0,XLK
2024-03-01,103.75499725341797,105.52999877929688,103.70500183105469,105.37999725341797,103.76138305664062,13136800.0,XLK
2024-03-04,105.2300033569336,105.98500061035156,104.99500274658203,105.37999725341797,103.76138305664062,20443800.0,XLK
2024-03-05,104.33999633789062,104.38999938964844,102.125,102.79000091552734,101.21117401123047,18042800.0,XLK
2024-03-06,103.86499786376953,104.38500213623047,102.91000366210938,103.6050033569336,102.01364135742188,14303200.0,XLK
2024-03-07,104.48999786376953,105.55999755859375,103.97000122070312,105.23999786376953,103.62354278564453,12120800.0,XLK
2024-03-08,105.43000030517578,106.17500305175781,103.61000061035156,103.67500305175781,102.08257293701172,14912200.0,XLK
2024-03-11,103.19999694824219,103.62000274658203,102.6449966430664,103.38999938964844,101.80194091796875,15648400.0,XLK
2024-03-12,104.38500213623047,105.5199966430664,103.3949966430664,105.51000213623047,103.88938903808594,17382800.0,XLK
2024-03-13,105.19000244140625,105.25,103.93499755859375,104.37000274658203,102.76689910888672,12815400.0,XLK
2024-03-14,104.80999755859375,105.18000030517578,103.75499725341797,104.38999938964844,102.78658294677734,16023200.0,XLK
2024-03-15,102.88999938964844,103.36000061035156,102.3949966430664,102.81500244140625,101.23578643798828,19633400.0,XLK
2024-03-18,103.54499816894531,104.20999908447266,103.06999969482422,103.1500015258789,101.73335266113281,14176600.0,XLK
2024-03-19,102.6449966430664,103.69999694824219,102.12999725341797,103.68499755859375,102.26099395751953,13390200.0,XLK
2024-03-20,103.76499938964844,104.87999725341797,103.4000015258789,104.84500122070312,103.40507507324219,13357400.0,XLK
2024-03-21,105.96499633789062,105.96499633789062,104.83000183105469,104.91999816894531,103.47904205322266,12312000.0,XLK
2024-03-22,104.92500305175781,105.33999633789062,104.55000305175781,104.95500183105469,103.5135726928711,11507000.0,XLK
2024-03-25,103.95999908447266,104.70500183105469,103.66000366210938,104.26000213623047,102.82811737060547,8777800.0,XLK
2024-03-26,104.63500213623047,104.80500030517578,103.74500274658203,103.83000183105469,102.40400695800781,8538400.0,XLK
2024-03-27,104.48500061035156,104.54000091552734,103.55999755859375,104.36000061035156,102.92674255371094,12495000.0,XLK
2024-03-28,104.11499786376953,104.43499755859375,103.92500305175781,104.13500213623047,102.70481872558594,8854400.0,XLK
2024-04-01,104.3550033569336,105.03500366210938,104.04499816894531,104.42500305175781,102.99083709716797,11654800.0,XLK
2024-04-02,103.26499938964844,103.56999969482422,102.58000183105469,103.41999816894531,101.99964141845703,11418200.0,XLK
2024-04-03,102.9000015258789,104.2300033569336,102.875,103.69499969482422,102.27086639404297,10670000.0,XLK
2024-04-04,104.68499755859375,105.05000305175781,102.0,102.05500030517578,100.65338897705078,16464800.0,XLK
2024-04-05,102.5,103.75,102.21499633789062,103.2249984741211,101.80731964111328,12808800.0,XLK
2024-04-08,103.29000091552734,103.62999725341797,102.7249984741211,103.1050033569336,101.68896484375,8125800.0,XLK
2024-04-09,103.63500213623047,103.8499984741211,102.33000183105469,103.625,102.20182800292969,9400800.0,XLK
2024-04-10,102.44499969482422,102.73500061035156,101.91500091552734,102.3550033569336,100.94927215576172,13836800.0,XLK
2024-04-11,102.80999755859375,104.56999969482422,102.31500244140625,104.4000015258789,102.96617889404297,10563600.0,XLK
2024-04-12,103.15499877929688,103.63999938964844,102.33000183105469,102.70999908447266,101.29939270019531,16186800.0,XLK
2024-04-15,103.33999633789062,103.40499877929688,100.6050033569336,100.76000213623047,99.37617492675781,17189000.0,XLK
2024-04-16,100.9800033569336,101.50499725341797,100.4800033569336,100.87999725341797,99.4945297241211,14914000.0,XLK
2024-04-17,101.25,101.41999816894531,99.3499984741211,99.42500305175781,98.05951690673828,13090400.0,XLK
2024-04-18,99.3949966430664,99.6500015258789,98.18499755859375,98.29000091552734,96.94010162353516,15280600.0,XLK
2024-04-19,97.91500091552734,98.23500061035156,96.0199966430664,96.26499938964844,94.94290161132812,21880000.0,XLK
2024-04-22,97.00499725341797,97.70999908447266,96.04000091552734,97.125,95.79109954833984,13293400.0,XLK
2024-04-23,97.52999877929688,98.70999908447266,97.38500213623047,98.56500244140625,97.21133422851562,12151600.0,XLK
2024-04-24,99.29499816894531,99.70500183105469,98.47000122070312,99.01499938964844,97.6551513671875,9160200.0,XLK
2024-04-25,97.77999877929688,98.98500061035156,97.34500122070312,98.80000305175781,97.4430923461914,11568000.0,XLK
2024-04-26,99.58000183105469,100.6449966430664,99.19000244140625,99.91500091552734,98.54277038574219,10104200.0,XLK
2024-04-29,100.43000030517578,100.58000183105469,99.76000213623047,100.34500122070312,98.96687316894531,7494800.0,XLK
2024-04-30,100.0,100.40499877929688,98.1050033569336,98.13500213623047,96.78722381591797,14929000.0,XLK
2024-05-01,97.61000061035156,99.25,97.11000061035156,97.12999725341797,95.79602813720703,20453600.0,XLK
2024-05-02,98.37000274658203,98.66500091552734,97.12999725341797,98.52999877929688,97.17681121826172,13340000.0,XLK
2024-05-03,101.19499969482422,101.61499786376953,100.83499908447266,101.2750015258789,99.88410949707031,13316400.0,XLK
2024-05-06,101.66000366210938,102.46499633789062,101.50499725341797,102.46499633789062,101.0577621459961,8021000.0,XLK
2024-05-07,102.76499938964844,102.81500244140625,102.12000274658203,102.12999725341797,100.72735595703125,10020800.0,XLK
2024-05-08,101.76499938964844,102.52999877929688,101.73999786376953,102.41999816894531,101.01338195800781,7176000.0,XLK
2024-05-09,102.25499725341797,102.47000122070312,101.87999725341797,102.38999938964844,100.98379516601562,9589600.0,XLK
2024-05-10,102.92500305175781,103.38500213623047,102.44499969482422,102.7699966430664,101.35855102539062,8753800.0,XLK
2024-05-13,103.5250015258789,103.61000061035156,102.93000030517578,103.25499725341797,101.83689880371094,6582000.0,XLK
2024-05-14,103.22000122070312,104.31500244140625,103.16000366210938,104.16999816894531,102.73933410644531,9825200.0,XLK
2024-05-15,104.82499694824219,106.55000305175781,104.75,106.51499938964844,105.05213165283203,14308600.0,XLK
2024-05-16,106.58000183105469,106.91000366210938,106.0999984741211,106.1449966430664,104.68720245361328,12066600.0,XLK
2024-05-17,106.38999938964844,106.45500183105469,105.33000183105469,105.91000366210938,104.4554443359375,7616000.0,XLK
2024-05-20,106.01499938964844,107.3550033569336,105.91999816894531,107.15499877929688,105.68334197998047,6276800.0,XLK
2024-05-21,106.74500274658203,107.50499725341797,106.55500030517578,107.33000183105469,105.85594940185547,6140400.0,XLK
2024-05-22,107.63500213623047,107.96499633789062,106.93499755859375,107.56999969482422,106.0926513671875,11783000.0,XLK
2024-05-23,108.80000305175781,108.80999755859375,106.3550033569336,106.69499969482422,105.22966766357422,9400400.0,XLK
2024-05-24,106.96499633789062,107.82499694824219,106.61000061035156,107.59500122070312,106.11730194091797,5906400.0,XLK
2024-05-28,108.20500183105469,108.29000091552734,107.375,108.05000305175781,106.5660629272461,8786400.0,XLK
2024-05-29,106.91000366210938,107.87999725341797,106.91000366210938,107.36499786376953,105.89046478271484,8569000.0,XLK
2024-05-30,106.16999816894531,106.33000183105469,104.58999633789062,104.91500091552734,103.47411346435547,10450600.0,XLK
2024-05-31,105.2249984741211,105.24500274658203,102.76499938964844,105.08000183105469,103.6368408203125,12081000.0,XLK
2024-06-03,105.88500213623047,105.9800033569336,104.08499908447266,105.34500122070312,103.89820861816406,9628000.0,XLK
2024-06-04,105.29000091552734,105.73500061035156,104.75,105.56500244140625,104.11518859863281,6405400.0,XLK
2024-06-05,106.4000015258789,107.91000366210938,106.2300033569336,107.91000366210938,106.427978515625,8788800.0,XLK
2024-06-06,107.97000122070312,108.04499816894531,107.26499938964844,107.55000305175781,106.07292938232422,7057600.0,XLK
2024-06-07,107.66500091552734,108.26000213623047,107.2699966430664,107.80000305175781,106.3194808959961,6398600.0,XLK
2024-06-10,107.43499755859375,108.36499786376953,107.36499786376953,108.07499694824219,106.59071350097656,6734800.0,XLK
2024-06-11,107.80000305175781,110.11499786376953,107.75,110.08499908447266,108.57310485839844,12719200.0,XLK
2024-06-12,111.18000030517578,113.65499877929688,110.9749984741211,112.5199966430664,110.97465515136719,17821200.0,XLK
2024-06-13,113.56500244140625,113.87999725341797,112.72000122070312,113.41000366210938,111.8524398803711,12693600.0,XLK
2024-06-14,113.25,113.9000015258789,113.17500305175781,113.83499908447266,112.2716064453125,7864600.0,XLK
2024-06-17,114.11499786376953,115.96499633789062,113.7249984741211,115.55999755859375,113.97291564941406,11602600.0,XLK
2024-06-18,115.67500305175781,116.08499908447266,115.24500274658203,115.70500183105469,114.11593627929688,8677800.0,XLK
2024-06-20,116.2249984741211,116.29499816894531,114.0199966430664,114.40499877929688,112.83377075195312,13243000.0,XLK
2024-06-21,114.43000030517578,114.87999725341797,113.68499755859375,114.20500183105469,112.63652038574219,13560200.0,XLK
2024-06-24,112.81999969482422,113.33000183105469,111.18000030517578,111.20999908447266,109.87506866455078,13748600.0,XLK
2024-06-25,112.0250015258789,113.30999755859375,111.3949966430664,113.25,111.89057922363281,9126200.0,XLK
2024-06-26,113.08000183105469,113.65499877929688,112.23999786376953,113.12000274658203,111.76214599609375,9459600.0,XLK
2024-06-27,112.9000015258789,113.73500061035156,112.76499938964844,113.17500305175781,111.81648254394531,7923600.0,XLK
2024-06-28,113.56999969482422,115.19499969482422,112.95999908447266,113.11499786376953,111.75719451904297,12488200.0,XLK
2024-07-01,113.28500366210938,114.16000366210938,111.63999938964844,113.97000122070312,112.6019515991211,9281600.0,XLK
2024-07-02,112.9800033569336,114.55000305175781,112.9800033569336,114.54000091552734,113.16510009765625,7076600.0,XLK
2024-07-03,114.375,116.13999938964844,114.27999877929688,116.08499908447266,114.6915512084961,6249200.0,XLK
2024-07-05,116.21499633789062,116.95500183105469,115.73500061035156,116.44000244140625,115.04229736328125,6671800.0,XLK
2024-07-08,116.81500244140625,117.57499694824219,116.61499786376953,117.23500061035156,115.82775115966797,7671000.0,XLK
2024-07-09,117.83499908447266,118.11499786376953,116.47000122070312,117.13999938964844,115.73389434814453,8678600.0,XLK
2024-07-10,117.94499969482422,118.92500305175781,117.28500366210938,118.83999633789062,117.41348266601562,8749400.0,XLK
2024-07-11,119.0199966430664,119.06999969482422,115.52999877929688,115.86499786376953,114.47418975830078,14106000.0,XLK
2024-07-12,116.18499755859375,118.13999938964844,115.77999877929688,116.9000015258789,115.49678039550781,9767600.0,XLK
2024-07-15,117.49500274658203,118.26499938964844,116.44499969482422,117.11000061035156,115.70426177978516,8628000.0,XLK
2024-07-16,117.38500213623047,117.44499969482422,115.88500213623047,116.72000122070312,115.31893157958984,7652200.0,XLK
2024-07-17,114.05000305175781,114.16500091552734,112.125,112.18000030517578,110.83342742919922,12440400.0,XLK
2024-07-18,113.41000366210938,113.43000030517578,110.7750015258789,112.19000244140625,110.84331512451172,10837200.0,XLK
2024-07-19,111.59500122070312,112.27999877929688,110.19000244140625,110.43499755859375,109.10936737060547,8472800.0,XLK
2024-07-22,111.8949966430664,113.18000030517578,111.41999816894531,113.05000305175781,111.69298553466797,10601600.0,XLK
2024-07-23,112.58000183105469,113.61499786376953,112.44999694824219,112.5999984741211,111.2483901977539,5530800.0,XLK
2024-07-24,111.12999725341797,111.4800033569336,107.68000030517578,107.94000244140625,106.64432525634766,14300800.0,XLK
2024-07-25,107.82499694824219,109.43499755859375,105.2300033569336,106.78500366210938,105.5031967163086,21158000.0,XLK
2024-07-26,108.2249984741211,109.0,107.2249984741211,108.13999938964844,106.8419189453125,11697800.0,XLK
2024-07-29,109.0,109.47000122070312,107.34500122070312,107.66000366210938,106.36769104003906,7343800.0,XLK
2024-07-30,108.05999755859375,108.16500091552734,104.1500015258789,104.95500183105469,103.69515991210938,10694600.0,XLK
2024-07-31,108.19499969482422,109.79499816894531,107.43499755859375,109.4000015258789,108.08679962158203,14614000.0,XLK
2024-08-01,109.0999984741211,110.36499786376953,104.19999694824219,105.31999969482422,104.05577850341797,16991400.0,XLK
2024-08-02,102.5199966430664,103.36499786376953,100.625,102.36000061035156,101.13130950927734,18621600.0,XLK
2024-08-05,95.95500183105469,100.86000061035156,95.375,98.94999694824219,97.76223754882812,31430000.0,XLK
2024-08-06,100.21499633789062,102.32499694824219,99.1500015258789,100.29499816894531,99.09109497070312,24575800.0,XLK
2024-08-07,102.7249984741211,103.2249984741211,98.53500366210938,98.66999816894531,97.485595703125,17653600.0,XLK
2024-08-08,100.45500183105469,102.61000061035156,99.0,102.3550033569336,101.1263656616211,14477200.0,XLK
2024-08-09,102.29499816894531,103.40499877929688,101.67500305175781,102.81500244140625,101.58084869384766,9535600.0,XLK
2024-08-12,103.13500213623047,104.45500183105469,102.65499877929688,103.65499877929688,102.4107666015625,8580200.0,XLK
2024-08-13,104.94000244140625,106.875,104.80999755859375,106.83999633789062,105.55752563476562,9999600.0,XLK
2024-08-14,107.5,107.97000122070312,105.9800033569336,107.42500305175781,106.13550567626953,8922400.0,XLK
2024-08-15,108.81500244140625,110.625,108.58000183105469,110.51499938964844,109.18842315673828,9518800.0,XLK
2024-08-16,109.93000030517578,110.91500091552734,109.62999725341797,110.69999694824219,109.37120056152344,6706400.0,XLK
2024-08-19,110.44000244140625,112.52999877929688,109.98999786376953,112.5250015258789,111.1742935180664,13004200.0,XLK
2024-08-20,112.2300033569336,112.90499877929688,111.47000122070312,112.12999725341797,110.78402709960938,7221600.0,XLK
2024-08-21,112.19999694824219,113.18000030517578,111.84500122070312,112.79000091552734,111.43612670898438,7538800.0,XLK
2024-08-22,113.41999816894531,113.68499755859375,109.96499633789062,110.19499969482422,108.87224578857422,9083600.0,XLK
2024-08-23,111.29000091552734,112.47000122070312,110.55000305175781,111.9800033569336,110.6358413696289,10681000.0,XLK
2024-08-26,111.87999725341797,112.30000305175781,110.01000213623047,110.57499694824219,109.24769592285156,6268800.0,XLK
2024-08-27,109.88999938964844,111.4800033569336,109.3499984741211,111.24500274658203,109.90965270996094,7656000.0,XLK
2024-08-28,111.0999984741211,111.31500244140625,108.79000091552734,109.70999908447266,108.39307403564453,9002200.0,XLK
2024-08-29,109.73999786376953,111.28500366210938,108.44000244140625,108.72000122070312,107.41497039794922,13314800.0,XLK
2024-08-30,109.90499877929688,110.58999633789062,108.72000122070312,110.16500091552734,108.84261322021484,10048400.0,XLK
2024-09-03,109.0,109.08000183105469,104.50499725341797,105.1050033569336,103.84336853027344,14765800.0,XLK
2024-09-04,104.04000091552734,106.02999877929688,103.70999908447266,104.83499908447266,103.57658386230469,12330000.0,XLK
2024-09-05,104.08000183105469,105.9749984741211,103.98500061035156,104.67500305175781,103.41851806640625,8874800.0,XLK
2024-09-06,104.58999633789062,104.83999633789062,101.48999786376953,101.95999908447266,100.7361068725586,12441000.0,XLK
2024-09-09,103.2249984741211,103.74500274658203,102.2699966430664,103.62999725341797,102.38606262207031,10922000.0,XLK
2024-09-10,104.34500122070312,105.40499877929688,103.3499984741211,105.18000030517578,103.91744232177734,10123000.0,XLK
2024-09-11,105.54000091552734,108.93499755859375,103.87000274658203,108.7699966430664,107.46435546875,12768800.0,XLK
2024-09-12,108.69000244140625,110.13500213623047,107.92500305175781,109.66999816894531,108.35356140136719,10604200.0,XLK
2024-09-13,109.80500030517578,110.49500274658203,109.36000061035156,110.22000122070312,108.8969497680664,8047400.0,XLK
2024-09-16,109.42500305175781,110.1500015258789,108.78500366210938,109.80000305175781,108.48200225830078,6897800.0,XLK
2024-09-17,110.9000015258789,111.06999969482422,109.02999877929688,109.58499908447266,108.26958465576172,6990000.0,XLK
2024-09-18,109.86000061035156,110.62999725341797,108.4800033569336,108.58499908447266,107.2815933227539,12741600.0,XLK
2024-09-19,111.63500213623047,112.50499725341797,111.0250015258789,111.80999755859375,110.46786499023438,13934000.0,XLK
2024-09-20,111.37000274658203,111.76499938964844,110.2699966430664,111.26499938964844,109.92941284179688,14492800.0,XLK
2024-09-23,111.16500091552734,111.30999755859375,110.70500183105469,111.04499816894531,109.90912628173828,7490600.0,XLK
2024-09-24,111.51000213623047,112.02999877929688,110.30999755859375,111.80500030517578,110.6613540649414,7025800.0,XLK
2024-09-25,111.58499908447266,112.61499786376953,111.53500366210938,112.125,110.97808837890625,6111600.0,XLK
2024-09-26,114.31500244140625,114.44000244140625,112.41500091552734,113.61000061035156,112.4478759765625,9244800.0,XLK
2024-09-27,113.7699966430664,113.80500030517578,112.12999725341797,112.55000305175781,111.39875030517578,6093800.0,XLK
2024-09-30,112.05999755859375,112.94999694824219,111.5,112.87999725341797,111.72534942626953,5500400.0,XLK
2024-01-02,71.7699966430664,72.95999908447266,71.7699966430664,72.83999633789062,68.10652923583984,12912000.0,XLP
2024-01-03,72.97000122070312,73.08999633789062,72.16000366210938,72.2699966430664,67.57357025146484,13979700.0,XLP
2024-01-04,72.22000122070312,72.66000366210938,72.0199966430664,72.16999816894531,67.48005676269531,10865000.0,XLP
2024-01-05,72.20999908447266,72.4800033569336,71.58999633789062,72.01000213623047,67.33047485351562,12802800.0,XLP
2024-01-08,72.0199966430664,72.56999969482422,71.9800033569336,72.54000091552734,67.82601928710938,9409000.0,XLP
2024-01-09,72.2699966430664,72.7300033569336,72.01000213623047,72.7300033569336,68.00369262695312,7838600.0,XLP
2024-01-10,72.66999816894531,73.0,72.36000061035156,72.58000183105469,67.8634262084961,11113300.0,XLP
2024-01-11,72.5,72.61000061035156,72.08000183105469,72.56999969482422,67.85407257080078,9507800.0,XLP
2024-01-12,72.81999969482422,72.9800033569336,72.55000305175781,72.80000305175781,68.06912994384766,7712800.0,XLP
2024-01-16,72.80999755859375,72.8499984741211,72.11000061035156,72.4000015258789,67.69511413574219,11566900.0,XLP
2024-01-17,72.2300033569336,72.5999984741211,72.08000183105469,72.3499984741211,67.64836120605469,9641400.0,XLP
2024-01-18,72.16999816894531,72.30999755859375,71.70999908447266,72.26000213623047,67.56421661376953,10548800.0,XLP
2024-01-19,72.31999969482422,72.33999633789062,71.68000030517578,72.05000305175781,67.36785888671875,11309600.0,XLP
2024-01-22,71.73999786376953,72.0,71.55999755859375,71.69999694824219,67.04061126708984,15078600.0,XLP
2024-01-23,72.08000183105469,72.58999633789062,72.05999755859375,72.4800033569336,67.76992797851562,13859600.0,XLP
2024-01-24,72.41999816894531,72.45999908447266,71.56999969482422,71.58999633789062,66.93773651123047,12290500.0,XLP
2024-01-25,71.88999938964844,72.27999877929688,71.58999633789062,72.27999877929688,67.58290100097656,12160900.0,XLP
2024-01-26,72.41999816894531,72.73999786376953,72.41999816894531,72.62999725341797,67.91017150878906,7432800.0,XLP
2024-01-29,72.83000183105469,73.08000183105469,72.56999969482422,73.05000305175781,68.3028793334961,9321900.0,XLP
2024-01-30,72.94000244140625,73.5,72.68000030517578,73.45999908447266,68.68623352050781,11058900.0,XLP
2024-01-31,73.44000244140625,73.6500015258789,72.83000183105469,72.91999816894531,68.18132781982422,17220600.0,XLP
2024-02-01,72.94999694824219,74.41000366210938,72.72000122070312,74.41000366210938,69.57450103759766,20588700.0,XLP
2024-02-02,74.19000244140625,74.4800033569336,73.80999755859375,74.16999816894531,69.35009002685547,23158000.0,XLP
2024-02-05,74.19000244140625,74.23999786376953,73.69000244140625,73.70999908447266,68.91999053955078,14564700.0,XLP
2024-02-06,73.70999908447266,73.91999816894531,73.47000122070312,73.87999725341797,69.07892608642578,11224200.0,XLP
2024-02-07,74.19000244140625,74.2300033569336,73.73999786376953,73.80999755859375,69.01348114013672,7544100.0,XLP
2024-02-08,73.69000244140625,74.08000183105469,73.47000122070312,73.79000091552734,68.99478912353516,16287600.0,XLP
2024-02-09,73.5999984741211,73.5999984741211,73.0,73.11000061035156,68.35897827148438,20698800.0,XLP
2024-02-12,73.19000244140625,73.63999938964844,72.80000305175781,73.62999725341797,68.8451919555664,13422900.0,XLP
2024-02-13,73.58000183105469,73.79000091552734,72.4000015258789,72.83999633789062,68.10652923583984,21640600.0,XLP
2024-02-14,72.77999877929688,72.81999969482422,72.36000061035156,72.69999694824219,67.97561645507812,15191300.0,XLP
2024-02-15,72.98999786376953,73.2699966430664,72.91000366210938,73.16999816894531,68.41507720947266,14235700.0,XLP
2024-02-16,73.0999984741211,73.62000274658203,72.79000091552734,73.27999877929688,68.51792907714844,15568300.0,XLP
2024-02-20,73.80000305175781,74.47000122070312,73.68000030517578,74.05000305175781,69.23789978027344,15388700.0,XLP
2024-02-21,74.19000244140625,74.44000244140625,73.97000122070312,74.31999969482422,69.49034881591797,13776600.0,XLP
2024-02-22,73.98999786376953,74.62999725341797,73.69000244140625,74.55000305175781,69.70539855957031,11744900.0,XLP
2024-02-23,74.58999633789062,75.16000366210938,74.45999908447266,74.77999877929688,69.92045593261719,12548300.0,XLP
2024-02-26,74.80000305175781,74.81999969482422,74.37000274658203,74.4800033569336,69.63995361328125,11806000.0,XLP
2024-02-27,74.41000366210938,74.52999877929688,74.27999877929688,74.48999786376953,69.6492919921875,8294300.0,XLP
2024-02-28,74.44000244140625,74.63999938964844,74.25,74.56999969482422,69.72410583496094,6768700.0,XLP
2024-02-29,74.80000305175781,74.91000366210938,74.30999755859375,74.44999694824219,69.61190032958984,14083400.0,XLP
2024-03-01,74.25,74.54000091552734,73.94000244140625,74.45999908447266,69.62124633789062,15512500.0,XLP
2024-03-04,74.16999816894531,74.58000183105469,74.1500015258789,74.5199966430664,69.67736053466797,15912700.0,XLP
2024-03-05,74.83999633789062,75.22000122070312,74.55000305175781,74.69999694824219,69.84564971923828,15708400.0,XLP
2024-03-06,75.05000305175781,75.45999908447266,74.9800033569336,75.33000183105469,70.4347152709961,11816200.0,XLP
2024-03-07,75.63999938964844,75.83000183105469,75.45999908447266,75.76000213623047,70.8367691040039,9174900.0,XLP
2024-03-08,75.25,75.38999938964844,74.88999938964844,75.16000366210938,70.2757568359375,13301600.0,XLP
2024-03-11,75.33000183105469,75.68000030517578,75.11000061035156,75.56999969482422,70.65911865234375,9316500.0,XLP
2024-03-12,75.73999786376953,76.19000244140625,75.63999938964844,75.95999908447266,71.02376556396484,10454900.0,XLP
2024-03-13,75.94999694824219,76.19999694824219,75.83000183105469,76.1500015258789,71.20143127441406,9739500.0,XLP
2024-03-14,76.0999984741211,76.27999877929688,75.30999755859375,75.55999755859375,70.64977264404297,14086100.0,XLP
2024-03-15,75.19999694824219,75.61000061035156,75.08000183105469,75.52999877929688,70.6217041015625,14248300.0,XLP
2024-03-18,74.88999938964844,75.68000030517578,74.88999938964844,75.45999908447266,71.07571411132812,10229000.0,XLP
2024-03-19,75.55999755859375,75.77999877929688,75.5199966430664,75.73999786376953,71.33942413330078,10245900.0,XLP
2024-03-20,75.8499984741211,76.0,75.56999969482422,75.97000122070312,71.55607604980469,10986100.0,XLP
2024-03-21,76.01000213623047,76.2699966430664,75.69000244140625,76.01000213623047,71.59375,8936100.0,XLP
2024-03-22,76.01000213623047,76.12999725341797,75.62000274658203,75.63999938964844,71.24524688720703,10942300.0,XLP
2024-03-25,75.63999938964844,75.81999969482422,75.2699966430664,75.43000030517578,71.04744720458984,11003700.0,XLP
2024-03-26,75.5199966430664,75.69000244140625,75.41000366210938,75.47000122070312,71.08512115478516,7964400.0,XLP
2024-03-27,75.8499984741211,76.26000213623047,75.8499984741211,76.26000213623047,71.8292465209961,9848100.0,XLP
2024-03-28,76.48999786376953,76.61000061035156,76.26000213623047,76.36000061035156,71.92342376708984,9172700.0,XLP
2024-04-01,76.3499984741211,76.45999908447266,75.75,75.75,71.34886932373047,13205200.0,XLP
2024-04-02,75.75,75.86000061035156,75.23999786376953,75.36000061035156,70.98152160644531,16269200.0,XLP
2024-04-03,75.33000183105469,75.33000183105469,74.41000366210938,74.52999877929688,70.1997299194336,16094700.0,XLP
2024-04-04,74.86000061035156,74.98999786376953,74.11000061035156,74.20999908447266,69.89834594726562,18289500.0,XLP
2024-04-05,74.1500015258789,74.55999755859375,73.98999786376953,74.33000183105469,70.0113754272461,11148900.0,XLP
2024-04-08,74.19999694824219,74.48999786376953,74.1500015258789,74.22000122070312,69.90775299072266,10040700.0,XLP
2024-04-09,74.44000244140625,74.5999984741211,74.0199966430664,74.58000183105469,70.24684143066406,12629600.0,XLP
2024-04-10,74.0,74.43000030517578,73.7699966430664,74.30999755859375,69.99252319335938,15018400.0,XLP
2024-04-11,74.66999816894531,74.69000244140625,73.9000015258789,74.12999725341797,69.82299041748047,10551900.0,XLP
2024-04-12,73.83000183105469,74.0199966430664,73.30000305175781,73.37999725341797,69.11656188964844,14605900.0,XLP
2024-04-15,73.83000183105469,74.0199966430664,72.97000122070312,73.08000183105469,68.833984375,12119600.0,XLP
2024-04-16,73.2300033569336,73.33000183105469,72.93000030517578,73.11000061035156,68.86225891113281,12737600.0,XLP
2024-04-17,73.54000091552734,73.63999938964844,73.02999877929688,73.37999725341797,69.11656188964844,12731500.0,XLP
2024-04-18,73.62000274658203,73.88999938964844,73.47000122070312,73.72000122070312,69.43679809570312,11964200.0,XLP
2024-04-19,73.69000244140625,74.4800033569336,73.55999755859375,74.44000244140625,70.11498260498047,15843100.0,XLP
2024-04-22,74.58999633789062,75.3499984741211,74.26000213623047,75.1500015258789,70.78372192382812,12181600.0,XLP
2024-04-23,75.2699966430664,75.43000030517578,75.0199966430664,75.36000061035156,70.98152160644531,12821100.0,XLP
2024-04-24,74.83999633789062,76.0199966430664,74.48999786376953,75.93000030517578,71.5184097290039,15011000.0,XLP
2024-04-25,76.08999633789062,76.47000122070312,75.47000122070312,75.75,71.34886932373047,14352600.0,XLP
2024-04-26,75.4800033569336,76.0,75.43000030517578,75.58999633789062,71.19815826416016,13488200.0,XLP
2024-04-29,75.61000061035156,75.86000061035156,75.37999725341797,75.83000183105469,71.42420959472656,9244000.0,XLP
2024-04-30,75.75,75.7699966430664,75.31999969482422,75.5,71.11338806152344,12517400.0,XLP
2024-05-01,75.27999877929688,75.56999969482422,74.70999908447266,75.0199966430664,70.66127014160156,24867400.0,XLP
2024-05-02,75.2699966430664,75.91999816894531,74.9800033569336,75.6500015258789,71.25468444824219,22820400.0,XLP
2024-05-03,75.68000030517578,76.02999877929688,75.25,75.87999725341797,71.47130584716797,18088200.0,XLP
2024-05-06,76.05000305175781,76.13999938964844,75.43000030517578,75.91999816894531,71.50898742675781,12508400.0,XLP
2024-05-07,76.23999786376953,76.79000091552734,76.23999786376953,76.75,72.29075622558594,14641800.0,XLP
2024-05-08,76.73999786376953,76.88999938964844,76.41999816894531,76.5199966430664,72.07412719726562,12686000.0,XLP
2024-05-09,76.58999633789062,77.18000030517578,76.54000091552734,77.18000030517578,72.69578552246094,12851900.0,XLP
2024-05-10,77.16999816894531,77.70999908447266,77.0999984741211,77.62000274658203,73.11022186279297,10774900.0,XLP
2024-05-13,77.7699966430664,78.0,77.2699966430664,77.4000015258789,72.90299987792969,11755400.0,XLP
2024-05-14,77.47000122070312,77.5999984741211,76.87000274658203,77.25,72.76171112060547,10117600.0,XLP
2024-05-15,77.05000305175781,77.41999816894531,77.05000305175781,77.30000305175781,72.80882263183594,18143000.0,XLP
2024-05-16,78.0,78.61000061035156,77.83000183105469,78.4000015258789,73.84489440917969,17360400.0,XLP
2024-05-17,78.30999755859375,78.37999725341797,78.01000213623047,78.20999908447266,73.66593933105469,11265700.0,XLP
2024-05-20,78.19000244140625,78.19000244140625,77.58000183105469,77.66999816894531,73.15731811523438,9226400.0,XLP
2024-05-21,77.87999725341797,78.16000366210938,77.72000122070312,78.12999725341797,73.590576171875,6595200.0,XLP
2024-05-22,77.5999984741211,78.08000183105469,77.45999908447266,77.81999969482422,73.29859924316406,9395100.0,XLP
2024-05-23,77.58000183105469,77.70999908447266,76.86000061035156,76.9000015258789,72.43204498291016,10751300.0,XLP
2024-05-24,77.16999816894531,77.4000015258789,77.05999755859375,77.0999984741211,72.62042999267578,6943200.0,XLP
2024-05-28,76.8499984741211,77.05999755859375,76.22000122070312,76.5,72.05529022216797,8840700.0,XLP
2024-05-29,76.08999633789062,76.36000061035156,75.91999816894531,75.94999694824219,71.53724670410156,10402400.0,XLP
2024-05-30,76.16999816894531,76.36000061035156,75.97000122070312,76.1500015258789,71.72562408447266,7404400.0,XLP
2024-05-31,76.08000183105469,77.37999725341797,75.7300033569336,77.33999633789062,72.84648132324219,11873900.0,XLP
2024-06-03,77.08999633789062,77.68000030517578,76.86000061035156,77.30999755859375,72.81822967529297,12223400.0,XLP
2024-06-04,77.31999969482422,78.11000061035156,77.19000244140625,77.9800033569336,73.44930267333984,9097500.0,XLP
2024-06-05,77.87999725341797,77.98999786376953,77.19000244140625,77.80999755859375,73.28917694091797,9095100.0,XLP
2024-06-06,77.76000213623047,78.33000183105469,77.5999984741211,78.05000305175781,73.5152359008789,9759400.0,XLP
2024-06-07,78.02999877929688,78.25,77.58000183105469,77.66000366210938,73.14789581298828,7490500.0,XLP
2024-06-10,77.77999877929688,77.80000305175781,77.0999984741211,77.5999984741211,73.09138488769531,10033800.0,XLP
2024-06-11,77.48999786376953,77.55999755859375,76.91999816894531,77.55999755859375,73.0536880493164,8583700.0,XLP
2024-06-12,77.70999908447266,77.75,76.5199966430664,76.70999908447266,72.25308227539062,14172800.0,XLP
2024-06-13,76.68000030517578,76.87999725341797,76.36000061035156,76.80999755859375,72.34727478027344,8723500.0,XLP
2024-06-14,76.58999633789062,76.94999694824219,76.38999938964844,76.94999694824219,72.47913360595703,7246400.0,XLP
2024-06-17,76.66000366210938,77.81999969482422,76.5,77.68000030517578,73.16673278808594,8762000.0,XLP
2024-06-18,77.55999755859375,77.87999725341797,77.44999694824219,77.77999877929688,73.26092529296875,6567100.0,XLP
2024-06-20,77.63999938964844,78.01000213623047,77.41000366210938,77.61000061035156,73.10079193115234,9316300.0,XLP
2024-06-21,77.7699966430664,78.16999816894531,77.61000061035156,77.66999816894531,73.15731811523438,11594000.0,XLP
2024-06-24,77.2699966430664,78.01000213623047,77.11000061035156,77.91000366210938,73.9374008178711,9722600.0,XLP
2024-06-25,77.62000274658203,77.7300033569336,77.11000061035156,77.41000366210938,73.46289825439453,10705700.0,XLP
2024-06-26,76.87000274658203,77.44000244140625,76.70999908447266,77.25,73.31105041503906,8405200.0,XLP
2024-06-27,77.2300033569336,77.30000305175781,76.5999984741211,76.91999816894531,72.99787902832031,4592300.0,XLP
2024-06-28,76.91000366210938,77.0,76.37999725341797,76.58000183105469,72.67521667480469,8396900.0,XLP
2024-07-01,76.9800033569336,77.2699966430664,75.9800033569336,76.04000091552734,72.16275024414062,9275300.0,XLP
2024-07-02,76.12999725341797,76.58000183105469,75.88999938964844,76.56999969482422,72.66573333740234,8233400.0,XLP
2024-07-03,76.44000244140625,76.70999908447266,76.23999786376953,76.44000244140625,72.54235076904297,5600600.0,XLP
2024-07-05,76.44000244140625,77.43000030517578,76.33000183105469,77.37999725341797,73.43441009521484,7202900.0,XLP
2024-07-08,77.44000244140625,77.52999877929688,77.05000305175781,77.26000213623047,73.3205337524414,4486800.0,XLP
2024-07-09,77.26000213623047,77.43000030517578,77.02999877929688,77.05999755859375,73.1307373046875,5635700.0,XLP
2024-07-10,77.19999694824219,77.43000030517578,77.01000213623047,77.4000015258789,73.45340728759766,7249100.0,XLP
2024-07-11,77.29000091552734,77.43000030517578,76.88999938964844,77.11000061035156,73.17818450927734,11414600.0,XLP
2024-07-12,77.5199966430664,77.86000061035156,77.19000244140625,77.44999694824219,73.5008544921875,10028200.0,XLP
2024-07-15,77.4000015258789,77.5999984741211,76.94000244140625,77.0,73.07380676269531,8481200.0,XLP
2024-07-16,77.02999877929688,77.75,76.91999816894531,77.73999786376953,73.77607727050781,7987300.0,XLP
2024-07-17,77.86000061035156,78.88999938964844,77.83999633789062,78.73999786376953,74.72506713867188,18297900.0,XLP
2024-07-18,78.44999694824219,79.1500015258789,78.33999633789062,78.3499984741211,74.3549575805664,14877200.0,XLP
2024-07-19,78.55000305175781,78.6500015258789,77.97000122070312,78.08999633789062,74.10821533203125,11816500.0,XLP
2024-07-22,78.2699966430664,78.33000183105469,77.7699966430664,78.13999938964844,74.15567016601562,9408200.0,XLP
2024-07-23,78.22000122070312,78.36000061035156,77.79000091552734,77.86000061035156,73.88994598388672,6937900.0,XLP
2024-07-24,77.58000183105469,77.93000030517578,77.27999877929688,77.79000091552734,73.82350158691406,10620400.0,XLP
2024-07-25,78.05999755859375,78.87999725341797,77.69999694824219,77.69999694824219,73.73810577392578,15686200.0,XLP
2024-07-26,78.01000213623047,78.58000183105469,77.81999969482422,78.48999786376953,74.4878158569336,10271900.0,XLP
2024-07-29,78.33999633789062,78.69000244140625,77.94000244140625,78.5199966430664,74.51629638671875,9115000.0,XLP
2024-07-30,77.58000183105469,78.12000274658203,77.23999786376953,77.98999786376953,74.01331329345703,11818400.0,XLP
2024-07-31,77.98999786376953,78.33999633789062,77.51000213623047,77.8499984741211,73.88045501708984,10474100.0,XLP
2024-08-01,78.0,78.73999786376953,77.76000213623047,78.56999969482422,74.5637435913086,16535000.0,XLP
2024-08-02,79.16999816894531,79.75,77.80000305175781,79.26000213623047,75.21855926513672,24086900.0,XLP
2024-08-05,79.12000274658203,79.3499984741211,77.44000244140625,77.69999694824219,73.73810577392578,29057400.0,XLP
2024-08-06,78.08000183105469,79.08999633789062,77.98999786376953,78.23999786376953,74.25057983398438,15801400.0,XLP
2024-08-07,78.56999969482422,79.4000015258789,78.2699966430664,78.31999969482422,74.32649993896484,14182300.0,XLP
2024-08-08,78.0999984741211,79.16000366210938,78.0199966430664,79.02999877929688,75.00029754638672,13889800.0,XLP
2024-08-09,78.87000274658203,79.29000091552734,78.52999877929688,79.1500015258789,75.11418151855469,10319800.0,XLP
2024-08-12,79.11000061035156,79.16999816894531,78.55000305175781,78.75,74.73456573486328,9735300.0,XLP
2024-08-13,78.75,79.12999725341797,78.3499984741211,79.11000061035156,75.07621002197266,7513900.0,XLP
2024-08-14,79.05000305175781,79.70999908447266,78.91999816894531,79.47000122070312,75.41785430908203,7264000.0,XLP
2024-08-15,80.58999633789062,80.80999755859375,80.05000305175781,80.29000091552734,76.19603729248047,7745200.0,XLP
2024-08-16,80.20999908447266,80.58000183105469,80.08000183105469,80.51000213623047,76.40483093261719,6976700.0,XLP
2024-08-19,80.5999984741211,80.97000122070312,80.56999969482422,80.77999877929688,76.66106414794922,7330000.0,XLP
2024-08-20,80.76000213623047,81.18000030517578,80.62999725341797,81.18000030517578,77.04065704345703,6931200.0,XLP
2024-08-21,81.86000061035156,82.29000091552734,81.5,81.7300033569336,77.56261444091797,7960700.0,XLP
2024-08-22,81.94999694824219,81.94999694824219,81.26000213623047,81.61000061035156,77.44873046875,7632600.0,XLP
2024-08-23,81.75,81.86000061035156,81.33000183105469,81.83999633789062,77.66699981689453,6505100.0,XLP
2024-08-26,81.93000030517578,82.58999633789062,81.91999816894531,82.41999816894531,78.2174301147461,7270700.0,XLP
2024-08-27,82.54000091552734,82.7699966430664,82.30999755859375,82.62000274658203,78.40724182128906,5674600.0,XLP
2024-08-28,82.63999938964844,82.75,81.95999908447266,82.2699966430664,78.0750732421875,6666800.0,XLP
2024-08-29,82.16999816894531,82.16999816894531,81.69000244140625,81.86000061035156,77.68599700927734,6343700.0,XLP
2024-08-30,82.0199966430664,82.58000183105469,81.80000305175781,82.51000213623047,78.3028564453125,8884800.0,XLP
2024-09-03,82.52999877929688,83.37000274658203,82.43000030517578,83.08999633789062,78.853271484375,15503700.0,XLP
2024-09-04,82.94000244140625,83.54000091552734,82.86000061035156,83.4800033569336,79.223388671875,19276700.0,XLP
2024-09-05,83.5,83.62999725341797,82.73999786376953,83.16000366210938,78.91970825195312,12775800.0,XLP
2024-09-06,83.1500015258789,83.51000213623047,82.88999938964844,82.98999786376953,78.75836944580078,12616500.0,XLP
2024-09-09,83.0,83.79000091552734,82.86000061035156,83.62999725341797,79.36573028564453,10061000.0,XLP
2024-09-10,83.51000213623047,84.0,83.38999938964844,83.61000061035156,79.34676361083984,14002500.0,XLP
2024-09-11,83.30999755859375,83.37000274658203,82.08000183105469,82.83000183105469,78.6065444946289,14556400.0,XLP
2024-09-12,82.8499984741211,83.43000030517578,82.56999969482422,83.33999633789062,79.09052276611328,8659100.0,XLP
2024-09-13,83.4000015258789,84.0,83.22000122070312,83.93000030517578,79.65042877197266,5953700.0,XLP
2024-09-16,84.1500015258789,84.52999877929688,83.87000274658203,84.26000213623047,79.96361541748047,7794600.0,XLP
2024-09-17,83.97000122070312,84.20999908447266,83.36000061035156,83.45999908447266,79.20440673828125,8404900.0,XLP
2024-09-18,83.4000015258789,83.86000061035156,82.80000305175781,83.13999938964844,78.90072631835938,12935600.0,XLP
2024-09-19,83.36000061035156,83.37000274658203,82.5199966430664,82.6500015258789,78.43571472167969,14934200.0,XLP
2024-09-20,82.56999969482422,83.11000061035156,82.43000030517578,83.05000305175781,78.81529998779297,12719100.0,XLP
2024-09-23,82.44000244140625,83.36000061035156,82.37999725341797,83.08999633789062,79.27230072021484,11985900.0,XLP
2024-09-24,82.9800033569336,83.27999877929688,82.69000244140625,82.88999938964844,79.08148956298828,8985100.0,XLP
2024-09-25,83.18000030517578,83.26000213623047,82.55999755859375,82.68000030517578,78.88113403320312,6100900.0,XLP
2024-09-26,82.52999877929688,83.25,82.52999877929688,82.87000274658203,79.06242370605469,8565600.0,XLP
2024-09-27,82.9800033569336,83.5,82.87999725341797,83.0199966430664,79.20552825927734,6432600.0,XLP
2024-09-30,83.31999969482422,83.4800033569336,82.68000030517578,83.0,79.18643188476562,8468900.0,XLP
2024-01-02,39.970001220703125,40.45000076293945,39.779998779296875,40.43000030517578,37.17790985107422,6591500.0,XLRE
2024-01-03,40.130001068115234,40.130001068115234,39.39500045776367,39.470001220703125,36.29512405395508,7424500.0,XLRE
2024-01-04,39.38999938964844,39.65999984741211,39.23500061035156,39.369998931884766,36.203163146972656,7180300.0,XLRE
2024-01-05,39.150001525878906,39.630001068115234,38.917999267578125,39.290000915527344,36.129608154296875,5770300.0,XLRE
2024-01-08,39.2599983215332,39.869998931884766,39.189998626708984,39.83000183105469,36.62617492675781,4812700.0,XLRE
2024-01-09,39.52000045776367,39.7400016784668,39.290000915527344,39.54999923706055,36.36869430541992,4134500.0,XLRE
2024-01-10,39.61000061035156,39.79999923706055,39.470001220703125,39.61000061035156,36.423866271972656,4498600.0,XLRE
2024-01-11,39.40999984741211,39.52000045776367,39.06999969482422,39.2400016784668,36.0836296081543,5151900.0,XLRE
2024-01-12,39.650001525878906,39.7400016784668,39.31999969482422,39.540000915527344,36.359500885009766,4393500.0,XLRE
2024-01-16,39.349998474121094,39.54999923706055,39.178001403808594,39.29999923706055,36.1388053894043,11100100.0,XLRE
2024-01-17,38.81999969482422,39.279998779296875,38.18000030517578,38.58000183105469,35.47671890258789,9752000.0,XLRE
2024-01-18,38.599998474121094,38.75,38.0880012512207,38.33000183105469,35.246829986572266,6142100.0,XLRE
2024-01-19,38.459999084472656,38.849998474121094,38.130001068115234,38.70000076293945,35.587066650390625,7967800.0,XLRE
2024-01-22,38.83000183105469,39.29999923706055,38.73500061035156,38.880001068115234,35.752586364746094,5850600.0,XLRE
2024-01-23,39.040000915527344,39.150001525878906,38.529998779296875,38.66999816894531,35.55947494506836,4549800.0,XLRE
2024-01-24,39.060001373291016,39.08000183105469,38.11000061035156,38.13999938964844,35.072105407714844,7349500.0,XLRE
2024-01-25,38.68000030517578,38.81999969482422,38.470001220703125,38.65999984741211,35.55028533935547,6601700.0,XLRE
2024-01-26,38.709999084472656,38.79999923706055,38.40999984741211,38.4900016784668,35.39395523071289,4398000.0,XLRE
2024-01-29,38.47999954223633,38.810001373291016,38.38999938964844,38.77000045776367,35.651432037353516,5724200.0,XLRE
2024-01-30,38.54999923706055,38.7400016784668,38.33000183105469,38.40999984741211,35.320396423339844,6931500.0,XLRE
2024-01-31,38.630001068115234,38.880001068115234,38.03499984741211,38.130001068115234,35.06291198730469,11580700.0,XLRE
2024-02-01,38.04999923706055,38.814998626708984,37.89500045776367,38.79999923706055,35.67902374267578,10887000.0,XLRE
2024-02-02,38.36000061035156,38.560001373291016,37.650001525878906,38.310001373291016,35.22844314575195,12844000.0,XLRE
2024-02-05,37.83000183105469,37.869998931884766,37.43000030517578,37.54999923706055,34.529571533203125,8668200.0,XLRE
2024-02-06,37.630001068115234,38.17499923706055,37.47999954223633,38.119998931884766,35.05371856689453,7866800.0,XLRE
2024-02-07,38.257999420166016,38.310001373291016,37.869998931884766,38.099998474121094,35.035335540771484,6679000.0,XLRE
2024-02-08,37.970001220703125,38.39699935913086,37.95000076293945,38.310001373291016,35.22844314575195,4517700.0,XLRE
2024-02-09,38.29999923706055,38.439998626708984,37.94499969482422,38.40999984741211,35.320396423339844,5515700.0,XLRE
2024-02-12,38.5,38.665000915527344,38.2130012512207,38.290000915527344,35.210052490234375,5376400.0,XLRE
2024-02-13,37.52000045776367,37.599998474121094,37.07500076293945,37.59000015258789,34.56635665893555,21419000.0,XLRE
2024-02-14,37.720001220703125,38.060001373291016,37.52000045776367,37.84000015258789,34.796241760253906,14186400.0,XLRE
2024-02-15,38.16999816894531,38.79600143432617,38.16999816894531,38.75,35.6330451965332,8637600.0,XLRE
2024-02-16,38.22999954223633,38.55699920654297,38.06999969482422,38.349998474121094,35.265220642089844,7683100.0,XLRE
2024-02-20,38.209999084472656,38.4900016784668,37.970001220703125,38.290000915527344,35.210052490234375,6929300.0,XLRE
2024-02-21,38.45000076293945,38.61800003051758,38.279998779296875,38.56999969482422,35.4675178527832,5653100.0,XLRE
2024-02-22,38.689998626708984,38.880001068115234,38.564998626708984,38.66999816894531,35.55947494506836,6144400.0,XLRE
2024-02-23,38.7400016784668,38.922000885009766,38.599998474121094,38.720001220703125,35.6054573059082,5263400.0,XLRE
2024-02-26,38.63999938964844,38.82500076293945,38.220001220703125,38.279998779296875,35.20084762573242,6427800.0,XLRE
2024-02-27,38.5099983215332,38.65999984741211,38.189998626708984,38.310001373291016,35.22844314575195,9466100.0,XLRE
2024-02-28,38.130001068115234,38.959999084472656,38.06999969482422,38.79999923706055,35.67902374267578,7497600.0,XLRE
2024-02-29,39.04999923706055,39.31999969482422,38.95000076293945,39.11000061035156,35.964088439941406,12860800.0,XLRE
2024-03-01,39.0099983215332,39.58000183105469,38.61000061035156,39.540000915527344,36.359500885009766,9655500.0,XLRE
2024-03-04,39.45000076293945,40.01900100708008,39.18000030517578,39.9900016784668,36.7733039855957,8697600.0,XLRE
2024-03-05,39.83000183105469,40.095001220703125,39.314998626708984,39.47999954223633,36.304325103759766,6913800.0,XLRE
2024-03-06,39.7400016784668,39.84000015258789,39.4900016784668,39.70000076293945,36.506629943847656,5483600.0,XLRE
2024-03-07,39.91999816894531,40.005001068115234,39.47999954223633,39.70000076293945,36.506629943847656,5077000.0,XLRE
2024-03-08,39.9900016784668,40.26499938964844,39.93000030517578,40.16999816894531,36.93881607055664,7551200.0,XLRE
2024-03-11,40.029998779296875,40.33000183105469,39.779998779296875,39.970001220703125,36.754905700683594,4594600.0,XLRE
2024-03-12,39.869998931884766,40.02000045776367,39.52000045776367,39.869998931884766,36.66294860839844,5669000.0,XLRE
2024-03-13,39.79999923706055,40.01499938964844,39.4900016784668,39.619998931884766,36.43305969238281,6245300.0,XLRE
2024-03-14,39.43000030517578,39.540000915527344,38.689998626708984,39.060001373291016,35.91810607910156,10442800.0,XLRE
2024-03-15,38.68000030517578,39.12799835205078,38.68000030517578,39.040000915527344,35.89971923828125,9639600.0,XLRE
2024-03-18,38.84000015258789,39.0099983215332,38.709999084472656,38.77000045776367,35.894161224365234,4971000.0,XLRE
2024-03-19,38.790000915527344,38.90999984741211,38.5099983215332,38.77000045776367,35.894161224365234,5255100.0,XLRE
2024-03-20,38.439998626708984,39.02199935913086,38.310001373291016,38.93000030517578,36.042293548583984,8678200.0,XLRE
2024-03-21,39.099998474121094,39.29999923706055,38.845001220703125,39.08000183105469,36.18117141723633,6263500.0,XLRE
2024-03-22,39.08000183105469,39.16999816894531,38.58000183105469,38.619998931884766,35.755279541015625,4402500.0,XLRE
2024-03-25,38.66999816894531,38.790000915527344,38.439998626708984,38.470001220703125,35.61641311645508,5661600.0,XLRE
2024-03-26,38.5,38.564998626708984,38.279998779296875,38.310001373291016,35.46828842163086,6160300.0,XLRE
2024-03-27,38.72999954223633,39.279998779296875,38.619998931884766,39.279998779296875,36.366329193115234,6711000.0,XLRE
2024-03-28,39.369998931884766,39.619998931884766,39.369998931884766,39.529998779296875,36.597782135009766,5695400.0,XLRE
2024-04-01,39.61000061035156,39.619998931884766,38.790000915527344,38.84000015258789,35.95896530151367,8064400.0,XLRE
2024-04-02,38.599998474121094,38.599998474121094,38.279998779296875,38.40999984741211,35.56086349487305,7393500.0,XLRE
2024-04-03,38.369998931884766,38.5099983215332,38.17499923706055,38.43000030517578,35.57938003540039,5392200.0,XLRE
2024-04-04,38.810001373291016,38.959999084472656,38.02000045776367,38.130001068115234,35.3016357421875,6667800.0,XLRE
2024-04-05,38.029998779296875,38.47100067138672,37.95000076293945,38.380001068115234,35.53308868408203,6055700.0,XLRE
2024-04-08,38.4900016784668,38.7400016784668,38.40999984741211,38.709999084472656,35.8386116027832,5588500.0,XLRE
2024-04-09,38.900001525878906,39.209999084472656,38.775001525878906,39.20000076293945,36.29226303100586,7565200.0,XLRE
2024-04-10,38.18000030517578,38.18000030517578,37.345001220703125,37.59000015258789,34.80169677734375,14873300.0,XLRE
2024-04-11,37.84000015258789,37.904998779296875,37.30500030517578,37.630001068115234,34.838722229003906,9441800.0,XLRE
2024-04-12,37.4900016784668,37.5,37.09000015258789,37.2400016784668,34.4776496887207,9246200.0,XLRE
2024-04-15,37.470001220703125,37.529998779296875,36.345001220703125,36.59000015258789,33.8758659362793,7757100.0,XLRE
2024-04-16,36.459999084472656,36.5099983215332,35.915000915527344,36.029998779296875,33.35740280151367,11776100.0,XLRE
2024-04-17,35.93000030517578,36.099998474121094,35.724998474121094,35.72999954223633,33.07965850830078,11722700.0,XLRE
2024-04-18,35.88999938964844,35.94900131225586,35.56999969482422,35.7400016784668,33.08891296386719,10327600.0,XLRE
2024-04-19,35.900001525878906,36.04999923706055,35.7400016784668,35.880001068115234,33.218536376953125,10629100.0,XLRE
2024-04-22,36.029998779296875,36.2599983215332,35.790000915527344,36.16999816894531,33.48701858520508,7762900.0,XLRE
2024-04-23,36.2599983215332,36.61600112915039,36.16999816894531,36.5,33.79254150390625,10804900.0,XLRE
2024-04-24,36.33000183105469,36.709999084472656,36.150001525878906,36.63999938964844,33.922157287597656,10758500.0,XLRE
2024-04-25,36.310001373291016,36.5099983215332,36.02000045776367,36.43000030517578,33.72773742675781,8374300.0,XLRE
2024-04-26,36.45000076293945,36.83000183105469,36.38999938964844,36.459999084472656,33.75551223754883,6950900.0,XLRE
2024-04-29,36.650001525878906,36.959999084472656,36.63199996948242,36.869998931884766,34.135101318359375,6987400.0,XLRE
2024-04-30,36.560001373291016,36.77000045776367,36.16999816894531,36.189998626708984,33.505531311035156,9796800.0,XLRE
2024-05-01,36.18000030517578,36.858001708984375,36.07500076293945,36.209999084472656,33.52405548095703,15601300.0,XLRE
2024-05-02,36.58000183105469,36.779998779296875,36.13999938964844,36.72999954223633,34.00547790527344,13264300.0,XLRE
2024-05-03,37.33000183105469,37.58000183105469,36.93000030517578,37.02000045776367,34.27397155761719,11887700.0,XLRE
2024-05-06,37.27000045776367,37.33000183105469,36.849998474121094,37.029998779296875,34.28322982788086,9739000.0,XLRE
2024-05-07,37.310001373291016,37.5099983215332,37.17499923706055,37.41999816894531,34.64429473876953,13276100.0,XLRE
2024-05-08,37.209999084472656,37.224998474121094,36.98500061035156,37.06999969482422,34.32026290893555,8182100.0,XLRE
2024-05-09,37.5099983215332,37.97999954223633,37.5,37.95000076293945,35.13498306274414,8914600.0,XLRE
2024-05-10,38.0,38.02000045776367,37.689998626708984,37.810001373291016,35.00537872314453,6882900.0,XLRE
2024-05-13,37.970001220703125,38.1349983215332,37.70000076293945,37.90999984741211,35.09795379638672,6846500.0,XLRE
2024-05-14,38.15999984741211,38.36600112915039,37.994998931884766,38.18000030517578,35.347923278808594,9703800.0,XLRE
2024-05-15,38.80799865722656,38.95000076293945,38.66999816894531,38.83000183105469,35.949710845947266,10083500.0,XLRE
2024-05-16,38.86000061035156,39.007999420166016,38.720001220703125,38.7599983215332,35.8848991394043,7195600.0,XLRE
2024-05-17,38.81999969482422,38.86000061035156,38.619998931884766,38.7599983215332,35.8848991394043,6153000.0,XLRE
2024-05-20,38.70000076293945,38.790000915527344,38.474998474121094,38.52000045776367,35.66270446777344,4067100.0,XLRE
2024-05-21,38.43000030517578,38.57500076293945,38.34000015258789,38.4900016784668,35.634925842285156,3621500.0,XLRE
2024-05-22,38.43000030517578,38.55500030517578,38.040000915527344,38.15999984741211,35.32940673828125,7027100.0,XLRE
2024-05-23,38.16999816894531,38.16999816894531,37.32500076293945,37.349998474121094,34.579490661621094,5597300.0,XLRE
2024-05-24,37.58000183105469,37.61000061035156,37.29999923706055,37.349998474121094,34.579490661621094,4686100.0,XLRE
2024-05-28,37.59000015258789,37.685001373291016,37.08000183105469,37.130001068115234,34.375816345214844,4696100.0,XLRE
2024-05-29,36.79999923706055,36.849998474121094,36.619998931884766,36.779998779296875,34.0517692565918,6076400.0,XLRE
2024-05-30,37.040000915527344,37.31999969482422,36.974998474121094,37.310001373291016,34.542457580566406,5867800.0,XLRE
2024-05-31,37.540000915527344,38.060001373291016,37.35499954223633,38.04999923706055,35.22756576538086,7949600.0,XLRE
2024-06-03,38.119998931884766,38.189998626708984,37.69900131225586,37.900001525878906,35.08869552612305,5826300.0,XLRE
2024-06-04,37.83000183105469,38.40999984741211,37.790000915527344,38.2599983215332,35.42198944091797,5647500.0,XLRE
2024-06-05,38.290000915527344,38.290000915527344,37.9900016784668,38.209999084472656,35.37569808959961,4541200.0,XLRE
2024-06-06,38.06999969482422,38.30500030517578,37.880001068115234,38.27000045776367,35.43124771118164,3888600.0,XLRE
2024-06-07,37.7599983215332,38.06999969482422,37.63999938964844,37.970001220703125,35.153507232666016,5140400.0,XLRE
2024-06-10,37.849998474121094,38.29999923706055,37.650001525878906,38.15999984741211,35.32940673828125,4148800.0,XLRE
2024-06-11,38.029998779296875,38.2400016784668,37.904998779296875,38.040000915527344,35.21831130981445,3492400.0,XLRE
2024-06-12,38.869998931884766,39.025001525878906,38.279998779296875,38.310001373291016,35.46828842163086,7600800.0,XLRE
2024-06-13,38.45000076293945,38.630001068115234,38.209999084472656,38.5,35.644187927246094,3704300.0,XLRE
2024-06-14,38.36000061035156,38.64500045776367,38.209999084472656,38.529998779296875,35.67196273803711,4975400.0,XLRE
2024-06-17,38.31999969482422,38.529998779296875,38.09000015258789,38.33000183105469,35.48680114746094,4880900.0,XLRE
2024-06-18,38.43000030517578,38.630001068115234,38.36000061035156,38.47999954223633,35.625675201416016,4893400.0,XLRE
2024-06-20,38.36000061035156,38.4900016784668,38.2400016784668,38.380001068115234,35.53308868408203,4503300.0,XLRE
2024-06-21,38.43000030517578,38.529998779296875,38.16999816894531,38.47999954223633,35.625675201416016,5287100.0,XLRE
2024-06-24,38.119998931884766,38.7599983215332,38.02000045776367,38.349998474121094,35.866024017333984,5891800.0,XLRE
2024-06-25,38.31999969482422,38.31999969482422,37.650001525878906,37.810001373291016,35.36100387573242,4429900.0,XLRE
2024-06-26,37.619998931884766,37.880001068115234,37.529998779296875,37.7599983215332,35.31423568725586,3639300.0,XLRE
2024-06-27,37.869998931884766,38.15999984741211,37.7400016784668,38.099998474121094,35.632225036621094,3571700.0,XLRE
2024-06-28,38.31999969482422,38.56999969482422,38.099998474121094,38.40999984741211,35.92213821411133,5569800.0,XLRE
2024-07-01,38.31999969482422,38.439998626708984,37.810001373291016,38.040000915527344,35.576107025146484,5700100.0,XLRE
2024-07-02,38.040000915527344,38.28499984741211,37.979000091552734,38.20000076293945,35.725738525390625,3985500.0,XLRE
2024-07-03,38.290000915527344,38.439998626708984,38.130001068115234,38.15999984741211,35.68832778930664,2359100.0,XLRE
2024-07-05,38.27000045776367,38.34000015258789,38.02000045776367,38.29999923706055,35.81926727294922,3785800.0,XLRE
2024-07-08,38.310001373291016,38.45600128173828,38.21500015258789,38.38999938964844,35.9034309387207,4443200.0,XLRE
2024-07-09,38.33000183105469,38.525001525878906,38.0099983215332,38.400001525878906,35.91278839111328,3679200.0,XLRE
2024-07-10,38.58000183105469,38.685001373291016,38.27000045776367,38.66999816894531,36.16529846191406,3935600.0,XLRE
2024-07-11,39.2599983215332,39.88999938964844,39.220001220703125,39.70000076293945,37.12858581542969,8693400.0,XLRE
2024-07-12,39.959999084472656,40.25,39.8489990234375,39.9900016784668,37.399803161621094,5322200.0,XLRE
2024-07-15,40.04999923706055,40.22600173950195,39.84000015258789,40.15999984741211,37.55879211425781,4828400.0,XLRE
2024-07-16,40.41999816894531,40.58000183105469,40.130001068115234,40.540000915527344,37.91417694091797,5753700.0,XLRE
2024-07-17,40.619998931884766,41.13999938964844,40.560001373291016,40.900001525878906,38.25086212158203,7445800.0,XLRE
2024-07-18,40.630001068115234,41.35499954223633,40.46500015258789,40.560001373291016,37.93288803100586,6016200.0,XLRE
2024-07-19,40.630001068115234,40.724998474121094,40.33000183105469,40.5099983215332,37.8861198425293,5259100.0,XLRE
2024-07-22,40.56999969482422,40.95000076293945,40.349998474121094,40.90999984741211,38.26020812988281,5233000.0,XLRE
2024-07-23,40.88999938964844,41.125,40.66899871826172,40.84000015258789,38.19474411010742,4351500.0,XLRE
2024-07-24,40.83000183105469,41.1150016784668,40.2400016784668,40.279998779296875,37.671016693115234,5606900.0,XLRE
2024-07-25,40.5,40.93000030517578,39.972999572753906,40.060001373291016,37.465267181396484,8353400.0,XLRE
2024-07-26,40.22999954223633,40.869998931884766,40.18000030517578,40.72999954223633,38.09186553955078,5702800.0,XLRE
2024-07-29,40.72999954223633,41.130001068115234,40.41999816894531,40.9900016784668,38.33503341674805,5418100.0,XLRE
2024-07-30,41.15999984741211,41.380001068115234,41.0,41.290000915527344,38.615596771240234,4674000.0,XLRE
2024-07-31,41.22999954223633,41.63999938964844,41.04499816894531,41.189998626708984,38.522071838378906,8786900.0,XLRE
2024-08-01,41.619998931884766,41.90999984741211,41.38999938964844,41.83000183105469,39.12062072753906,9813900.0,XLRE
2024-08-02,41.849998474121094,42.29999923706055,41.4900016784668,41.86000061035156,39.148677825927734,8818200.0,XLRE
2024-08-05,41.27000045776367,41.875999450683594,40.584999084472656,40.650001525878906,38.017051696777344,14134700.0,XLRE
2024-08-06,40.68000030517578,41.959999084472656,40.529998779296875,41.54999923706055,38.85875701904297,11389400.0,XLRE
2024-08-07,41.65999984741211,42.2400016784668,41.20500183105469,41.25,38.57819366455078,9907700.0,XLRE
2024-08-08,41.15999984741211,41.64899826049805,41.060001373291016,41.599998474121094,38.905517578125,10383100.0,XLRE
2024-08-09,41.779998779296875,41.91999816894531,41.31999969482422,41.810001373291016,39.1019172668457,5454900.0,XLRE
2024-08-12,41.630001068115234,41.66999816894531,41.25699996948242,41.560001373291016,38.86811447143555,4924500.0,XLRE
2024-08-13,41.849998474121094,41.90999984741211,41.59000015258789,41.849998474121094,39.13932418823242,3707000.0,XLRE
2024-08-14,41.91999816894531,42.20000076293945,41.77000045776367,42.0,39.27961349487305,3300600.0,XLRE
2024-08-15,42.029998779296875,42.09000015258789,41.70100021362305,41.880001068115234,39.16738510131836,6282100.0,XLRE
2024-08-16,41.84000015258789,42.0,41.650001525878906,41.86000061035156,39.148677825927734,4212300.0,XLRE
2024-08-19,41.86000061035156,42.150001525878906,41.834999084472656,42.11000061035156,39.382484436035156,3971100.0,XLRE
2024-08-20,42.09000015258789,42.255001068115234,41.94499969482422,42.150001525878906,39.41989517211914,4828200.0,XLRE
2024-08-21,42.18000030517578,42.349998474121094,41.939998626708984,42.290000915527344,39.55083084106445,4214800.0,XLRE
2024-08-22,42.349998474121094,42.54999923706055,42.220001220703125,42.54999923706055,39.79398727416992,4953100.0,XLRE
2024-08-23,42.709999084472656,43.45000076293945,42.64500045776367,43.369998931884766,40.560874938964844,6135200.0,XLRE
2024-08-26,43.58000183105469,43.66999816894531,43.270999908447266,43.34000015258789,40.53282165527344,4047800.0,XLRE
2024-08-27,43.08000183105469,43.494998931884766,43.0099983215332,43.45000076293945,40.63569259643555,3717600.0,XLRE
2024-08-28,43.45000076293945,43.58000183105469,43.04999923706055,43.29999923706055,40.49540710449219,5035000.0,XLRE
2024-08-29,43.22999954223633,43.29999923706055,42.93000030517578,43.130001068115234,40.336421966552734,5339900.0,XLRE
2024-08-30,43.34000015258789,43.56999969482422,43.0,43.54999923706055,40.72921371459961,5611600.0,XLRE
2024-09-03,43.27000045776367,43.86000061035156,43.25,43.650001525878906,40.82273864746094,7580900.0,XLRE
2024-09-04,43.75,44.20000076293945,43.525001525878906,43.75,40.916263580322266,5855600.0,XLRE
2024-09-05,44.08000183105469,44.099998474121094,43.51499938964844,43.630001068115234,40.80403137207031,5539200.0,XLRE
2024-09-06,43.65999984741211,43.69499969482422,43.233001708984375,43.630001068115234,40.80403137207031,6671700.0,XLRE
2024-09-09,43.630001068115234,44.257999420166016,43.56999969482422,44.150001525878906,41.29035186767578,5070000.0,XLRE
2024-09-10,44.34000015258789,44.959999084472656,44.2599983215332,44.93000030517578,42.019832611083984,7884500.0,XLRE
2024-09-11,44.529998779296875,44.869998931884766,44.0099983215332,44.810001373291016,41.9076042175293,5792200.0,XLRE
2024-09-12,44.880001068115234,44.959999084472656,44.380001068115234,44.88999938964844,41.982418060302734,4263300.0,XLRE
2024-09-13,45.119998931884766,45.2599983215332,44.974998474121094,45.209999084472656,42.28169631958008,3707500.0,XLRE
2024-09-16,45.41999816894531,45.58000183105469,45.224998474121094,45.36000061035156,42.42197799682617,4130200.0,XLRE
2024-09-17,45.380001068115234,45.5099983215332,44.85499954223633,45.0,42.085296630859375,5919400.0,XLRE
2024-09-18,45.060001373291016,45.5099983215332,44.810001373291016,44.869998931884766,41.963714599609375,6234400.0,XLRE
2024-09-19,45.2400016784668,45.2400016784668,44.4900016784668,44.7599983215332,41.86084747314453,4552400.0,XLRE
2024-09-20,44.5,44.724998474121094,44.400001525878906,44.68000030517578,41.78602600097656,4839800.0,XLRE
2024-09-23,44.689998626708984,44.88999938964844,44.560001373291016,44.86000061035156,42.24843978881836,4013700.0,XLRE
2024-09-24,44.650001525878906,45.02000045776367,44.470001220703125,44.86000061035156,42.24843978881836,4103800.0,XLRE
2024-09-25,44.95000076293945,45.06999969482422,44.54999923706055,44.66999816894531,42.06950378417969,3457000.0,XLRE
2024-09-26,44.689998626708984,44.720001220703125,44.06999969482422,44.22999954223633,41.65511703491211,4552700.0,XLRE
2024-09-27,44.540000915527344,44.64500045776367,44.220001220703125,44.290000915527344,41.71162414550781,3613700.0,XLRE
2024-09-30,44.130001068115234,44.70000076293945,44.04999923706055,44.66999816894531,42.06950378417969,4929900.0,XLRE
2024-01-02,31.530000686645508,32.20000076293945,31.46500015258789,32.125,29.870622634887695,30758600.0,XLU
2024-01-03,32.1150016784668,32.30500030517578,31.895000457763672,32.244998931884766,29.982200622558594,32866400.0,XLU
2024-01-04,32.279998779296875,32.45000076293945,32.10499954223633,32.14500045776367,29.889219284057617,26622400.0,XLU
2024-01-05,32.099998474121094,32.41999816894531,31.954999923706055,32.26499938964844,30.00079917907715,27190400.0,XLU
2024-01-08,32.19499969482422,32.5099983215332,32.095001220703125,32.5,30.21930503845215,23434400.0,XLU
2024-01-09,32.33000183105469,32.380001068115234,32.165000915527344,32.23500061035156,29.972902297973633,28805400.0,XLU
2024-01-10,32.23500061035156,32.380001068115234,32.1150016784668,32.22999954223633,29.968252182006836,21853800.0,XLU
2024-01-11,32.125,32.130001068115234,31.3799991607666,31.479999542236328,29.270885467529297,44353600.0,XLU
2024-01-12,31.690000534057617,31.790000915527344,31.53499984741211,31.65999984741211,29.438255310058594,19537400.0,XLU
2024-01-16,31.5049991607666,31.59000015258789,31.239999771118164,31.315000534057617,29.117462158203125,30454000.0,XLU
2024-01-17,31.135000228881836,31.420000076293945,30.625,30.860000610351562,28.694398880004883,39178000.0,XLU
2024-01-18,30.704999923706055,30.735000610351562,30.354999542236328,30.530000686645508,28.387554168701172,39464000.0,XLU
2024-01-19,30.559999465942383,30.610000610351562,30.295000076293945,30.489999771118164,28.350358963012695,28257600.0,XLU
2024-01-22,30.479999542236328,30.704999923706055,30.204999923706055,30.334999084472656,28.206235885620117,41676200.0,XLU
2024-01-23,30.344999313354492,30.485000610351562,30.209999084472656,30.389999389648438,28.25737762451172,41100200.0,XLU
2024-01-24,30.600000381469727,30.649999618530273,29.93000030517578,29.975000381469727,27.87150001525879,50878200.0,XLU
2024-01-25,30.375,30.520000457763672,30.09000015258789,30.514999389648438,28.37360382080078,50516800.0,XLU
2024-01-26,30.594999313354492,30.719999313354492,30.5049991607666,30.604999542236328,28.457286834716797,36653200.0,XLU
2024-01-29,30.625,30.920000076293945,30.44499969482422,30.799999237060547,28.63860511779785,26054400.0,XLU
2024-01-30,30.725000381469727,30.975000381469727,30.524999618530273,30.790000915527344,28.62930679321289,36109000.0,XLU
2024-01-31,31.045000076293945,31.18000030517578,30.549999237060547,30.725000381469727,28.56886863708496,59642400.0,XLU
2024-02-01,30.594999313354492,31.309999465942383,30.454999923706055,31.309999465942383,29.112815856933594,51507200.0,XLU
2024-02-02,30.954999923706055,31.045000076293945,30.530000686645508,30.7450008392334,28.58746337890625,51839600.0,XLU
2024-02-05,30.44499969482422,30.46500015258789,30.09000015258789,30.104999542236328,27.99237632751465,39895000.0,XLU
2024-02-06,30.09000015258789,30.315000534057617,29.9950008392334,30.21500015258789,28.09465789794922,27557000.0,XLU
2024-02-07,30.334999084472656,30.399999618530273,30.075000762939453,30.235000610351562,28.113256454467773,23748600.0,XLU
2024-02-08,30.100000381469727,30.165000915527344,29.760000228881836,30.020000457763672,27.91334342956543,41755400.0,XLU
2024-02-09,29.934999465942383,30.165000915527344,29.875,30.135000228881836,28.02027130126953,29647800.0,XLU
2024-02-12,30.135000228881836,30.510000228881836,30.059999465942383,30.485000610351562,28.345712661743164,25219000.0,XLU
2024-02-13,30.315000534057617,30.469999313354492,29.56999969482422,29.979999542236328,27.876144409179688,45402200.0,XLU
2024-02-14,30.09000015258789,30.21500015258789,29.920000076293945,30.145000457763672,28.02956771850586,34871800.0,XLU
2024-02-15,30.239999771118164,30.674999237060547,30.239999771118164,30.649999618530273,28.499130249023438,34680800.0,XLU
2024-02-16,30.5,30.760000228881836,30.315000534057617,30.614999771118164,28.46658706665039,29914200.0,XLU
2024-02-20,30.559999465942383,30.94499969482422,30.530000686645508,30.594999313354492,28.447986602783203,22764000.0,XLU
2024-02-21,30.795000076293945,31.040000915527344,30.645000457763672,31.0,28.82457160949707,31565000.0,XLU
2024-02-22,30.7549991607666,30.889999389648438,30.524999618530273,30.760000228881836,28.60141372680664,31841600.0,XLU
2024-02-23,30.825000762939453,31.125,30.75,30.979999542236328,28.805973052978516,24572800.0,XLU
2024-02-26,30.829999923706055,30.850000381469727,30.315000534057617,30.3700008392334,28.238779067993164,25587000.0,XLU
2024-02-27,30.549999237060547,30.954999923706055,30.424999237060547,30.94499969482422,28.77342414855957,27487600.0,XLU
2024-02-28,30.90999984741211,31.084999084472656,30.84000015258789,31.040000915527344,28.86176109313965,22983600.0,XLU
2024-02-29,31.15999984741211,31.309999465942383,30.905000686645508,31.049999237060547,28.87105941772461,30675400.0,XLU
2024-03-01,30.954999923706055,30.959999084472656,30.479999542236328,30.860000610351562,28.694398880004883,42511000.0,XLU
2024-03-04,30.71500015258789,31.424999237060547,30.71500015258789,31.3799991607666,29.177902221679688,33020800.0,XLU
2024-03-05,31.475000381469727,31.985000610351562,31.15999984741211,31.290000915527344,29.09421730041504,49602800.0,XLU
2024-03-06,31.514999389648438,31.75,31.44499969482422,31.59000015258789,29.373167037963867,32652200.0,XLU
2024-03-07,31.850000381469727,31.93000030517578,31.735000610351562,31.795000076293945,29.563779830932617,21384200.0,XLU
2024-03-08,31.885000228881836,31.969999313354492,31.610000610351562,31.875,29.638166427612305,27511600.0,XLU
2024-03-11,31.829999923706055,32.10499954223633,31.709999084472656,32.03499984741211,29.78693962097168,20968200.0,XLU
2024-03-12,31.969999313354492,31.985000610351562,31.524999618530273,31.725000381469727,29.498693466186523,29489000.0,XLU
2024-03-13,31.975000381469727,32.224998474121094,31.8700008392334,31.940000534057617,29.698604583740234,25877800.0,XLU
2024-03-14,31.8700008392334,31.9950008392334,31.459999084472656,31.684999465942383,29.461502075195312,31869800.0,XLU
2024-03-15,31.584999084472656,31.899999618530273,31.55500030517578,31.729999542236328,29.503341674804688,35445000.0,XLU
2024-03-18,31.510000228881836,31.815000534057617,31.325000762939453,31.614999771118164,29.639278411865234,26843800.0,XLU
2024-03-19,31.690000534057617,31.924999237060547,31.600000381469727,31.895000457763672,29.901782989501953,19985400.0,XLU
2024-03-20,31.84000015258789,32.099998474121094,31.7549991607666,31.934999465942383,29.939279556274414,32620800.0,XLU
2024-03-21,32.02000045776367,32.23500061035156,31.8700008392334,31.885000228881836,29.892406463623047,40327800.0,XLU
2024-03-22,32.084999084472656,32.14500045776367,31.889999389648438,31.93000030517578,29.93459701538086,21059400.0,XLU
2024-03-25,32.02000045776367,32.099998474121094,31.885000228881836,32.08000183105469,30.075225830078125,23194200.0,XLU
2024-03-26,32.1150016784668,32.209999084472656,31.690000534057617,31.71500015258789,29.733028411865234,29830400.0,XLU
2024-03-27,31.950000762939453,32.599998474121094,31.915000915527344,32.599998474121094,30.562725067138672,34600400.0,XLU
2024-03-28,32.595001220703125,32.880001068115234,32.5099983215332,32.82500076293945,30.77366065979004,27492200.0,XLU
2024-04-01,32.83000183105469,32.8650016784668,32.415000915527344,32.625,30.586162567138672,22702600.0,XLU
2024-04-02,32.54999923706055,32.869998931884766,32.53499984741211,32.68000030517578,30.637725830078125,30212400.0,XLU
2024-04-03,32.67499923706055,32.76499938964844,32.43000030517578,32.54999923706055,30.515851974487305,26574200.0,XLU
2024-04-04,32.80500030517578,32.900001525878906,32.26499938964844,32.48500061035156,30.454910278320312,29356800.0,XLU
2024-04-05,32.275001525878906,32.665000915527344,32.119998931884766,32.58000183105469,30.543975830078125,32322400.0,XLU
2024-04-08,32.584999084472656,32.849998474121094,32.540000915527344,32.79499816894531,30.745534896850586,20142600.0,XLU
2024-04-09,32.8650016784668,33.040000915527344,32.77000045776367,32.974998474121094,30.914287567138672,24024200.0,XLU
2024-04-10,32.314998626708984,32.53499984741211,32.125,32.40999984741211,30.384599685668945,38280600.0,XLU
2024-04-11,32.595001220703125,32.6349983215332,32.125,32.345001220703125,30.323659896850586,25621200.0,XLU
2024-04-12,32.404998779296875,32.5,31.94499969482422,32.099998474121094,30.093969345092773,39844800.0,XLU
2024-04-15,32.31999969482422,32.45500183105469,31.684999465942383,31.80500030517578,29.817407608032227,29407800.0,XLU
2024-04-16,31.704999923706055,31.739999771118164,31.274999618530273,31.385000228881836,29.423656463623047,32907600.0,XLU
2024-04-17,31.59000015258789,32.119998931884766,31.530000686645508,32.040000915527344,30.037721633911133,28152800.0,XLU
2024-04-18,32.150001525878906,32.33000183105469,31.915000915527344,32.220001220703125,30.20647430419922,22288600.0,XLU
2024-04-19,32.30500030517578,32.78499984741211,32.27000045776367,32.71500015258789,30.67053985595703,37004600.0,XLU
2024-04-22,32.73500061035156,33.10499954223633,32.5099983215332,33.01499938964844,30.951793670654297,23458600.0,XLU
2024-04-23,33.0,33.380001068115234,32.91999816894531,33.16999816894531,31.097105026245117,22338000.0,XLU
2024-04-24,32.869998931884766,33.47999954223633,32.70500183105469,33.369998931884766,31.284608840942383,26127000.0,XLU
2024-04-25,33.290000915527344,33.595001220703125,33.0,33.459999084472656,31.36897850036621,31562400.0,XLU
2024-04-26,33.459999084472656,33.505001068115234,33.08000183105469,33.095001220703125,31.02678871154785,24547400.0,XLU
2024-04-29,33.32500076293945,33.60499954223633,33.29499816894531,33.54499816894531,31.448665618896484,29368200.0,XLU
2024-04-30,33.36000061035156,33.630001068115234,33.13999938964844,33.369998931884766,31.284608840942383,29724800.0,XLU
2024-05-01,33.3650016784668,34.060001373291016,33.23500061035156,33.755001068115234,31.645545959472656,42371800.0,XLU
2024-05-02,33.89500045776367,34.02000045776367,33.625,33.935001373291016,31.814300537109375,28609400.0,XLU
2024-05-03,34.20000076293945,34.314998626708984,33.900001525878906,34.20500183105469,32.06742858886719,29817000.0,XLU
2024-05-06,34.310001373291016,34.415000915527344,34.099998474121094,34.380001068115234,32.23148727416992,21221400.0,XLU
2024-05-07,34.525001525878906,34.79999923706055,34.45000076293945,34.77000045776367,32.59711837768555,28808200.0,XLU
2024-05-08,34.69499969482422,35.154998779296875,34.61000061035156,35.1349983215332,32.939300537109375,27708200.0,XLU
2024-05-09,35.11000061035156,35.70500183105469,35.03499984741211,35.66999816894531,33.44086837768555,48549200.0,XLU
2024-05-10,35.869998931884766,35.92499923706055,35.53499984741211,35.6349983215332,33.40805435180664,39129200.0,XLU
2024-05-13,35.755001068115234,35.93000030517578,35.564998626708984,35.6349983215332,33.40805435180664,21219200.0,XLU
2024-05-14,35.790000915527344,35.84000015258789,35.529998779296875,35.72999954223633,33.49711227416992,23566400.0,XLU
2024-05-15,36.099998474121094,36.3650016784668,36.040000915527344,36.26499938964844,33.998687744140625,29176600.0,XLU
2024-05-16,36.28499984741211,36.45500183105469,36.084999084472656,36.13999938964844,33.88149642944336,25322400.0,XLU
2024-05-17,36.095001220703125,36.255001068115234,35.970001220703125,36.16999816894531,33.90961837768555,21715600.0,XLU
2024-05-20,36.25,36.25,36.029998779296875,36.11000061035156,33.85337448120117,13830400.0,XLU
2024-05-21,36.09000015258789,36.45000076293945,36.08000183105469,36.435001373291016,34.15806579589844,16263400.0,XLU
2024-05-22,36.23500061035156,36.36000061035156,35.970001220703125,36.005001068115234,33.75493621826172,21128800.0,XLU
2024-05-23,35.95000076293945,35.95000076293945,35.375,35.39500045776367,33.18305587768555,28718600.0,XLU
2024-05-24,35.48500061035156,35.88999938964844,35.41999816894531,35.75,33.515872955322266,16366800.0,XLU
2024-05-28,35.78499984741211,35.93000030517578,35.63999938964844,35.71500015258789,33.48305892944336,17765200.0,XLU
2024-05-29,35.404998779296875,35.45000076293945,35.125,35.255001068115234,33.05180740356445,28118600.0,XLU
2024-05-30,35.369998931884766,35.755001068115234,35.30500030517578,35.72999954223633,33.49711227416992,18129600.0,XLU
2024-05-31,35.849998474121094,36.39500045776367,35.69499969482422,36.36000061035156,34.08774948120117,24777600.0,XLU
2024-06-03,36.29999923706055,36.334999084472656,35.814998626708984,35.94499969482422,33.69868850708008,36915800.0,XLU
2024-06-04,35.85499954223633,36.05500030517578,35.53499984741211,35.93000030517578,33.68461990356445,29419600.0,XLU
2024-06-05,35.88999938964844,35.91999816894531,35.665000915527344,35.724998474121094,33.492431640625,17920400.0,XLU
2024-06-06,35.64500045776367,35.85499954223633,35.30500030517578,35.35499954223633,33.14554977416992,18184800.0,XLU
2024-06-07,35.04999923706055,35.33000183105469,34.959999084472656,34.970001220703125,32.78462219238281,16286800.0,XLU
2024-06-10,34.96500015258789,35.47999954223633,34.875,35.41999816894531,33.20648956298828,19591400.0,XLU
2024-06-11,35.119998931884766,35.255001068115234,34.904998779296875,35.20500183105469,33.00493240356445,22694800.0,XLU
2024-06-12,35.650001525878906,35.654998779296875,34.86000061035156,34.974998474121094,32.78929901123047,24912200.0,XLU
2024-06-13,35.029998779296875,35.185001373291016,34.689998626708984,35.05500030517578,32.86430358886719,22974000.0,XLU
2024-06-14,34.849998474121094,35.01499938964844,34.70500183105469,34.970001220703125,32.78462219238281,20280600.0,XLU
2024-06-17,34.78499984741211,34.8650016784668,34.54999923706055,34.584999084472656,32.42367172241211,21026400.0,XLU
2024-06-18,34.30500030517578,34.61000061035156,34.275001525878906,34.599998474121094,32.4377326965332,24573600.0,XLU
2024-06-20,34.709999084472656,34.970001220703125,34.595001220703125,34.900001525878906,32.718994140625,27948000.0,XLU
2024-06-21,35.029998779296875,35.06999969482422,34.66999816894531,34.69499969482422,32.52680206298828,18990800.0,XLU
2024-06-24,34.40999984741211,34.98500061035156,34.3849983215332,34.869998931884766,32.95445251464844,17956800.0,XLU
2024-06-25,34.79999923706055,34.89500045776367,34.43000030517578,34.540000915527344,32.642574310302734,25099400.0,XLU
2024-06-26,34.40999984741211,34.470001220703125,34.189998626708984,34.39500045776367,32.50553894042969,13882000.0,XLU
2024-06-27,34.42499923706055,34.5,34.220001220703125,34.45500183105469,32.5622444152832,10899600.0,XLU
2024-06-28,34.45500183105469,34.5,33.90999984741211,34.06999969482422,32.198394775390625,23063000.0,XLU
2024-07-01,34.42499923706055,34.48500061035156,33.79999923706055,33.834999084472656,31.976299285888672,16757800.0,XLU
2024-07-02,33.915000915527344,34.07500076293945,33.86000061035156,34.0099983215332,32.14168930053711,16724200.0,XLU
2024-07-03,34.060001373291016,34.45500183105469,33.994998931884766,34.21500015258789,32.33542251586914,13241200.0,XLU
2024-07-05,34.27000045776367,34.41999816894531,34.1150016784668,34.275001525878906,32.39212417602539,13830600.0,XLU
2024-07-08,34.30500030517578,34.41999816894531,34.18000030517578,34.310001373291016,32.42521286010742,13634400.0,XLU
2024-07-09,34.310001373291016,34.70000076293945,34.275001525878906,34.40999984741211,32.51971435546875,21601200.0,XLU
2024-07-10,34.540000915527344,34.744998931884766,34.279998779296875,34.73500061035156,32.826866149902344,13800000.0,XLU
2024-07-11,34.90999984741211,35.46500015258789,34.89500045776367,35.369998931884766,33.42697525024414,29766400.0,XLU
2024-07-12,35.494998931884766,35.86000061035156,35.34000015258789,35.630001068115234,33.67269515991211,16524200.0,XLU
2024-07-15,35.22999954223633,35.34000015258789,34.709999084472656,34.76499938964844,32.8552131652832,29827600.0,XLU
2024-07-16,34.974998474121094,35.095001220703125,34.869998931884766,35.03499984741211,33.11037826538086,15009200.0,XLU
2024-07-17,35.0,35.5,34.90999984741211,35.05500030517578,33.12928009033203,27516000.0,XLU
2024-07-18,35.0099983215332,35.3650016784668,34.96500015258789,35.025001525878906,33.100921630859375,13542600.0,XLU
2024-07-19,35.09000015258789,35.17499923706055,34.85499954223633,35.064998626708984,33.13873291015625,12985400.0,XLU
2024-07-22,35.25,35.439998626708984,35.130001068115234,35.36000061035156,33.41752624511719,12965400.0,XLU
2024-07-23,35.290000915527344,35.35499954223633,35.1150016784668,35.13999938964844,33.209617614746094,12686400.0,XLU
2024-07-24,35.38999938964844,35.67499923706055,35.17499923706055,35.53499984741211,33.58291244506836,25284800.0,XLU
2024-07-25,35.70000076293945,35.88999938964844,35.09000015258789,35.2400016784668,33.30411911010742,26666000.0,XLU
2024-07-26,35.52000045776367,35.654998779296875,35.38999938964844,35.584999084472656,33.63016891479492,16706400.0,XLU
2024-07-29,35.720001220703125,35.86000061035156,35.43000030517578,35.744998931884766,33.781375885009766,15151200.0,XLU
2024-07-30,35.70500183105469,35.959999084472656,35.630001068115234,35.93000030517578,33.95621109008789,16696400.0,XLU
2024-07-31,36.435001373291016,36.474998474121094,36.04499816894531,36.39500045776367,34.39567565917969,21765400.0,XLU
2024-08-01,36.46500015258789,37.099998474121094,36.41999816894531,37.04999923706055,35.014686584472656,32567400.0,XLU
2024-08-02,37.52000045776367,37.779998779296875,36.60499954223633,37.11000061035156,35.07139587402344,48257200.0,XLU
2024-08-05,37.30500030517578,37.30500030517578,36.09000015258789,36.130001068115234,34.14522171020508,41099800.0,XLU
2024-08-06,36.27000045776367,36.85499954223633,36.244998931884766,36.435001373291016,34.433475494384766,29286400.0,XLU
2024-08-07,36.73500061035156,37.06999969482422,36.5,36.63999938964844,34.62721252441406,24758800.0,XLU
2024-08-08,36.5,36.904998779296875,36.39500045776367,36.68000030517578,34.66501235961914,23360400.0,XLU
2024-08-09,36.77000045776367,36.85499954223633,36.17499923706055,36.80500030517578,34.78314971923828,16708400.0,XLU
2024-08-12,36.814998626708984,36.8849983215332,36.595001220703125,36.869998931884766,34.84457015991211,15027000.0,XLU
2024-08-13,37.025001525878906,37.119998931884766,36.86000061035156,37.084999084472656,35.04777145385742,17075000.0,XLU
2024-08-14,37.0,37.279998779296875,36.78499984741211,37.060001373291016,35.02414321899414,16166000.0,XLU
2024-08-15,36.845001220703125,37.165000915527344,36.720001220703125,37.05500030517578,35.019412994384766,18807600.0,XLU
2024-08-16,37.095001220703125,37.345001220703125,36.935001373291016,37.220001220703125,35.175350189208984,13522800.0,XLU
2024-08-19,37.255001068115234,37.4900016784668,37.224998474121094,37.46500015258789,35.40688705444336,11505400.0,XLU
2024-08-20,37.46500015258789,37.59000015258789,37.345001220703125,37.3849983215332,35.33128356933594,15989800.0,XLU
2024-08-21,37.439998626708984,37.76499938964844,37.38999938964844,37.650001525878906,35.581729888916016,13451800.0,XLU
2024-08-22,37.689998626708984,37.77000045776367,37.45500183105469,37.60499954223633,35.5391960144043,14648000.0,XLU
2024-08-23,37.73500061035156,37.88999938964844,37.599998474121094,37.709999084472656,35.638431549072266,15050400.0,XLU
2024-08-26,37.84000015258789,38.11000061035156,37.834999084472656,37.95500183105469,35.86997604370117,13336400.0,XLU
2024-08-27,37.875,38.0099983215332,37.63999938964844,37.654998779296875,35.586448669433594,16666800.0,XLU
2024-08-28,37.77000045776367,37.97999954223633,37.625,37.654998779296875,35.586448669433594,10482800.0,XLU
2024-08-29,37.779998779296875,37.89500045776367,37.40999984741211,37.86000061035156,35.78019714355469,12758200.0,XLU
2024-08-30,37.93000030517578,38.20000076293945,37.790000915527344,38.14500045776367,36.04953384399414,17007400.0,XLU
2024-09-03,38.154998779296875,38.3650016784668,37.970001220703125,38.09000015258789,35.997554779052734,23627000.0,XLU
2024-09-04,38.275001525878906,38.70500183105469,38.224998474121094,38.415000915527344,36.3046989440918,27303200.0,XLU
2024-09-05,38.70500183105469,38.755001068115234,38.20500183105469,38.31999969482422,36.21492004394531,15545400.0,XLU
2024-09-06,38.404998779296875,38.48500061035156,37.95000076293945,37.95500183105469,35.86997604370117,19605800.0,XLU
2024-09-09,38.119998931884766,38.345001220703125,37.900001525878906,38.34000015258789,36.23382568359375,14366200.0,XLU
2024-09-10,38.40999984741211,38.68000030517578,38.279998779296875,38.52000045776367,36.40393829345703,23255400.0,XLU
2024-09-11,38.525001525878906,38.68000030517578,38.07500076293945,38.63999938964844,36.517337799072266,20766600.0,XLU
2024-09-12,38.724998474121094,38.790000915527344,38.48500061035156,38.724998474121094,36.5976676940918,19335000.0,XLU
2024-09-13,38.85499954223633,39.279998779296875,38.70500183105469,39.27000045776367,37.11273193359375,16238800.0,XLU
2024-09-16,39.39500045776367,39.68000030517578,39.290000915527344,39.56999969482422,37.3962516784668,19910600.0,XLU
2024-09-17,39.59000015258789,39.689998626708984,39.40999984741211,39.540000915527344,37.36790084838867,27963000.0,XLU
2024-09-18,39.470001220703125,39.58000183105469,39.06999969482422,39.2400016784668,37.08438491821289,47034800.0,XLU
2024-09-19,39.099998474121094,39.189998626708984,38.689998626708984,39.0099983215332,36.86701583862305,41536400.0,XLU
2024-09-20,39.5,40.125,39.44499969482422,40.040000915527344,37.8404426574707,44279200.0,XLU
2024-09-23,40.01499938964844,40.20000076293945,39.869998931884766,40.165000915527344,38.215797424316406,23340600.0,XLU
2024-09-24,39.939998626708984,40.3849983215332,39.79499816894531,39.880001068115234,37.944618225097656,28105200.0,XLU
2024-09-25,40.099998474121094,40.209999084472656,39.7400016784668,40.09000015258789,38.14442825317383,16359200.0,XLU
2024-09-26,40.01499938964844,40.189998626708984,39.70500183105469,39.814998626708984,37.882774353027344,19794600.0,XLU
2024-09-27,39.97999954223633,40.31999969482422,39.939998626708984,40.209999084472656,38.258609771728516,14804000.0,XLU
2024-09-30,40.290000915527344,40.415000915527344,39.93000030517578,40.38999938964844,38.429874420166016,19014200.0,XLU
2024-01-02,136.0399932861328,139.0500030517578,135.97000122070312,138.77999877929688,133.11260986328125,11785900.0,XLV
2024-01-03,139.24000549316406,139.52999877929688,138.3800048828125,138.5500030517578,132.89198303222656,9585000.0,XLV
2024-01-04,138.97999572753906,140.0,138.74000549316406,139.24000549316406,133.55380249023438,11649200.0,XLV
2024-01-05,138.9199981689453,139.6999969482422,138.52999877929688,139.1199951171875,133.43870544433594,9437700.0,XLV
2024-01-08,139.16000366210938,140.3800048828125,138.58999633789062,140.35000610351562,134.6184844970703,7999400.0,XLV
2024-01-09,140.1999969482422,141.55999755859375,139.8699951171875,140.3300018310547,134.59930419921875,9201300.0,XLV
2024-01-10,140.41000366210938,141.13999938964844,139.8800048828125,140.97000122070312,135.21315002441406,9773300.0,XLV
2024-01-11,140.7899932861328,141.02999877929688,140.0,140.8699951171875,135.11724853515625,7182300.0,XLV
2024-01-12,140.47999572753906,141.16000366210938,140.0500030517578,140.52000427246094,134.7815399169922,8026400.0,XLV
2024-01-16,140.1699981689453,140.36000061035156,139.4600067138672,139.67999267578125,133.975830078125,7426900.0,XLV
2024-01-17,139.4499969482422,140.08999633789062,139.00999450683594,139.39999389648438,133.70726013183594,8337200.0,XLV
2024-01-18,138.1999969482422,139.50999450683594,137.52000427246094,139.3800048828125,133.6881103515625,8929300.0,XLV
2024-01-19,139.4600067138672,139.82000732421875,138.69000244140625,139.4600067138672,133.7648162841797,8842000.0,XLV
2024-01-22,139.5800018310547,140.44000244140625,139.22999572753906,140.07000732421875,134.3499298095703,7831400.0,XLV
2024-01-23,139.88999938964844,140.05999755859375,138.97000122070312,139.97000122070312,134.25401306152344,6407400.0,XLV
2024-01-24,140.33999633789062,140.67999267578125,138.6699981689453,138.69000244140625,133.02627563476562,9104900.0,XLV
2024-01-25,138.1999969482422,138.50999450683594,137.2100067138672,138.47999572753906,132.82484436035156,10050200.0,XLV
2024-01-26,139.44000244140625,139.55999755859375,138.9199981689453,139.27000427246094,133.58258056640625,5759100.0,XLV
2024-01-29,139.39999389648438,140.25999450683594,139.30999755859375,140.25,134.52256774902344,6229600.0,XLV
2024-01-30,140.47999572753906,140.82000732421875,139.80999755859375,140.57000732421875,134.82949829101562,5940300.0,XLV
2024-01-31,141.63999938964844,141.75,140.35000610351562,140.3800048828125,134.64727783203125,10223100.0,XLV
2024-02-01,140.5500030517578,142.1999969482422,139.8699951171875,142.1999969482422,136.39292907714844,8503600.0,XLV
2024-02-02,142.14999389648438,142.64999389648438,141.27000427246094,141.99000549316406,136.19151306152344,10629200.0,XLV
2024-02-05,142.5,143.30999755859375,141.77999877929688,142.42999267578125,136.613525390625,9631700.0,XLV
2024-02-06,143.5399932861328,144.08999633789062,142.82000732421875,143.97999572753906,138.1002197265625,10159000.0,XLV
2024-02-07,144.33999633789062,145.02999877929688,144.07000732421875,144.3699951171875,138.47430419921875,7884600.0,XLV
2024-02-08,144.22999572753906,144.22999572753906,143.47000122070312,144.1199951171875,138.23452758789062,6672400.0,XLV
2024-02-09,144.05999755859375,144.2899932861328,143.5399932861328,144.00999450683594,138.12899780273438,7447800.0,XLV
2024-02-12,143.82000732421875,144.24000549316406,143.13999938964844,144.1999969482422,138.31124877929688,6645500.0,XLV
2024-02-13,143.47000122070312,144.47000122070312,142.14999389648438,142.86000061035156,137.02598571777344,11170000.0,XLV
2024-02-14,143.35000610351562,144.14999389648438,143.07000732421875,144.10000610351562,138.21536254882812,9701100.0,XLV
2024-02-15,144.1999969482422,145.42999267578125,143.99000549316406,145.14999389648438,139.2224578857422,9294800.0,XLV
2024-02-16,145.33999633789062,146.60000610351562,144.82000732421875,145.6199951171875,139.67324829101562,8424100.0,XLV
2024-02-20,145.72999572753906,146.19000244140625,144.75999450683594,145.1300048828125,139.20327758789062,9120400.0,XLV
2024-02-21,144.66000366210938,145.49000549316406,144.24000549316406,145.4499969482422,139.5102081298828,7213500.0,XLV
2024-02-22,145.63999938964844,147.42999267578125,145.3300018310547,147.16000366210938,141.15037536621094,9130000.0,XLV
2024-02-23,147.66000366210938,148.27000427246094,147.33999633789062,147.86000061035156,141.82177734375,9194600.0,XLV
2024-02-26,147.77000427246094,148.11000061035156,146.97000122070312,147.10000610351562,141.0928497314453,7248300.0,XLV
2024-02-27,146.3800048828125,147.19000244140625,146.0399932861328,146.74000549316406,140.74752807617188,7374000.0,XLV
2024-02-28,146.1199951171875,146.27999877929688,145.32000732421875,146.00999450683594,140.04734802246094,8038800.0,XLV
2024-02-29,146.0,146.24000549316406,144.72000122070312,144.82000732421875,138.9059295654297,9435600.0,XLV
2024-03-01,145.14999389648438,146.44000244140625,144.50999450683594,146.33999633789062,140.36386108398438,8741400.0,XLV
2024-03-04,145.9199981689453,146.67999267578125,145.77000427246094,146.1199951171875,140.15284729003906,10657800.0,XLV
2024-03-05,146.1699981689453,146.41000366210938,144.5500030517578,145.02999877929688,139.1073760986328,9743400.0,XLV
2024-03-06,145.3000030517578,146.55999755859375,145.3000030517578,146.02000427246094,140.05694580078125,8085300.0,XLV
2024-03-07,146.3800048828125,147.0500030517578,146.17999267578125,146.6999969482422,140.70916748046875,6438300.0,XLV
2024-03-08,146.55999755859375,147.25,146.1699981689453,146.42999267578125,140.4501953125,7802500.0,XLV
2024-03-11,146.10000610351562,146.61000061035156,145.2899932861328,146.35000610351562,140.3734588623047,7723800.0,XLV
2024-03-12,146.4499969482422,147.38999938964844,145.9600067138672,147.02999877929688,141.02569580078125,7143700.0,XLV
2024-03-13,147.58999633789062,147.6999969482422,145.88999938964844,146.4600067138672,140.4789581298828,7874200.0,XLV
2024-03-14,146.5500030517578,146.66000366210938,145.1300048828125,145.94000244140625,139.980224609375,9605700.0,XLV
2024-03-15,145.02000427246094,145.66000366210938,144.85000610351562,145.36000061035156,139.4239044189453,10570500.0,XLV
2024-03-18,145.42999267578125,145.57000732421875,144.72000122070312,144.82000732421875,139.40753173828125,6407000.0,XLV
2024-03-19,144.94000244140625,145.8699951171875,144.52000427246094,145.77999877929688,140.33164978027344,5240200.0,XLV
2024-03-20,145.42999267578125,145.5,144.63999938964844,145.4499969482422,140.0139617919922,8268200.0,XLV
2024-03-21,145.75,146.1699981689453,145.33999633789062,145.63999938964844,140.19686889648438,8865300.0,XLV
2024-03-22,145.85000610351562,146.22000122070312,145.25999450683594,145.44000244140625,140.00436401367188,5537200.0,XLV
2024-03-25,145.7100067138672,145.86000061035156,145.00999450683594,145.24000549316406,139.8118438720703,5253000.0,XLV
2024-03-26,145.52999877929688,145.94000244140625,145.13999938964844,145.77000427246094,140.322021484375,6942400.0,XLV
2024-03-27,147.00999450683594,147.7100067138672,146.6199951171875,147.7100067138672,142.1895294189453,8797400.0,XLV
2024-03-28,147.9199981689453,148.22999572753906,147.67999267578125,147.72999572753906,142.20877075195312,8090200.0,XLV
2024-04-01,147.63999938964844,147.72999572753906,145.94000244140625,146.47000122070312,140.995849609375,7378300.0,XLV
2024-04-02,144.49000549316406,144.64999389648438,143.44000244140625,144.19000244140625,138.80105590820312,10776400.0,XLV
2024-04-03,144.44000244140625,145.08999633789062,143.69000244140625,144.02999877929688,138.64706420898438,8453400.0,XLV
2024-04-04,144.92999267578125,145.02000427246094,141.8699951171875,141.9499969482422,136.64479064941406,12685700.0,XLV
2024-04-05,141.72999572753906,143.69000244140625,141.61000061035156,143.22000122070312,137.86732482910156,9073100.0,XLV
2024-04-08,143.11000061035156,143.11000061035156,142.5399932861328,142.75999450683594,137.42453002929688,9128200.0,XLV
2024-04-09,143.07000732421875,143.35000610351562,142.27999877929688,143.27000427246094,137.91549682617188,10534400.0,XLV
2024-04-10,141.83999633789062,142.24000549316406,141.10000610351562,141.58999633789062,136.29823303222656,13052700.0,XLV
2024-04-11,142.02000427246094,142.0500030517578,140.60000610351562,141.00999450683594,135.73989868164062,8153900.0,XLV
2024-04-12,140.27999877929688,140.2899932861328,138.4600067138672,138.91000366210938,133.7184295654297,13799400.0,XLV
2024-04-15,140.1199951171875,140.6300048828125,138.41000366210938,138.6300048828125,133.4488525390625,10383600.0,XLV
2024-04-16,139.8300018310547,139.8300018310547,138.58999633789062,138.67999267578125,133.4969940185547,10170500.0,XLV
2024-04-17,139.49000549316406,139.6199951171875,138.22000122070312,138.44000244140625,133.26596069335938,8480100.0,XLV
2024-04-18,138.52999877929688,139.25,138.2100067138672,138.42999267578125,133.25633239746094,8105800.0,XLV
2024-04-19,139.14999389648438,139.33999633789062,138.4499969482422,138.9499969482422,133.75689697265625,9668400.0,XLV
2024-04-22,139.3800048828125,140.58999633789062,138.92999267578125,139.47999572753906,134.26708984375,8531300.0,XLV
2024-04-23,140.82000732421875,141.55999755859375,140.17999267578125,141.3000030517578,136.01907348632812,8615500.0,XLV
2024-04-24,140.99000549316406,141.14999389648438,140.22000122070312,140.86000061035156,135.59552001953125,7378600.0,XLV
2024-04-25,140.77000427246094,141.0,139.1999969482422,139.9199981689453,134.69065856933594,9693300.0,XLV
2024-04-26,139.39999389648438,140.3300018310547,139.3000030517578,139.9600067138672,134.72915649414062,6013800.0,XLV
2024-04-29,140.1300048828125,140.8300018310547,139.72999572753906,140.42999267578125,135.18161010742188,6388600.0,XLV
2024-04-30,140.89999389648438,141.1999969482422,140.22999572753906,140.3300018310547,135.08535766601562,9677700.0,XLV
2024-05-01,139.7100067138672,141.83999633789062,139.5500030517578,140.5800018310547,135.3260040283203,10710200.0,XLV
2024-05-02,141.33999633789062,141.44000244140625,139.72000122070312,140.47999572753906,135.22970581054688,8425500.0,XLV
2024-05-03,141.08999633789062,141.22999572753906,140.10000610351562,140.8300018310547,135.566650390625,8539300.0,XLV
2024-05-06,140.9499969482422,141.44000244140625,140.63999938964844,141.39999389648438,136.1153564453125,5605100.0,XLV
2024-05-07,141.72000122070312,142.6999969482422,141.6999969482422,142.57000732421875,137.2416534423828,7720600.0,XLV
2024-05-08,142.86000061035156,142.8800048828125,141.89999389648438,142.0800018310547,136.7699432373047,5461100.0,XLV
2024-05-09,142.25,143.3800048828125,142.22999572753906,143.3000030517578,137.9443359375,6821800.0,XLV
2024-05-10,143.49000549316406,144.08999633789062,143.38999938964844,143.58999633789062,138.22349548339844,6324900.0,XLV
2024-05-13,143.8800048828125,144.00999450683594,143.19000244140625,143.4499969482422,138.08872985839844,5351500.0,XLV
2024-05-14,143.64999389648438,144.1300048828125,143.11000061035156,144.05999755859375,138.67593383789062,6198700.0,XLV
2024-05-15,144.6999969482422,146.36000061035156,144.63999938964844,146.1999969482422,140.73594665527344,8433700.0,XLV
2024-05-16,145.88999938964844,146.44000244140625,145.6199951171875,146.02999877929688,140.5723114013672,6740800.0,XLV
2024-05-17,146.0,146.33999633789062,145.44000244140625,146.30999755859375,140.84182739257812,7071600.0,XLV
2024-05-20,146.16000366210938,146.36000061035156,145.69000244140625,146.0,140.5434112548828,3890000.0,XLV
2024-05-21,146.25999450683594,146.8800048828125,145.8800048828125,146.25,140.7840576171875,4048900.0,XLV
2024-05-22,145.86000061035156,146.9499969482422,145.77000427246094,146.50999450683594,141.03436279296875,6831200.0,XLV
2024-05-23,146.27000427246094,146.27999877929688,144.80999755859375,144.91000366210938,139.49415588378906,5155900.0,XLV
2024-05-24,145.10000610351562,145.3300018310547,144.3300018310547,144.4199981689453,139.02249145507812,3949500.0,XLV
2024-05-28,144.10000610351562,144.10000610351562,142.07000732421875,142.6699981689453,137.337890625,8375100.0,XLV
2024-05-29,141.4499969482422,141.72999572753906,140.9499969482422,141.55999755859375,136.26937866210938,6838200.0,XLV
2024-05-30,140.99000549316406,142.13999938964844,140.67999267578125,141.6300048828125,136.3367462158203,7395500.0,XLV
2024-05-31,142.0800018310547,143.77999877929688,141.91000366210938,143.6999969482422,138.32937622070312,7945900.0,XLV
2024-06-03,143.60000610351562,145.13999938964844,143.35000610351562,144.7100067138672,139.3016357421875,10303300.0,XLV
2024-06-04,144.5800018310547,145.52999877929688,144.0399932861328,145.1300048828125,139.7059326171875,6964200.0,XLV
2024-06-05,145.3000030517578,145.9499969482422,144.49000549316406,145.7899932861328,140.34129333496094,5373400.0,XLV
2024-06-06,145.67999267578125,146.5800018310547,145.17999267578125,146.27000427246094,140.80332946777344,5425800.0,XLV
2024-06-07,146.1300048828125,147.16000366210938,145.9600067138672,146.42999267578125,140.9573516845703,5222300.0,XLV
2024-06-10,146.1999969482422,147.00999450683594,145.6699981689453,146.97000122070312,141.47715759277344,5396700.0,XLV
2024-06-11,146.86000061035156,146.86000061035156,145.72999572753906,146.36000061035156,140.8899688720703,5194000.0,XLV
2024-06-12,146.99000549316406,147.0399932861328,145.6699981689453,146.0500030517578,140.59156799316406,6522700.0,XLV
2024-06-13,145.50999450683594,146.1699981689453,144.5800018310547,145.92999267578125,140.4760284423828,4720600.0,XLV
2024-06-14,145.6300048828125,145.9199981689453,145.02999877929688,145.8800048828125,140.42791748046875,4109600.0,XLV
2024-06-17,145.25999450683594,145.9600067138672,144.9600067138672,145.72999572753906,140.2835235595703,4542800.0,XLV
2024-06-18,145.88999938964844,146.39999389648438,145.60000610351562,145.9199981689453,140.46641540527344,4872600.0,XLV
2024-06-20,145.47000122070312,146.58999633789062,145.27000427246094,146.39999389648438,140.928466796875,6653600.0,XLV
2024-06-21,146.58999633789062,147.1199951171875,146.24000549316406,146.80999755859375,141.32315063476562,8535400.0,XLV
2024-06-24,146.8300018310547,147.61000061035156,146.4499969482422,147.08999633789062,142.14747619628906,6446100.0,XLV
2024-06-25,147.25999450683594,147.47000122070312,146.27999877929688,146.6300048828125,141.7029571533203,5171600.0,XLV
2024-06-26,146.3699951171875,146.6300048828125,145.77000427246094,146.11000061035156,141.200439453125,4572700.0,XLV
2024-06-27,146.22000122070312,146.27999877929688,145.02999877929688,145.8699951171875,140.96849060058594,4637900.0,XLV
2024-06-28,146.41000366210938,147.02000427246094,145.10000610351562,145.75,140.8524932861328,7656800.0,XLV
2024-07-01,146.0399932861328,147.49000549316406,144.64999389648438,144.92999267578125,140.06007385253906,6562000.0,XLV
2024-07-02,144.41000366210938,144.6199951171875,143.58999633789062,144.39999389648438,139.54788208007812,7536100.0,XLV
2024-07-03,144.66000366210938,144.6699981689453,142.72999572753906,143.3000030517578,138.48484802246094,7654000.0,XLV
2024-07-05,143.61000061035156,144.49000549316406,142.8800048828125,144.41000366210938,139.5575714111328,4846900.0,XLV
2024-07-08,144.57000732421875,144.97000122070312,143.8800048828125,144.25,139.40292358398438,4001500.0,XLV
2024-07-09,144.55999755859375,145.02999877929688,143.6999969482422,144.9499969482422,140.07940673828125,8336700.0,XLV
2024-07-10,145.11000061035156,146.33999633789062,144.7899932861328,146.32000732421875,141.40338134765625,5342300.0,XLV
2024-07-11,146.3300018310547,147.74000549316406,146.14999389648438,147.35000610351562,142.39877319335938,7690700.0,XLV
2024-07-12,147.85000610351562,148.88999938964844,147.74000549316406,148.27000427246094,143.28785705566406,6614600.0,XLV
2024-07-15,148.83999633789062,148.97999572753906,147.52999877929688,147.75,142.7853240966797,5804100.0,XLV
2024-07-16,148.63999938964844,149.88999938964844,148.30999755859375,149.86000061035156,144.82443237304688,7602500.0,XLV
2024-07-17,148.8300018310547,151.3300018310547,148.63999938964844,150.5399932861328,145.48155212402344,10395500.0,XLV
2024-07-18,149.5800018310547,150.55999755859375,146.86000061035156,147.1199951171875,142.176513671875,11033400.0,XLV
2024-07-19,147.86000061035156,148.5800018310547,147.27999877929688,147.8699951171875,142.90127563476562,5985700.0,XLV
2024-07-22,148.6199951171875,148.99000549316406,147.8800048828125,148.72000122070312,143.72271728515625,5190200.0,XLV
2024-07-23,149.3300018310547,149.4199981689453,148.47000122070312,148.6300048828125,143.6357421875,3553300.0,XLV
2024-07-24,148.7100067138672,150.05999755859375,148.2100067138672,149.8699951171875,144.83409118652344,6870400.0,XLV
2024-07-25,149.4199981689453,151.52999877929688,148.9600067138672,149.1199951171875,144.10926818847656,11472800.0,XLV
2024-07-26,149.10000610351562,150.92999267578125,149.00999450683594,149.9600067138672,144.9210662841797,6028800.0,XLV
2024-07-29,149.97999572753906,150.55999755859375,149.25999450683594,150.0500030517578,145.00802612304688,8227200.0,XLV
2024-07-30,150.0500030517578,151.11000061035156,149.11000061035156,150.17999267578125,145.13365173339844,7269400.0,XLV
2024-07-31,150.1199951171875,150.66000366210938,149.0500030517578,149.6300048828125,144.60214233398438,8417800.0,XLV
2024-08-01,150.39999389648438,151.3300018310547,149.49000549316406,151.16000366210938,146.0807342529297,10357700.0,XLV
2024-08-02,151.38999938964844,151.77000427246094,148.6199951171875,150.86000061035156,145.7908172607422,15742100.0,XLV
2024-08-05,148.5,148.7899932861328,146.19000244140625,146.8300018310547,141.896240234375,17575600.0,XLV
2024-08-06,147.4199981689453,149.3800048828125,146.9499969482422,147.50999450683594,142.55337524414062,13335600.0,XLV
2024-08-07,147.41000366210938,148.1199951171875,145.5399932861328,146.00999450683594,141.10377502441406,11485000.0,XLV
2024-08-08,148.2899932861328,149.3699951171875,147.6199951171875,149.24000549316406,144.2252655029297,11479100.0,XLV
2024-08-09,149.5,150.36000061035156,149.17999267578125,149.97999572753906,144.94036865234375,8550400.0,XLV
2024-08-12,150.33999633789062,150.33999633789062,148.97999572753906,149.41000366210938,144.3895263671875,5044300.0,XLV
2024-08-13,150.0,151.3699951171875,149.8300018310547,151.22000122070312,146.1387176513672,4815700.0,XLV
2024-08-14,151.02999877929688,151.97999572753906,150.6699981689453,151.75999450683594,146.6605682373047,4837300.0,XLV
2024-08-15,152.4600067138672,152.9499969482422,151.75,152.7100067138672,147.5786590576172,5886800.0,XLV
2024-08-16,152.66000366210938,153.1199951171875,152.22999572753906,152.8699951171875,147.7332763671875,4562500.0,XLV
2024-08-19,152.8800048828125,153.94000244140625,152.7899932861328,153.8000030517578,148.63201904296875,4729600.0,XLV
2024-08-20,154.2100067138672,155.2100067138672,154.0500030517578,154.4199981689453,149.23118591308594,4878300.0,XLV
2024-08-21,154.74000549316406,155.0800018310547,154.13999938964844,154.67999267578125,149.48243713378906,5530100.0,XLV
2024-08-22,155.1999969482422,155.35000610351562,153.99000549316406,154.77999877929688,149.57908630371094,4951800.0,XLV
2024-08-23,155.19000244140625,155.55999755859375,154.63999938964844,155.4499969482422,150.22659301757812,4069400.0,XLV
2024-08-26,155.60000610351562,156.0800018310547,155.22000122070312,155.3699951171875,150.14926147460938,4433600.0,XLV
2024-08-27,155.52000427246094,156.0399932861328,155.05999755859375,155.61000061035156,150.38121032714844,3785400.0,XLV
2024-08-28,155.50999450683594,156.44000244140625,155.05999755859375,155.7899932861328,150.55516052246094,5150100.0,XLV
2024-08-29,156.41000366210938,156.8300018310547,155.4600067138672,156.1199951171875,150.8740692138672,4339200.0,XLV
2024-08-30,156.22999572753906,157.27999877929688,155.5500030517578,157.1999969482422,151.91778564453125,7020600.0,XLV
2024-09-03,156.8800048828125,157.83999633789062,156.47000122070312,156.89999389648438,151.6278533935547,7674900.0,XLV
2024-09-04,156.69000244140625,159.63999938964844,155.86000061035156,156.6300048828125,151.366943359375,8235500.0,XLV
2024-09-05,156.4600067138672,156.5500030517578,153.72999572753906,154.47999572753906,149.2891845703125,7245600.0,XLV
2024-09-06,155.02000427246094,155.66000366210938,153.6300048828125,153.9499969482422,148.7769775390625,7651800.0,XLV
2024-09-09,154.33999633789062,155.52000427246094,153.75,155.02999877929688,149.82069396972656,6169200.0,XLV
2024-09-10,155.24000549316406,155.85000610351562,154.66000366210938,155.74000549316406,150.50686645507812,7337200.0,XLV
2024-09-11,155.17999267578125,155.4600067138672,152.85000610351562,155.27999877929688,150.06227111816406,6636500.0,XLV
2024-09-12,155.24000549316406,155.97999572753906,153.7899932861328,155.83999633789062,150.60348510742188,4838100.0,XLV
2024-09-13,155.91000366210938,156.63999938964844,155.6999969482422,156.16000366210938,150.91273498535156,4358500.0,XLV
2024-09-16,156.97999572753906,157.58999633789062,156.6699981689453,157.24000549316406,151.95643615722656,4711900.0,XLV
2024-09-17,157.0500030517578,157.08999633789062,155.07000732421875,155.6199951171875,150.390869140625,6280000.0,XLV
2024-09-18,155.49000549316406,156.97999572753906,154.75999450683594,155.36000061035156,150.1396026611328,7148900.0,XLV
2024-09-19,156.75999450683594,156.75999450683594,155.50999450683594,155.9199981689453,150.68080139160156,6717400.0,XLV
2024-09-20,155.41000366210938,155.97999572753906,154.89999389648438,155.27999877929688,150.06227111816406,8541600.0,XLV
2024-09-23,155.19000244140625,155.2100067138672,154.1199951171875,154.39999389648438,149.76837158203125,6416400.0,XLV
2024-09-24,154.3300018310547,154.38999938964844,153.36000061035156,154.08999633789062,149.4676971435547,5341600.0,XLV
2024-09-25,154.55999755859375,154.77999877929688,152.52999877929688,152.58999633789062,148.01266479492188,5940100.0,XLV
2024-09-26,152.49000549316406,153.2899932861328,152.22999572753906,153.10000610351562,148.50738525390625,6172900.0,XLV
2024-09-27,153.3000030517578,154.1999969482422,153.00999450683594,153.02000427246094,148.42979431152344,7312500.0,XLV
2024-09-30,152.80999755859375,154.05999755859375,152.5800018310547,154.02000427246094,149.3997802734375,7233800.0,XLV
2024-01-02,89.125,89.16500091552734,88.23500061035156,88.57499694824219,86.74371337890625,15369600.0,XLY
2024-01-03,87.98500061035156,88.02999877929688,86.75,86.78500366210938,84.99072265625,15522800.0,XLY
2024-01-04,86.43499755859375,87.24500274658203,86.1449966430664,86.17500305175781,84.39332580566406,11915000.0,XLY
2024-01-05,85.95500183105469,87.01499938964844,85.91999816894531,86.30999755859375,84.52552795410156,12084400.0,XLY
2024-01-08,86.45999908447266,87.87999725341797,86.44000244140625,87.77999877929688,85.96515655517578,8142600.0,XLY
2024-01-09,87.13999938964844,87.58000183105469,86.91500091552734,87.45500183105469,85.64686584472656,8330000.0,XLY
2024-01-10,87.58999633789062,88.37000274658203,87.56999969482422,88.15499877929688,86.3323974609375,7624400.0,XLY
2024-01-11,88.05500030517578,88.33499908447266,87.12000274658203,88.04000091552734,86.21978759765625,8592000.0,XLY
2024-01-12,87.67500305175781,88.07499694824219,86.81500244140625,86.9800033569336,85.18167877197266,7444400.0,XLY
2024-01-16,86.45500183105469,87.22000122070312,86.19999694824219,86.87999725341797,85.0837631225586,8976200.0,XLY
2024-01-17,85.96499633789062,86.1500015258789,85.4800033569336,86.12000274658203,84.3394775390625,7961800.0,XLY
2024-01-18,86.52999877929688,86.71499633789062,85.66000366210938,86.61000061035156,84.8193359375,9926000.0,XLY
2024-01-19,86.74500274658203,87.62000274658203,86.2249984741211,87.44499969482422,85.63707733154297,9782800.0,XLY
2024-01-22,87.63500213623047,87.88500213623047,86.66999816894531,87.05999755859375,85.26004791259766,11184200.0,XLY
2024-01-23,87.1449966430664,87.43499755859375,86.41000366210938,86.8499984741211,85.05436706542969,7107200.0,XLY
2024-01-24,87.42500305175781,87.51499938964844,86.45500183105469,86.5199966430664,84.73119354248047,8622200.0,XLY
2024-01-25,85.70500183105469,85.7750015258789,84.86000061035156,85.44999694824219,83.68331909179688,11092800.0,XLY
2024-01-26,85.81500244140625,86.2750015258789,85.51499938964844,85.83999633789062,84.06526184082031,6977800.0,XLY
2024-01-29,86.01499938964844,87.11000061035156,85.86499786376953,87.09500122070312,85.2943115234375,7381200.0,XLY
2024-01-30,87.23999786376953,87.45999908447266,86.87999725341797,87.04499816894531,85.24533081054688,6274400.0,XLY
2024-01-31,86.48999786376953,86.95500183105469,85.38500213623047,85.45999908447266,83.69312286376953,13663800.0,XLY
2024-02-01,85.86000061035156,87.12999725341797,85.55999755859375,87.1050033569336,85.30412292480469,14682200.0,XLY
2024-02-02,87.69999694824219,89.0199966430664,87.27999877929688,88.66000366210938,86.82697296142578,20763800.0,XLY
2024-02-05,87.75,87.75,86.37999725341797,87.41000366210938,85.6028060913086,13346200.0,XLY
2024-02-06,87.03500366210938,87.95999908447266,87.03500366210938,87.94000244140625,86.1218490600586,9373600.0,XLY
2024-02-07,88.43000030517578,89.25499725341797,88.22000122070312,88.92500305175781,87.08648681640625,7796400.0,XLY
2024-02-08,88.98500061035156,89.37000274658203,88.81500244140625,89.31500244140625,87.46842193603516,8100000.0,XLY
2024-02-09,89.23999786376953,90.09500122070312,89.03500366210938,89.94999694824219,88.09027099609375,9584800.0,XLY
2024-02-12,89.9800033569336,90.44000244140625,89.70500183105469,89.875,88.016845703125,6040200.0,XLY
2024-02-13,88.06500244140625,88.58499908447266,87.61499786376953,88.08499908447266,86.26383972167969,14801400.0,XLY
2024-02-14,88.41999816894531,89.05500030517578,87.93499755859375,89.01499938964844,87.17461395263672,11561000.0,XLY
2024-02-15,89.19499969482422,90.05000305175781,88.95999908447266,90.04499816894531,88.18333435058594,10567600.0,XLY
2024-02-16,89.65499877929688,90.03500366210938,88.95999908447266,89.51000213623047,87.65939331054688,8512200.0,XLY
2024-02-20,88.69000244140625,89.00499725341797,88.1050033569336,88.66500091552734,86.83185577392578,8756400.0,XLY
2024-02-21,88.95500183105469,89.73999786376953,88.73500061035156,89.31999969482422,87.47331237792969,8886200.0,XLY
2024-02-22,90.12000274658203,91.19999694824219,89.95999908447266,91.05500030517578,89.17245483398438,8800000.0,XLY
2024-02-23,90.69999694824219,91.1050033569336,90.5,90.6449966430664,88.77091217041016,7575800.0,XLY
2024-02-26,90.91000366210938,91.36499786376953,90.78500366210938,90.92500305175781,89.0451431274414,7051600.0,XLY
2024-02-27,91.33499908447266,91.6500015258789,90.88500213623047,91.2249984741211,89.33892822265625,5852400.0,XLY
2024-02-28,91.07499694824219,92.0199966430664,91.0250015258789,91.58499908447266,89.69148254394531,7408800.0,XLY
2024-02-29,91.91000366210938,92.41999816894531,91.44000244140625,92.20500183105469,90.29866027832031,8270400.0,XLY
2024-03-01,92.125,92.6449966430664,91.65499877929688,92.51000213623047,90.59735870361328,11065800.0,XLY
2024-03-04,92.05500030517578,92.36499786376953,91.23500061035156,91.26000213623047,89.37320709228516,11336800.0,XLY
2024-03-05,90.67500305175781,90.83999633789062,89.81500244140625,90.125,88.26167297363281,12941800.0,XLY
2024-03-06,90.4800033569336,90.72000122070312,89.55000305175781,89.80500030517578,87.94829559326172,9299600.0,XLY
2024-03-07,90.05000305175781,90.86000061035156,90.02999877929688,90.48999786376953,88.61912536621094,6713400.0,XLY
2024-03-08,90.69999694824219,91.06500244140625,89.8550033569336,90.15499877929688,88.29105377197266,12463600.0,XLY
2024-03-11,89.90499877929688,90.26499938964844,89.68499755859375,89.91000366210938,88.05113220214844,8306400.0,XLY
2024-03-12,90.20999908447266,91.03500366210938,89.6050033569336,90.68499755859375,88.81008911132812,7906400.0,XLY
2024-03-13,90.45999908447266,91.06500244140625,90.3550033569336,90.49500274658203,88.62401580810547,5717000.0,XLY
2024-03-14,90.5999984741211,90.69000244140625,89.43499755859375,89.91999816894531,88.0609130859375,10810400.0,XLY
2024-03-15,89.31500244140625,89.91999816894531,88.78500366210938,89.0250015258789,87.18441772460938,9868800.0,XLY
2024-03-18,89.7249984741211,89.93499755859375,89.0999984741211,89.51000213623047,87.85033416748047,8512800.0,XLY
2024-03-19,89.48999786376953,90.33000183105469,89.36499786376953,90.28500366210938,88.61095428466797,7624200.0,XLY
2024-03-20,90.45999908447266,91.6449966430664,90.38500213623047,91.62999725341797,89.93101501464844,8497400.0,XLY
2024-03-21,92.2699966430664,92.61000061035156,92.12000274658203,92.16500091552734,90.45610809326172,7146400.0,XLY
2024-03-22,91.20500183105469,91.6050033569336,91.01499938964844,91.36000061035156,89.66603088378906,5718600.0,XLY
2024-03-25,91.00499725341797,91.52999877929688,91.00499725341797,91.05999755859375,89.3716049194336,5664600.0,XLY
2024-03-26,91.6449966430664,92.0250015258789,91.11499786376953,91.17500305175781,89.48445892333984,5387800.0,XLY
2024-03-27,91.88500213623047,92.23999786376953,91.43499755859375,92.2300033569336,90.51990509033203,5812000.0,XLY
2024-03-28,92.11499786376953,92.38500213623047,91.91500091552734,91.94499969482422,90.24018096923828,5958200.0,XLY
2024-04-01,92.04499816894531,92.1449966430664,90.92500305175781,91.26000213623047,89.5678939819336,9941800.0,XLY
2024-04-02,89.79000091552734,89.95999908447266,89.51000213623047,89.91500091552734,88.2478256225586,12270400.0,XLY
2024-04-03,89.41000366210938,90.29499816894531,89.41000366210938,89.9800033569336,88.31161499023438,10165200.0,XLY
2024-04-04,90.66000366210938,91.0,88.91500091552734,88.92500305175781,87.27617645263672,9650600.0,XLY
2024-04-05,89.22000122070312,90.0,89.03500366210938,89.41999816894531,87.7619857788086,10081800.0,XLY
2024-04-08,89.94999694824219,90.56500244140625,89.87999725341797,90.2699966430664,88.59622955322266,8295800.0,XLY
2024-04-09,90.71499633789062,90.74500274658203,89.94000244140625,90.69499969482422,89.01335144042969,8559800.0,XLY
2024-04-10,89.22000122070312,89.66000366210938,88.87999725341797,89.29499816894531,87.63931274414062,10806000.0,XLY
2024-04-11,89.5999984741211,90.33999633789062,88.8499984741211,90.01499938964844,88.34596252441406,8433400.0,XLY
2024-04-12,89.31500244140625,89.375,88.26499938964844,88.55500030517578,86.91304016113281,10729000.0,XLY
2024-04-15,89.19999694824219,89.26499938964844,87.0,87.08000183105469,85.46537780761719,11136800.0,XLY
2024-04-16,86.62999725341797,87.06999969482422,86.17500305175781,86.58499908447266,84.97956085205078,12870800.0,XLY
2024-04-17,87.00499725341797,87.09500122070312,85.80999755859375,86.16500091552734,84.56735229492188,12416800.0,XLY
2024-04-18,86.32499694824219,86.68000030517578,85.3949966430664,85.62999725341797,84.04227447509766,9411800.0,XLY
2024-04-19,85.62999725341797,85.82499694824219,84.54499816894531,84.87999725341797,83.3061752319336,13580800.0,XLY
2024-04-22,85.05999755859375,85.68499755859375,84.44999694824219,85.25499725341797,83.67423248291016,8950200.0,XLY
2024-04-23,85.73999786376953,86.5199966430664,85.31500244140625,86.2699966430664,84.67040252685547,7889400.0,XLY
2024-04-24,87.55999755859375,87.81500244140625,86.47000122070312,87.09500122070312,85.48011016845703,8948600.0,XLY
2024-04-25,85.7750015258789,87.3550033569336,85.41500091552734,87.16999816894531,85.55371856689453,10701200.0,XLY
2024-04-26,87.47000122070312,88.55000305175781,87.34500122070312,87.95500183105469,86.32417297363281,6665800.0,XLY
2024-04-29,89.76499938964844,90.13999938964844,89.12000274658203,90.0,88.33123779296875,10308400.0,XLY
2024-04-30,89.12000274658203,89.54000091552734,87.73999786376953,87.80999755859375,86.18183135986328,7218400.0,XLY
2024-05-01,87.8550033569336,88.97000122070312,86.81500244140625,87.26000213623047,85.64205169677734,14336800.0,XLY
2024-05-02,88.08000183105469,88.52999877929688,87.20999908447266,88.36000061035156,86.72166442871094,8238600.0,XLY
2024-05-03,89.47000122070312,89.99500274658203,88.80000305175781,88.95500183105469,87.30562591552734,9013000.0,XLY
2024-05-06,89.51000213623047,89.90499877929688,89.25,89.90499877929688,88.23799896240234,6229000.0,XLY
2024-05-07,89.84500122070312,89.88500213623047,89.125,89.26000213623047,87.6049575805664,6300600.0,XLY
2024-05-08,88.4800033569336,89.05999755859375,88.41500091552734,88.92500305175781,87.27617645263672,5763200.0,XLY
2024-05-09,88.96499633789062,89.75,88.76499938964844,89.52999877929688,87.86996459960938,5046000.0,XLY
2024-05-10,89.6050033569336,89.67500305175781,88.86499786376953,89.05000305175781,87.39886474609375,5654400.0,XLY
2024-05-13,89.43499755859375,89.63999938964844,88.625,88.93499755859375,87.28599548339844,8142800.0,XLY
2024-05-14,88.79000091552734,89.48500061035156,88.75,89.33999633789062,87.68347930908203,6044600.0,XLY
2024-05-15,89.73999786376953,89.80500030517578,88.8949966430664,89.4749984741211,87.81597900390625,7182800.0,XLY
2024-05-16,89.42500305175781,89.55999755859375,88.86499786376953,88.8949966430664,87.2467269897461,6589200.0,XLY
2024-05-17,88.9749984741211,89.36499786376953,88.71499633789062,89.3499984741211,87.69330596923828,5577400.0,XLY
2024-05-20,89.13999938964844,89.38999938964844,88.4749984741211,88.68499755859375,87.0406265258789,4002000.0,XLY
2024-05-21,88.6050033569336,89.2750015258789,88.2699966430664,89.25499725341797,87.60005187988281,4375400.0,XLY
2024-05-22,89.04000091552734,89.12999725341797,87.96499633789062,88.32499694824219,86.68730163574219,6332200.0,XLY
2024-05-23,88.56500244140625,88.56500244140625,86.76499938964844,86.8949966430664,85.2838134765625,7354600.0,XLY
2024-05-24,87.48999786376953,88.04499816894531,87.24500274658203,87.7699966430664,86.1426010131836,5150200.0,XLY
2024-05-28,87.44999694824219,87.73999786376953,87.08499908447266,87.55500030517578,85.93158721923828,5344200.0,XLY
2024-05-29,86.9000015258789,87.31999969482422,86.9000015258789,86.9800033569336,85.36723327636719,4344000.0,XLY
2024-05-30,87.23500061035156,87.73999786376953,87.06500244140625,87.49500274658203,85.87269592285156,4496600.0,XLY
2024-05-31,87.55500030517578,88.00499725341797,86.6050033569336,87.98500061035156,86.35359954833984,6840400.0,XLY
2024-06-03,88.04499816894531,88.33499908447266,87.125,87.94499969482422,86.31433868408203,7929000.0,XLY
2024-06-04,87.57499694824219,88.3949966430664,87.54499816894531,88.03500366210938,86.40267944335938,5779800.0,XLY
2024-06-05,88.23999786376953,88.55000305175781,87.44499969482422,88.55000305175781,86.90812683105469,4581800.0,XLY
2024-06-06,88.625,89.2300033569336,88.58499908447266,89.19499969482422,87.54116821289062,4455600.0,XLY
2024-06-07,88.69000244140625,89.37000274658203,88.66500091552734,88.83000183105469,87.18294525146484,4548600.0,XLY
2024-06-10,88.56999969482422,89.20500183105469,88.56999969482422,89.11499786376953,87.46266174316406,3731000.0,XLY
2024-06-11,89.07499694824219,89.07499694824219,88.09500122070312,88.87999725341797,87.23200225830078,5566000.0,XLY
2024-06-12,89.66000366210938,90.38500213623047,89.38999938964844,89.80500030517578,88.1398696899414,7957600.0,XLY
2024-06-13,90.41500091552734,90.58999633789062,89.55500030517578,89.875,88.20857238769531,5227000.0,XLY
2024-06-14,89.73999786376953,89.73999786376953,88.62999725341797,89.16500091552734,87.5117416381836,6105600.0,XLY
2024-06-17,89.05000305175781,90.95500183105469,88.88500213623047,90.7300033569336,89.04769897460938,7353200.0,XLY
2024-06-18,90.65499877929688,90.76499938964844,90.12000274658203,90.42500305175781,88.74836730957031,4483800.0,XLY
2024-06-20,90.33499908447266,90.76000213623047,90.06500244140625,90.54000091552734,88.8612289428711,4722800.0,XLY
2024-06-21,91.0,91.42500305175781,90.56999969482422,91.30500030517578,89.61205291748047,8623200.0,XLY
2024-06-24,91.31999969482422,91.72000122070312,90.68499755859375,90.72000122070312,89.22944641113281,5077800.0,XLY
2024-06-25,90.81500244140625,90.81500244140625,90.06500244140625,90.3550033569336,88.87044525146484,4712800.0,XLY
2024-06-26,90.13500213623047,91.8499984741211,90.01499938964844,91.66500091552734,90.1589126586914,5031800.0,XLY
2024-06-27,91.875,92.23500061035156,91.50499725341797,92.2249984741211,90.70970916748047,4228200.0,XLY
2024-06-28,91.76499938964844,92.3550033569336,90.73500061035156,91.19999694824219,89.70154571533203,7914600.0,XLY
2024-07-01,91.55500030517578,91.93499755859375,91.03500366210938,91.51000213623047,90.00646209716797,6393200.0,XLY
2024-07-02,92.01499938964844,93.30000305175781,91.93000030517578,93.29000091552734,91.75721740722656,5884600.0,XLY
2024-07-03,93.61499786376953,94.23500061035156,93.4800033569336,93.88500213623047,92.34244537353516,4379600.0,XLY
2024-07-05,94.3499984741211,94.70999908447266,93.87999725341797,94.6500015258789,93.0948715209961,3996400.0,XLY
2024-07-08,94.52999877929688,95.11000061035156,94.43499755859375,94.69499969482422,93.13912200927734,3676800.0,XLY
2024-07-09,94.58999633789062,95.61000061035156,94.5250015258789,95.01000213623047,93.44895935058594,3656000.0,XLY
2024-07-10,95.22000122070312,95.81500244140625,94.66500091552734,95.7249984741211,94.15220642089844,4557800.0,XLY
2024-07-11,96.17500305175781,96.83000183105469,94.2249984741211,94.51000213623047,92.9571762084961,8996000.0,XLY
2024-07-12,94.38500213623047,96.55500030517578,94.25,95.74500274658203,94.17188262939453,5453600.0,XLY
2024-07-15,96.27999877929688,96.94999694824219,95.33499908447266,95.63500213623047,94.06369018554688,5080200.0,XLY
2024-07-16,96.19000244140625,97.3949966430664,96.03500366210938,97.3499984741211,95.7505111694336,4123200.0,XLY
2024-07-17,96.62999725341797,96.875,95.55500030517578,95.7249984741211,94.15220642089844,5797200.0,XLY
2024-07-18,95.92500305175781,96.54000091552734,94.47000122070312,94.75,93.19322204589844,4375200.0,XLY
2024-07-19,94.3949966430664,94.77999877929688,93.5250015258789,93.90499877929688,92.36210632324219,3872200.0,XLY
2024-07-22,94.58499908447266,95.2699966430664,94.22000122070312,94.94000244140625,93.38011932373047,4808400.0,XLY
2024-07-23,95.30500030517578,95.45500183105469,94.47000122070312,94.51499938964844,92.96208953857422,4823600.0,XLY
2024-07-24,92.41999816894531,92.45999908447266,90.6050033569336,90.6500015258789,89.16059112548828,8200800.0,XLY
2024-07-25,90.63500213623047,91.87999725341797,90.0199966430664,90.29499816894531,88.81141662597656,10240800.0,XLY
2024-07-26,90.95999908447266,91.78500366210938,90.7300033569336,91.30500030517578,89.80484008789062,4529400.0,XLY
2024-07-29,91.91999816894531,93.16999816894531,91.87000274658203,92.83000183105469,91.30477905273438,7145600.0,XLY
2024-07-30,93.04000091552734,93.16500091552734,91.44999694824219,92.31500244140625,90.79824829101562,4281000.0,XLY
2024-07-31,93.41999816894531,94.52999877929688,93.21499633789062,93.74500274658203,92.2047348022461,4993600.0,XLY
2024-08-01,93.78500366210938,94.06500244140625,90.66000366210938,91.44499969482422,89.9425277709961,7295800.0,XLY
2024-08-02,88.46499633789062,88.46499633789062,87.0250015258789,88.08000183105469,86.63282012939453,12738400.0,XLY
2024-08-05,83.52999877929688,86.4749984741211,83.23999786376953,85.58999633789062,84.1837387084961,16391800.0,XLY
2024-08-06,86.04499816894531,87.7699966430664,85.25499725341797,86.53500366210938,85.11320495605469,9523400.0,XLY
2024-08-07,87.24500274658203,87.4000015258789,84.91999816894531,85.0250015258789,83.62800598144531,8404400.0,XLY
2024-08-08,85.79000091552734,87.11499786376953,85.31999969482422,86.87999725341797,85.45252990722656,5935200.0,XLY
2024-08-09,86.86499786376953,87.57499694824219,86.6500015258789,87.16999816894531,85.7377700805664,6379600.0,XLY
2024-08-12,87.33999633789062,87.33999633789062,86.29499816894531,86.82499694824219,85.39844512939453,4929800.0,XLY
2024-08-13,87.2300033569336,89.08000183105469,87.05999755859375,89.0,87.53770446777344,5847000.0,XLY
2024-08-14,88.98999786376953,89.26000213623047,88.16999816894531,88.5250015258789,87.07051086425781,4779800.0,XLY
2024-08-15,90.20999908447266,91.48500061035156,90.20999908447266,91.3499984741211,89.84909057617188,6288000.0,XLY
2024-08-16,90.92500305175781,91.94499969482422,90.92500305175781,91.56500244140625,90.06055450439453,4767800.0,XLY
2024-08-19,91.80000305175781,92.73999786376953,91.70999908447266,92.69000244140625,91.16707611083984,4570000.0,XLY
2024-08-20,92.69999694824219,93.1500015258789,92.33499908447266,92.6050033569336,91.0834732055664,4679000.0,XLY
2024-08-21,93.36499786376953,93.96499633789062,93.15499877929688,93.7750015258789,92.23424530029297,4532200.0,XLY
2024-08-22,93.94000244140625,94.02999877929688,91.98500061035156,92.15499877929688,90.64086151123047,5709800.0,XLY
2024-08-23,92.875,94.04000091552734,92.86000061035156,93.93499755859375,92.39161682128906,6304200.0,XLY
2024-08-26,93.84500122070312,94.04499816894531,92.91500091552734,93.20500183105469,91.6736068725586,3211000.0,XLY
2024-08-27,92.9749984741211,93.09500122070312,92.33000183105469,92.95999908447266,91.4326400756836,3328200.0,XLY
2024-08-28,92.90499877929688,93.13500213623047,91.32499694824219,92.05999755859375,90.54742431640625,5668600.0,XLY
2024-08-29,92.87000274658203,93.26499938964844,92.08499908447266,92.16999816894531,90.6556167602539,4616000.0,XLY
2024-08-30,92.51000213623047,93.6449966430664,92.13999938964844,93.55999755859375,92.02277374267578,4672200.0,XLY
2024-09-03,93.29000091552734,93.7249984741211,91.8499984741211,92.2750015258789,90.75889587402344,9876400.0,XLY
2024-09-04,92.01499938964844,92.93499755859375,91.8949966430664,92.51499938964844,90.99494934082031,10007600.0,XLY
2024-09-05,92.94999694824219,94.20500183105469,92.86000061035156,93.56500244140625,92.02770233154297,7264200.0,XLY
2024-09-06,93.74500274658203,94.08499908447266,91.16000366210938,91.19999694824219,89.70154571533203,7714000.0,XLY
2024-09-09,92.15499877929688,92.88999938964844,91.91000366210938,92.52999877929688,91.00970458984375,4297400.0,XLY
2024-09-10,92.88999938964844,93.6500015258789,92.33499908447266,93.58999633789062,92.05228424072266,9424600.0,XLY
2024-09-11,93.44999694824219,94.65499877929688,91.50499725341797,94.5250015258789,92.97193145751953,7511200.0,XLY
2024-09-12,94.5199966430664,95.63500213623047,94.41000366210938,95.58999633789062,94.01941680908203,4748600.0,XLY
2024-09-13,95.67500305175781,96.4800033569336,95.55500030517578,96.23999786376953,94.65875244140625,3926200.0,XLY
2024-09-16,96.19000244140625,96.3949966430664,95.55500030517578,96.07499694824219,94.49646759033203,3077200.0,XLY
2024-09-17,96.6449966430664,97.5199966430664,96.26499938964844,96.56500244140625,94.97840118408203,4307800.0,XLY
2024-09-18,96.70500183105469,98.0250015258789,96.26000213623047,96.375,94.79153442382812,6634600.0,XLY
2024-09-19,98.23500061035156,98.79000091552734,97.91500091552734,98.56999969482422,96.95045471191406,5865400.0,XLY
2024-09-20,98.3949966430664,98.49500274658203,97.61499786376953,98.34500122070312,96.72916412353516,5552400.0,XLY
2024-09-23,98.55500030517578,99.375,98.3499984741211,99.33499908447266,97.90449523925781,7271200.0,XLY
2024-09-24,99.82499694824219,100.2300033569336,99.23500061035156,100.20500183105469,98.76195526123047,4059200.0,XLY
2024-09-25,99.86000061035156,100.05999755859375,99.54499816894531,99.84500122070312,98.40714263916016,3389800.0,XLY
2024-09-26,100.7300033569336,100.94999694824219,99.67500305175781,100.2699966430664,98.82601165771484,4266400.0,XLY
2024-09-27,100.6500015258789,100.82499694824219,100.12999725341797,100.41999816894531,98.97386169433594,3441800.0,XLY
2024-09-30,100.1449966430664,100.46499633789062,99.2249984741211,100.18499755859375,98.74224090576172,4572400.0,XLY
