insider,title,transaction_date,filing_date,shares,price,value_usd,acquired_disposed,transaction_code,shares_owned_after,is_10b5_1,is_director,is_officer,accession,source_path
Radakovich Lynn Vojvodich,,2026-07-22,2026-07-24,2022,31.14,62965.08,A,M,27289,True,True,False,0001662205-26-000009,https://www.sec.gov/Archives/edgar/data/1571996/000166220526000009/0001662205-26-000009.txt
Radakovich Lynn Vojvodich,,2026-07-22,2026-07-24,2022,413.77,836642.94,D,S,25267,True,True,False,0001662205-26-000009,https://www.sec.gov/Archives/edgar/data/1571996/000166220526000009/0001662205-26-000009.txt
"SLTA V (GP), L.L.C.",,2026-07-10,2026-07-14,89222,0.0,0.0,D,J,0,False,False,False,0001193125-26-303270,https://www.sec.gov/Archives/edgar/data/1571996/000119312526303270/0001193125-26-303270.txt
"SLTA V (GP), L.L.C.",,2026-07-10,2026-07-14,67990,0.0,0.0,D,J,0,False,False,False,0001193125-26-303270,https://www.sec.gov/Archives/edgar/data/1571996/000119312526303270/0001193125-26-303270.txt
"SLTA V (GP), L.L.C.",,2026-07-10,2026-07-14,43961,0.0,0.0,D,J,0,False,False,False,0001193125-26-303270,https://www.sec.gov/Archives/edgar/data/1571996/000119312526303270/0001193125-26-303270.txt
"SLTA IV (GP), L.L.C.",,2026-07-10,2026-07-14,89222,0.0,0.0,D,J,0,False,False,False,0001193125-26-303248,https://www.sec.gov/Archives/edgar/data/1571996/000119312526303248/0001193125-26-303248.txt
"SLTA IV (GP), L.L.C.",,2026-07-10,2026-07-14,67990,0.0,0.0,D,J,0,False,False,False,0001193125-26-303248,https://www.sec.gov/Archives/edgar/data/1571996/000119312526303248/0001193125-26-303248.txt
"SLTA IV (GP), L.L.C.",,2026-07-10,2026-07-14,43961,0.0,0.0,D,J,0,False,False,False,0001193125-26-303248,https://www.sec.gov/Archives/edgar/data/1571996/000119312526303248/0001193125-26-303248.txt
"Silver Lake Technology Investors V, L.P.",,2026-07-09,2026-07-13,600,0.0,0.0,A,M,600,False,False,False,0001193125-26-302194,https://www.sec.gov/Archives/edgar/data/1571996/000119312526302194/0001193125-26-302194.txt
"Silver Lake Technology Investors V, L.P.",,2026-07-09,2026-07-13,6,448.17,2689.02,D,S,594,False,False,False,0001193125-26-302194,https://www.sec.gov/Archives/edgar/data/1571996/000119312526302194/0001193125-26-302194.txt
"Silver Lake Technology Investors V, L.P.",,2026-07-09,2026-07-13,22,449.22,9882.84,D,S,573,False,False,False,0001193125-26-302194,https://www.sec.gov/Archives/edgar/data/1571996/000119312526302194/0001193125-26-302194.txt
"Silver Lake Technology Investors V, L.P.",,2026-07-09,2026-07-13,48,450.17,21608.16,D,S,525,False,False,False,0001193125-26-302194,https://www.sec.gov/Archives/edgar/data/1571996/000119312526302194/0001193125-26-302194.txt
"Silver Lake Technology Investors V, L.P.",,2026-07-09,2026-07-13,84,451.08,37890.72,D,S,440,False,False,False,0001193125-26-302194,https://www.sec.gov/Archives/edgar/data/1571996/000119312526302194/0001193125-26-302194.txt
"Silver Lake Technology Investors V, L.P.",,2026-07-09,2026-07-13,106,452.07,47919.42,D,S,334,False,False,False,0001193125-26-302194,https://www.sec.gov/Archives/edgar/data/1571996/000119312526302194/0001193125-26-302194.txt
"Silver Lake Technology Investors V, L.P.",,2026-07-09,2026-07-13,73,453.06,33073.38,D,S,262,False,False,False,0001193125-26-302194,https://www.sec.gov/Archives/edgar/data/1571996/000119312526302194/0001193125-26-302194.txt
"Silver Lake Technology Investors V, L.P.",,2026-07-09,2026-07-13,58,454.1,26337.8,D,S,203,False,False,False,0001193125-26-302194,https://www.sec.gov/Archives/edgar/data/1571996/000119312526302194/0001193125-26-302194.txt
"Silver Lake Technology Investors V, L.P.",,2026-07-09,2026-07-13,63,455.06,28668.78,D,S,140,False,False,False,0001193125-26-302194,https://www.sec.gov/Archives/edgar/data/1571996/000119312526302194/0001193125-26-302194.txt
"Silver Lake Technology Investors V, L.P.",,2026-07-09,2026-07-13,54,456.06,24627.24,D,S,86,False,False,False,0001193125-26-302194,https://www.sec.gov/Archives/edgar/data/1571996/000119312526302194/0001193125-26-302194.txt
"Silver Lake Technology Investors V, L.P.",,2026-07-09,2026-07-13,24,457.08,10969.92,D,S,62,False,False,False,0001193125-26-302194,https://www.sec.gov/Archives/edgar/data/1571996/000119312526302194/0001193125-26-302194.txt
"Silver Lake Technology Investors V, L.P.",,2026-07-09,2026-07-13,22,457.97,10075.34,D,S,40,False,False,False,0001193125-26-302194,https://www.sec.gov/Archives/edgar/data/1571996/000119312526302194/0001193125-26-302194.txt
"Silver Lake Technology Investors V, L.P.",,2026-07-09,2026-07-13,27,459.11,12395.97,D,S,14,False,False,False,0001193125-26-302194,https://www.sec.gov/Archives/edgar/data/1571996/000119312526302194/0001193125-26-302194.txt
"Silver Lake Technology Investors V, L.P.",,2026-07-09,2026-07-13,14,460.02,6440.28,D,S,0,False,False,False,0001193125-26-302194,https://www.sec.gov/Archives/edgar/data/1571996/000119312526302194/0001193125-26-302194.txt
"Silver Lake Technology Investors IV, L.P.",,2026-07-09,2026-07-13,1332,0.0,0.0,A,M,1332,False,False,False,0001193125-26-302204,https://www.sec.gov/Archives/edgar/data/1571996/000119312526302204/0001193125-26-302204.txt
"Silver Lake Technology Investors IV, L.P.",,2026-07-09,2026-07-13,12,448.17,5378.04,D,S,1320,False,False,False,0001193125-26-302204,https://www.sec.gov/Archives/edgar/data/1571996/000119312526302204/0001193125-26-302204.txt
"Silver Lake Technology Investors IV, L.P.",,2026-07-09,2026-07-13,48,449.22,21562.56,D,S,1272,False,False,False,0001193125-26-302204,https://www.sec.gov/Archives/edgar/data/1571996/000119312526302204/0001193125-26-302204.txt
"Silver Lake Technology Investors IV, L.P.",,2026-07-09,2026-07-13,107,450.17,48168.19,D,S,1164,False,False,False,0001193125-26-302204,https://www.sec.gov/Archives/edgar/data/1571996/000119312526302204/0001193125-26-302204.txt
"Silver Lake Technology Investors IV, L.P.",,2026-07-09,2026-07-13,187,451.08,84351.96,D,S,978,False,False,False,0001193125-26-302204,https://www.sec.gov/Archives/edgar/data/1571996/000119312526302204/0001193125-26-302204.txt
"Silver Lake Technology Investors IV, L.P.",,2026-07-09,2026-07-13,236,452.07,106688.52,D,S,742,False,False,False,0001193125-26-302204,https://www.sec.gov/Archives/edgar/data/1571996/000119312526302204/0001193125-26-302204.txt
"Silver Lake Technology Investors IV, L.P.",,2026-07-09,2026-07-13,161,453.06,72942.66,D,S,581,False,False,False,0001193125-26-302204,https://www.sec.gov/Archives/edgar/data/1571996/000119312526302204/0001193125-26-302204.txt
"Silver Lake Technology Investors IV, L.P.",,2026-07-09,2026-07-13,130,454.1,59033.0,D,S,451,False,False,False,0001193125-26-302204,https://www.sec.gov/Archives/edgar/data/1571996/000119312526302204/0001193125-26-302204.txt
"Silver Lake Technology Investors IV, L.P.",,2026-07-09,2026-07-13,140,455.06,63708.4,D,S,311,False,False,False,0001193125-26-302204,https://www.sec.gov/Archives/edgar/data/1571996/000119312526302204/0001193125-26-302204.txt
"Silver Lake Technology Investors IV, L.P.",,2026-07-09,2026-07-13,120,456.06,54727.2,D,S,191,False,False,False,0001193125-26-302204,https://www.sec.gov/Archives/edgar/data/1571996/000119312526302204/0001193125-26-302204.txt
"Silver Lake Technology Investors IV, L.P.",,2026-07-09,2026-07-13,53,457.08,24225.24,D,S,138,False,False,False,0001193125-26-302204,https://www.sec.gov/Archives/edgar/data/1571996/000119312526302204/0001193125-26-302204.txt
"Silver Lake Technology Investors IV, L.P.",,2026-07-09,2026-07-13,49,457.97,22440.53,D,S,89,False,False,False,0001193125-26-302204,https://www.sec.gov/Archives/edgar/data/1571996/000119312526302204/0001193125-26-302204.txt
"Silver Lake Technology Investors IV, L.P.",,2026-07-09,2026-07-13,59,459.11,27087.49,D,S,30,False,False,False,0001193125-26-302204,https://www.sec.gov/Archives/edgar/data/1571996/000119312526302204/0001193125-26-302204.txt
"Silver Lake Technology Investors IV, L.P.",,2026-07-09,2026-07-13,30,460.02,13800.6,D,S,0,False,False,False,0001193125-26-302204,https://www.sec.gov/Archives/edgar/data/1571996/000119312526302204/0001193125-26-302204.txt
"Silver Lake Partners V DE (AIV), L.P.",,2026-07-09,2026-07-13,48990,0.0,0.0,A,M,78830,False,False,False,0001193125-26-302200,https://www.sec.gov/Archives/edgar/data/1571996/000119312526302200/0001193125-26-302200.txt
"Silver Lake Partners V DE (AIV), L.P.",,2026-07-09,2026-07-13,320,448.17,143414.4,D,S,78510,False,False,False,0001193125-26-302200,https://www.sec.gov/Archives/edgar/data/1571996/000119312526302200/0001193125-26-302200.txt
"Silver Lake Partners V DE (AIV), L.P.",,2026-07-09,2026-07-13,1255,449.22,563771.1,D,S,77255,False,False,False,0001193125-26-302200,https://www.sec.gov/Archives/edgar/data/1571996/000119312526302200/0001193125-26-302200.txt
"Silver Lake Partners V DE (AIV), L.P.",,2026-07-09,2026-07-13,2810,450.17,1264977.7,D,S,74445,False,False,False,0001193125-26-302200,https://www.sec.gov/Archives/edgar/data/1571996/000119312526302200/0001193125-26-302200.txt
"Silver Lake Partners V DE (AIV), L.P.",,2026-07-09,2026-07-13,4887,451.08,2204427.96,D,S,69559,False,False,False,0001193125-26-302200,https://www.sec.gov/Archives/edgar/data/1571996/000119312526302200/0001193125-26-302200.txt
"Silver Lake Partners V DE (AIV), L.P.",,2026-07-09,2026-07-13,6176,452.07,2791984.32,D,S,63383,False,False,False,0001193125-26-302200,https://www.sec.gov/Archives/edgar/data/1571996/000119312526302200/0001193125-26-302200.txt
"Silver Lake Partners V DE (AIV), L.P.",,2026-07-09,2026-07-13,4219,453.06,1911460.14,D,S,59163,False,False,False,0001193125-26-302200,https://www.sec.gov/Archives/edgar/data/1571996/000119312526302200/0001193125-26-302200.txt
"Silver Lake Partners V DE (AIV), L.P.",,2026-07-09,2026-07-13,3397,454.1,1542577.7,D,S,55767,False,False,False,0001193125-26-302200,https://www.sec.gov/Archives/edgar/data/1571996/000119312526302200/0001193125-26-302200.txt
"Silver Lake Partners V DE (AIV), L.P.",,2026-07-09,2026-07-13,3672,455.06,1670980.32,D,S,52094,False,False,False,0001193125-26-302200,https://www.sec.gov/Archives/edgar/data/1571996/000119312526302200/0001193125-26-302200.txt
"Silver Lake Partners V DE (AIV), L.P.",,2026-07-09,2026-07-13,3131,456.06,1427923.86,D,S,48963,False,False,False,0001193125-26-302200,https://www.sec.gov/Archives/edgar/data/1571996/000119312526302200/0001193125-26-302200.txt
"Silver Lake Partners V DE (AIV), L.P.",,2026-07-09,2026-07-13,1377,457.08,629399.16,D,S,47587,False,False,False,0001193125-26-302200,https://www.sec.gov/Archives/edgar/data/1571996/000119312526302200/0001193125-26-302200.txt
"Silver Lake Partners V DE (AIV), L.P.",,2026-07-09,2026-07-13,1292,457.97,591697.24,D,S,46294,False,False,False,0001193125-26-302200,https://www.sec.gov/Archives/edgar/data/1571996/000119312526302200/0001193125-26-302200.txt
"Silver Lake Partners V DE (AIV), L.P.",,2026-07-09,2026-07-13,1544,459.11,708865.84,D,S,44750,False,False,False,0001193125-26-302200,https://www.sec.gov/Archives/edgar/data/1571996/000119312526302200/0001193125-26-302200.txt
"Silver Lake Partners V DE (AIV), L.P.",,2026-07-09,2026-07-13,789,460.02,362955.78,D,S,43961,False,False,False,0001193125-26-302200,https://www.sec.gov/Archives/edgar/data/1571996/000119312526302200/0001193125-26-302200.txt
"Silver Lake Partners IV, L.P.",,2026-07-09,2026-07-13,90504,0.0,0.0,A,M,136696,False,False,False,0001193125-26-302192,https://www.sec.gov/Archives/edgar/data/1571996/000119312526302192/0001193125-26-302192.txt
"Silver Lake Partners IV, L.P.",,2026-07-09,2026-07-13,631,448.17,282795.27,D,S,136065,False,False,False,0001193125-26-302192,https://www.sec.gov/Archives/edgar/data/1571996/000119312526302192/0001193125-26-302192.txt
"Silver Lake Partners IV, L.P.",,2026-07-09,2026-07-13,2473,449.22,1110921.06,D,S,133593,False,False,False,0001193125-26-302192,https://www.sec.gov/Archives/edgar/data/1571996/000119312526302192/0001193125-26-302192.txt
"Silver Lake Partners IV, L.P.",,2026-07-09,2026-07-13,5536,450.17,2492141.12,D,S,128056,False,False,False,0001193125-26-302192,https://www.sec.gov/Archives/edgar/data/1571996/000119312526302192/0001193125-26-302192.txt
"Silver Lake Partners IV, L.P.",,2026-07-09,2026-07-13,9628,451.08,4342998.24,D,S,118428,False,False,False,0001193125-26-302192,https://www.sec.gov/Archives/edgar/data/1571996/000119312526302192/0001193125-26-302192.txt
"Silver Lake Partners IV, L.P.",,2026-07-09,2026-07-13,12169,452.07,5501239.83,D,S,106258,False,False,False,0001193125-26-302192,https://www.sec.gov/Archives/edgar/data/1571996/000119312526302192/0001193125-26-302192.txt
"Silver Lake Partners IV, L.P.",,2026-07-09,2026-07-13,8314,453.06,3766740.84,D,S,97945,False,False,False,0001193125-26-302192,https://www.sec.gov/Archives/edgar/data/1571996/000119312526302192/0001193125-26-302192.txt
"Silver Lake Partners IV, L.P.",,2026-07-09,2026-07-13,6693,454.1,3039291.3,D,S,91252,False,False,False,0001193125-26-302192,https://www.sec.gov/Archives/edgar/data/1571996/000119312526302192/0001193125-26-302192.txt
"Silver Lake Partners IV, L.P.",,2026-07-09,2026-07-13,7236,455.06,3292814.16,D,S,84016,False,False,False,0001193125-26-302192,https://www.sec.gov/Archives/edgar/data/1571996/000119312526302192/0001193125-26-302192.txt
"Silver Lake Partners IV, L.P.",,2026-07-09,2026-07-13,6170,456.06,2813890.2,D,S,77846,False,False,False,0001193125-26-302192,https://www.sec.gov/Archives/edgar/data/1571996/000119312526302192/0001193125-26-302192.txt
"Silver Lake Partners IV, L.P.",,2026-07-09,2026-07-13,2712,457.08,1239600.96,D,S,75134,False,False,False,0001193125-26-302192,https://www.sec.gov/Archives/edgar/data/1571996/000119312526302192/0001193125-26-302192.txt
"Silver Lake Partners IV, L.P.",,2026-07-09,2026-07-13,2547,457.97,1166449.59,D,S,72587,False,False,False,0001193125-26-302192,https://www.sec.gov/Archives/edgar/data/1571996/000119312526302192/0001193125-26-302192.txt
"Silver Lake Partners IV, L.P.",,2026-07-09,2026-07-13,3043,459.11,1397071.73,D,S,69544,False,False,False,0001193125-26-302192,https://www.sec.gov/Archives/edgar/data/1571996/000119312526302192/0001193125-26-302192.txt
"Silver Lake Partners IV, L.P.",,2026-07-09,2026-07-13,1554,460.02,714871.08,D,S,67990,False,False,False,0001193125-26-302192,https://www.sec.gov/Archives/edgar/data/1571996/000119312526302192/0001193125-26-302192.txt
"SL SPV-2, L.P.",,2026-07-09,2026-07-13,88164,0.0,0.0,A,M,148715,False,False,False,0001193125-26-302197,https://www.sec.gov/Archives/edgar/data/1571996/000119312526302197/0001193125-26-302197.txt
"SL SPV-2, L.P.",,2026-07-09,2026-07-13,546,448.17,244700.82,D,S,148169,False,False,False,0001193125-26-302197,https://www.sec.gov/Archives/edgar/data/1571996/000119312526302197/0001193125-26-302197.txt
"SL SPV-2, L.P.",,2026-07-09,2026-07-13,2141,449.22,961780.02,D,S,146028,False,False,False,0001193125-26-302197,https://www.sec.gov/Archives/edgar/data/1571996/000119312526302197/0001193125-26-302197.txt
"SL SPV-2, L.P.",,2026-07-09,2026-07-13,4794,450.17,2158114.98,D,S,141234,False,False,False,0001193125-26-302197,https://www.sec.gov/Archives/edgar/data/1571996/000119312526302197/0001193125-26-302197.txt
"SL SPV-2, L.P.",,2026-07-09,2026-07-13,8337,451.08,3760653.96,D,S,132896,False,False,False,0001193125-26-302197,https://www.sec.gov/Archives/edgar/data/1571996/000119312526302197/0001193125-26-302197.txt
"SL SPV-2, L.P.",,2026-07-09,2026-07-13,10537,452.07,4763461.59,D,S,122359,False,False,False,0001193125-26-302197,https://www.sec.gov/Archives/edgar/data/1571996/000119312526302197/0001193125-26-302197.txt
"SL SPV-2, L.P.",,2026-07-09,2026-07-13,7199,453.06,3261578.94,D,S,115160,False,False,False,0001193125-26-302197,https://www.sec.gov/Archives/edgar/data/1571996/000119312526302197/0001193125-26-302197.txt
"SL SPV-2, L.P.",,2026-07-09,2026-07-13,5795,454.1,2631509.5,D,S,109365,False,False,False,0001193125-26-302197,https://www.sec.gov/Archives/edgar/data/1571996/000119312526302197/0001193125-26-302197.txt
"SL SPV-2, L.P.",,2026-07-09,2026-07-13,6266,455.06,2851405.96,D,S,103099,False,False,False,0001193125-26-302197,https://www.sec.gov/Archives/edgar/data/1571996/000119312526302197/0001193125-26-302197.txt
"SL SPV-2, L.P.",,2026-07-09,2026-07-13,5342,456.06,2436272.52,D,S,97757,False,False,False,0001193125-26-302197,https://www.sec.gov/Archives/edgar/data/1571996/000119312526302197/0001193125-26-302197.txt
"SL SPV-2, L.P.",,2026-07-09,2026-07-13,2349,457.08,1073680.92,D,S,95408,False,False,False,0001193125-26-302197,https://www.sec.gov/Archives/edgar/data/1571996/000119312526302197/0001193125-26-302197.txt
"SL SPV-2, L.P.",,2026-07-09,2026-07-13,2205,457.97,1009823.85,D,S,93203,False,False,False,0001193125-26-302197,https://www.sec.gov/Archives/edgar/data/1571996/000119312526302197/0001193125-26-302197.txt
"SL SPV-2, L.P.",,2026-07-09,2026-07-13,2635,459.11,1209754.85,D,S,90568,False,False,False,0001193125-26-302197,https://www.sec.gov/Archives/edgar/data/1571996/000119312526302197/0001193125-26-302197.txt
"SL SPV-2, L.P.",,2026-07-09,2026-07-13,1346,460.02,619186.92,D,S,89222,False,False,False,0001193125-26-302197,https://www.sec.gov/Archives/edgar/data/1571996/000119312526302197/0001193125-26-302197.txt
"Silver Lake Technology Investors V, L.P.",,2026-07-08,2026-07-10,637,0.0,0.0,A,M,637,False,False,False,0001193125-26-301087,https://www.sec.gov/Archives/edgar/data/1571996/000119312526301087/0001193125-26-301087.txt
"Silver Lake Technology Investors V, L.P.",,2026-07-08,2026-07-10,46,420.21,19329.66,D,S,591,False,False,False,0001193125-26-301087,https://www.sec.gov/Archives/edgar/data/1571996/000119312526301087/0001193125-26-301087.txt
"Silver Lake Technology Investors V, L.P.",,2026-07-08,2026-07-10,105,420.99,44203.95,D,S,486,False,False,False,0001193125-26-301087,https://www.sec.gov/Archives/edgar/data/1571996/000119312526301087/0001193125-26-301087.txt
"Silver Lake Technology Investors V, L.P.",,2026-07-08,2026-07-10,49,421.96,20676.04,D,S,437,False,False,False,0001193125-26-301087,https://www.sec.gov/Archives/edgar/data/1571996/000119312526301087/0001193125-26-301087.txt
"Silver Lake Technology Investors V, L.P.",,2026-07-08,2026-07-10,27,422.96,11419.92,D,S,410,False,False,False,0001193125-26-301087,https://www.sec.gov/Archives/edgar/data/1571996/000119312526301087/0001193125-26-301087.txt
"Silver Lake Technology Investors V, L.P.",,2026-07-08,2026-07-10,34,424.05,14417.7,D,S,376,False,False,False,0001193125-26-301087,https://www.sec.gov/Archives/edgar/data/1571996/000119312526301087/0001193125-26-301087.txt
"Silver Lake Technology Investors V, L.P.",,2026-07-08,2026-07-10,30,425.11,12753.3,D,S,345,False,False,False,0001193125-26-301087,https://www.sec.gov/Archives/edgar/data/1571996/000119312526301087/0001193125-26-301087.txt
"Silver Lake Technology Investors V, L.P.",,2026-07-08,2026-07-10,13,426.14,5539.82,D,S,333,False,False,False,0001193125-26-301087,https://www.sec.gov/Archives/edgar/data/1571996/000119312526301087/0001193125-26-301087.txt
"Silver Lake Technology Investors V, L.P.",,2026-07-08,2026-07-10,13,427.19,5553.47,D,S,320,False,False,False,0001193125-26-301087,https://www.sec.gov/Archives/edgar/data/1571996/000119312526301087/0001193125-26-301087.txt
"Silver Lake Technology Investors V, L.P.",,2026-07-08,2026-07-10,37,428.2,15843.4,D,S,283,False,False,False,0001193125-26-301087,https://www.sec.gov/Archives/edgar/data/1571996/000119312526301087/0001193125-26-301087.txt
"Silver Lake Technology Investors V, L.P.",,2026-07-08,2026-07-10,35,429.16,15020.6,D,S,248,False,False,False,0001193125-26-301087,https://www.sec.gov/Archives/edgar/data/1571996/000119312526301087/0001193125-26-301087.txt
"Silver Lake Technology Investors V, L.P.",,2026-07-08,2026-07-10,36,430.23,15488.28,D,S,212,False,False,False,0001193125-26-301087,https://www.sec.gov/Archives/edgar/data/1571996/000119312526301087/0001193125-26-301087.txt
"Silver Lake Technology Investors V, L.P.",,2026-07-08,2026-07-10,53,431.15,22850.95,D,S,158,False,False,False,0001193125-26-301087,https://www.sec.gov/Archives/edgar/data/1571996/000119312526301087/0001193125-26-301087.txt
"Silver Lake Technology Investors V, L.P.",,2026-07-08,2026-07-10,51,432.29,22046.79,D,S,107,False,False,False,0001193125-26-301087,https://www.sec.gov/Archives/edgar/data/1571996/000119312526301087/0001193125-26-301087.txt
"Silver Lake Technology Investors V, L.P.",,2026-07-08,2026-07-10,40,433.2,17328.0,D,S,67,False,False,False,0001193125-26-301087,https://www.sec.gov/Archives/edgar/data/1571996/000119312526301087/0001193125-26-301087.txt
"Silver Lake Technology Investors V, L.P.",,2026-07-08,2026-07-10,17,434.18,7381.06,D,S,50,False,False,False,0001193125-26-301087,https://www.sec.gov/Archives/edgar/data/1571996/000119312526301087/0001193125-26-301087.txt
"Silver Lake Technology Investors V, L.P.",,2026-07-08,2026-07-10,15,435.23,6528.45,D,S,35,False,False,False,0001193125-26-301087,https://www.sec.gov/Archives/edgar/data/1571996/000119312526301087/0001193125-26-301087.txt
"Silver Lake Technology Investors V, L.P.",,2026-07-08,2026-07-10,19,436.33,8290.27,D,S,16,False,False,False,0001193125-26-301087,https://www.sec.gov/Archives/edgar/data/1571996/000119312526301087/0001193125-26-301087.txt
"Silver Lake Technology Investors V, L.P.",,2026-07-08,2026-07-10,14,437.13,6119.82,D,S,1,False,False,False,0001193125-26-301087,https://www.sec.gov/Archives/edgar/data/1571996/000119312526301087/0001193125-26-301087.txt
"Silver Lake Technology Investors V, L.P.",,2026-07-08,2026-07-10,1,438.0,438.0,D,S,0,False,False,False,0001193125-26-301087,https://www.sec.gov/Archives/edgar/data/1571996/000119312526301087/0001193125-26-301087.txt
"Silver Lake Technology Investors IV, L.P.",,2026-07-08,2026-07-10,1412,0.0,0.0,A,M,1412,False,False,False,0001193125-26-301081,https://www.sec.gov/Archives/edgar/data/1571996/000119312526301081/0001193125-26-301081.txt
"Silver Lake Technology Investors IV, L.P.",,2026-07-08,2026-07-10,102,420.21,42861.42,D,S,1310,False,False,False,0001193125-26-301081,https://www.sec.gov/Archives/edgar/data/1571996/000119312526301081/0001193125-26-301081.txt
"Silver Lake Technology Investors IV, L.P.",,2026-07-08,2026-07-10,232,420.99,97669.68,D,S,1078,False,False,False,0001193125-26-301081,https://www.sec.gov/Archives/edgar/data/1571996/000119312526301081/0001193125-26-301081.txt
"Silver Lake Technology Investors IV, L.P.",,2026-07-08,2026-07-10,108,421.96,45571.68,D,S,970,False,False,False,0001193125-26-301081,https://www.sec.gov/Archives/edgar/data/1571996/000119312526301081/0001193125-26-301081.txt
"Silver Lake Technology Investors IV, L.P.",,2026-07-08,2026-07-10,60,422.96,25377.6,D,S,910,False,False,False,0001193125-26-301081,https://www.sec.gov/Archives/edgar/data/1571996/000119312526301081/0001193125-26-301081.txt
"Silver Lake Technology Investors IV, L.P.",,2026-07-08,2026-07-10,76,424.05,32227.8,D,S,833,False,False,False,0001193125-26-301081,https://www.sec.gov/Archives/edgar/data/1571996/000119312526301081/0001193125-26-301081.txt
"Silver Lake Technology Investors IV, L.P.",,2026-07-08,2026-07-10,67,425.11,28482.37,D,S,766,False,False,False,0001193125-26-301081,https://www.sec.gov/Archives/edgar/data/1571996/000119312526301081/0001193125-26-301081.txt
"Silver Lake Technology Investors IV, L.P.",,2026-07-08,2026-07-10,28,426.14,11931.92,D,S,738,False,False,False,0001193125-26-301081,https://www.sec.gov/Archives/edgar/data/1571996/000119312526301081/0001193125-26-301081.txt
"Silver Lake Technology Investors IV, L.P.",,2026-07-08,2026-07-10,29,427.19,12388.51,D,S,708,False,False,False,0001193125-26-301081,https://www.sec.gov/Archives/edgar/data/1571996/000119312526301081/0001193125-26-301081.txt
"Silver Lake Technology Investors IV, L.P.",,2026-07-08,2026-07-10,81,428.2,34684.2,D,S,627,False,False,False,0001193125-26-301081,https://www.sec.gov/Archives/edgar/data/1571996/000119312526301081/0001193125-26-301081.txt
"Silver Lake Technology Investors IV, L.P.",,2026-07-08,2026-07-10,78,429.16,33474.48,D,S,550,False,False,False,0001193125-26-301081,https://www.sec.gov/Archives/edgar/data/1571996/000119312526301081/0001193125-26-301081.txt
"Silver Lake Technology Investors IV, L.P.",,2026-07-08,2026-07-10,80,430.23,34418.4,D,S,470,False,False,False,0001193125-26-301081,https://www.sec.gov/Archives/edgar/data/1571996/000119312526301081/0001193125-26-301081.txt
"Silver Lake Technology Investors IV, L.P.",,2026-07-08,2026-07-10,119,431.15,51306.85,D,S,351,False,False,False,0001193125-26-301081,https://www.sec.gov/Archives/edgar/data/1571996/000119312526301081/0001193125-26-301081.txt
"Silver Lake Technology Investors IV, L.P.",,2026-07-08,2026-07-10,114,432.29,49281.06,D,S,237,False,False,False,0001193125-26-301081,https://www.sec.gov/Archives/edgar/data/1571996/000119312526301081/0001193125-26-301081.txt
"Silver Lake Technology Investors IV, L.P.",,2026-07-08,2026-07-10,90,433.2,38988.0,D,S,148,False,False,False,0001193125-26-301081,https://www.sec.gov/Archives/edgar/data/1571996/000119312526301081/0001193125-26-301081.txt
"Silver Lake Technology Investors IV, L.P.",,2026-07-08,2026-07-10,37,434.18,16064.66,D,S,110,False,False,False,0001193125-26-301081,https://www.sec.gov/Archives/edgar/data/1571996/000119312526301081/0001193125-26-301081.txt
"Silver Lake Technology Investors IV, L.P.",,2026-07-08,2026-07-10,32,435.23,13927.36,D,S,78,False,False,False,0001193125-26-301081,https://www.sec.gov/Archives/edgar/data/1571996/000119312526301081/0001193125-26-301081.txt
"Silver Lake Technology Investors IV, L.P.",,2026-07-08,2026-07-10,43,436.33,18762.19,D,S,35,False,False,False,0001193125-26-301081,https://www.sec.gov/Archives/edgar/data/1571996/000119312526301081/0001193125-26-301081.txt
"Silver Lake Technology Investors IV, L.P.",,2026-07-08,2026-07-10,32,437.13,13988.16,D,S,3,False,False,False,0001193125-26-301081,https://www.sec.gov/Archives/edgar/data/1571996/000119312526301081/0001193125-26-301081.txt
"Silver Lake Technology Investors IV, L.P.",,2026-07-08,2026-07-10,3,438.0,1314.0,D,S,0,False,False,False,0001193125-26-301081,https://www.sec.gov/Archives/edgar/data/1571996/000119312526301081/0001193125-26-301081.txt
"Silver Lake Partners V DE (AIV), L.P.",,2026-07-08,2026-07-10,51943,0.0,0.0,A,M,66844,False,False,False,0001193125-26-301076,https://www.sec.gov/Archives/edgar/data/1571996/000119312526301076/0001193125-26-301076.txt
"Silver Lake Partners V DE (AIV), L.P.",,2026-07-08,2026-07-10,2680,420.21,1126162.8,D,S,64164,False,False,False,0001193125-26-301076,https://www.sec.gov/Archives/edgar/data/1571996/000119312526301076/0001193125-26-301076.txt
"Silver Lake Partners V DE (AIV), L.P.",,2026-07-08,2026-07-10,6078,420.99,2558777.22,D,S,58085,False,False,False,0001193125-26-301076,https://www.sec.gov/Archives/edgar/data/1571996/000119312526301076/0001193125-26-301076.txt
"Silver Lake Partners V DE (AIV), L.P.",,2026-07-08,2026-07-10,2836,421.96,1196678.56,D,S,55249,False,False,False,0001193125-26-301076,https://www.sec.gov/Archives/edgar/data/1571996/000119312526301076/0001193125-26-301076.txt
"Silver Lake Partners V DE (AIV), L.P.",,2026-07-08,2026-07-10,1572,422.96,664893.12,D,S,53677,False,False,False,0001193125-26-301076,https://www.sec.gov/Archives/edgar/data/1571996/000119312526301076/0001193125-26-301076.txt
"Silver Lake Partners V DE (AIV), L.P.",,2026-07-08,2026-07-10,2002,424.05,848948.1,D,S,51674,False,False,False,0001193125-26-301076,https://www.sec.gov/Archives/edgar/data/1571996/000119312526301076/0001193125-26-301076.txt
"Silver Lake Partners V DE (AIV), L.P.",,2026-07-08,2026-07-10,1766,425.11,750744.26,D,S,49909,False,False,False,0001193125-26-301076,https://www.sec.gov/Archives/edgar/data/1571996/000119312526301076/0001193125-26-301076.txt
"Silver Lake Partners V DE (AIV), L.P.",,2026-07-08,2026-07-10,729,426.14,310656.06,D,S,49180,False,False,False,0001193125-26-301076,https://www.sec.gov/Archives/edgar/data/1571996/000119312526301076/0001193125-26-301076.txt
"Silver Lake Partners V DE (AIV), L.P.",,2026-07-08,2026-07-10,773,427.19,330217.87,D,S,48407,False,False,False,0001193125-26-301076,https://www.sec.gov/Archives/edgar/data/1571996/000119312526301076/0001193125-26-301076.txt
"Silver Lake Partners V DE (AIV), L.P.",,2026-07-08,2026-07-10,2125,428.2,909925.0,D,S,46282,False,False,False,0001193125-26-301076,https://www.sec.gov/Archives/edgar/data/1571996/000119312526301076/0001193125-26-301076.txt
"Silver Lake Partners V DE (AIV), L.P.",,2026-07-08,2026-07-10,2039,429.16,875057.24,D,S,44243,False,False,False,0001193125-26-301076,https://www.sec.gov/Archives/edgar/data/1571996/000119312526301076/0001193125-26-301076.txt
"Silver Lake Partners V DE (AIV), L.P.",,2026-07-08,2026-07-10,2095,430.23,901331.85,D,S,42148,False,False,False,0001193125-26-301076,https://www.sec.gov/Archives/edgar/data/1571996/000119312526301076/0001193125-26-301076.txt
"Silver Lake Partners V DE (AIV), L.P.",,2026-07-08,2026-07-10,3106,431.15,1339151.9,D,S,39042,False,False,False,0001193125-26-301076,https://www.sec.gov/Archives/edgar/data/1571996/000119312526301076/0001193125-26-301076.txt
"Silver Lake Partners V DE (AIV), L.P.",,2026-07-08,2026-07-10,2979,432.29,1287791.91,D,S,36063,False,False,False,0001193125-26-301076,https://www.sec.gov/Archives/edgar/data/1571996/000119312526301076/0001193125-26-301076.txt
"Silver Lake Partners V DE (AIV), L.P.",,2026-07-08,2026-07-10,2351,433.2,1018453.2,D,S,33712,False,False,False,0001193125-26-301076,https://www.sec.gov/Archives/edgar/data/1571996/000119312526301076/0001193125-26-301076.txt
"Silver Lake Partners V DE (AIV), L.P.",,2026-07-08,2026-07-10,983,434.18,426798.94,D,S,32729,False,False,False,0001193125-26-301076,https://www.sec.gov/Archives/edgar/data/1571996/000119312526301076/0001193125-26-301076.txt
"Silver Lake Partners V DE (AIV), L.P.",,2026-07-08,2026-07-10,847,435.23,368639.81,D,S,31882,False,False,False,0001193125-26-301076,https://www.sec.gov/Archives/edgar/data/1571996/000119312526301076/0001193125-26-301076.txt
"Silver Lake Partners V DE (AIV), L.P.",,2026-07-08,2026-07-10,1131,436.33,493489.23,D,S,30751,False,False,False,0001193125-26-301076,https://www.sec.gov/Archives/edgar/data/1571996/000119312526301076/0001193125-26-301076.txt
"Silver Lake Partners V DE (AIV), L.P.",,2026-07-08,2026-07-10,826,437.13,361069.38,D,S,29925,False,False,False,0001193125-26-301076,https://www.sec.gov/Archives/edgar/data/1571996/000119312526301076/0001193125-26-301076.txt
"Silver Lake Partners V DE (AIV), L.P.",,2026-07-08,2026-07-10,85,438.0,37230.0,D,S,29840,False,False,False,0001193125-26-301076,https://www.sec.gov/Archives/edgar/data/1571996/000119312526301076/0001193125-26-301076.txt
"Silver Lake Partners IV, L.P.",,2026-07-08,2026-07-10,95960,0.0,0.0,A,M,119044,False,False,False,0001193125-26-301077,https://www.sec.gov/Archives/edgar/data/1571996/000119312526301077/0001193125-26-301077.txt
"Silver Lake Partners IV, L.P.",,2026-07-08,2026-07-10,5277,420.21,2217448.17,D,S,113767,False,False,False,0001193125-26-301077,https://www.sec.gov/Archives/edgar/data/1571996/000119312526301077/0001193125-26-301077.txt
"Silver Lake Partners IV, L.P.",,2026-07-08,2026-07-10,11967,420.99,5037987.33,D,S,101800,False,False,False,0001193125-26-301077,https://www.sec.gov/Archives/edgar/data/1571996/000119312526301077/0001193125-26-301077.txt
"Silver Lake Partners IV, L.P.",,2026-07-08,2026-07-10,5584,421.96,2356224.64,D,S,96216,False,False,False,0001193125-26-301077,https://www.sec.gov/Archives/edgar/data/1571996/000119312526301077/0001193125-26-301077.txt
"Silver Lake Partners IV, L.P.",,2026-07-08,2026-07-10,3096,422.96,1309484.16,D,S,93121,False,False,False,0001193125-26-301077,https://www.sec.gov/Archives/edgar/data/1571996/000119312526301077/0001193125-26-301077.txt
"Silver Lake Partners IV, L.P.",,2026-07-08,2026-07-10,3942,424.05,1671605.1,D,S,89179,False,False,False,0001193125-26-301077,https://www.sec.gov/Archives/edgar/data/1571996/000119312526301077/0001193125-26-301077.txt
"Silver Lake Partners IV, L.P.",,2026-07-08,2026-07-10,3476,425.11,1477682.36,D,S,85703,False,False,False,0001193125-26-301077,https://www.sec.gov/Archives/edgar/data/1571996/000119312526301077/0001193125-26-301077.txt
"Silver Lake Partners IV, L.P.",,2026-07-08,2026-07-10,1435,426.14,611510.9,D,S,84268,False,False,False,0001193125-26-301077,https://www.sec.gov/Archives/edgar/data/1571996/000119312526301077/0001193125-26-301077.txt
"Silver Lake Partners IV, L.P.",,2026-07-08,2026-07-10,1522,427.19,650183.18,D,S,82747,False,False,False,0001193125-26-301077,https://www.sec.gov/Archives/edgar/data/1571996/000119312526301077/0001193125-26-301077.txt
"Silver Lake Partners IV, L.P.",,2026-07-08,2026-07-10,4183,428.2,1791160.6,D,S,78563,False,False,False,0001193125-26-301077,https://www.sec.gov/Archives/edgar/data/1571996/000119312526301077/0001193125-26-301077.txt
"Silver Lake Partners IV, L.P.",,2026-07-08,2026-07-10,4015,429.16,1723077.4,D,S,74548,False,False,False,0001193125-26-301077,https://www.sec.gov/Archives/edgar/data/1571996/000119312526301077/0001193125-26-301077.txt
"Silver Lake Partners IV, L.P.",,2026-07-08,2026-07-10,4125,430.23,1774698.75,D,S,70423,False,False,False,0001193125-26-301077,https://www.sec.gov/Archives/edgar/data/1571996/000119312526301077/0001193125-26-301077.txt
"Silver Lake Partners IV, L.P.",,2026-07-08,2026-07-10,6115,431.15,2636482.25,D,S,64308,False,False,False,0001193125-26-301077,https://www.sec.gov/Archives/edgar/data/1571996/000119312526301077/0001193125-26-301077.txt
"Silver Lake Partners IV, L.P.",,2026-07-08,2026-07-10,5864,432.29,2534948.56,D,S,58444,False,False,False,0001193125-26-301077,https://www.sec.gov/Archives/edgar/data/1571996/000119312526301077/0001193125-26-301077.txt
"Silver Lake Partners IV, L.P.",,2026-07-08,2026-07-10,4629,433.2,2005282.8,D,S,53815,False,False,False,0001193125-26-301077,https://www.sec.gov/Archives/edgar/data/1571996/000119312526301077/0001193125-26-301077.txt
"Silver Lake Partners IV, L.P.",,2026-07-08,2026-07-10,1935,434.18,840138.3,D,S,51880,False,False,False,0001193125-26-301077,https://www.sec.gov/Archives/edgar/data/1571996/000119312526301077/0001193125-26-301077.txt
"Silver Lake Partners IV, L.P.",,2026-07-08,2026-07-10,1669,435.23,726398.87,D,S,50212,False,False,False,0001193125-26-301077,https://www.sec.gov/Archives/edgar/data/1571996/000119312526301077/0001193125-26-301077.txt
"Silver Lake Partners IV, L.P.",,2026-07-08,2026-07-10,2227,436.33,971706.91,D,S,47985,False,False,False,0001193125-26-301077,https://www.sec.gov/Archives/edgar/data/1571996/000119312526301077/0001193125-26-301077.txt
"Silver Lake Partners IV, L.P.",,2026-07-08,2026-07-10,1626,437.13,710773.38,D,S,46359,False,False,False,0001193125-26-301077,https://www.sec.gov/Archives/edgar/data/1571996/000119312526301077/0001193125-26-301077.txt
"Silver Lake Partners IV, L.P.",,2026-07-08,2026-07-10,167,438.0,73146.0,D,S,46192,False,False,False,0001193125-26-301077,https://www.sec.gov/Archives/edgar/data/1571996/000119312526301077/0001193125-26-301077.txt
"SL SPV-2, L.P.",,2026-07-08,2026-07-10,93479,0.0,0.0,A,M,123646,False,False,False,0001193125-26-301094,https://www.sec.gov/Archives/edgar/data/1571996/000119312526301094/0001193125-26-301094.txt
"SL SPV-2, L.P.",,2026-07-08,2026-07-10,4570,420.21,1920359.7,D,S,119076,False,False,False,0001193125-26-301094,https://www.sec.gov/Archives/edgar/data/1571996/000119312526301094/0001193125-26-301094.txt
"SL SPV-2, L.P.",,2026-07-08,2026-07-10,10364,420.99,4363140.36,D,S,108712,False,False,False,0001193125-26-301094,https://www.sec.gov/Archives/edgar/data/1571996/000119312526301094/0001193125-26-301094.txt
"SL SPV-2, L.P.",,2026-07-08,2026-07-10,4836,421.96,2040598.56,D,S,103876,False,False,False,0001193125-26-301094,https://www.sec.gov/Archives/edgar/data/1571996/000119312526301094/0001193125-26-301094.txt
"SL SPV-2, L.P.",,2026-07-08,2026-07-10,2681,422.96,1133955.76,D,S,101195,False,False,False,0001193125-26-301094,https://www.sec.gov/Archives/edgar/data/1571996/000119312526301094/0001193125-26-301094.txt
"SL SPV-2, L.P.",,2026-07-08,2026-07-10,3414,424.05,1447706.7,D,S,97781,False,False,False,0001193125-26-301094,https://www.sec.gov/Archives/edgar/data/1571996/000119312526301094/0001193125-26-301094.txt
"SL SPV-2, L.P.",,2026-07-08,2026-07-10,3011,425.11,1280006.21,D,S,94770,False,False,False,0001193125-26-301094,https://www.sec.gov/Archives/edgar/data/1571996/000119312526301094/0001193125-26-301094.txt
"SL SPV-2, L.P.",,2026-07-08,2026-07-10,1242,426.14,529265.88,D,S,93528,False,False,False,0001193125-26-301094,https://www.sec.gov/Archives/edgar/data/1571996/000119312526301094/0001193125-26-301094.txt
"SL SPV-2, L.P.",,2026-07-08,2026-07-10,1318,427.19,563036.42,D,S,92210,False,False,False,0001193125-26-301094,https://www.sec.gov/Archives/edgar/data/1571996/000119312526301094/0001193125-26-301094.txt
"SL SPV-2, L.P.",,2026-07-08,2026-07-10,3623,428.2,1551368.6,D,S,88587,False,False,False,0001193125-26-301094,https://www.sec.gov/Archives/edgar/data/1571996/000119312526301094/0001193125-26-301094.txt
"SL SPV-2, L.P.",,2026-07-08,2026-07-10,3477,429.16,1492189.32,D,S,85109,False,False,False,0001193125-26-301094,https://www.sec.gov/Archives/edgar/data/1571996/000119312526301094/0001193125-26-301094.txt
"SL SPV-2, L.P.",,2026-07-08,2026-07-10,3573,430.23,1537211.79,D,S,81537,False,False,False,0001193125-26-301094,https://www.sec.gov/Archives/edgar/data/1571996/000119312526301094/0001193125-26-301094.txt
"SL SPV-2, L.P.",,2026-07-08,2026-07-10,5296,431.15,2283370.4,D,S,76241,False,False,False,0001193125-26-301094,https://www.sec.gov/Archives/edgar/data/1571996/000119312526301094/0001193125-26-301094.txt
"SL SPV-2, L.P.",,2026-07-08,2026-07-10,5079,432.29,2195600.91,D,S,71162,False,False,False,0001193125-26-301094,https://www.sec.gov/Archives/edgar/data/1571996/000119312526301094/0001193125-26-301094.txt
"SL SPV-2, L.P.",,2026-07-08,2026-07-10,4009,433.2,1736698.8,D,S,67153,False,False,False,0001193125-26-301094,https://www.sec.gov/Archives/edgar/data/1571996/000119312526301094/0001193125-26-301094.txt
"SL SPV-2, L.P.",,2026-07-08,2026-07-10,1675,434.18,727251.5,D,S,65477,False,False,False,0001193125-26-301094,https://www.sec.gov/Archives/edgar/data/1571996/000119312526301094/0001193125-26-301094.txt
"SL SPV-2, L.P.",,2026-07-08,2026-07-10,1445,435.23,628907.35,D,S,64032,False,False,False,0001193125-26-301094,https://www.sec.gov/Archives/edgar/data/1571996/000119312526301094/0001193125-26-301094.txt
"SL SPV-2, L.P.",,2026-07-08,2026-07-10,1929,436.33,841680.57,D,S,62104,False,False,False,0001193125-26-301094,https://www.sec.gov/Archives/edgar/data/1571996/000119312526301094/0001193125-26-301094.txt
"SL SPV-2, L.P.",,2026-07-08,2026-07-10,1409,437.13,615916.17,D,S,60695,False,False,False,0001193125-26-301094,https://www.sec.gov/Archives/edgar/data/1571996/000119312526301094/0001193125-26-301094.txt
"SL SPV-2, L.P.",,2026-07-08,2026-07-10,144,438.0,63072.0,D,S,60551,False,False,False,0001193125-26-301094,https://www.sec.gov/Archives/edgar/data/1571996/000119312526301094/0001193125-26-301094.txt
"Silver Lake Technology Investors V, L.P.",,2026-07-06,2026-07-08,636,0.0,0.0,A,M,636,False,False,False,0001193125-26-298763,https://www.sec.gov/Archives/edgar/data/1571996/000119312526298763/0001193125-26-298763.txt
"Silver Lake Technology Investors V, L.P.",,2026-07-06,2026-07-08,36,405.36,14592.96,D,S,600,False,False,False,0001193125-26-298763,https://www.sec.gov/Archives/edgar/data/1571996/000119312526298763/0001193125-26-298763.txt
"Silver Lake Technology Investors V, L.P.",,2026-07-06,2026-07-08,14,406.35,5688.9,D,S,586,False,False,False,0001193125-26-298763,https://www.sec.gov/Archives/edgar/data/1571996/000119312526298763/0001193125-26-298763.txt
"Silver Lake Technology Investors V, L.P.",,2026-07-06,2026-07-08,50,407.59,20379.5,D,S,537,False,False,False,0001193125-26-298763,https://www.sec.gov/Archives/edgar/data/1571996/000119312526298763/0001193125-26-298763.txt
"Silver Lake Technology Investors V, L.P.",,2026-07-06,2026-07-08,116,408.52,47388.32,D,S,420,False,False,False,0001193125-26-298763,https://www.sec.gov/Archives/edgar/data/1571996/000119312526298763/0001193125-26-298763.txt
"Silver Lake Technology Investors V, L.P.",,2026-07-06,2026-07-08,92,409.49,37673.08,D,S,328,False,False,False,0001193125-26-298763,https://www.sec.gov/Archives/edgar/data/1571996/000119312526298763/0001193125-26-298763.txt
"Silver Lake Technology Investors V, L.P.",,2026-07-06,2026-07-08,123,410.68,50513.64,D,S,206,False,False,False,0001193125-26-298763,https://www.sec.gov/Archives/edgar/data/1571996/000119312526298763/0001193125-26-298763.txt
"Silver Lake Technology Investors V, L.P.",,2026-07-06,2026-07-08,96,411.4,39494.4,D,S,110,False,False,False,0001193125-26-298763,https://www.sec.gov/Archives/edgar/data/1571996/000119312526298763/0001193125-26-298763.txt
"Silver Lake Technology Investors V, L.P.",,2026-07-06,2026-07-08,14,412.51,5775.14,D,S,96,False,False,False,0001193125-26-298763,https://www.sec.gov/Archives/edgar/data/1571996/000119312526298763/0001193125-26-298763.txt
"Silver Lake Technology Investors V, L.P.",,2026-07-06,2026-07-08,1,413.3,413.3,D,S,95,False,False,False,0001193125-26-298763,https://www.sec.gov/Archives/edgar/data/1571996/000119312526298763/0001193125-26-298763.txt
"Silver Lake Technology Investors V, L.P.",,2026-07-06,2026-07-08,31,415.49,12880.19,D,S,64,False,False,False,0001193125-26-298763,https://www.sec.gov/Archives/edgar/data/1571996/000119312526298763/0001193125-26-298763.txt
"Silver Lake Technology Investors V, L.P.",,2026-07-06,2026-07-08,35,416.34,14571.9,D,S,28,False,False,False,0001193125-26-298763,https://www.sec.gov/Archives/edgar/data/1571996/000119312526298763/0001193125-26-298763.txt
"Silver Lake Technology Investors V, L.P.",,2026-07-06,2026-07-08,11,417.78,4595.58,D,S,17,False,False,False,0001193125-26-298763,https://www.sec.gov/Archives/edgar/data/1571996/000119312526298763/0001193125-26-298763.txt
"Silver Lake Technology Investors V, L.P.",,2026-07-06,2026-07-08,17,418.49,7114.33,D,S,0,False,False,False,0001193125-26-298763,https://www.sec.gov/Archives/edgar/data/1571996/000119312526298763/0001193125-26-298763.txt
"Silver Lake Technology Investors IV, L.P.",,2026-07-06,2026-07-08,1410,0.0,0.0,A,M,1410,False,False,False,0001193125-26-298745,https://www.sec.gov/Archives/edgar/data/1571996/000119312526298745/0001193125-26-298745.txt
"Silver Lake Technology Investors IV, L.P.",,2026-07-06,2026-07-08,79,405.36,32023.44,D,S,1331,False,False,False,0001193125-26-298745,https://www.sec.gov/Archives/edgar/data/1571996/000119312526298745/0001193125-26-298745.txt
"Silver Lake Technology Investors IV, L.P.",,2026-07-06,2026-07-08,30,406.35,12190.5,D,S,1300,False,False,False,0001193125-26-298745,https://www.sec.gov/Archives/edgar/data/1571996/000119312526298745/0001193125-26-298745.txt
"Silver Lake Technology Investors IV, L.P.",,2026-07-06,2026-07-08,110,407.59,44834.9,D,S,1190,False,False,False,0001193125-26-298745,https://www.sec.gov/Archives/edgar/data/1571996/000119312526298745/0001193125-26-298745.txt
"Silver Lake Technology Investors IV, L.P.",,2026-07-06,2026-07-08,258,408.52,105398.16,D,S,932,False,False,False,0001193125-26-298745,https://www.sec.gov/Archives/edgar/data/1571996/000119312526298745/0001193125-26-298745.txt
"Silver Lake Technology Investors IV, L.P.",,2026-07-06,2026-07-08,204,409.49,83535.96,D,S,728,False,False,False,0001193125-26-298745,https://www.sec.gov/Archives/edgar/data/1571996/000119312526298745/0001193125-26-298745.txt
"Silver Lake Technology Investors IV, L.P.",,2026-07-06,2026-07-08,272,410.68,111704.96,D,S,456,False,False,False,0001193125-26-298745,https://www.sec.gov/Archives/edgar/data/1571996/000119312526298745/0001193125-26-298745.txt
"Silver Lake Technology Investors IV, L.P.",,2026-07-06,2026-07-08,213,411.4,87628.2,D,S,244,False,False,False,0001193125-26-298745,https://www.sec.gov/Archives/edgar/data/1571996/000119312526298745/0001193125-26-298745.txt
"Silver Lake Technology Investors IV, L.P.",,2026-07-06,2026-07-08,31,412.51,12787.81,D,S,213,False,False,False,0001193125-26-298745,https://www.sec.gov/Archives/edgar/data/1571996/000119312526298745/0001193125-26-298745.txt
"Silver Lake Technology Investors IV, L.P.",,2026-07-06,2026-07-08,1,413.3,413.3,D,S,212,False,False,False,0001193125-26-298745,https://www.sec.gov/Archives/edgar/data/1571996/000119312526298745/0001193125-26-298745.txt
"Silver Lake Technology Investors IV, L.P.",,2026-07-06,2026-07-08,69,415.49,28668.81,D,S,142,False,False,False,0001193125-26-298745,https://www.sec.gov/Archives/edgar/data/1571996/000119312526298745/0001193125-26-298745.txt
"Silver Lake Technology Investors IV, L.P.",,2026-07-06,2026-07-08,78,416.34,32474.52,D,S,64,False,False,False,0001193125-26-298745,https://www.sec.gov/Archives/edgar/data/1571996/000119312526298745/0001193125-26-298745.txt
"Silver Lake Technology Investors IV, L.P.",,2026-07-06,2026-07-08,25,417.78,10444.5,D,S,39,False,False,False,0001193125-26-298745,https://www.sec.gov/Archives/edgar/data/1571996/000119312526298745/0001193125-26-298745.txt
"Silver Lake Technology Investors IV, L.P.",,2026-07-06,2026-07-08,39,418.49,16321.11,D,S,0,False,False,False,0001193125-26-298745,https://www.sec.gov/Archives/edgar/data/1571996/000119312526298745/0001193125-26-298745.txt
"Silver Lake Partners V DE (AIV), L.P.",,2026-07-06,2026-07-08,51884,0.0,0.0,A,M,51884,False,False,False,0001193125-26-298723,https://www.sec.gov/Archives/edgar/data/1571996/000119312526298723/0001193125-26-298723.txt
"Silver Lake Partners V DE (AIV), L.P.",,2026-07-06,2026-07-08,2084,405.36,844770.24,D,S,49800,False,False,False,0001193125-26-298723,https://www.sec.gov/Archives/edgar/data/1571996/000119312526298723/0001193125-26-298723.txt
"Silver Lake Partners V DE (AIV), L.P.",,2026-07-06,2026-07-08,797,406.35,323860.95,D,S,49003,False,False,False,0001193125-26-298723,https://www.sec.gov/Archives/edgar/data/1571996/000119312526298723/0001193125-26-298723.txt
"Silver Lake Partners V DE (AIV), L.P.",,2026-07-06,2026-07-08,2886,407.59,1176304.74,D,S,46117,False,False,False,0001193125-26-298723,https://www.sec.gov/Archives/edgar/data/1571996/000119312526298723/0001193125-26-298723.txt
"Silver Lake Partners V DE (AIV), L.P.",,2026-07-06,2026-07-08,6766,408.52,2764046.32,D,S,39351,False,False,False,0001193125-26-298723,https://www.sec.gov/Archives/edgar/data/1571996/000119312526298723/0001193125-26-298723.txt
"Silver Lake Partners V DE (AIV), L.P.",,2026-07-06,2026-07-08,5352,409.49,2191590.48,D,S,33999,False,False,False,0001193125-26-298723,https://www.sec.gov/Archives/edgar/data/1571996/000119312526298723/0001193125-26-298723.txt
"Silver Lake Partners V DE (AIV), L.P.",,2026-07-06,2026-07-08,7125,410.68,2926095.0,D,S,26874,False,False,False,0001193125-26-298723,https://www.sec.gov/Archives/edgar/data/1571996/000119312526298723/0001193125-26-298723.txt
"Silver Lake Partners V DE (AIV), L.P.",,2026-07-06,2026-07-08,5585,411.4,2297669.0,D,S,21289,False,False,False,0001193125-26-298723,https://www.sec.gov/Archives/edgar/data/1571996/000119312526298723/0001193125-26-298723.txt
"Silver Lake Partners V DE (AIV), L.P.",,2026-07-06,2026-07-08,808,412.51,333308.08,D,S,20481,False,False,False,0001193125-26-298723,https://www.sec.gov/Archives/edgar/data/1571996/000119312526298723/0001193125-26-298723.txt
"Silver Lake Partners V DE (AIV), L.P.",,2026-07-06,2026-07-08,22,413.3,9092.6,D,S,20459,False,False,False,0001193125-26-298723,https://www.sec.gov/Archives/edgar/data/1571996/000119312526298723/0001193125-26-298723.txt
"Silver Lake Partners V DE (AIV), L.P.",,2026-07-06,2026-07-08,1820,415.49,756191.8,D,S,18639,False,False,False,0001193125-26-298723,https://www.sec.gov/Archives/edgar/data/1571996/000119312526298723/0001193125-26-298723.txt
"Silver Lake Partners V DE (AIV), L.P.",,2026-07-06,2026-07-08,2049,416.34,853080.66,D,S,16589,False,False,False,0001193125-26-298723,https://www.sec.gov/Archives/edgar/data/1571996/000119312526298723/0001193125-26-298723.txt
"Silver Lake Partners V DE (AIV), L.P.",,2026-07-06,2026-07-08,661,417.78,276152.58,D,S,15928,False,False,False,0001193125-26-298723,https://www.sec.gov/Archives/edgar/data/1571996/000119312526298723/0001193125-26-298723.txt
"Silver Lake Partners V DE (AIV), L.P.",,2026-07-06,2026-07-08,1027,418.49,429789.23,D,S,14901,False,False,False,0001193125-26-298723,https://www.sec.gov/Archives/edgar/data/1571996/000119312526298723/0001193125-26-298723.txt
"Silver Lake Partners IV, L.P.",,2026-07-06,2026-07-08,95851,0.0,0.0,A,M,95851,False,False,False,0001193125-26-298716,https://www.sec.gov/Archives/edgar/data/1571996/000119312526298716/0001193125-26-298716.txt
"Silver Lake Partners IV, L.P.",,2026-07-06,2026-07-08,4100,405.36,1661976.0,D,S,91751,False,False,False,0001193125-26-298716,https://www.sec.gov/Archives/edgar/data/1571996/000119312526298716/0001193125-26-298716.txt
"Silver Lake Partners IV, L.P.",,2026-07-06,2026-07-08,1568,406.35,637156.8,D,S,90183,False,False,False,0001193125-26-298716,https://www.sec.gov/Archives/edgar/data/1571996/000119312526298716/0001193125-26-298716.txt
"Silver Lake Partners IV, L.P.",,2026-07-06,2026-07-08,5678,407.59,2314296.02,D,S,84504,False,False,False,0001193125-26-298716,https://www.sec.gov/Archives/edgar/data/1571996/000119312526298716/0001193125-26-298716.txt
"Silver Lake Partners IV, L.P.",,2026-07-06,2026-07-08,13313,408.52,5438626.76,D,S,71191,False,False,False,0001193125-26-298716,https://www.sec.gov/Archives/edgar/data/1571996/000119312526298716/0001193125-26-298716.txt
"Silver Lake Partners IV, L.P.",,2026-07-06,2026-07-08,10530,409.49,4311929.7,D,S,60661,False,False,False,0001193125-26-298716,https://www.sec.gov/Archives/edgar/data/1571996/000119312526298716/0001193125-26-298716.txt
"Silver Lake Partners IV, L.P.",,2026-07-06,2026-07-08,14019,410.68,5757322.92,D,S,46642,False,False,False,0001193125-26-298716,https://www.sec.gov/Archives/edgar/data/1571996/000119312526298716/0001193125-26-298716.txt
"Silver Lake Partners IV, L.P.",,2026-07-06,2026-07-08,10989,411.4,4520874.6,D,S,35653,False,False,False,0001193125-26-298716,https://www.sec.gov/Archives/edgar/data/1571996/000119312526298716/0001193125-26-298716.txt
"Silver Lake Partners IV, L.P.",,2026-07-06,2026-07-08,1589,412.51,655478.39,D,S,34064,False,False,False,0001193125-26-298716,https://www.sec.gov/Archives/edgar/data/1571996/000119312526298716/0001193125-26-298716.txt
"Silver Lake Partners IV, L.P.",,2026-07-06,2026-07-08,44,413.3,18185.2,D,S,34019,False,False,False,0001193125-26-298716,https://www.sec.gov/Archives/edgar/data/1571996/000119312526298716/0001193125-26-298716.txt
"Silver Lake Partners IV, L.P.",,2026-07-06,2026-07-08,3581,415.49,1487869.69,D,S,30438,False,False,False,0001193125-26-298716,https://www.sec.gov/Archives/edgar/data/1571996/000119312526298716/0001193125-26-298716.txt
"Silver Lake Partners IV, L.P.",,2026-07-06,2026-07-08,4033,416.34,1679099.22,D,S,26406,False,False,False,0001193125-26-298716,https://www.sec.gov/Archives/edgar/data/1571996/000119312526298716/0001193125-26-298716.txt
"Silver Lake Partners IV, L.P.",,2026-07-06,2026-07-08,1300,417.78,543114.0,D,S,25106,False,False,False,0001193125-26-298716,https://www.sec.gov/Archives/edgar/data/1571996/000119312526298716/0001193125-26-298716.txt
"Silver Lake Partners IV, L.P.",,2026-07-06,2026-07-08,2022,418.49,846186.78,D,S,23084,False,False,False,0001193125-26-298716,https://www.sec.gov/Archives/edgar/data/1571996/000119312526298716/0001193125-26-298716.txt
"SL SPV-2, L.P.",,2026-07-06,2026-07-08,93371,0.0,0.0,A,M,93371,False,False,False,0001193125-26-298747,https://www.sec.gov/Archives/edgar/data/1571996/000119312526298747/0001193125-26-298747.txt
"SL SPV-2, L.P.",,2026-07-06,2026-07-08,3561,405.36,1443486.96,D,S,89810,False,False,False,0001193125-26-298747,https://www.sec.gov/Archives/edgar/data/1571996/000119312526298747/0001193125-26-298747.txt
"SL SPV-2, L.P.",,2026-07-06,2026-07-08,1362,406.35,553448.7,D,S,88448,False,False,False,0001193125-26-298747,https://www.sec.gov/Archives/edgar/data/1571996/000119312526298747/0001193125-26-298747.txt
"SL SPV-2, L.P.",,2026-07-06,2026-07-08,4932,407.59,2010233.88,D,S,83516,False,False,False,0001193125-26-298747,https://www.sec.gov/Archives/edgar/data/1571996/000119312526298747/0001193125-26-298747.txt
"SL SPV-2, L.P.",,2026-07-06,2026-07-08,11564,408.52,4724125.28,D,S,71952,False,False,False,0001193125-26-298747,https://www.sec.gov/Archives/edgar/data/1571996/000119312526298747/0001193125-26-298747.txt
"SL SPV-2, L.P.",,2026-07-06,2026-07-08,9146,409.49,3745195.54,D,S,62806,False,False,False,0001193125-26-298747,https://www.sec.gov/Archives/edgar/data/1571996/000119312526298747/0001193125-26-298747.txt
"SL SPV-2, L.P.",,2026-07-06,2026-07-08,12177,410.68,5000850.36,D,S,50629,False,False,False,0001193125-26-298747,https://www.sec.gov/Archives/edgar/data/1571996/000119312526298747/0001193125-26-298747.txt
"SL SPV-2, L.P.",,2026-07-06,2026-07-08,9545,411.4,3926813.0,D,S,41084,False,False,False,0001193125-26-298747,https://www.sec.gov/Archives/edgar/data/1571996/000119312526298747/0001193125-26-298747.txt
"SL SPV-2, L.P.",,2026-07-06,2026-07-08,1380,412.51,569263.8,D,S,39704,False,False,False,0001193125-26-298747,https://www.sec.gov/Archives/edgar/data/1571996/000119312526298747/0001193125-26-298747.txt
"SL SPV-2, L.P.",,2026-07-06,2026-07-08,38,413.3,15705.4,D,S,39665,False,False,False,0001193125-26-298747,https://www.sec.gov/Archives/edgar/data/1571996/000119312526298747/0001193125-26-298747.txt
"SL SPV-2, L.P.",,2026-07-06,2026-07-08,3111,415.49,1292589.39,D,S,36555,False,False,False,0001193125-26-298747,https://www.sec.gov/Archives/edgar/data/1571996/000119312526298747/0001193125-26-298747.txt
"SL SPV-2, L.P.",,2026-07-06,2026-07-08,3503,416.34,1458439.02,D,S,33052,False,False,False,0001193125-26-298747,https://www.sec.gov/Archives/edgar/data/1571996/000119312526298747/0001193125-26-298747.txt
"SL SPV-2, L.P.",,2026-07-06,2026-07-08,1129,417.78,471673.62,D,S,31923,False,False,False,0001193125-26-298747,https://www.sec.gov/Archives/edgar/data/1571996/000119312526298747/0001193125-26-298747.txt
"SL SPV-2, L.P.",,2026-07-06,2026-07-08,1756,418.49,734868.44,D,S,30167,False,False,False,0001193125-26-298747,https://www.sec.gov/Archives/edgar/data/1571996/000119312526298747/0001193125-26-298747.txt
"Silver Lake Group, L.L.C.",,2026-06-26,2026-06-30,390,392.47,153063.3,D,S,10375,False,False,False,0001193125-26-290621,https://www.sec.gov/Archives/edgar/data/1571996/000119312526290621/0001193125-26-290621.txt
"Silver Lake Group, L.L.C.",,2026-06-26,2026-06-30,215,392.47,84381.05,D,S,5699,False,False,False,0001193125-26-290621,https://www.sec.gov/Archives/edgar/data/1571996/000119312526290621/0001193125-26-290621.txt
"Silver Lake Group, L.L.C.",,2026-06-26,2026-06-30,936,393.89,368681.04,D,S,9439,False,False,False,0001193125-26-290621,https://www.sec.gov/Archives/edgar/data/1571996/000119312526290621/0001193125-26-290621.txt
"Silver Lake Group, L.L.C.",,2026-06-26,2026-06-30,514,393.89,202459.46,D,S,5185,False,False,False,0001193125-26-290621,https://www.sec.gov/Archives/edgar/data/1571996/000119312526290621/0001193125-26-290621.txt
"Silver Lake Group, L.L.C.",,2026-06-26,2026-06-30,441,394.81,174111.21,D,S,8997,False,False,False,0001193125-26-290621,https://www.sec.gov/Archives/edgar/data/1571996/000119312526290621/0001193125-26-290621.txt
"Silver Lake Group, L.L.C.",,2026-06-26,2026-06-30,243,394.81,95938.83,D,S,4943,False,False,False,0001193125-26-290621,https://www.sec.gov/Archives/edgar/data/1571996/000119312526290621/0001193125-26-290621.txt
"Silver Lake Group, L.L.C.",,2026-06-26,2026-06-30,7125,396.24,2823210.0,D,S,1872,False,False,False,0001193125-26-290621,https://www.sec.gov/Archives/edgar/data/1571996/000119312526290621/0001193125-26-290621.txt
"Silver Lake Group, L.L.C.",,2026-06-26,2026-06-30,3915,396.24,1551279.6,D,S,1028,False,False,False,0001193125-26-290621,https://www.sec.gov/Archives/edgar/data/1571996/000119312526290621/0001193125-26-290621.txt
"Silver Lake Group, L.L.C.",,2026-06-26,2026-06-30,516,398.16,205450.56,D,S,1355,False,False,False,0001193125-26-290621,https://www.sec.gov/Archives/edgar/data/1571996/000119312526290621/0001193125-26-290621.txt
"Silver Lake Group, L.L.C.",,2026-06-26,2026-06-30,284,398.16,113077.44,D,S,745,False,False,False,0001193125-26-290621,https://www.sec.gov/Archives/edgar/data/1571996/000119312526290621/0001193125-26-290621.txt
"Silver Lake Group, L.L.C.",,2026-06-26,2026-06-30,968,399.38,386599.84,D,S,387,False,False,False,0001193125-26-290621,https://www.sec.gov/Archives/edgar/data/1571996/000119312526290621/0001193125-26-290621.txt
"Silver Lake Group, L.L.C.",,2026-06-26,2026-06-30,532,399.38,212470.16,D,S,213,False,False,False,0001193125-26-290621,https://www.sec.gov/Archives/edgar/data/1571996/000119312526290621/0001193125-26-290621.txt
"Silver Lake Group, L.L.C.",,2026-06-26,2026-06-30,387,400.67,155059.29,D,S,0,False,False,False,0001193125-26-290621,https://www.sec.gov/Archives/edgar/data/1571996/000119312526290621/0001193125-26-290621.txt
"Silver Lake Group, L.L.C.",,2026-06-26,2026-06-30,213,400.67,85342.71,D,S,0,False,False,False,0001193125-26-290621,https://www.sec.gov/Archives/edgar/data/1571996/000119312526290621/0001193125-26-290621.txt
Radakovich Lynn Vojvodich,,2026-06-22,2026-06-24,12022,31.14,374365.08,A,M,37289,True,True,False,0001662205-26-000007,https://www.sec.gov/Archives/edgar/data/1571996/000166220526000007/0001662205-26-000007.txt
Radakovich Lynn Vojvodich,,2026-06-22,2026-06-24,12022,421.0,5061262.0,D,S,25267,True,True,False,0001662205-26-000007,https://www.sec.gov/Archives/edgar/data/1571996/000166220526000007/0001662205-26-000007.txt
Saavedra Jennifer D.,Chief Human Resources Officer,2026-06-17,2026-06-18,50,0.0,0.0,D,G,322142,False,False,True,0001850336-26-000007,https://www.sec.gov/Archives/edgar/data/1571996/000185033626000007/0001850336-26-000007.txt
Tunnell Jane,Chief Marketing Officer,2026-06-16,2026-06-18,243,0.0,0.0,D,G,47251,False,False,True,0002016161-26-000009,https://www.sec.gov/Archives/edgar/data/1571996/000201616126000009/0002016161-26-000009.txt
Tunnell Jane,Chief Marketing Officer,2026-06-16,2026-06-18,276,0.0,0.0,D,G,46975,False,False,True,0002016161-26-000009,https://www.sec.gov/Archives/edgar/data/1571996/000201616126000009/0002016161-26-000009.txt
Tunnell Jane,Chief Marketing Officer,2026-06-15,2026-06-17,5879,395.57,2325556.03,D,F,47494,False,False,True,0002016161-26-000007,https://www.sec.gov/Archives/edgar/data/1571996/000201616126000007/0002016161-26-000007.txt
"SLTA V (GP), L.L.C.",,2026-06-15,2026-06-17,91809,0.0,0.0,D,J,0,False,False,False,0001193125-26-274230,https://www.sec.gov/Archives/edgar/data/1571996/000119312526274230/0001193125-26-274230.txt
"SLTA V (GP), L.L.C.",,2026-06-15,2026-06-17,69916,0.0,0.0,D,J,0,False,False,False,0001193125-26-274230,https://www.sec.gov/Archives/edgar/data/1571996/000119312526274230/0001193125-26-274230.txt
"SLTA V (GP), L.L.C.",,2026-06-15,2026-06-17,50381,0.0,0.0,D,J,0,False,False,False,0001193125-26-274230,https://www.sec.gov/Archives/edgar/data/1571996/000119312526274230/0001193125-26-274230.txt
"SLTA IV (GP), L.L.C.",,2026-06-15,2026-06-17,91809,0.0,0.0,D,J,0,False,False,False,0001193125-26-274227,https://www.sec.gov/Archives/edgar/data/1571996/000119312526274227/0001193125-26-274227.txt
"SLTA IV (GP), L.L.C.",,2026-06-15,2026-06-17,69916,0.0,0.0,D,J,0,False,False,False,0001193125-26-274227,https://www.sec.gov/Archives/edgar/data/1571996/000119312526274227/0001193125-26-274227.txt
"SLTA IV (GP), L.L.C.",,2026-06-15,2026-06-17,50381,0.0,0.0,D,J,0,False,False,False,0001193125-26-274227,https://www.sec.gov/Archives/edgar/data/1571996/000119312526274227/0001193125-26-274227.txt
Rothberg Richard J,General Counsel & Secretary,2026-06-15,2026-06-17,20000,410.0,8200000.0,D,S,142415,False,False,True,0001680902-26-000006,https://www.sec.gov/Archives/edgar/data/1571996/000168090226000006/0001680902-26-000006.txt
"Silver Lake Technology Investors V, L.P.",,2026-06-12,2026-06-16,345,0.0,0.0,A,M,345,False,False,False,0001193125-26-272716,https://www.sec.gov/Archives/edgar/data/1571996/000119312526272716/0001193125-26-272716.txt
"Silver Lake Technology Investors V, L.P.",,2026-06-12,2026-06-16,50,399.5,19975.0,D,S,295,False,False,False,0001193125-26-272716,https://www.sec.gov/Archives/edgar/data/1571996/000119312526272716/0001193125-26-272716.txt
"Silver Lake Technology Investors V, L.P.",,2026-06-12,2026-06-16,45,400.52,18023.4,D,S,250,False,False,False,0001193125-26-272716,https://www.sec.gov/Archives/edgar/data/1571996/000119312526272716/0001193125-26-272716.txt
"Silver Lake Technology Investors V, L.P.",,2026-06-12,2026-06-16,57,401.41,22880.37,D,S,193,False,False,False,0001193125-26-272716,https://www.sec.gov/Archives/edgar/data/1571996/000119312526272716/0001193125-26-272716.txt
"Silver Lake Technology Investors V, L.P.",,2026-06-12,2026-06-16,39,402.53,15698.67,D,S,154,False,False,False,0001193125-26-272716,https://www.sec.gov/Archives/edgar/data/1571996/000119312526272716/0001193125-26-272716.txt
"Silver Lake Technology Investors V, L.P.",,2026-06-12,2026-06-16,18,403.35,7260.3,D,S,136,False,False,False,0001193125-26-272716,https://www.sec.gov/Archives/edgar/data/1571996/000119312526272716/0001193125-26-272716.txt
"Silver Lake Technology Investors V, L.P.",,2026-06-12,2026-06-16,11,404.58,4450.38,D,S,125,False,False,False,0001193125-26-272716,https://www.sec.gov/Archives/edgar/data/1571996/000119312526272716/0001193125-26-272716.txt
"Silver Lake Technology Investors V, L.P.",,2026-06-12,2026-06-16,43,405.57,17439.51,D,S,82,False,False,False,0001193125-26-272716,https://www.sec.gov/Archives/edgar/data/1571996/000119312526272716/0001193125-26-272716.txt
"Silver Lake Technology Investors V, L.P.",,2026-06-12,2026-06-16,59,406.35,23974.65,D,S,23,False,False,False,0001193125-26-272716,https://www.sec.gov/Archives/edgar/data/1571996/000119312526272716/0001193125-26-272716.txt
"Silver Lake Technology Investors V, L.P.",,2026-06-12,2026-06-16,21,407.38,8554.98,D,S,2,False,False,False,0001193125-26-272716,https://www.sec.gov/Archives/edgar/data/1571996/000119312526272716/0001193125-26-272716.txt
"Silver Lake Technology Investors V, L.P.",,2026-06-12,2026-06-16,2,408.08,816.16,D,S,0,False,False,False,0001193125-26-272716,https://www.sec.gov/Archives/edgar/data/1571996/000119312526272716/0001193125-26-272716.txt
"Silver Lake Technology Investors IV, L.P.",,2026-06-12,2026-06-16,766,0.0,0.0,A,M,766,False,False,False,0001193125-26-272862,https://www.sec.gov/Archives/edgar/data/1571996/000119312526272862/0001193125-26-272862.txt
"Silver Lake Technology Investors IV, L.P.",,2026-06-12,2026-06-16,110,399.5,43945.0,D,S,656,False,False,False,0001193125-26-272862,https://www.sec.gov/Archives/edgar/data/1571996/000119312526272862/0001193125-26-272862.txt
"Silver Lake Technology Investors IV, L.P.",,2026-06-12,2026-06-16,100,400.52,40052.0,D,S,555,False,False,False,0001193125-26-272862,https://www.sec.gov/Archives/edgar/data/1571996/000119312526272862/0001193125-26-272862.txt
"Silver Lake Technology Investors IV, L.P.",,2026-06-12,2026-06-16,126,401.41,50577.66,D,S,429,False,False,False,0001193125-26-272862,https://www.sec.gov/Archives/edgar/data/1571996/000119312526272862/0001193125-26-272862.txt
"Silver Lake Technology Investors IV, L.P.",,2026-06-12,2026-06-16,87,402.53,35020.11,D,S,342,False,False,False,0001193125-26-272862,https://www.sec.gov/Archives/edgar/data/1571996/000119312526272862/0001193125-26-272862.txt
"Silver Lake Technology Investors IV, L.P.",,2026-06-12,2026-06-16,39,403.35,15730.65,D,S,303,False,False,False,0001193125-26-272862,https://www.sec.gov/Archives/edgar/data/1571996/000119312526272862/0001193125-26-272862.txt
"Silver Lake Technology Investors IV, L.P.",,2026-06-12,2026-06-16,24,404.58,9709.92,D,S,278,False,False,False,0001193125-26-272862,https://www.sec.gov/Archives/edgar/data/1571996/000119312526272862/0001193125-26-272862.txt
"Silver Lake Technology Investors IV, L.P.",,2026-06-12,2026-06-16,96,405.57,38934.72,D,S,182,False,False,False,0001193125-26-272862,https://www.sec.gov/Archives/edgar/data/1571996/000119312526272862/0001193125-26-272862.txt
"Silver Lake Technology Investors IV, L.P.",,2026-06-12,2026-06-16,130,406.35,52825.5,D,S,52,False,False,False,0001193125-26-272862,https://www.sec.gov/Archives/edgar/data/1571996/000119312526272862/0001193125-26-272862.txt
"Silver Lake Technology Investors IV, L.P.",,2026-06-12,2026-06-16,47,407.38,19146.86,D,S,5,False,False,False,0001193125-26-272862,https://www.sec.gov/Archives/edgar/data/1571996/000119312526272862/0001193125-26-272862.txt
"Silver Lake Technology Investors IV, L.P.",,2026-06-12,2026-06-16,5,408.08,2040.4,D,S,0,False,False,False,0001193125-26-272862,https://www.sec.gov/Archives/edgar/data/1571996/000119312526272862/0001193125-26-272862.txt
"Silver Lake Partners V DE (AIV), L.P.",,2026-06-12,2026-06-16,28186,0.0,0.0,A,M,70476,False,False,False,0001193125-26-272743,https://www.sec.gov/Archives/edgar/data/1571996/000119312526272743/0001193125-26-272743.txt
"Silver Lake Partners V DE (AIV), L.P.",,2026-06-12,2026-06-16,2896,399.5,1156952.0,D,S,67580,False,False,False,0001193125-26-272743,https://www.sec.gov/Archives/edgar/data/1571996/000119312526272743/0001193125-26-272743.txt
"Silver Lake Partners V DE (AIV), L.P.",,2026-06-12,2026-06-16,2636,400.52,1055770.72,D,S,64944,False,False,False,0001193125-26-272743,https://www.sec.gov/Archives/edgar/data/1571996/000119312526272743/0001193125-26-272743.txt
"Silver Lake Partners V DE (AIV), L.P.",,2026-06-12,2026-06-16,3297,401.41,1323448.77,D,S,61647,False,False,False,0001193125-26-272743,https://www.sec.gov/Archives/edgar/data/1571996/000119312526272743/0001193125-26-272743.txt
"Silver Lake Partners V DE (AIV), L.P.",,2026-06-12,2026-06-16,2293,402.53,923001.29,D,S,59354,False,False,False,0001193125-26-272743,https://www.sec.gov/Archives/edgar/data/1571996/000119312526272743/0001193125-26-272743.txt
"Silver Lake Partners V DE (AIV), L.P.",,2026-06-12,2026-06-16,1027,403.35,414240.45,D,S,58327,False,False,False,0001193125-26-272743,https://www.sec.gov/Archives/edgar/data/1571996/000119312526272743/0001193125-26-272743.txt
"Silver Lake Partners V DE (AIV), L.P.",,2026-06-12,2026-06-16,641,404.58,259335.78,D,S,57686,False,False,False,0001193125-26-272743,https://www.sec.gov/Archives/edgar/data/1571996/000119312526272743/0001193125-26-272743.txt
"Silver Lake Partners V DE (AIV), L.P.",,2026-06-12,2026-06-16,2528,405.57,1025280.96,D,S,55158,False,False,False,0001193125-26-272743,https://www.sec.gov/Archives/edgar/data/1571996/000119312526272743/0001193125-26-272743.txt
"Silver Lake Partners V DE (AIV), L.P.",,2026-06-12,2026-06-16,3409,406.35,1385247.15,D,S,51749,False,False,False,0001193125-26-272743,https://www.sec.gov/Archives/edgar/data/1571996/000119312526272743/0001193125-26-272743.txt
"Silver Lake Partners V DE (AIV), L.P.",,2026-06-12,2026-06-16,1226,407.38,499447.88,D,S,50523,False,False,False,0001193125-26-272743,https://www.sec.gov/Archives/edgar/data/1571996/000119312526272743/0001193125-26-272743.txt
"Silver Lake Partners V DE (AIV), L.P.",,2026-06-12,2026-06-16,142,408.08,57947.36,D,S,50381,False,False,False,0001193125-26-272743,https://www.sec.gov/Archives/edgar/data/1571996/000119312526272743/0001193125-26-272743.txt
"Silver Lake Partners IV, L.P.",,2026-06-12,2026-06-16,52073,0.0,0.0,A,M,109453,False,False,False,0001193125-26-272808,https://www.sec.gov/Archives/edgar/data/1571996/000119312526272808/0001193125-26-272808.txt
"Silver Lake Partners IV, L.P.",,2026-06-12,2026-06-16,5697,399.5,2275951.5,D,S,103756,False,False,False,0001193125-26-272808,https://www.sec.gov/Archives/edgar/data/1571996/000119312526272808/0001193125-26-272808.txt
"Silver Lake Partners IV, L.P.",,2026-06-12,2026-06-16,5186,400.52,2077096.72,D,S,98570,False,False,False,0001193125-26-272808,https://www.sec.gov/Archives/edgar/data/1571996/000119312526272808/0001193125-26-272808.txt
"Silver Lake Partners IV, L.P.",,2026-06-12,2026-06-16,6488,401.41,2604348.08,D,S,92082,False,False,False,0001193125-26-272808,https://www.sec.gov/Archives/edgar/data/1571996/000119312526272808/0001193125-26-272808.txt
"Silver Lake Partners IV, L.P.",,2026-06-12,2026-06-16,4512,402.53,1816215.36,D,S,87569,False,False,False,0001193125-26-272808,https://www.sec.gov/Archives/edgar/data/1571996/000119312526272808/0001193125-26-272808.txt
"Silver Lake Partners IV, L.P.",,2026-06-12,2026-06-16,2020,403.35,814767.0,D,S,85549,False,False,False,0001193125-26-272808,https://www.sec.gov/Archives/edgar/data/1571996/000119312526272808/0001193125-26-272808.txt
"Silver Lake Partners IV, L.P.",,2026-06-12,2026-06-16,1261,404.58,510175.38,D,S,84288,False,False,False,0001193125-26-272808,https://www.sec.gov/Archives/edgar/data/1571996/000119312526272808/0001193125-26-272808.txt
"Silver Lake Partners IV, L.P.",,2026-06-12,2026-06-16,4973,405.57,2016899.61,D,S,79315,False,False,False,0001193125-26-272808,https://www.sec.gov/Archives/edgar/data/1571996/000119312526272808/0001193125-26-272808.txt
"Silver Lake Partners IV, L.P.",,2026-06-12,2026-06-16,6708,406.35,2725795.8,D,S,72607,False,False,False,0001193125-26-272808,https://www.sec.gov/Archives/edgar/data/1571996/000119312526272808/0001193125-26-272808.txt
"Silver Lake Partners IV, L.P.",,2026-06-12,2026-06-16,2412,407.38,982600.56,D,S,70196,False,False,False,0001193125-26-272808,https://www.sec.gov/Archives/edgar/data/1571996/000119312526272808/0001193125-26-272808.txt
"Silver Lake Partners IV, L.P.",,2026-06-12,2026-06-16,280,408.08,114262.4,D,S,69916,False,False,False,0001193125-26-272808,https://www.sec.gov/Archives/edgar/data/1571996/000119312526272808/0001193125-26-272808.txt
"SL SPV-2, L.P.",,2026-06-12,2026-06-16,50725,0.0,0.0,A,M,126066,False,False,False,0001193125-26-272758,https://www.sec.gov/Archives/edgar/data/1571996/000119312526272758/0001193125-26-272758.txt
"SL SPV-2, L.P.",,2026-06-12,2026-06-16,4937,399.5,1972331.5,D,S,121129,False,False,False,0001193125-26-272758,https://www.sec.gov/Archives/edgar/data/1571996/000119312526272758/0001193125-26-272758.txt
"SL SPV-2, L.P.",,2026-06-12,2026-06-16,4493,400.52,1799536.36,D,S,116636,False,False,False,0001193125-26-272758,https://www.sec.gov/Archives/edgar/data/1571996/000119312526272758/0001193125-26-272758.txt
"SL SPV-2, L.P.",,2026-06-12,2026-06-16,5621,401.41,2256325.61,D,S,111015,False,False,False,0001193125-26-272758,https://www.sec.gov/Archives/edgar/data/1571996/000119312526272758/0001193125-26-272758.txt
"SL SPV-2, L.P.",,2026-06-12,2026-06-16,3910,402.53,1573892.3,D,S,107105,False,False,False,0001193125-26-272758,https://www.sec.gov/Archives/edgar/data/1571996/000119312526272758/0001193125-26-272758.txt
"SL SPV-2, L.P.",,2026-06-12,2026-06-16,1750,403.35,705862.5,D,S,105355,False,False,False,0001193125-26-272758,https://www.sec.gov/Archives/edgar/data/1571996/000119312526272758/0001193125-26-272758.txt
"SL SPV-2, L.P.",,2026-06-12,2026-06-16,1093,404.58,442205.94,D,S,104262,False,False,False,0001193125-26-272758,https://www.sec.gov/Archives/edgar/data/1571996/000119312526272758/0001193125-26-272758.txt
"SL SPV-2, L.P.",,2026-06-12,2026-06-16,4309,405.57,1747601.13,D,S,99953,False,False,False,0001193125-26-272758,https://www.sec.gov/Archives/edgar/data/1571996/000119312526272758/0001193125-26-272758.txt
"SL SPV-2, L.P.",,2026-06-12,2026-06-16,5812,406.35,2361706.2,D,S,94141,False,False,False,0001193125-26-272758,https://www.sec.gov/Archives/edgar/data/1571996/000119312526272758/0001193125-26-272758.txt
"SL SPV-2, L.P.",,2026-06-12,2026-06-16,2090,407.38,851424.2,D,S,92051,False,False,False,0001193125-26-272758,https://www.sec.gov/Archives/edgar/data/1571996/000119312526272758/0001193125-26-272758.txt
"SL SPV-2, L.P.",,2026-06-12,2026-06-16,242,408.08,98755.36,D,S,91809,False,False,False,0001193125-26-272758,https://www.sec.gov/Archives/edgar/data/1571996/000119312526272758/0001193125-26-272758.txt
DORMAN DAVID W,,2026-06-12,2026-06-16,20785,405.23,8422705.55,D,S,20507,False,True,False,0001082870-26-000006,https://www.sec.gov/Archives/edgar/data/1571996/000108287026000006/0001082870-26-000006.txt
DORMAN DAVID W,,2026-06-12,2026-06-16,13790,406.09,5599981.1,D,S,6717,False,True,False,0001082870-26-000006,https://www.sec.gov/Archives/edgar/data/1571996/000108287026000006/0001082870-26-000006.txt
DORMAN DAVID W,,2026-06-12,2026-06-16,4151,407.28,1690619.28,D,S,2566,False,True,False,0001082870-26-000006,https://www.sec.gov/Archives/edgar/data/1571996/000108287026000006/0001082870-26-000006.txt
DORMAN DAVID W,,2026-06-12,2026-06-16,2566,407.97,1046851.02,D,S,0,False,True,False,0001082870-26-000006,https://www.sec.gov/Archives/edgar/data/1571996/000108287026000006/0001082870-26-000006.txt
"Silver Lake Technology Investors V, L.P.",,2026-06-11,2026-06-15,546,0.0,0.0,A,M,546,False,False,False,0001193125-26-271388,https://www.sec.gov/Archives/edgar/data/1571996/000119312526271388/0001193125-26-271388.txt
"Silver Lake Technology Investors V, L.P.",,2026-06-11,2026-06-15,13,370.4,4815.2,D,S,533,False,False,False,0001193125-26-271388,https://www.sec.gov/Archives/edgar/data/1571996/000119312526271388/0001193125-26-271388.txt
"Silver Lake Technology Investors V, L.P.",,2026-06-11,2026-06-15,8,371.55,2972.4,D,S,526,False,False,False,0001193125-26-271388,https://www.sec.gov/Archives/edgar/data/1571996/000119312526271388/0001193125-26-271388.txt
"Silver Lake Technology Investors V, L.P.",,2026-06-11,2026-06-15,15,372.6,5589.0,D,S,511,False,False,False,0001193125-26-271388,https://www.sec.gov/Archives/edgar/data/1571996/000119312526271388/0001193125-26-271388.txt
"Silver Lake Technology Investors V, L.P.",,2026-06-11,2026-06-15,28,373.59,10460.52,D,S,483,False,False,False,0001193125-26-271388,https://www.sec.gov/Archives/edgar/data/1571996/000119312526271388/0001193125-26-271388.txt
"Silver Lake Technology Investors V, L.P.",,2026-06-11,2026-06-15,39,374.68,14612.52,D,S,444,False,False,False,0001193125-26-271388,https://www.sec.gov/Archives/edgar/data/1571996/000119312526271388/0001193125-26-271388.txt
"Silver Lake Technology Investors V, L.P.",,2026-06-11,2026-06-15,22,375.6,8263.2,D,S,422,False,False,False,0001193125-26-271388,https://www.sec.gov/Archives/edgar/data/1571996/000119312526271388/0001193125-26-271388.txt
"Silver Lake Technology Investors V, L.P.",,2026-06-11,2026-06-15,39,376.66,14689.74,D,S,383,False,False,False,0001193125-26-271388,https://www.sec.gov/Archives/edgar/data/1571996/000119312526271388/0001193125-26-271388.txt
"Silver Lake Technology Investors V, L.P.",,2026-06-11,2026-06-15,48,377.76,18132.48,D,S,334,False,False,False,0001193125-26-271388,https://www.sec.gov/Archives/edgar/data/1571996/000119312526271388/0001193125-26-271388.txt
"Silver Lake Technology Investors V, L.P.",,2026-06-11,2026-06-15,71,378.66,26884.86,D,S,264,False,False,False,0001193125-26-271388,https://www.sec.gov/Archives/edgar/data/1571996/000119312526271388/0001193125-26-271388.txt
"Silver Lake Technology Investors V, L.P.",,2026-06-11,2026-06-15,46,379.69,17465.74,D,S,218,False,False,False,0001193125-26-271388,https://www.sec.gov/Archives/edgar/data/1571996/000119312526271388/0001193125-26-271388.txt
"Silver Lake Technology Investors V, L.P.",,2026-06-11,2026-06-15,33,380.6,12559.8,D,S,185,False,False,False,0001193125-26-271388,https://www.sec.gov/Archives/edgar/data/1571996/000119312526271388/0001193125-26-271388.txt
"Silver Lake Technology Investors V, L.P.",,2026-06-11,2026-06-15,11,381.53,4196.83,D,S,174,False,False,False,0001193125-26-271388,https://www.sec.gov/Archives/edgar/data/1571996/000119312526271388/0001193125-26-271388.txt
"Silver Lake Technology Investors V, L.P.",,2026-06-11,2026-06-15,10,382.83,3828.3,D,S,165,False,False,False,0001193125-26-271388,https://www.sec.gov/Archives/edgar/data/1571996/000119312526271388/0001193125-26-271388.txt
"Silver Lake Technology Investors V, L.P.",,2026-06-11,2026-06-15,18,383.91,6910.38,D,S,147,False,False,False,0001193125-26-271388,https://www.sec.gov/Archives/edgar/data/1571996/000119312526271388/0001193125-26-271388.txt
"Silver Lake Technology Investors V, L.P.",,2026-06-11,2026-06-15,36,384.78,13852.08,D,S,111,False,False,False,0001193125-26-271388,https://www.sec.gov/Archives/edgar/data/1571996/000119312526271388/0001193125-26-271388.txt
"Silver Lake Technology Investors V, L.P.",,2026-06-11,2026-06-15,10,385.87,3858.7,D,S,101,False,False,False,0001193125-26-271388,https://www.sec.gov/Archives/edgar/data/1571996/000119312526271388/0001193125-26-271388.txt
"Silver Lake Technology Investors V, L.P.",,2026-06-11,2026-06-15,25,386.77,9669.25,D,S,76,False,False,False,0001193125-26-271388,https://www.sec.gov/Archives/edgar/data/1571996/000119312526271388/0001193125-26-271388.txt
"Silver Lake Technology Investors V, L.P.",,2026-06-11,2026-06-15,11,387.78,4265.58,D,S,65,False,False,False,0001193125-26-271388,https://www.sec.gov/Archives/edgar/data/1571996/000119312526271388/0001193125-26-271388.txt
"Silver Lake Technology Investors V, L.P.",,2026-06-11,2026-06-15,19,388.94,7389.86,D,S,45,False,False,False,0001193125-26-271388,https://www.sec.gov/Archives/edgar/data/1571996/000119312526271388/0001193125-26-271388.txt
"Silver Lake Technology Investors V, L.P.",,2026-06-11,2026-06-15,27,390.03,10530.81,D,S,18,False,False,False,0001193125-26-271388,https://www.sec.gov/Archives/edgar/data/1571996/000119312526271388/0001193125-26-271388.txt
"Silver Lake Technology Investors V, L.P.",,2026-06-11,2026-06-15,18,390.92,7036.56,D,S,0,False,False,False,0001193125-26-271388,https://www.sec.gov/Archives/edgar/data/1571996/000119312526271388/0001193125-26-271388.txt
"Silver Lake Technology Investors IV, L.P.",,2026-06-11,2026-06-15,1209,0.0,0.0,A,M,1209,False,False,False,0001193125-26-271369,https://www.sec.gov/Archives/edgar/data/1571996/000119312526271369/0001193125-26-271369.txt
"Silver Lake Technology Investors IV, L.P.",,2026-06-11,2026-06-15,28,370.4,10371.2,D,S,1181,False,False,False,0001193125-26-271369,https://www.sec.gov/Archives/edgar/data/1571996/000119312526271369/0001193125-26-271369.txt
"Silver Lake Technology Investors IV, L.P.",,2026-06-11,2026-06-15,17,371.55,6316.35,D,S,1164,False,False,False,0001193125-26-271369,https://www.sec.gov/Archives/edgar/data/1571996/000119312526271369/0001193125-26-271369.txt
"Silver Lake Technology Investors IV, L.P.",,2026-06-11,2026-06-15,33,372.6,12295.8,D,S,1131,False,False,False,0001193125-26-271369,https://www.sec.gov/Archives/edgar/data/1571996/000119312526271369/0001193125-26-271369.txt
"Silver Lake Technology Investors IV, L.P.",,2026-06-11,2026-06-15,61,373.59,22788.99,D,S,1070,False,False,False,0001193125-26-271369,https://www.sec.gov/Archives/edgar/data/1571996/000119312526271369/0001193125-26-271369.txt
"Silver Lake Technology Investors IV, L.P.",,2026-06-11,2026-06-15,86,374.68,32222.48,D,S,983,False,False,False,0001193125-26-271369,https://www.sec.gov/Archives/edgar/data/1571996/000119312526271369/0001193125-26-271369.txt
"Silver Lake Technology Investors IV, L.P.",,2026-06-11,2026-06-15,49,375.6,18404.4,D,S,934,False,False,False,0001193125-26-271369,https://www.sec.gov/Archives/edgar/data/1571996/000119312526271369/0001193125-26-271369.txt
"Silver Lake Technology Investors IV, L.P.",,2026-06-11,2026-06-15,87,376.66,32769.42,D,S,847,False,False,False,0001193125-26-271369,https://www.sec.gov/Archives/edgar/data/1571996/000119312526271369/0001193125-26-271369.txt
"Silver Lake Technology Investors IV, L.P.",,2026-06-11,2026-06-15,107,377.76,40420.32,D,S,741,False,False,False,0001193125-26-271369,https://www.sec.gov/Archives/edgar/data/1571996/000119312526271369/0001193125-26-271369.txt
"Silver Lake Technology Investors IV, L.P.",,2026-06-11,2026-06-15,157,378.66,59449.62,D,S,584,False,False,False,0001193125-26-271369,https://www.sec.gov/Archives/edgar/data/1571996/000119312526271369/0001193125-26-271369.txt
"Silver Lake Technology Investors IV, L.P.",,2026-06-11,2026-06-15,102,379.69,38728.38,D,S,482,False,False,False,0001193125-26-271369,https://www.sec.gov/Archives/edgar/data/1571996/000119312526271369/0001193125-26-271369.txt
"Silver Lake Technology Investors IV, L.P.",,2026-06-11,2026-06-15,73,380.6,27783.8,D,S,409,False,False,False,0001193125-26-271369,https://www.sec.gov/Archives/edgar/data/1571996/000119312526271369/0001193125-26-271369.txt
"Silver Lake Technology Investors IV, L.P.",,2026-06-11,2026-06-15,24,381.53,9156.72,D,S,386,False,False,False,0001193125-26-271369,https://www.sec.gov/Archives/edgar/data/1571996/000119312526271369/0001193125-26-271369.txt
"Silver Lake Technology Investors IV, L.P.",,2026-06-11,2026-06-15,21,382.83,8039.43,D,S,364,False,False,False,0001193125-26-271369,https://www.sec.gov/Archives/edgar/data/1571996/000119312526271369/0001193125-26-271369.txt
"Silver Lake Technology Investors IV, L.P.",,2026-06-11,2026-06-15,40,383.91,15356.4,D,S,325,False,False,False,0001193125-26-271369,https://www.sec.gov/Archives/edgar/data/1571996/000119312526271369/0001193125-26-271369.txt
"Silver Lake Technology Investors IV, L.P.",,2026-06-11,2026-06-15,79,384.78,30397.62,D,S,246,False,False,False,0001193125-26-271369,https://www.sec.gov/Archives/edgar/data/1571996/000119312526271369/0001193125-26-271369.txt
"Silver Lake Technology Investors IV, L.P.",,2026-06-11,2026-06-15,23,385.87,8875.01,D,S,223,False,False,False,0001193125-26-271369,https://www.sec.gov/Archives/edgar/data/1571996/000119312526271369/0001193125-26-271369.txt
"Silver Lake Technology Investors IV, L.P.",,2026-06-11,2026-06-15,55,386.77,21272.35,D,S,168,False,False,False,0001193125-26-271369,https://www.sec.gov/Archives/edgar/data/1571996/000119312526271369/0001193125-26-271369.txt
"Silver Lake Technology Investors IV, L.P.",,2026-06-11,2026-06-15,25,387.78,9694.5,D,S,143,False,False,False,0001193125-26-271369,https://www.sec.gov/Archives/edgar/data/1571996/000119312526271369/0001193125-26-271369.txt
"Silver Lake Technology Investors IV, L.P.",,2026-06-11,2026-06-15,43,388.94,16724.42,D,S,101,False,False,False,0001193125-26-271369,https://www.sec.gov/Archives/edgar/data/1571996/000119312526271369/0001193125-26-271369.txt
"Silver Lake Technology Investors IV, L.P.",,2026-06-11,2026-06-15,61,390.03,23791.83,D,S,40,False,False,False,0001193125-26-271369,https://www.sec.gov/Archives/edgar/data/1571996/000119312526271369/0001193125-26-271369.txt
"Silver Lake Technology Investors IV, L.P.",,2026-06-11,2026-06-15,40,390.92,15636.8,D,S,0,False,False,False,0001193125-26-271369,https://www.sec.gov/Archives/edgar/data/1571996/000119312526271369/0001193125-26-271369.txt
"Silver Lake Partners V DE (AIV), L.P.",,2026-06-11,2026-06-15,44491,0.0,0.0,A,M,74039,False,False,False,0001193125-26-271380,https://www.sec.gov/Archives/edgar/data/1571996/000119312526271380/0001193125-26-271380.txt
"Silver Lake Partners V DE (AIV), L.P.",,2026-06-11,2026-06-15,732,370.4,271132.8,D,S,73307,False,False,False,0001193125-26-271380,https://www.sec.gov/Archives/edgar/data/1571996/000119312526271380/0001193125-26-271380.txt
"Silver Lake Partners V DE (AIV), L.P.",,2026-06-11,2026-06-15,451,371.55,167569.05,D,S,72856,False,False,False,0001193125-26-271380,https://www.sec.gov/Archives/edgar/data/1571996/000119312526271380/0001193125-26-271380.txt
"Silver Lake Partners V DE (AIV), L.P.",,2026-06-11,2026-06-15,868,372.6,323416.8,D,S,71988,False,False,False,0001193125-26-271380,https://www.sec.gov/Archives/edgar/data/1571996/000119312526271380/0001193125-26-271380.txt
"Silver Lake Partners V DE (AIV), L.P.",,2026-06-11,2026-06-15,1612,373.59,602227.08,D,S,70376,False,False,False,0001193125-26-271380,https://www.sec.gov/Archives/edgar/data/1571996/000119312526271380/0001193125-26-271380.txt
"Silver Lake Partners V DE (AIV), L.P.",,2026-06-11,2026-06-15,2260,374.68,846776.8,D,S,68116,False,False,False,0001193125-26-271380,https://www.sec.gov/Archives/edgar/data/1571996/000119312526271380/0001193125-26-271380.txt
"Silver Lake Partners V DE (AIV), L.P.",,2026-06-11,2026-06-15,1296,375.6,486777.6,D,S,66819,False,False,False,0001193125-26-271380,https://www.sec.gov/Archives/edgar/data/1571996/000119312526271380/0001193125-26-271380.txt
"Silver Lake Partners V DE (AIV), L.P.",,2026-06-11,2026-06-15,2279,376.66,858408.14,D,S,64540,False,False,False,0001193125-26-271380,https://www.sec.gov/Archives/edgar/data/1571996/000119312526271380/0001193125-26-271380.txt
"Silver Lake Partners V DE (AIV), L.P.",,2026-06-11,2026-06-15,2802,377.76,1058483.52,D,S,61738,False,False,False,0001193125-26-271380,https://www.sec.gov/Archives/edgar/data/1571996/000119312526271380/0001193125-26-271380.txt
"Silver Lake Partners V DE (AIV), L.P.",,2026-06-11,2026-06-15,4114,378.66,1557807.24,D,S,57624,False,False,False,0001193125-26-271380,https://www.sec.gov/Archives/edgar/data/1571996/000119312526271380/0001193125-26-271380.txt
"Silver Lake Partners V DE (AIV), L.P.",,2026-06-11,2026-06-15,2674,379.69,1015291.06,D,S,54950,False,False,False,0001193125-26-271380,https://www.sec.gov/Archives/edgar/data/1571996/000119312526271380/0001193125-26-271380.txt
"Silver Lake Partners V DE (AIV), L.P.",,2026-06-11,2026-06-15,1908,380.6,726184.8,D,S,53042,False,False,False,0001193125-26-271380,https://www.sec.gov/Archives/edgar/data/1571996/000119312526271380/0001193125-26-271380.txt
"Silver Lake Partners V DE (AIV), L.P.",,2026-06-11,2026-06-15,619,381.53,236167.07,D,S,52424,False,False,False,0001193125-26-271380,https://www.sec.gov/Archives/edgar/data/1571996/000119312526271380/0001193125-26-271380.txt
"Silver Lake Partners V DE (AIV), L.P.",,2026-06-11,2026-06-15,562,382.83,215150.46,D,S,51861,False,False,False,0001193125-26-271380,https://www.sec.gov/Archives/edgar/data/1571996/000119312526271380/0001193125-26-271380.txt
"Silver Lake Partners V DE (AIV), L.P.",,2026-06-11,2026-06-15,1041,383.91,399650.31,D,S,50820,False,False,False,0001193125-26-271380,https://www.sec.gov/Archives/edgar/data/1571996/000119312526271380/0001193125-26-271380.txt
"Silver Lake Partners V DE (AIV), L.P.",,2026-06-11,2026-06-15,2068,384.78,795725.04,D,S,48752,False,False,False,0001193125-26-271380,https://www.sec.gov/Archives/edgar/data/1571996/000119312526271380/0001193125-26-271380.txt
"Silver Lake Partners V DE (AIV), L.P.",,2026-06-11,2026-06-15,605,385.87,233451.35,D,S,48147,False,False,False,0001193125-26-271380,https://www.sec.gov/Archives/edgar/data/1571996/000119312526271380/0001193125-26-271380.txt
"Silver Lake Partners V DE (AIV), L.P.",,2026-06-11,2026-06-15,1454,386.77,562363.58,D,S,46693,False,False,False,0001193125-26-271380,https://www.sec.gov/Archives/edgar/data/1571996/000119312526271380/0001193125-26-271380.txt
"Silver Lake Partners V DE (AIV), L.P.",,2026-06-11,2026-06-15,644,387.78,249730.32,D,S,46049,False,False,False,0001193125-26-271380,https://www.sec.gov/Archives/edgar/data/1571996/000119312526271380/0001193125-26-271380.txt
"Silver Lake Partners V DE (AIV), L.P.",,2026-06-11,2026-06-15,1119,388.94,435223.86,D,S,44930,False,False,False,0001193125-26-271380,https://www.sec.gov/Archives/edgar/data/1571996/000119312526271380/0001193125-26-271380.txt
"Silver Lake Partners V DE (AIV), L.P.",,2026-06-11,2026-06-15,1599,390.03,623657.97,D,S,43332,False,False,False,0001193125-26-271380,https://www.sec.gov/Archives/edgar/data/1571996/000119312526271380/0001193125-26-271380.txt
"Silver Lake Partners V DE (AIV), L.P.",,2026-06-11,2026-06-15,1042,390.92,407338.64,D,S,42290,False,False,False,0001193125-26-271380,https://www.sec.gov/Archives/edgar/data/1571996/000119312526271380/0001193125-26-271380.txt
"Silver Lake Partners IV, L.P.",,2026-06-11,2026-06-15,82191,0.0,0.0,A,M,119783,False,False,False,0001193125-26-271360,https://www.sec.gov/Archives/edgar/data/1571996/000119312526271360/0001193125-26-271360.txt
"Silver Lake Partners IV, L.P.",,2026-06-11,2026-06-15,1439,370.4,533005.6,D,S,118344,False,False,False,0001193125-26-271360,https://www.sec.gov/Archives/edgar/data/1571996/000119312526271360/0001193125-26-271360.txt
"Silver Lake Partners IV, L.P.",,2026-06-11,2026-06-15,887,371.55,329564.85,D,S,117457,False,False,False,0001193125-26-271360,https://www.sec.gov/Archives/edgar/data/1571996/000119312526271360/0001193125-26-271360.txt
"Silver Lake Partners IV, L.P.",,2026-06-11,2026-06-15,1706,372.6,635655.6,D,S,115751,False,False,False,0001193125-26-271360,https://www.sec.gov/Archives/edgar/data/1571996/000119312526271360/0001193125-26-271360.txt
"Silver Lake Partners IV, L.P.",,2026-06-11,2026-06-15,3168,373.59,1183533.12,D,S,112583,False,False,False,0001193125-26-271360,https://www.sec.gov/Archives/edgar/data/1571996/000119312526271360/0001193125-26-271360.txt
"Silver Lake Partners IV, L.P.",,2026-06-11,2026-06-15,4442,374.68,1664328.56,D,S,108141,False,False,False,0001193125-26-271360,https://www.sec.gov/Archives/edgar/data/1571996/000119312526271360/0001193125-26-271360.txt
"Silver Lake Partners IV, L.P.",,2026-06-11,2026-06-15,2548,375.6,957028.8,D,S,105593,False,False,False,0001193125-26-271360,https://www.sec.gov/Archives/edgar/data/1571996/000119312526271360/0001193125-26-271360.txt
"Silver Lake Partners IV, L.P.",,2026-06-11,2026-06-15,4480,376.66,1687436.8,D,S,101113,False,False,False,0001193125-26-271360,https://www.sec.gov/Archives/edgar/data/1571996/000119312526271360/0001193125-26-271360.txt
"Silver Lake Partners IV, L.P.",,2026-06-11,2026-06-15,5508,377.76,2080702.08,D,S,95605,False,False,False,0001193125-26-271360,https://www.sec.gov/Archives/edgar/data/1571996/000119312526271360/0001193125-26-271360.txt
"Silver Lake Partners IV, L.P.",,2026-06-11,2026-06-15,8086,378.66,3061844.76,D,S,87519,False,False,False,0001193125-26-271360,https://www.sec.gov/Archives/edgar/data/1571996/000119312526271360/0001193125-26-271360.txt
"Silver Lake Partners IV, L.P.",,2026-06-11,2026-06-15,5255,379.69,1995270.95,D,S,82264,False,False,False,0001193125-26-271360,https://www.sec.gov/Archives/edgar/data/1571996/000119312526271360/0001193125-26-271360.txt
"Silver Lake Partners IV, L.P.",,2026-06-11,2026-06-15,3750,380.6,1427250.0,D,S,78514,False,False,False,0001193125-26-271360,https://www.sec.gov/Archives/edgar/data/1571996/000119312526271360/0001193125-26-271360.txt
"Silver Lake Partners IV, L.P.",,2026-06-11,2026-06-15,1216,381.53,463940.48,D,S,77298,False,False,False,0001193125-26-271360,https://www.sec.gov/Archives/edgar/data/1571996/000119312526271360/0001193125-26-271360.txt
"Silver Lake Partners IV, L.P.",,2026-06-11,2026-06-15,1105,382.83,423027.15,D,S,76192,False,False,False,0001193125-26-271360,https://www.sec.gov/Archives/edgar/data/1571996/000119312526271360/0001193125-26-271360.txt
"Silver Lake Partners IV, L.P.",,2026-06-11,2026-06-15,2046,383.91,785479.86,D,S,74146,False,False,False,0001193125-26-271360,https://www.sec.gov/Archives/edgar/data/1571996/000119312526271360/0001193125-26-271360.txt
"Silver Lake Partners IV, L.P.",,2026-06-11,2026-06-15,4065,384.78,1564130.7,D,S,70081,False,False,False,0001193125-26-271360,https://www.sec.gov/Archives/edgar/data/1571996/000119312526271360/0001193125-26-271360.txt
"Silver Lake Partners IV, L.P.",,2026-06-11,2026-06-15,1189,385.87,458799.43,D,S,68893,False,False,False,0001193125-26-271360,https://www.sec.gov/Archives/edgar/data/1571996/000119312526271360/0001193125-26-271360.txt
"Silver Lake Partners IV, L.P.",,2026-06-11,2026-06-15,2858,386.77,1105388.66,D,S,66035,False,False,False,0001193125-26-271360,https://www.sec.gov/Archives/edgar/data/1571996/000119312526271360/0001193125-26-271360.txt
"Silver Lake Partners IV, L.P.",,2026-06-11,2026-06-15,1266,387.78,490929.48,D,S,64769,False,False,False,0001193125-26-271360,https://www.sec.gov/Archives/edgar/data/1571996/000119312526271360/0001193125-26-271360.txt
"Silver Lake Partners IV, L.P.",,2026-06-11,2026-06-15,2199,388.94,855279.06,D,S,62570,False,False,False,0001193125-26-271360,https://www.sec.gov/Archives/edgar/data/1571996/000119312526271360/0001193125-26-271360.txt
"Silver Lake Partners IV, L.P.",,2026-06-11,2026-06-15,3142,390.03,1225474.26,D,S,59428,False,False,False,0001193125-26-271360,https://www.sec.gov/Archives/edgar/data/1571996/000119312526271360/0001193125-26-271360.txt
"Silver Lake Partners IV, L.P.",,2026-06-11,2026-06-15,2048,390.92,800604.16,D,S,57380,False,False,False,0001193125-26-271360,https://www.sec.gov/Archives/edgar/data/1571996/000119312526271360/0001193125-26-271360.txt
"SL SPV-2, L.P.",,2026-06-11,2026-06-15,80065,0.0,0.0,A,M,129434,False,False,False,0001193125-26-271353,https://www.sec.gov/Archives/edgar/data/1571996/000119312526271353/0001193125-26-271353.txt
"SL SPV-2, L.P.",,2026-06-11,2026-06-15,1247,370.4,461888.8,D,S,128187,False,False,False,0001193125-26-271353,https://www.sec.gov/Archives/edgar/data/1571996/000119312526271353/0001193125-26-271353.txt
"SL SPV-2, L.P.",,2026-06-11,2026-06-15,769,371.55,285721.95,D,S,127418,False,False,False,0001193125-26-271353,https://www.sec.gov/Archives/edgar/data/1571996/000119312526271353/0001193125-26-271353.txt
"SL SPV-2, L.P.",,2026-06-11,2026-06-15,1479,372.6,551075.4,D,S,125939,False,False,False,0001193125-26-271353,https://www.sec.gov/Archives/edgar/data/1571996/000119312526271353/0001193125-26-271353.txt
"SL SPV-2, L.P.",,2026-06-11,2026-06-15,2746,373.59,1025878.14,D,S,123193,False,False,False,0001193125-26-271353,https://www.sec.gov/Archives/edgar/data/1571996/000119312526271353/0001193125-26-271353.txt
"SL SPV-2, L.P.",,2026-06-11,2026-06-15,3851,374.68,1442892.68,D,S,119342,False,False,False,0001193125-26-271353,https://www.sec.gov/Archives/edgar/data/1571996/000119312526271353/0001193125-26-271353.txt
"SL SPV-2, L.P.",,2026-06-11,2026-06-15,2208,375.6,829324.8,D,S,117134,False,False,False,0001193125-26-271353,https://www.sec.gov/Archives/edgar/data/1571996/000119312526271353/0001193125-26-271353.txt
"SL SPV-2, L.P.",,2026-06-11,2026-06-15,3883,376.66,1462570.78,D,S,113250,False,False,False,0001193125-26-271353,https://www.sec.gov/Archives/edgar/data/1571996/000119312526271353/0001193125-26-271353.txt
"SL SPV-2, L.P.",,2026-06-11,2026-06-15,4775,377.76,1803804.0,D,S,108476,False,False,False,0001193125-26-271353,https://www.sec.gov/Archives/edgar/data/1571996/000119312526271353/0001193125-26-271353.txt
"SL SPV-2, L.P.",,2026-06-11,2026-06-15,7009,378.66,2654027.94,D,S,101466,False,False,False,0001193125-26-271353,https://www.sec.gov/Archives/edgar/data/1571996/000119312526271353/0001193125-26-271353.txt
"SL SPV-2, L.P.",,2026-06-11,2026-06-15,4555,379.69,1729487.95,D,S,96911,False,False,False,0001193125-26-271353,https://www.sec.gov/Archives/edgar/data/1571996/000119312526271353/0001193125-26-271353.txt
"SL SPV-2, L.P.",,2026-06-11,2026-06-15,3251,380.6,1237330.6,D,S,93660,False,False,False,0001193125-26-271353,https://www.sec.gov/Archives/edgar/data/1571996/000119312526271353/0001193125-26-271353.txt
"SL SPV-2, L.P.",,2026-06-11,2026-06-15,1054,381.53,402132.62,D,S,92606,False,False,False,0001193125-26-271353,https://www.sec.gov/Archives/edgar/data/1571996/000119312526271353/0001193125-26-271353.txt
"SL SPV-2, L.P.",,2026-06-11,2026-06-15,958,382.83,366751.14,D,S,91648,False,False,False,0001193125-26-271353,https://www.sec.gov/Archives/edgar/data/1571996/000119312526271353/0001193125-26-271353.txt
"SL SPV-2, L.P.",,2026-06-11,2026-06-15,1774,383.91,681056.34,D,S,89874,False,False,False,0001193125-26-271353,https://www.sec.gov/Archives/edgar/data/1571996/000119312526271353/0001193125-26-271353.txt
"SL SPV-2, L.P.",,2026-06-11,2026-06-15,3524,384.78,1355964.72,D,S,86351,False,False,False,0001193125-26-271353,https://www.sec.gov/Archives/edgar/data/1571996/000119312526271353/0001193125-26-271353.txt
"SL SPV-2, L.P.",,2026-06-11,2026-06-15,1030,385.87,397446.1,D,S,85320,False,False,False,0001193125-26-271353,https://www.sec.gov/Archives/edgar/data/1571996/000119312526271353/0001193125-26-271353.txt
"SL SPV-2, L.P.",,2026-06-11,2026-06-15,2477,386.77,958029.29,D,S,82843,False,False,False,0001193125-26-271353,https://www.sec.gov/Archives/edgar/data/1571996/000119312526271353/0001193125-26-271353.txt
"SL SPV-2, L.P.",,2026-06-11,2026-06-15,1098,387.78,425782.44,D,S,81746,False,False,False,0001193125-26-271353,https://www.sec.gov/Archives/edgar/data/1571996/000119312526271353/0001193125-26-271353.txt
"SL SPV-2, L.P.",,2026-06-11,2026-06-15,1906,388.94,741319.64,D,S,79840,False,False,False,0001193125-26-271353,https://www.sec.gov/Archives/edgar/data/1571996/000119312526271353/0001193125-26-271353.txt
"SL SPV-2, L.P.",,2026-06-11,2026-06-15,2724,390.03,1062441.72,D,S,77116,False,False,False,0001193125-26-271353,https://www.sec.gov/Archives/edgar/data/1571996/000119312526271353/0001193125-26-271353.txt
"SL SPV-2, L.P.",,2026-06-11,2026-06-15,1775,390.92,693883.0,D,S,75341,False,False,False,0001193125-26-271353,https://www.sec.gov/Archives/edgar/data/1571996/000119312526271353/0001193125-26-271353.txt
"Silver Lake Technology Investors V, L.P.",,2026-06-10,2026-06-12,25,391.03,9775.75,D,S,385,False,False,False,0001193125-26-269850,https://www.sec.gov/Archives/edgar/data/1571996/000119312526269850/0001193125-26-269850.txt
"Silver Lake Technology Investors V, L.P.",,2026-06-10,2026-06-12,31,391.85,12147.35,D,S,354,False,False,False,0001193125-26-269850,https://www.sec.gov/Archives/edgar/data/1571996/000119312526269850/0001193125-26-269850.txt
"Silver Lake Technology Investors V, L.P.",,2026-06-10,2026-06-12,44,393.15,17298.6,D,S,311,False,False,False,0001193125-26-269850,https://www.sec.gov/Archives/edgar/data/1571996/000119312526269850/0001193125-26-269850.txt
"Silver Lake Technology Investors V, L.P.",,2026-06-10,2026-06-12,76,394.12,29953.12,D,S,235,False,False,False,0001193125-26-269850,https://www.sec.gov/Archives/edgar/data/1571996/000119312526269850/0001193125-26-269850.txt
"Silver Lake Technology Investors V, L.P.",,2026-06-10,2026-06-12,74,395.0,29230.0,D,S,161,False,False,False,0001193125-26-269850,https://www.sec.gov/Archives/edgar/data/1571996/000119312526269850/0001193125-26-269850.txt
"Silver Lake Technology Investors V, L.P.",,2026-06-10,2026-06-12,65,396.09,25745.85,D,S,97,False,False,False,0001193125-26-269850,https://www.sec.gov/Archives/edgar/data/1571996/000119312526269850/0001193125-26-269850.txt
"Silver Lake Technology Investors V, L.P.",,2026-06-10,2026-06-12,35,397.11,13898.85,D,S,62,False,False,False,0001193125-26-269850,https://www.sec.gov/Archives/edgar/data/1571996/000119312526269850/0001193125-26-269850.txt
"Silver Lake Technology Investors V, L.P.",,2026-06-10,2026-06-12,54,398.07,21495.78,D,S,8,False,False,False,0001193125-26-269850,https://www.sec.gov/Archives/edgar/data/1571996/000119312526269850/0001193125-26-269850.txt
"Silver Lake Technology Investors V, L.P.",,2026-06-10,2026-06-12,8,398.73,3189.84,D,S,0,False,False,False,0001193125-26-269850,https://www.sec.gov/Archives/edgar/data/1571996/000119312526269850/0001193125-26-269850.txt
"Silver Lake Technology Investors V, L.P.",,2026-06-10,2026-06-12,1036,0.0,0.0,A,M,1036,False,False,False,0001193125-26-269839,https://www.sec.gov/Archives/edgar/data/1571996/000119312526269839/0001193125-26-269839.txt
"Silver Lake Technology Investors V, L.P.",,2026-06-10,2026-06-12,28,371.39,10398.92,D,S,1008,False,False,False,0001193125-26-269839,https://www.sec.gov/Archives/edgar/data/1571996/000119312526269839/0001193125-26-269839.txt
"Silver Lake Technology Investors V, L.P.",,2026-06-10,2026-06-12,49,372.5,18252.5,D,S,958,False,False,False,0001193125-26-269839,https://www.sec.gov/Archives/edgar/data/1571996/000119312526269839/0001193125-26-269839.txt
"Silver Lake Technology Investors V, L.P.",,2026-06-10,2026-06-12,26,373.38,9707.88,D,S,933,False,False,False,0001193125-26-269839,https://www.sec.gov/Archives/edgar/data/1571996/000119312526269839/0001193125-26-269839.txt
"Silver Lake Technology Investors V, L.P.",,2026-06-10,2026-06-12,14,374.26,5239.64,D,S,919,False,False,False,0001193125-26-269839,https://www.sec.gov/Archives/edgar/data/1571996/000119312526269839/0001193125-26-269839.txt
"Silver Lake Technology Investors V, L.P.",,2026-06-10,2026-06-12,32,375.51,12016.32,D,S,887,False,False,False,0001193125-26-269839,https://www.sec.gov/Archives/edgar/data/1571996/000119312526269839/0001193125-26-269839.txt
"Silver Lake Technology Investors V, L.P.",,2026-06-10,2026-06-12,24,376.56,9037.44,D,S,864,False,False,False,0001193125-26-269839,https://www.sec.gov/Archives/edgar/data/1571996/000119312526269839/0001193125-26-269839.txt
"Silver Lake Technology Investors V, L.P.",,2026-06-10,2026-06-12,24,377.63,9063.12,D,S,840,False,False,False,0001193125-26-269839,https://www.sec.gov/Archives/edgar/data/1571996/000119312526269839/0001193125-26-269839.txt
"Silver Lake Technology Investors V, L.P.",,2026-06-10,2026-06-12,51,378.81,19319.31,D,S,789,False,False,False,0001193125-26-269839,https://www.sec.gov/Archives/edgar/data/1571996/000119312526269839/0001193125-26-269839.txt
"Silver Lake Technology Investors V, L.P.",,2026-06-10,2026-06-12,37,379.46,14040.02,D,S,752,False,False,False,0001193125-26-269839,https://www.sec.gov/Archives/edgar/data/1571996/000119312526269839/0001193125-26-269839.txt
"Silver Lake Technology Investors V, L.P.",,2026-06-10,2026-06-12,22,380.5,8371.0,D,S,730,False,False,False,0001193125-26-269839,https://www.sec.gov/Archives/edgar/data/1571996/000119312526269839/0001193125-26-269839.txt
"Silver Lake Technology Investors V, L.P.",,2026-06-10,2026-06-12,46,381.8,17562.8,D,S,684,False,False,False,0001193125-26-269839,https://www.sec.gov/Archives/edgar/data/1571996/000119312526269839/0001193125-26-269839.txt
"Silver Lake Technology Investors V, L.P.",,2026-06-10,2026-06-12,37,382.82,14164.34,D,S,647,False,False,False,0001193125-26-269839,https://www.sec.gov/Archives/edgar/data/1571996/000119312526269839/0001193125-26-269839.txt
"Silver Lake Technology Investors V, L.P.",,2026-06-10,2026-06-12,56,383.73,21488.88,D,S,591,False,False,False,0001193125-26-269839,https://www.sec.gov/Archives/edgar/data/1571996/000119312526269839/0001193125-26-269839.txt
"Silver Lake Technology Investors V, L.P.",,2026-06-10,2026-06-12,68,384.71,26160.28,D,S,524,False,False,False,0001193125-26-269839,https://www.sec.gov/Archives/edgar/data/1571996/000119312526269839/0001193125-26-269839.txt
"Silver Lake Technology Investors V, L.P.",,2026-06-10,2026-06-12,56,385.57,21591.92,D,S,467,False,False,False,0001193125-26-269839,https://www.sec.gov/Archives/edgar/data/1571996/000119312526269839/0001193125-26-269839.txt
"Silver Lake Technology Investors V, L.P.",,2026-06-10,2026-06-12,17,386.65,6573.05,D,S,450,False,False,False,0001193125-26-269839,https://www.sec.gov/Archives/edgar/data/1571996/000119312526269839/0001193125-26-269839.txt
"Silver Lake Technology Investors V, L.P.",,2026-06-10,2026-06-12,2,387.35,774.7,D,S,448,False,False,False,0001193125-26-269839,https://www.sec.gov/Archives/edgar/data/1571996/000119312526269839/0001193125-26-269839.txt
"Silver Lake Technology Investors V, L.P.",,2026-06-10,2026-06-12,23,388.61,8938.03,D,S,425,False,False,False,0001193125-26-269839,https://www.sec.gov/Archives/edgar/data/1571996/000119312526269839/0001193125-26-269839.txt
"Silver Lake Technology Investors V, L.P.",,2026-06-10,2026-06-12,15,390.02,5850.3,D,S,410,False,False,False,0001193125-26-269839,https://www.sec.gov/Archives/edgar/data/1571996/000119312526269839/0001193125-26-269839.txt
"Silver Lake Technology Investors IV, L.P.",,2026-06-10,2026-06-12,56,391.03,21897.68,D,S,854,False,False,False,0001193125-26-269843,https://www.sec.gov/Archives/edgar/data/1571996/000119312526269843/0001193125-26-269843.txt
"Silver Lake Technology Investors IV, L.P.",,2026-06-10,2026-06-12,69,391.85,27037.65,D,S,786,False,False,False,0001193125-26-269843,https://www.sec.gov/Archives/edgar/data/1571996/000119312526269843/0001193125-26-269843.txt
"Silver Lake Technology Investors IV, L.P.",,2026-06-10,2026-06-12,97,393.15,38135.55,D,S,689,False,False,False,0001193125-26-269843,https://www.sec.gov/Archives/edgar/data/1571996/000119312526269843/0001193125-26-269843.txt
"Silver Lake Technology Investors IV, L.P.",,2026-06-10,2026-06-12,168,394.12,66212.16,D,S,521,False,False,False,0001193125-26-269843,https://www.sec.gov/Archives/edgar/data/1571996/000119312526269843/0001193125-26-269843.txt
"Silver Lake Technology Investors IV, L.P.",,2026-06-10,2026-06-12,164,395.0,64780.0,D,S,358,False,False,False,0001193125-26-269843,https://www.sec.gov/Archives/edgar/data/1571996/000119312526269843/0001193125-26-269843.txt
"Silver Lake Technology Investors IV, L.P.",,2026-06-10,2026-06-12,143,396.09,56640.87,D,S,214,False,False,False,0001193125-26-269843,https://www.sec.gov/Archives/edgar/data/1571996/000119312526269843/0001193125-26-269843.txt
"Silver Lake Technology Investors IV, L.P.",,2026-06-10,2026-06-12,78,397.11,30974.58,D,S,137,False,False,False,0001193125-26-269843,https://www.sec.gov/Archives/edgar/data/1571996/000119312526269843/0001193125-26-269843.txt
"Silver Lake Technology Investors IV, L.P.",,2026-06-10,2026-06-12,119,398.07,47370.33,D,S,17,False,False,False,0001193125-26-269843,https://www.sec.gov/Archives/edgar/data/1571996/000119312526269843/0001193125-26-269843.txt
"Silver Lake Technology Investors IV, L.P.",,2026-06-10,2026-06-12,17,398.73,6778.41,D,S,0,False,False,False,0001193125-26-269843,https://www.sec.gov/Archives/edgar/data/1571996/000119312526269843/0001193125-26-269843.txt
"Silver Lake Technology Investors IV, L.P.",,2026-06-10,2026-06-12,2298,0.0,0.0,A,M,2298,False,False,False,0001193125-26-269842,https://www.sec.gov/Archives/edgar/data/1571996/000119312526269842/0001193125-26-269842.txt
"Silver Lake Technology Investors IV, L.P.",,2026-06-10,2026-06-12,63,371.39,23397.57,D,S,2235,False,False,False,0001193125-26-269842,https://www.sec.gov/Archives/edgar/data/1571996/000119312526269842/0001193125-26-269842.txt
"Silver Lake Technology Investors IV, L.P.",,2026-06-10,2026-06-12,109,372.5,40602.5,D,S,2126,False,False,False,0001193125-26-269842,https://www.sec.gov/Archives/edgar/data/1571996/000119312526269842/0001193125-26-269842.txt
"Silver Lake Technology Investors IV, L.P.",,2026-06-10,2026-06-12,57,373.38,21282.66,D,S,2069,False,False,False,0001193125-26-269842,https://www.sec.gov/Archives/edgar/data/1571996/000119312526269842/0001193125-26-269842.txt
"Silver Lake Technology Investors IV, L.P.",,2026-06-10,2026-06-12,30,374.26,11227.8,D,S,2039,False,False,False,0001193125-26-269842,https://www.sec.gov/Archives/edgar/data/1571996/000119312526269842/0001193125-26-269842.txt
"Silver Lake Technology Investors IV, L.P.",,2026-06-10,2026-06-12,70,375.51,26285.7,D,S,1968,False,False,False,0001193125-26-269842,https://www.sec.gov/Archives/edgar/data/1571996/000119312526269842/0001193125-26-269842.txt
"Silver Lake Technology Investors IV, L.P.",,2026-06-10,2026-06-12,53,376.56,19957.68,D,S,1916,False,False,False,0001193125-26-269842,https://www.sec.gov/Archives/edgar/data/1571996/000119312526269842/0001193125-26-269842.txt
"Silver Lake Technology Investors IV, L.P.",,2026-06-10,2026-06-12,54,377.63,20392.02,D,S,1862,False,False,False,0001193125-26-269842,https://www.sec.gov/Archives/edgar/data/1571996/000119312526269842/0001193125-26-269842.txt
"Silver Lake Technology Investors IV, L.P.",,2026-06-10,2026-06-12,112,378.81,42426.72,D,S,1750,False,False,False,0001193125-26-269842,https://www.sec.gov/Archives/edgar/data/1571996/000119312526269842/0001193125-26-269842.txt
"Silver Lake Technology Investors IV, L.P.",,2026-06-10,2026-06-12,83,379.46,31495.18,D,S,1667,False,False,False,0001193125-26-269842,https://www.sec.gov/Archives/edgar/data/1571996/000119312526269842/0001193125-26-269842.txt
"Silver Lake Technology Investors IV, L.P.",,2026-06-10,2026-06-12,48,380.5,18264.0,D,S,1619,False,False,False,0001193125-26-269842,https://www.sec.gov/Archives/edgar/data/1571996/000119312526269842/0001193125-26-269842.txt
"Silver Lake Technology Investors IV, L.P.",,2026-06-10,2026-06-12,102,381.8,38943.6,D,S,1518,False,False,False,0001193125-26-269842,https://www.sec.gov/Archives/edgar/data/1571996/000119312526269842/0001193125-26-269842.txt
"Silver Lake Technology Investors IV, L.P.",,2026-06-10,2026-06-12,82,382.82,31391.24,D,S,1436,False,False,False,0001193125-26-269842,https://www.sec.gov/Archives/edgar/data/1571996/000119312526269842/0001193125-26-269842.txt
"Silver Lake Technology Investors IV, L.P.",,2026-06-10,2026-06-12,125,383.73,47966.25,D,S,1311,False,False,False,0001193125-26-269842,https://www.sec.gov/Archives/edgar/data/1571996/000119312526269842/0001193125-26-269842.txt
"Silver Lake Technology Investors IV, L.P.",,2026-06-10,2026-06-12,150,384.71,57706.5,D,S,1161,False,False,False,0001193125-26-269842,https://www.sec.gov/Archives/edgar/data/1571996/000119312526269842/0001193125-26-269842.txt
"Silver Lake Technology Investors IV, L.P.",,2026-06-10,2026-06-12,125,385.57,48196.25,D,S,1036,False,False,False,0001193125-26-269842,https://www.sec.gov/Archives/edgar/data/1571996/000119312526269842/0001193125-26-269842.txt
"Silver Lake Technology Investors IV, L.P.",,2026-06-10,2026-06-12,38,386.65,14692.7,D,S,999,False,False,False,0001193125-26-269842,https://www.sec.gov/Archives/edgar/data/1571996/000119312526269842/0001193125-26-269842.txt
"Silver Lake Technology Investors IV, L.P.",,2026-06-10,2026-06-12,5,387.35,1936.75,D,S,994,False,False,False,0001193125-26-269842,https://www.sec.gov/Archives/edgar/data/1571996/000119312526269842/0001193125-26-269842.txt
"Silver Lake Technology Investors IV, L.P.",,2026-06-10,2026-06-12,50,388.61,19430.5,D,S,944,False,False,False,0001193125-26-269842,https://www.sec.gov/Archives/edgar/data/1571996/000119312526269842/0001193125-26-269842.txt
"Silver Lake Technology Investors IV, L.P.",,2026-06-10,2026-06-12,34,390.02,13260.68,D,S,910,False,False,False,0001193125-26-269842,https://www.sec.gov/Archives/edgar/data/1571996/000119312526269842/0001193125-26-269842.txt
"Silver Lake Partners V DE (AIV), L.P.",,2026-06-10,2026-06-12,1460,391.03,570903.8,D,S,51964,False,False,False,0001193125-26-269801,https://www.sec.gov/Archives/edgar/data/1571996/000119312526269801/0001193125-26-269801.txt
"Silver Lake Partners V DE (AIV), L.P.",,2026-06-10,2026-06-12,1799,391.85,704938.15,D,S,50166,False,False,False,0001193125-26-269801,https://www.sec.gov/Archives/edgar/data/1571996/000119312526269801/0001193125-26-269801.txt
"Silver Lake Partners V DE (AIV), L.P.",,2026-06-10,2026-06-12,2533,393.15,995848.95,D,S,47633,False,False,False,0001193125-26-269801,https://www.sec.gov/Archives/edgar/data/1571996/000119312526269801/0001193125-26-269801.txt
"Silver Lake Partners V DE (AIV), L.P.",,2026-06-10,2026-06-12,4402,394.12,1734916.24,D,S,43231,False,False,False,0001193125-26-269801,https://www.sec.gov/Archives/edgar/data/1571996/000119312526269801/0001193125-26-269801.txt
"Silver Lake Partners V DE (AIV), L.P.",,2026-06-10,2026-06-12,4297,395.0,1697315.0,D,S,38933,False,False,False,0001193125-26-269801,https://www.sec.gov/Archives/edgar/data/1571996/000119312526269801/0001193125-26-269801.txt
"Silver Lake Partners V DE (AIV), L.P.",,2026-06-10,2026-06-12,3756,396.09,1487714.04,D,S,35177,False,False,False,0001193125-26-269801,https://www.sec.gov/Archives/edgar/data/1571996/000119312526269801/0001193125-26-269801.txt
"Silver Lake Partners V DE (AIV), L.P.",,2026-06-10,2026-06-12,2042,397.11,810898.62,D,S,33135,False,False,False,0001193125-26-269801,https://www.sec.gov/Archives/edgar/data/1571996/000119312526269801/0001193125-26-269801.txt
"Silver Lake Partners V DE (AIV), L.P.",,2026-06-10,2026-06-12,3131,398.07,1246357.17,D,S,30004,False,False,False,0001193125-26-269801,https://www.sec.gov/Archives/edgar/data/1571996/000119312526269801/0001193125-26-269801.txt
"Silver Lake Partners V DE (AIV), L.P.",,2026-06-10,2026-06-12,456,398.73,181820.88,D,S,29548,False,False,False,0001193125-26-269801,https://www.sec.gov/Archives/edgar/data/1571996/000119312526269801/0001193125-26-269801.txt
"Silver Lake Partners V DE (AIV), L.P.",,2026-06-10,2026-06-12,84538,0.0,0.0,A,M,89860,False,False,False,0001193125-26-269797,https://www.sec.gov/Archives/edgar/data/1571996/000119312526269797/0001193125-26-269797.txt
"Silver Lake Partners V DE (AIV), L.P.",,2026-06-10,2026-06-12,1658,371.39,615764.62,D,S,88202,False,False,False,0001193125-26-269797,https://www.sec.gov/Archives/edgar/data/1571996/000119312526269797/0001193125-26-269797.txt
"Silver Lake Partners V DE (AIV), L.P.",,2026-06-10,2026-06-12,2865,372.5,1067212.5,D,S,85336,False,False,False,0001193125-26-269797,https://www.sec.gov/Archives/edgar/data/1571996/000119312526269797/0001193125-26-269797.txt
"Silver Lake Partners V DE (AIV), L.P.",,2026-06-10,2026-06-12,1489,373.38,555962.82,D,S,83848,False,False,False,0001193125-26-269797,https://www.sec.gov/Archives/edgar/data/1571996/000119312526269797/0001193125-26-269797.txt
"Silver Lake Partners V DE (AIV), L.P.",,2026-06-10,2026-06-12,795,374.26,297536.7,D,S,83052,False,False,False,0001193125-26-269797,https://www.sec.gov/Archives/edgar/data/1571996/000119312526269797/0001193125-26-269797.txt
"Silver Lake Partners V DE (AIV), L.P.",,2026-06-10,2026-06-12,1842,375.51,691689.42,D,S,81210,False,False,False,0001193125-26-269797,https://www.sec.gov/Archives/edgar/data/1571996/000119312526269797/0001193125-26-269797.txt
"Silver Lake Partners V DE (AIV), L.P.",,2026-06-10,2026-06-12,1380,376.56,519652.8,D,S,79830,False,False,False,0001193125-26-269797,https://www.sec.gov/Archives/edgar/data/1571996/000119312526269797/0001193125-26-269797.txt
"Silver Lake Partners V DE (AIV), L.P.",,2026-06-10,2026-06-12,1406,377.63,530947.78,D,S,78424,False,False,False,0001193125-26-269797,https://www.sec.gov/Archives/edgar/data/1571996/000119312526269797/0001193125-26-269797.txt
"Silver Lake Partners V DE (AIV), L.P.",,2026-06-10,2026-06-12,2949,378.81,1117110.69,D,S,75476,False,False,False,0001193125-26-269797,https://www.sec.gov/Archives/edgar/data/1571996/000119312526269797/0001193125-26-269797.txt
"Silver Lake Partners V DE (AIV), L.P.",,2026-06-10,2026-06-12,2166,379.46,821910.36,D,S,73310,False,False,False,0001193125-26-269797,https://www.sec.gov/Archives/edgar/data/1571996/000119312526269797/0001193125-26-269797.txt
"Silver Lake Partners V DE (AIV), L.P.",,2026-06-10,2026-06-12,1259,380.5,479049.5,D,S,72051,False,False,False,0001193125-26-269797,https://www.sec.gov/Archives/edgar/data/1571996/000119312526269797/0001193125-26-269797.txt
"Silver Lake Partners V DE (AIV), L.P.",,2026-06-10,2026-06-12,2675,381.8,1021315.0,D,S,69376,False,False,False,0001193125-26-269797,https://www.sec.gov/Archives/edgar/data/1571996/000119312526269797/0001193125-26-269797.txt
"Silver Lake Partners V DE (AIV), L.P.",,2026-06-10,2026-06-12,2141,382.82,819617.62,D,S,67235,False,False,False,0001193125-26-269797,https://www.sec.gov/Archives/edgar/data/1571996/000119312526269797/0001193125-26-269797.txt
"Silver Lake Partners V DE (AIV), L.P.",,2026-06-10,2026-06-12,3270,383.73,1254797.1,D,S,63965,False,False,False,0001193125-26-269797,https://www.sec.gov/Archives/edgar/data/1571996/000119312526269797/0001193125-26-269797.txt
"Silver Lake Partners V DE (AIV), L.P.",,2026-06-10,2026-06-12,3934,384.71,1513449.14,D,S,60031,False,False,False,0001193125-26-269797,https://www.sec.gov/Archives/edgar/data/1571996/000119312526269797/0001193125-26-269797.txt
"Silver Lake Partners V DE (AIV), L.P.",,2026-06-10,2026-06-12,3285,385.57,1266597.45,D,S,56746,False,False,False,0001193125-26-269797,https://www.sec.gov/Archives/edgar/data/1571996/000119312526269797/0001193125-26-269797.txt
"Silver Lake Partners V DE (AIV), L.P.",,2026-06-10,2026-06-12,989,386.65,382396.85,D,S,55757,False,False,False,0001193125-26-269797,https://www.sec.gov/Archives/edgar/data/1571996/000119312526269797/0001193125-26-269797.txt
"Silver Lake Partners V DE (AIV), L.P.",,2026-06-10,2026-06-12,132,387.35,51130.2,D,S,55626,False,False,False,0001193125-26-269797,https://www.sec.gov/Archives/edgar/data/1571996/000119312526269797/0001193125-26-269797.txt
"Silver Lake Partners V DE (AIV), L.P.",,2026-06-10,2026-06-12,1312,388.61,509856.32,D,S,54314,False,False,False,0001193125-26-269797,https://www.sec.gov/Archives/edgar/data/1571996/000119312526269797/0001193125-26-269797.txt
"Silver Lake Partners V DE (AIV), L.P.",,2026-06-10,2026-06-12,889,390.02,346727.78,D,S,53425,False,False,False,0001193125-26-269797,https://www.sec.gov/Archives/edgar/data/1571996/000119312526269797/0001193125-26-269797.txt
"Silver Lake Partners IV, L.P.",,2026-06-10,2026-06-12,2871,391.03,1122647.13,D,S,81667,False,False,False,0001193125-26-269791,https://www.sec.gov/Archives/edgar/data/1571996/000119312526269791/0001193125-26-269791.txt
"Silver Lake Partners IV, L.P.",,2026-06-10,2026-06-12,3537,391.85,1385973.45,D,S,78130,False,False,False,0001193125-26-269791,https://www.sec.gov/Archives/edgar/data/1571996/000119312526269791/0001193125-26-269791.txt
"Silver Lake Partners IV, L.P.",,2026-06-10,2026-06-12,4981,393.15,1958280.15,D,S,73150,False,False,False,0001193125-26-269791,https://www.sec.gov/Archives/edgar/data/1571996/000119312526269791/0001193125-26-269791.txt
"Silver Lake Partners IV, L.P.",,2026-06-10,2026-06-12,8655,394.12,3411108.6,D,S,64495,False,False,False,0001193125-26-269791,https://www.sec.gov/Archives/edgar/data/1571996/000119312526269791/0001193125-26-269791.txt
"Silver Lake Partners IV, L.P.",,2026-06-10,2026-06-12,8449,395.0,3337355.0,D,S,56045,False,False,False,0001193125-26-269791,https://www.sec.gov/Archives/edgar/data/1571996/000119312526269791/0001193125-26-269791.txt
"Silver Lake Partners IV, L.P.",,2026-06-10,2026-06-12,7386,396.09,2925520.74,D,S,48660,False,False,False,0001193125-26-269791,https://www.sec.gov/Archives/edgar/data/1571996/000119312526269791/0001193125-26-269791.txt
"Silver Lake Partners IV, L.P.",,2026-06-10,2026-06-12,4014,397.11,1593999.54,D,S,44645,False,False,False,0001193125-26-269791,https://www.sec.gov/Archives/edgar/data/1571996/000119312526269791/0001193125-26-269791.txt
"Silver Lake Partners IV, L.P.",,2026-06-10,2026-06-12,6157,398.07,2450916.99,D,S,38488,False,False,False,0001193125-26-269791,https://www.sec.gov/Archives/edgar/data/1571996/000119312526269791/0001193125-26-269791.txt
"Silver Lake Partners IV, L.P.",,2026-06-10,2026-06-12,896,398.73,357262.08,D,S,37592,False,False,False,0001193125-26-269791,https://www.sec.gov/Archives/edgar/data/1571996/000119312526269791/0001193125-26-269791.txt
"Silver Lake Partners IV, L.P.",,2026-06-10,2026-06-12,156177,0.0,0.0,A,M,156177,False,False,False,0001193125-26-269788,https://www.sec.gov/Archives/edgar/data/1571996/000119312526269788/0001193125-26-269788.txt
"Silver Lake Partners IV, L.P.",,2026-06-10,2026-06-12,3261,371.39,1211102.79,D,S,152916,False,False,False,0001193125-26-269788,https://www.sec.gov/Archives/edgar/data/1571996/000119312526269788/0001193125-26-269788.txt
"Silver Lake Partners IV, L.P.",,2026-06-10,2026-06-12,5633,372.5,2098292.5,D,S,147283,False,False,False,0001193125-26-269788,https://www.sec.gov/Archives/edgar/data/1571996/000119312526269788/0001193125-26-269788.txt
"Silver Lake Partners IV, L.P.",,2026-06-10,2026-06-12,2927,373.38,1092883.26,D,S,144356,False,False,False,0001193125-26-269788,https://www.sec.gov/Archives/edgar/data/1571996/000119312526269788/0001193125-26-269788.txt
"Silver Lake Partners IV, L.P.",,2026-06-10,2026-06-12,1564,374.26,585342.64,D,S,142792,False,False,False,0001193125-26-269788,https://www.sec.gov/Archives/edgar/data/1571996/000119312526269788/0001193125-26-269788.txt
"Silver Lake Partners IV, L.P.",,2026-06-10,2026-06-12,3622,375.51,1360097.22,D,S,139169,False,False,False,0001193125-26-269788,https://www.sec.gov/Archives/edgar/data/1571996/000119312526269788/0001193125-26-269788.txt
"Silver Lake Partners IV, L.P.",,2026-06-10,2026-06-12,2713,376.56,1021607.28,D,S,136456,False,False,False,0001193125-26-269788,https://www.sec.gov/Archives/edgar/data/1571996/000119312526269788/0001193125-26-269788.txt
"Silver Lake Partners IV, L.P.",,2026-06-10,2026-06-12,2764,377.63,1043769.32,D,S,133692,False,False,False,0001193125-26-269788,https://www.sec.gov/Archives/edgar/data/1571996/000119312526269788/0001193125-26-269788.txt
"Silver Lake Partners IV, L.P.",,2026-06-10,2026-06-12,5798,378.81,2196340.38,D,S,127895,False,False,False,0001193125-26-269788,https://www.sec.gov/Archives/edgar/data/1571996/000119312526269788/0001193125-26-269788.txt
"Silver Lake Partners IV, L.P.",,2026-06-10,2026-06-12,4258,379.46,1615740.68,D,S,123637,False,False,False,0001193125-26-269788,https://www.sec.gov/Archives/edgar/data/1571996/000119312526269788/0001193125-26-269788.txt
"Silver Lake Partners IV, L.P.",,2026-06-10,2026-06-12,2476,380.5,942118.0,D,S,121161,False,False,False,0001193125-26-269788,https://www.sec.gov/Archives/edgar/data/1571996/000119312526269788/0001193125-26-269788.txt
"Silver Lake Partners IV, L.P.",,2026-06-10,2026-06-12,5259,381.8,2007886.2,D,S,115902,False,False,False,0001193125-26-269788,https://www.sec.gov/Archives/edgar/data/1571996/000119312526269788/0001193125-26-269788.txt
"Silver Lake Partners IV, L.P.",,2026-06-10,2026-06-12,4210,382.82,1611672.2,D,S,111691,False,False,False,0001193125-26-269788,https://www.sec.gov/Archives/edgar/data/1571996/000119312526269788/0001193125-26-269788.txt
"Silver Lake Partners IV, L.P.",,2026-06-10,2026-06-12,6429,383.73,2467000.17,D,S,105263,False,False,False,0001193125-26-269788,https://www.sec.gov/Archives/edgar/data/1571996/000119312526269788/0001193125-26-269788.txt
"Silver Lake Partners IV, L.P.",,2026-06-10,2026-06-12,7735,384.71,2975731.85,D,S,97528,False,False,False,0001193125-26-269788,https://www.sec.gov/Archives/edgar/data/1571996/000119312526269788/0001193125-26-269788.txt
"Silver Lake Partners IV, L.P.",,2026-06-10,2026-06-12,6459,385.57,2490396.63,D,S,91069,False,False,False,0001193125-26-269788,https://www.sec.gov/Archives/edgar/data/1571996/000119312526269788/0001193125-26-269788.txt
"Silver Lake Partners IV, L.P.",,2026-06-10,2026-06-12,1945,386.65,752034.25,D,S,89124,False,False,False,0001193125-26-269788,https://www.sec.gov/Archives/edgar/data/1571996/000119312526269788/0001193125-26-269788.txt
"Silver Lake Partners IV, L.P.",,2026-06-10,2026-06-12,259,387.35,100323.65,D,S,88866,False,False,False,0001193125-26-269788,https://www.sec.gov/Archives/edgar/data/1571996/000119312526269788/0001193125-26-269788.txt
"Silver Lake Partners IV, L.P.",,2026-06-10,2026-06-12,2580,388.61,1002613.8,D,S,86286,False,False,False,0001193125-26-269788,https://www.sec.gov/Archives/edgar/data/1571996/000119312526269788/0001193125-26-269788.txt
"Silver Lake Partners IV, L.P.",,2026-06-10,2026-06-12,1748,390.02,681754.96,D,S,84538,False,False,False,0001193125-26-269788,https://www.sec.gov/Archives/edgar/data/1571996/000119312526269788/0001193125-26-269788.txt
"SL SPV-2, L.P.",,2026-06-10,2026-06-12,2488,391.03,972882.64,D,S,87566,False,False,False,0001193125-26-269824,https://www.sec.gov/Archives/edgar/data/1571996/000119312526269824/0001193125-26-269824.txt
"SL SPV-2, L.P.",,2026-06-10,2026-06-12,3065,391.85,1201020.25,D,S,84500,False,False,False,0001193125-26-269824,https://www.sec.gov/Archives/edgar/data/1571996/000119312526269824/0001193125-26-269824.txt
"SL SPV-2, L.P.",,2026-06-10,2026-06-12,4316,393.15,1696835.4,D,S,80184,False,False,False,0001193125-26-269824,https://www.sec.gov/Archives/edgar/data/1571996/000119312526269824/0001193125-26-269824.txt
"SL SPV-2, L.P.",,2026-06-10,2026-06-12,7501,394.12,2956294.12,D,S,72683,False,False,False,0001193125-26-269824,https://www.sec.gov/Archives/edgar/data/1571996/000119312526269824/0001193125-26-269824.txt
"SL SPV-2, L.P.",,2026-06-10,2026-06-12,7323,395.0,2892585.0,D,S,65361,False,False,False,0001193125-26-269824,https://www.sec.gov/Archives/edgar/data/1571996/000119312526269824/0001193125-26-269824.txt
"SL SPV-2, L.P.",,2026-06-10,2026-06-12,6401,396.09,2535372.09,D,S,58960,False,False,False,0001193125-26-269824,https://www.sec.gov/Archives/edgar/data/1571996/000119312526269824/0001193125-26-269824.txt
"SL SPV-2, L.P.",,2026-06-10,2026-06-12,3479,397.11,1381545.69,D,S,55481,False,False,False,0001193125-26-269824,https://www.sec.gov/Archives/edgar/data/1571996/000119312526269824/0001193125-26-269824.txt
"SL SPV-2, L.P.",,2026-06-10,2026-06-12,5336,398.07,2124101.52,D,S,50146,False,False,False,0001193125-26-269824,https://www.sec.gov/Archives/edgar/data/1571996/000119312526269824/0001193125-26-269824.txt
"SL SPV-2, L.P.",,2026-06-10,2026-06-12,777,398.73,309813.21,D,S,49369,False,False,False,0001193125-26-269824,https://www.sec.gov/Archives/edgar/data/1571996/000119312526269824/0001193125-26-269824.txt
"SL SPV-2, L.P.",,2026-06-10,2026-06-12,152138,0.0,0.0,A,M,152138,False,False,False,0001193125-26-269820,https://www.sec.gov/Archives/edgar/data/1571996/000119312526269820/0001193125-26-269820.txt
"SL SPV-2, L.P.",,2026-06-10,2026-06-12,2826,371.39,1049548.14,D,S,149312,False,False,False,0001193125-26-269820,https://www.sec.gov/Archives/edgar/data/1571996/000119312526269820/0001193125-26-269820.txt
"SL SPV-2, L.P.",,2026-06-10,2026-06-12,4882,372.5,1818545.0,D,S,144430,False,False,False,0001193125-26-269820,https://www.sec.gov/Archives/edgar/data/1571996/000119312526269820/0001193125-26-269820.txt
"SL SPV-2, L.P.",,2026-06-10,2026-06-12,2537,373.38,947265.06,D,S,141893,False,False,False,0001193125-26-269820,https://www.sec.gov/Archives/edgar/data/1571996/000119312526269820/0001193125-26-269820.txt
"SL SPV-2, L.P.",,2026-06-10,2026-06-12,1355,374.26,507122.3,D,S,140538,False,False,False,0001193125-26-269820,https://www.sec.gov/Archives/edgar/data/1571996/000119312526269820/0001193125-26-269820.txt
"SL SPV-2, L.P.",,2026-06-10,2026-06-12,3139,375.51,1178725.89,D,S,137399,False,False,False,0001193125-26-269820,https://www.sec.gov/Archives/edgar/data/1571996/000119312526269820/0001193125-26-269820.txt
"SL SPV-2, L.P.",,2026-06-10,2026-06-12,2351,376.56,885292.56,D,S,135047,False,False,False,0001193125-26-269820,https://www.sec.gov/Archives/edgar/data/1571996/000119312526269820/0001193125-26-269820.txt
"SL SPV-2, L.P.",,2026-06-10,2026-06-12,2395,377.63,904423.85,D,S,132652,False,False,False,0001193125-26-269820,https://www.sec.gov/Archives/edgar/data/1571996/000119312526269820/0001193125-26-269820.txt
"SL SPV-2, L.P.",,2026-06-10,2026-06-12,5025,378.81,1903520.25,D,S,127628,False,False,False,0001193125-26-269820,https://www.sec.gov/Archives/edgar/data/1571996/000119312526269820/0001193125-26-269820.txt
"SL SPV-2, L.P.",,2026-06-10,2026-06-12,3690,379.46,1400207.4,D,S,123938,False,False,False,0001193125-26-269820,https://www.sec.gov/Archives/edgar/data/1571996/000119312526269820/0001193125-26-269820.txt
"SL SPV-2, L.P.",,2026-06-10,2026-06-12,2146,380.5,816553.0,D,S,121792,False,False,False,0001193125-26-269820,https://www.sec.gov/Archives/edgar/data/1571996/000119312526269820/0001193125-26-269820.txt
"SL SPV-2, L.P.",,2026-06-10,2026-06-12,4558,381.8,1740244.4,D,S,117234,False,False,False,0001193125-26-269820,https://www.sec.gov/Archives/edgar/data/1571996/000119312526269820/0001193125-26-269820.txt
"SL SPV-2, L.P.",,2026-06-10,2026-06-12,3649,382.82,1396910.18,D,S,113586,False,False,False,0001193125-26-269820,https://www.sec.gov/Archives/edgar/data/1571996/000119312526269820/0001193125-26-269820.txt
"SL SPV-2, L.P.",,2026-06-10,2026-06-12,5571,383.73,2137759.83,D,S,108014,False,False,False,0001193125-26-269820,https://www.sec.gov/Archives/edgar/data/1571996/000119312526269820/0001193125-26-269820.txt
"SL SPV-2, L.P.",,2026-06-10,2026-06-12,6703,384.71,2578711.13,D,S,101311,False,False,False,0001193125-26-269820,https://www.sec.gov/Archives/edgar/data/1571996/000119312526269820/0001193125-26-269820.txt
"SL SPV-2, L.P.",,2026-06-10,2026-06-12,5597,385.57,2158035.29,D,S,95714,False,False,False,0001193125-26-269820,https://www.sec.gov/Archives/edgar/data/1571996/000119312526269820/0001193125-26-269820.txt
"SL SPV-2, L.P.",,2026-06-10,2026-06-12,1685,386.65,651505.25,D,S,94028,False,False,False,0001193125-26-269820,https://www.sec.gov/Archives/edgar/data/1571996/000119312526269820/0001193125-26-269820.txt
"SL SPV-2, L.P.",,2026-06-10,2026-06-12,224,387.35,86766.4,D,S,93804,False,False,False,0001193125-26-269820,https://www.sec.gov/Archives/edgar/data/1571996/000119312526269820/0001193125-26-269820.txt
"SL SPV-2, L.P.",,2026-06-10,2026-06-12,2236,388.61,868931.96,D,S,91568,False,False,False,0001193125-26-269820,https://www.sec.gov/Archives/edgar/data/1571996/000119312526269820/0001193125-26-269820.txt
"SL SPV-2, L.P.",,2026-06-10,2026-06-12,1515,390.02,590880.3,D,S,90054,False,False,False,0001193125-26-269820,https://www.sec.gov/Archives/edgar/data/1571996/000119312526269820/0001193125-26-269820.txt
"Silver Lake Technology Investors V, L.P.",,2026-06-09,2026-06-11,13,403.51,5245.63,D,S,25,False,False,False,0001193125-26-267978,https://www.sec.gov/Archives/edgar/data/1571996/000119312526267978/0001193125-26-267978.txt
"Silver Lake Technology Investors V, L.P.",,2026-06-09,2026-06-11,10,404.39,4043.9,D,S,15,False,False,False,0001193125-26-267978,https://www.sec.gov/Archives/edgar/data/1571996/000119312526267978/0001193125-26-267978.txt
"Silver Lake Technology Investors V, L.P.",,2026-06-09,2026-06-11,11,405.64,4462.04,D,S,4,False,False,False,0001193125-26-267978,https://www.sec.gov/Archives/edgar/data/1571996/000119312526267978/0001193125-26-267978.txt
"Silver Lake Technology Investors V, L.P.",,2026-06-09,2026-06-11,5,406.3,2031.5,D,S,0,False,False,False,0001193125-26-267978,https://www.sec.gov/Archives/edgar/data/1571996/000119312526267978/0001193125-26-267978.txt
"Silver Lake Technology Investors V, L.P.",,2026-06-09,2026-06-11,227,0.0,0.0,A,M,227,False,False,False,0001193125-26-267974,https://www.sec.gov/Archives/edgar/data/1571996/000119312526267974/0001193125-26-267974.txt
"Silver Lake Technology Investors V, L.P.",,2026-06-09,2026-06-11,17,380.49,6468.33,D,S,210,False,False,False,0001193125-26-267974,https://www.sec.gov/Archives/edgar/data/1571996/000119312526267974/0001193125-26-267974.txt
"Silver Lake Technology Investors V, L.P.",,2026-06-09,2026-06-11,39,381.74,14887.86,D,S,171,False,False,False,0001193125-26-267974,https://www.sec.gov/Archives/edgar/data/1571996/000119312526267974/0001193125-26-267974.txt
"Silver Lake Technology Investors V, L.P.",,2026-06-09,2026-06-11,3,382.63,1147.89,D,S,167,False,False,False,0001193125-26-267974,https://www.sec.gov/Archives/edgar/data/1571996/000119312526267974/0001193125-26-267974.txt
"Silver Lake Technology Investors V, L.P.",,2026-06-09,2026-06-11,1,383.02,383.02,D,S,166,False,False,False,0001193125-26-267974,https://www.sec.gov/Archives/edgar/data/1571996/000119312526267974/0001193125-26-267974.txt
"Silver Lake Technology Investors V, L.P.",,2026-06-09,2026-06-11,1,384.15,384.15,D,S,165,False,False,False,0001193125-26-267974,https://www.sec.gov/Archives/edgar/data/1571996/000119312526267974/0001193125-26-267974.txt
"Silver Lake Technology Investors V, L.P.",,2026-06-09,2026-06-11,4,386.25,1545.0,D,S,161,False,False,False,0001193125-26-267974,https://www.sec.gov/Archives/edgar/data/1571996/000119312526267974/0001193125-26-267974.txt
"Silver Lake Technology Investors V, L.P.",,2026-06-09,2026-06-11,3,387.41,1162.23,D,S,158,False,False,False,0001193125-26-267974,https://www.sec.gov/Archives/edgar/data/1571996/000119312526267974/0001193125-26-267974.txt
"Silver Lake Technology Investors V, L.P.",,2026-06-09,2026-06-11,4,388.67,1554.68,D,S,154,False,False,False,0001193125-26-267974,https://www.sec.gov/Archives/edgar/data/1571996/000119312526267974/0001193125-26-267974.txt
"Silver Lake Technology Investors V, L.P.",,2026-06-09,2026-06-11,29,390.54,11325.66,D,S,125,False,False,False,0001193125-26-267974,https://www.sec.gov/Archives/edgar/data/1571996/000119312526267974/0001193125-26-267974.txt
"Silver Lake Technology Investors V, L.P.",,2026-06-09,2026-06-11,19,391.43,7437.17,D,S,107,False,False,False,0001193125-26-267974,https://www.sec.gov/Archives/edgar/data/1571996/000119312526267974/0001193125-26-267974.txt
"Silver Lake Technology Investors V, L.P.",,2026-06-09,2026-06-11,1,392.04,392.04,D,S,106,False,False,False,0001193125-26-267974,https://www.sec.gov/Archives/edgar/data/1571996/000119312526267974/0001193125-26-267974.txt
"Silver Lake Technology Investors V, L.P.",,2026-06-09,2026-06-11,3,395.11,1185.33,D,S,103,False,False,False,0001193125-26-267974,https://www.sec.gov/Archives/edgar/data/1571996/000119312526267974/0001193125-26-267974.txt
"Silver Lake Technology Investors V, L.P.",,2026-06-09,2026-06-11,10,396.18,3961.8,D,S,93,False,False,False,0001193125-26-267974,https://www.sec.gov/Archives/edgar/data/1571996/000119312526267974/0001193125-26-267974.txt
"Silver Lake Technology Investors V, L.P.",,2026-06-09,2026-06-11,18,396.99,7145.82,D,S,75,False,False,False,0001193125-26-267974,https://www.sec.gov/Archives/edgar/data/1571996/000119312526267974/0001193125-26-267974.txt
"Silver Lake Technology Investors V, L.P.",,2026-06-09,2026-06-11,14,398.17,5574.38,D,S,61,False,False,False,0001193125-26-267974,https://www.sec.gov/Archives/edgar/data/1571996/000119312526267974/0001193125-26-267974.txt
"Silver Lake Technology Investors V, L.P.",,2026-06-09,2026-06-11,6,399.01,2394.06,D,S,56,False,False,False,0001193125-26-267974,https://www.sec.gov/Archives/edgar/data/1571996/000119312526267974/0001193125-26-267974.txt
"Silver Lake Technology Investors V, L.P.",,2026-06-09,2026-06-11,9,400.07,3600.63,D,S,46,False,False,False,0001193125-26-267974,https://www.sec.gov/Archives/edgar/data/1571996/000119312526267974/0001193125-26-267974.txt
"Silver Lake Technology Investors V, L.P.",,2026-06-09,2026-06-11,4,401.09,1604.36,D,S,42,False,False,False,0001193125-26-267974,https://www.sec.gov/Archives/edgar/data/1571996/000119312526267974/0001193125-26-267974.txt
"Silver Lake Technology Investors V, L.P.",,2026-06-09,2026-06-11,6,402.24,2413.44,D,S,37,False,False,False,0001193125-26-267974,https://www.sec.gov/Archives/edgar/data/1571996/000119312526267974/0001193125-26-267974.txt
"Silver Lake Technology Investors IV, L.P.",,2026-06-09,2026-06-11,28,403.51,11298.28,D,S,55,False,False,False,0001193125-26-267939,https://www.sec.gov/Archives/edgar/data/1571996/000119312526267939/0001193125-26-267939.txt
"Silver Lake Technology Investors IV, L.P.",,2026-06-09,2026-06-11,22,404.39,8896.58,D,S,33,False,False,False,0001193125-26-267939,https://www.sec.gov/Archives/edgar/data/1571996/000119312526267939/0001193125-26-267939.txt
"Silver Lake Technology Investors IV, L.P.",,2026-06-09,2026-06-11,23,405.64,9329.72,D,S,10,False,False,False,0001193125-26-267939,https://www.sec.gov/Archives/edgar/data/1571996/000119312526267939/0001193125-26-267939.txt
"Silver Lake Technology Investors IV, L.P.",,2026-06-09,2026-06-11,10,406.3,4063.0,D,S,0,False,False,False,0001193125-26-267939,https://www.sec.gov/Archives/edgar/data/1571996/000119312526267939/0001193125-26-267939.txt
"Silver Lake Technology Investors IV, L.P.",,2026-06-09,2026-06-11,504,0.0,0.0,A,M,504,False,False,False,0001193125-26-267936,https://www.sec.gov/Archives/edgar/data/1571996/000119312526267936/0001193125-26-267936.txt
"Silver Lake Technology Investors IV, L.P.",,2026-06-09,2026-06-11,38,380.49,14458.62,D,S,466,False,False,False,0001193125-26-267936,https://www.sec.gov/Archives/edgar/data/1571996/000119312526267936/0001193125-26-267936.txt
"Silver Lake Technology Investors IV, L.P.",,2026-06-09,2026-06-11,87,381.74,33211.38,D,S,379,False,False,False,0001193125-26-267936,https://www.sec.gov/Archives/edgar/data/1571996/000119312526267936/0001193125-26-267936.txt
"Silver Lake Technology Investors IV, L.P.",,2026-06-09,2026-06-11,7,382.63,2678.41,D,S,372,False,False,False,0001193125-26-267936,https://www.sec.gov/Archives/edgar/data/1571996/000119312526267936/0001193125-26-267936.txt
"Silver Lake Technology Investors IV, L.P.",,2026-06-09,2026-06-11,3,383.02,1149.06,D,S,368,False,False,False,0001193125-26-267936,https://www.sec.gov/Archives/edgar/data/1571996/000119312526267936/0001193125-26-267936.txt
"Silver Lake Technology Investors IV, L.P.",,2026-06-09,2026-06-11,1,384.15,384.15,D,S,367,False,False,False,0001193125-26-267936,https://www.sec.gov/Archives/edgar/data/1571996/000119312526267936/0001193125-26-267936.txt
"Silver Lake Technology Investors IV, L.P.",,2026-06-09,2026-06-11,9,386.25,3476.25,D,S,358,False,False,False,0001193125-26-267936,https://www.sec.gov/Archives/edgar/data/1571996/000119312526267936/0001193125-26-267936.txt
"Silver Lake Technology Investors IV, L.P.",,2026-06-09,2026-06-11,7,387.41,2711.87,D,S,351,False,False,False,0001193125-26-267936,https://www.sec.gov/Archives/edgar/data/1571996/000119312526267936/0001193125-26-267936.txt
"Silver Lake Technology Investors IV, L.P.",,2026-06-09,2026-06-11,9,388.67,3498.03,D,S,342,False,False,False,0001193125-26-267936,https://www.sec.gov/Archives/edgar/data/1571996/000119312526267936/0001193125-26-267936.txt
"Silver Lake Technology Investors IV, L.P.",,2026-06-09,2026-06-11,64,390.54,24994.56,D,S,278,False,False,False,0001193125-26-267936,https://www.sec.gov/Archives/edgar/data/1571996/000119312526267936/0001193125-26-267936.txt
"Silver Lake Technology Investors IV, L.P.",,2026-06-09,2026-06-11,42,391.43,16440.06,D,S,237,False,False,False,0001193125-26-267936,https://www.sec.gov/Archives/edgar/data/1571996/000119312526267936/0001193125-26-267936.txt
"Silver Lake Technology Investors IV, L.P.",,2026-06-09,2026-06-11,1,392.04,392.04,D,S,236,False,False,False,0001193125-26-267936,https://www.sec.gov/Archives/edgar/data/1571996/000119312526267936/0001193125-26-267936.txt
"Silver Lake Technology Investors IV, L.P.",,2026-06-09,2026-06-11,6,395.11,2370.66,D,S,230,False,False,False,0001193125-26-267936,https://www.sec.gov/Archives/edgar/data/1571996/000119312526267936/0001193125-26-267936.txt
"Silver Lake Technology Investors IV, L.P.",,2026-06-09,2026-06-11,22,396.18,8715.96,D,S,208,False,False,False,0001193125-26-267936,https://www.sec.gov/Archives/edgar/data/1571996/000119312526267936/0001193125-26-267936.txt
"Silver Lake Technology Investors IV, L.P.",,2026-06-09,2026-06-11,40,396.99,15879.6,D,S,169,False,False,False,0001193125-26-267936,https://www.sec.gov/Archives/edgar/data/1571996/000119312526267936/0001193125-26-267936.txt
"Silver Lake Technology Investors IV, L.P.",,2026-06-09,2026-06-11,31,398.17,12343.27,D,S,137,False,False,False,0001193125-26-267936,https://www.sec.gov/Archives/edgar/data/1571996/000119312526267936/0001193125-26-267936.txt
"Silver Lake Technology Investors IV, L.P.",,2026-06-09,2026-06-11,13,399.01,5187.13,D,S,125,False,False,False,0001193125-26-267936,https://www.sec.gov/Archives/edgar/data/1571996/000119312526267936/0001193125-26-267936.txt
"Silver Lake Technology Investors IV, L.P.",,2026-06-09,2026-06-11,21,400.07,8401.47,D,S,104,False,False,False,0001193125-26-267936,https://www.sec.gov/Archives/edgar/data/1571996/000119312526267936/0001193125-26-267936.txt
"Silver Lake Technology Investors IV, L.P.",,2026-06-09,2026-06-11,9,401.09,3609.81,D,S,96,False,False,False,0001193125-26-267936,https://www.sec.gov/Archives/edgar/data/1571996/000119312526267936/0001193125-26-267936.txt
"Silver Lake Technology Investors IV, L.P.",,2026-06-09,2026-06-11,13,402.24,5229.12,D,S,83,False,False,False,0001193125-26-267936,https://www.sec.gov/Archives/edgar/data/1571996/000119312526267936/0001193125-26-267936.txt
"Silver Lake Partners V DE (AIV), L.P.",,2026-06-09,2026-06-11,730,403.51,294562.3,D,S,73062,False,False,False,0001193125-26-267826,https://www.sec.gov/Archives/edgar/data/1571996/000119312526267826/0001193125-26-267826.txt
"Silver Lake Partners V DE (AIV), L.P.",,2026-06-09,2026-06-11,576,404.39,232928.64,D,S,72487,False,False,False,0001193125-26-267826,https://www.sec.gov/Archives/edgar/data/1571996/000119312526267826/0001193125-26-267826.txt
"Silver Lake Partners V DE (AIV), L.P.",,2026-06-09,2026-06-11,614,405.64,249062.96,D,S,71872,False,False,False,0001193125-26-267826,https://www.sec.gov/Archives/edgar/data/1571996/000119312526267826/0001193125-26-267826.txt
"Silver Lake Partners V DE (AIV), L.P.",,2026-06-09,2026-06-11,263,406.3,106856.9,D,S,71609,False,False,False,0001193125-26-267826,https://www.sec.gov/Archives/edgar/data/1571996/000119312526267826/0001193125-26-267826.txt
"Silver Lake Partners V DE (AIV), L.P.",,2026-06-09,2026-06-11,66287,0.0,0.0,D,J,5322,False,False,False,0001193125-26-267826,https://www.sec.gov/Archives/edgar/data/1571996/000119312526267826/0001193125-26-267826.txt
"Silver Lake Partners V DE (AIV), L.P.",,2026-06-09,2026-06-11,18557,0.0,0.0,A,M,84844,False,False,False,0001193125-26-267822,https://www.sec.gov/Archives/edgar/data/1571996/000119312526267822/0001193125-26-267822.txt
"Silver Lake Partners V DE (AIV), L.P.",,2026-06-09,2026-06-11,1010,380.49,384294.9,D,S,83834,False,False,False,0001193125-26-267822,https://www.sec.gov/Archives/edgar/data/1571996/000119312526267822/0001193125-26-267822.txt
"Silver Lake Partners V DE (AIV), L.P.",,2026-06-09,2026-06-11,2278,381.74,869603.72,D,S,81556,False,False,False,0001193125-26-267822,https://www.sec.gov/Archives/edgar/data/1571996/000119312526267822/0001193125-26-267822.txt
"Silver Lake Partners V DE (AIV), L.P.",,2026-06-09,2026-06-11,190,382.63,72699.7,D,S,81366,False,False,False,0001193125-26-267822,https://www.sec.gov/Archives/edgar/data/1571996/000119312526267822/0001193125-26-267822.txt
"Silver Lake Partners V DE (AIV), L.P.",,2026-06-09,2026-06-11,86,383.02,32939.72,D,S,81280,False,False,False,0001193125-26-267822,https://www.sec.gov/Archives/edgar/data/1571996/000119312526267822/0001193125-26-267822.txt
"Silver Lake Partners V DE (AIV), L.P.",,2026-06-09,2026-06-11,35,384.15,13445.25,D,S,81245,False,False,False,0001193125-26-267822,https://www.sec.gov/Archives/edgar/data/1571996/000119312526267822/0001193125-26-267822.txt
"Silver Lake Partners V DE (AIV), L.P.",,2026-06-09,2026-06-11,242,386.25,93472.5,D,S,81004,False,False,False,0001193125-26-267822,https://www.sec.gov/Archives/edgar/data/1571996/000119312526267822/0001193125-26-267822.txt
"Silver Lake Partners V DE (AIV), L.P.",,2026-06-09,2026-06-11,173,387.41,67021.93,D,S,80831,False,False,False,0001193125-26-267822,https://www.sec.gov/Archives/edgar/data/1571996/000119312526267822/0001193125-26-267822.txt
"Silver Lake Partners V DE (AIV), L.P.",,2026-06-09,2026-06-11,242,388.67,94058.14,D,S,80590,False,False,False,0001193125-26-267822,https://www.sec.gov/Archives/edgar/data/1571996/000119312526267822/0001193125-26-267822.txt
"Silver Lake Partners V DE (AIV), L.P.",,2026-06-09,2026-06-11,1672,390.54,652982.88,D,S,78918,False,False,False,0001193125-26-267822,https://www.sec.gov/Archives/edgar/data/1571996/000119312526267822/0001193125-26-267822.txt
"Silver Lake Partners V DE (AIV), L.P.",,2026-06-09,2026-06-11,1093,391.43,427832.99,D,S,77825,False,False,False,0001193125-26-267822,https://www.sec.gov/Archives/edgar/data/1571996/000119312526267822/0001193125-26-267822.txt
"Silver Lake Partners V DE (AIV), L.P.",,2026-06-09,2026-06-11,18,392.04,7056.72,D,S,77807,False,False,False,0001193125-26-267822,https://www.sec.gov/Archives/edgar/data/1571996/000119312526267822/0001193125-26-267822.txt
"Silver Lake Partners V DE (AIV), L.P.",,2026-06-09,2026-06-11,147,395.11,58081.17,D,S,77661,False,False,False,0001193125-26-267822,https://www.sec.gov/Archives/edgar/data/1571996/000119312526267822/0001193125-26-267822.txt
"Silver Lake Partners V DE (AIV), L.P.",,2026-06-09,2026-06-11,579,396.18,229388.22,D,S,77082,False,False,False,0001193125-26-267822,https://www.sec.gov/Archives/edgar/data/1571996/000119312526267822/0001193125-26-267822.txt
"Silver Lake Partners V DE (AIV), L.P.",,2026-06-09,2026-06-11,1039,396.99,412472.61,D,S,76043,False,False,False,0001193125-26-267822,https://www.sec.gov/Archives/edgar/data/1571996/000119312526267822/0001193125-26-267822.txt
"Silver Lake Partners V DE (AIV), L.P.",,2026-06-09,2026-06-11,827,398.17,329286.59,D,S,75216,False,False,False,0001193125-26-267822,https://www.sec.gov/Archives/edgar/data/1571996/000119312526267822/0001193125-26-267822.txt
"Silver Lake Partners V DE (AIV), L.P.",,2026-06-09,2026-06-11,330,399.01,131673.3,D,S,74886,False,False,False,0001193125-26-267822,https://www.sec.gov/Archives/edgar/data/1571996/000119312526267822/0001193125-26-267822.txt
"Silver Lake Partners V DE (AIV), L.P.",,2026-06-09,2026-06-11,540,400.07,216037.8,D,S,74347,False,False,False,0001193125-26-267822,https://www.sec.gov/Archives/edgar/data/1571996/000119312526267822/0001193125-26-267822.txt
"Silver Lake Partners V DE (AIV), L.P.",,2026-06-09,2026-06-11,226,401.09,90646.34,D,S,74121,False,False,False,0001193125-26-267822,https://www.sec.gov/Archives/edgar/data/1571996/000119312526267822/0001193125-26-267822.txt
"Silver Lake Partners V DE (AIV), L.P.",,2026-06-09,2026-06-11,328,402.24,131934.72,D,S,73792,False,False,False,0001193125-26-267822,https://www.sec.gov/Archives/edgar/data/1571996/000119312526267822/0001193125-26-267822.txt
"Silver Lake Partners IV, L.P.",,2026-06-09,2026-06-11,1781,403.51,718651.31,D,S,5539,False,False,False,0001193125-26-267759,https://www.sec.gov/Archives/edgar/data/1571996/000119312526267759/0001193125-26-267759.txt
"Silver Lake Partners IV, L.P.",,2026-06-09,2026-06-11,1404,404.39,567763.56,D,S,4135,False,False,False,0001193125-26-267759,https://www.sec.gov/Archives/edgar/data/1571996/000119312526267759/0001193125-26-267759.txt
"Silver Lake Partners IV, L.P.",,2026-06-09,2026-06-11,1499,405.64,608054.36,D,S,2636,False,False,False,0001193125-26-267759,https://www.sec.gov/Archives/edgar/data/1571996/000119312526267759/0001193125-26-267759.txt
"Silver Lake Partners IV, L.P.",,2026-06-09,2026-06-11,643,406.3,261250.9,D,S,1993,False,False,False,0001193125-26-267759,https://www.sec.gov/Archives/edgar/data/1571996/000119312526267759/0001193125-26-267759.txt
"Silver Lake Partners IV, L.P.",,2026-06-09,2026-06-11,1993,0.0,0.0,D,J,0,False,False,False,0001193125-26-267759,https://www.sec.gov/Archives/edgar/data/1571996/000119312526267759/0001193125-26-267759.txt
"Silver Lake Partners IV, L.P.",,2026-06-09,2026-06-11,2791,0.0,0.0,D,G,1317963,False,False,False,0001193125-26-267759,https://www.sec.gov/Archives/edgar/data/1571996/000119312526267759/0001193125-26-267759.txt
"Silver Lake Partners IV, L.P.",,2026-06-09,2026-06-11,34283,0.0,0.0,A,M,34283,False,False,False,0001193125-26-267755,https://www.sec.gov/Archives/edgar/data/1571996/000119312526267755/0001193125-26-267755.txt
"Silver Lake Partners IV, L.P.",,2026-06-09,2026-06-11,2465,380.49,937907.85,D,S,31818,False,False,False,0001193125-26-267755,https://www.sec.gov/Archives/edgar/data/1571996/000119312526267755/0001193125-26-267755.txt
"Silver Lake Partners IV, L.P.",,2026-06-09,2026-06-11,5558,381.74,2121710.92,D,S,26261,False,False,False,0001193125-26-267755,https://www.sec.gov/Archives/edgar/data/1571996/000119312526267755/0001193125-26-267755.txt
"Silver Lake Partners IV, L.P.",,2026-06-09,2026-06-11,463,382.63,177157.69,D,S,25798,False,False,False,0001193125-26-267755,https://www.sec.gov/Archives/edgar/data/1571996/000119312526267755/0001193125-26-267755.txt
"Silver Lake Partners IV, L.P.",,2026-06-09,2026-06-11,210,383.02,80434.2,D,S,25587,False,False,False,0001193125-26-267755,https://www.sec.gov/Archives/edgar/data/1571996/000119312526267755/0001193125-26-267755.txt
"Silver Lake Partners IV, L.P.",,2026-06-09,2026-06-11,84,384.15,32268.6,D,S,25503,False,False,False,0001193125-26-267755,https://www.sec.gov/Archives/edgar/data/1571996/000119312526267755/0001193125-26-267755.txt
"Silver Lake Partners IV, L.P.",,2026-06-09,2026-06-11,589,386.25,227501.25,D,S,24914,False,False,False,0001193125-26-267755,https://www.sec.gov/Archives/edgar/data/1571996/000119312526267755/0001193125-26-267755.txt
"Silver Lake Partners IV, L.P.",,2026-06-09,2026-06-11,421,387.41,163099.61,D,S,24493,False,False,False,0001193125-26-267755,https://www.sec.gov/Archives/edgar/data/1571996/000119312526267755/0001193125-26-267755.txt
"Silver Lake Partners IV, L.P.",,2026-06-09,2026-06-11,589,388.67,228926.63,D,S,23904,False,False,False,0001193125-26-267755,https://www.sec.gov/Archives/edgar/data/1571996/000119312526267755/0001193125-26-267755.txt
"Silver Lake Partners IV, L.P.",,2026-06-09,2026-06-11,4080,390.54,1593403.2,D,S,19824,False,False,False,0001193125-26-267755,https://www.sec.gov/Archives/edgar/data/1571996/000119312526267755/0001193125-26-267755.txt
"Silver Lake Partners IV, L.P.",,2026-06-09,2026-06-11,2666,391.43,1043552.38,D,S,17158,False,False,False,0001193125-26-267755,https://www.sec.gov/Archives/edgar/data/1571996/000119312526267755/0001193125-26-267755.txt
"Silver Lake Partners IV, L.P.",,2026-06-09,2026-06-11,43,392.04,16857.72,D,S,17115,False,False,False,0001193125-26-267755,https://www.sec.gov/Archives/edgar/data/1571996/000119312526267755/0001193125-26-267755.txt
"Silver Lake Partners IV, L.P.",,2026-06-09,2026-06-11,358,395.11,141449.38,D,S,16757,False,False,False,0001193125-26-267755,https://www.sec.gov/Archives/edgar/data/1571996/000119312526267755/0001193125-26-267755.txt
"Silver Lake Partners IV, L.P.",,2026-06-09,2026-06-11,1412,396.18,559406.16,D,S,15346,False,False,False,0001193125-26-267755,https://www.sec.gov/Archives/edgar/data/1571996/000119312526267755/0001193125-26-267755.txt
"Silver Lake Partners IV, L.P.",,2026-06-09,2026-06-11,2535,396.99,1006369.65,D,S,12810,False,False,False,0001193125-26-267755,https://www.sec.gov/Archives/edgar/data/1571996/000119312526267755/0001193125-26-267755.txt
"Silver Lake Partners IV, L.P.",,2026-06-09,2026-06-11,2017,398.17,803108.89,D,S,10793,False,False,False,0001193125-26-267755,https://www.sec.gov/Archives/edgar/data/1571996/000119312526267755/0001193125-26-267755.txt
"Silver Lake Partners IV, L.P.",,2026-06-09,2026-06-11,804,399.01,320804.04,D,S,9989,False,False,False,0001193125-26-267755,https://www.sec.gov/Archives/edgar/data/1571996/000119312526267755/0001193125-26-267755.txt
"Silver Lake Partners IV, L.P.",,2026-06-09,2026-06-11,1317,400.07,526892.19,D,S,8672,False,False,False,0001193125-26-267755,https://www.sec.gov/Archives/edgar/data/1571996/000119312526267755/0001193125-26-267755.txt
"Silver Lake Partners IV, L.P.",,2026-06-09,2026-06-11,552,401.09,221401.68,D,S,8120,False,False,False,0001193125-26-267755,https://www.sec.gov/Archives/edgar/data/1571996/000119312526267755/0001193125-26-267755.txt
"Silver Lake Partners IV, L.P.",,2026-06-09,2026-06-11,801,402.24,322194.24,D,S,7319,False,False,False,0001193125-26-267755,https://www.sec.gov/Archives/edgar/data/1571996/000119312526267755/0001193125-26-267755.txt
"SL SPV-2, L.P.",,2026-06-09,2026-06-11,1680,403.51,677896.8,D,S,6280,False,False,False,0001193125-26-267889,https://www.sec.gov/Archives/edgar/data/1571996/000119312526267889/0001193125-26-267889.txt
"SL SPV-2, L.P.",,2026-06-09,2026-06-11,1325,404.39,535816.75,D,S,4955,False,False,False,0001193125-26-267889,https://www.sec.gov/Archives/edgar/data/1571996/000119312526267889/0001193125-26-267889.txt
"SL SPV-2, L.P.",,2026-06-09,2026-06-11,1414,405.64,573574.96,D,S,3541,False,False,False,0001193125-26-267889,https://www.sec.gov/Archives/edgar/data/1571996/000119312526267889/0001193125-26-267889.txt
"SL SPV-2, L.P.",,2026-06-09,2026-06-11,606,406.3,246217.8,D,S,2935,False,False,False,0001193125-26-267889,https://www.sec.gov/Archives/edgar/data/1571996/000119312526267889/0001193125-26-267889.txt
"SL SPV-2, L.P.",,2026-06-09,2026-06-11,2935,0.0,0.0,D,J,0,False,False,False,0001193125-26-267889,https://www.sec.gov/Archives/edgar/data/1571996/000119312526267889/0001193125-26-267889.txt
"SL SPV-2, L.P.",,2026-06-09,2026-06-11,33396,0.0,0.0,A,M,33396,False,False,False,0001193125-26-267879,https://www.sec.gov/Archives/edgar/data/1571996/000119312526267879/0001193125-26-267879.txt
"SL SPV-2, L.P.",,2026-06-09,2026-06-11,2325,380.49,884639.25,D,S,31071,False,False,False,0001193125-26-267879,https://www.sec.gov/Archives/edgar/data/1571996/000119312526267879/0001193125-26-267879.txt
"SL SPV-2, L.P.",,2026-06-09,2026-06-11,5243,381.74,2001462.82,D,S,25828,False,False,False,0001193125-26-267879,https://www.sec.gov/Archives/edgar/data/1571996/000119312526267879/0001193125-26-267879.txt
"SL SPV-2, L.P.",,2026-06-09,2026-06-11,437,382.63,167209.31,D,S,25391,False,False,False,0001193125-26-267879,https://www.sec.gov/Archives/edgar/data/1571996/000119312526267879/0001193125-26-267879.txt
"SL SPV-2, L.P.",,2026-06-09,2026-06-11,199,383.02,76220.98,D,S,25193,False,False,False,0001193125-26-267879,https://www.sec.gov/Archives/edgar/data/1571996/000119312526267879/0001193125-26-267879.txt
"SL SPV-2, L.P.",,2026-06-09,2026-06-11,79,384.15,30347.85,D,S,25113,False,False,False,0001193125-26-267879,https://www.sec.gov/Archives/edgar/data/1571996/000119312526267879/0001193125-26-267879.txt
"SL SPV-2, L.P.",,2026-06-09,2026-06-11,556,386.25,214755.0,D,S,24558,False,False,False,0001193125-26-267879,https://www.sec.gov/Archives/edgar/data/1571996/000119312526267879/0001193125-26-267879.txt
"SL SPV-2, L.P.",,2026-06-09,2026-06-11,397,387.41,153801.77,D,S,24160,False,False,False,0001193125-26-267879,https://www.sec.gov/Archives/edgar/data/1571996/000119312526267879/0001193125-26-267879.txt
"SL SPV-2, L.P.",,2026-06-09,2026-06-11,556,388.67,216100.52,D,S,23605,False,False,False,0001193125-26-267879,https://www.sec.gov/Archives/edgar/data/1571996/000119312526267879/0001193125-26-267879.txt
"SL SPV-2, L.P.",,2026-06-09,2026-06-11,3849,390.54,1503188.46,D,S,19756,False,False,False,0001193125-26-267879,https://www.sec.gov/Archives/edgar/data/1571996/000119312526267879/0001193125-26-267879.txt
"SL SPV-2, L.P.",,2026-06-09,2026-06-11,2515,391.43,984446.45,D,S,17241,False,False,False,0001193125-26-267879,https://www.sec.gov/Archives/edgar/data/1571996/000119312526267879/0001193125-26-267879.txt
"SL SPV-2, L.P.",,2026-06-09,2026-06-11,40,392.04,15681.6,D,S,17200,False,False,False,0001193125-26-267879,https://www.sec.gov/Archives/edgar/data/1571996/000119312526267879/0001193125-26-267879.txt
"SL SPV-2, L.P.",,2026-06-09,2026-06-11,337,395.11,133152.07,D,S,16863,False,False,False,0001193125-26-267879,https://www.sec.gov/Archives/edgar/data/1571996/000119312526267879/0001193125-26-267879.txt
"SL SPV-2, L.P.",,2026-06-09,2026-06-11,1332,396.18,527711.76,D,S,15531,False,False,False,0001193125-26-267879,https://www.sec.gov/Archives/edgar/data/1571996/000119312526267879/0001193125-26-267879.txt
"SL SPV-2, L.P.",,2026-06-09,2026-06-11,2391,396.99,949203.09,D,S,13140,False,False,False,0001193125-26-267879,https://www.sec.gov/Archives/edgar/data/1571996/000119312526267879/0001193125-26-267879.txt
"SL SPV-2, L.P.",,2026-06-09,2026-06-11,1903,398.17,757717.51,D,S,11237,False,False,False,0001193125-26-267879,https://www.sec.gov/Archives/edgar/data/1571996/000119312526267879/0001193125-26-267879.txt
"SL SPV-2, L.P.",,2026-06-09,2026-06-11,758,399.01,302449.58,D,S,10478,False,False,False,0001193125-26-267879,https://www.sec.gov/Archives/edgar/data/1571996/000119312526267879/0001193125-26-267879.txt
"SL SPV-2, L.P.",,2026-06-09,2026-06-11,1242,400.07,496886.94,D,S,9236,False,False,False,0001193125-26-267879,https://www.sec.gov/Archives/edgar/data/1571996/000119312526267879/0001193125-26-267879.txt
"SL SPV-2, L.P.",,2026-06-09,2026-06-11,521,401.09,208967.89,D,S,8715,False,False,False,0001193125-26-267879,https://www.sec.gov/Archives/edgar/data/1571996/000119312526267879/0001193125-26-267879.txt
"SL SPV-2, L.P.",,2026-06-09,2026-06-11,756,402.24,304093.44,D,S,7960,False,False,False,0001193125-26-267879,https://www.sec.gov/Archives/edgar/data/1571996/000119312526267879/0001193125-26-267879.txt
"Silver Lake Technology Investors V, L.P.",,2026-06-08,2026-06-10,978,0.0,0.0,A,M,978,False,False,False,0001193125-26-266166,https://www.sec.gov/Archives/edgar/data/1571996/000119312526266166/0001193125-26-266166.txt
"Silver Lake Technology Investors V, L.P.",,2026-06-08,2026-06-10,8,386.57,3092.56,D,S,970,False,False,False,0001193125-26-266166,https://www.sec.gov/Archives/edgar/data/1571996/000119312526266166/0001193125-26-266166.txt
"Silver Lake Technology Investors V, L.P.",,2026-06-08,2026-06-10,16,387.47,6199.52,D,S,955,False,False,False,0001193125-26-266166,https://www.sec.gov/Archives/edgar/data/1571996/000119312526266166/0001193125-26-266166.txt
"Silver Lake Technology Investors V, L.P.",,2026-06-08,2026-06-10,20,388.37,7767.4,D,S,934,False,False,False,0001193125-26-266166,https://www.sec.gov/Archives/edgar/data/1571996/000119312526266166/0001193125-26-266166.txt
"Silver Lake Technology Investors V, L.P.",,2026-06-08,2026-06-10,13,389.71,5066.23,D,S,922,False,False,False,0001193125-26-266166,https://www.sec.gov/Archives/edgar/data/1571996/000119312526266166/0001193125-26-266166.txt
"Silver Lake Technology Investors V, L.P.",,2026-06-08,2026-06-10,16,390.58,6249.28,D,S,906,False,False,False,0001193125-26-266166,https://www.sec.gov/Archives/edgar/data/1571996/000119312526266166/0001193125-26-266166.txt
"Silver Lake Technology Investors V, L.P.",,2026-06-08,2026-06-10,17,391.56,6656.52,D,S,889,False,False,False,0001193125-26-266166,https://www.sec.gov/Archives/edgar/data/1571996/000119312526266166/0001193125-26-266166.txt
"Silver Lake Technology Investors V, L.P.",,2026-06-08,2026-06-10,24,392.47,9419.28,D,S,866,False,False,False,0001193125-26-266166,https://www.sec.gov/Archives/edgar/data/1571996/000119312526266166/0001193125-26-266166.txt
"Silver Lake Technology Investors V, L.P.",,2026-06-08,2026-06-10,56,393.78,22051.68,D,S,809,False,False,False,0001193125-26-266166,https://www.sec.gov/Archives/edgar/data/1571996/000119312526266166/0001193125-26-266166.txt
"Silver Lake Technology Investors V, L.P.",,2026-06-08,2026-06-10,50,394.72,19736.0,D,S,760,False,False,False,0001193125-26-266166,https://www.sec.gov/Archives/edgar/data/1571996/000119312526266166/0001193125-26-266166.txt
"Silver Lake Technology Investors V, L.P.",,2026-06-08,2026-06-10,66,395.72,26117.52,D,S,693,False,False,False,0001193125-26-266166,https://www.sec.gov/Archives/edgar/data/1571996/000119312526266166/0001193125-26-266166.txt
"Silver Lake Technology Investors V, L.P.",,2026-06-08,2026-06-10,71,396.67,28163.57,D,S,623,False,False,False,0001193125-26-266166,https://www.sec.gov/Archives/edgar/data/1571996/000119312526266166/0001193125-26-266166.txt
"Silver Lake Technology Investors V, L.P.",,2026-06-08,2026-06-10,120,397.79,47734.8,D,S,503,False,False,False,0001193125-26-266166,https://www.sec.gov/Archives/edgar/data/1571996/000119312526266166/0001193125-26-266166.txt
"Silver Lake Technology Investors V, L.P.",,2026-06-08,2026-06-10,54,398.64,21526.56,D,S,449,False,False,False,0001193125-26-266166,https://www.sec.gov/Archives/edgar/data/1571996/000119312526266166/0001193125-26-266166.txt
"Silver Lake Technology Investors V, L.P.",,2026-06-08,2026-06-10,118,399.73,47168.14,D,S,331,False,False,False,0001193125-26-266166,https://www.sec.gov/Archives/edgar/data/1571996/000119312526266166/0001193125-26-266166.txt
"Silver Lake Technology Investors V, L.P.",,2026-06-08,2026-06-10,98,400.56,39254.88,D,S,233,False,False,False,0001193125-26-266166,https://www.sec.gov/Archives/edgar/data/1571996/000119312526266166/0001193125-26-266166.txt
"Silver Lake Technology Investors V, L.P.",,2026-06-08,2026-06-10,51,401.67,20485.17,D,S,182,False,False,False,0001193125-26-266166,https://www.sec.gov/Archives/edgar/data/1571996/000119312526266166/0001193125-26-266166.txt
"Silver Lake Technology Investors V, L.P.",,2026-06-08,2026-06-10,87,402.61,35027.07,D,S,95,False,False,False,0001193125-26-266166,https://www.sec.gov/Archives/edgar/data/1571996/000119312526266166/0001193125-26-266166.txt
"Silver Lake Technology Investors V, L.P.",,2026-06-08,2026-06-10,36,403.78,14536.08,D,S,59,False,False,False,0001193125-26-266166,https://www.sec.gov/Archives/edgar/data/1571996/000119312526266166/0001193125-26-266166.txt
"Silver Lake Technology Investors V, L.P.",,2026-06-08,2026-06-10,39,404.69,15782.91,D,S,20,False,False,False,0001193125-26-266166,https://www.sec.gov/Archives/edgar/data/1571996/000119312526266166/0001193125-26-266166.txt
"Silver Lake Technology Investors V, L.P.",,2026-06-08,2026-06-10,20,405.71,8114.2,D,S,0,False,False,False,0001193125-26-266166,https://www.sec.gov/Archives/edgar/data/1571996/000119312526266166/0001193125-26-266166.txt
"Silver Lake Technology Investors IV, L.P.",,2026-06-08,2026-06-10,2170,0.0,0.0,A,M,2170,False,False,False,0001193125-26-266161,https://www.sec.gov/Archives/edgar/data/1571996/000119312526266161/0001193125-26-266161.txt
"Silver Lake Technology Investors IV, L.P.",,2026-06-08,2026-06-10,17,386.57,6571.69,D,S,2153,False,False,False,0001193125-26-266161,https://www.sec.gov/Archives/edgar/data/1571996/000119312526266161/0001193125-26-266161.txt
"Silver Lake Technology Investors IV, L.P.",,2026-06-08,2026-06-10,35,387.47,13561.45,D,S,2118,False,False,False,0001193125-26-266161,https://www.sec.gov/Archives/edgar/data/1571996/000119312526266161/0001193125-26-266161.txt
"Silver Lake Technology Investors IV, L.P.",,2026-06-08,2026-06-10,45,388.37,17476.65,D,S,2073,False,False,False,0001193125-26-266161,https://www.sec.gov/Archives/edgar/data/1571996/000119312526266161/0001193125-26-266161.txt
"Silver Lake Technology Investors IV, L.P.",,2026-06-08,2026-06-10,29,389.71,11301.59,D,S,2045,False,False,False,0001193125-26-266161,https://www.sec.gov/Archives/edgar/data/1571996/000119312526266161/0001193125-26-266161.txt
"Silver Lake Technology Investors IV, L.P.",,2026-06-08,2026-06-10,35,390.58,13670.3,D,S,2010,False,False,False,0001193125-26-266161,https://www.sec.gov/Archives/edgar/data/1571996/000119312526266161/0001193125-26-266161.txt
"Silver Lake Technology Investors IV, L.P.",,2026-06-08,2026-06-10,37,391.56,14487.72,D,S,1973,False,False,False,0001193125-26-266161,https://www.sec.gov/Archives/edgar/data/1571996/000119312526266161/0001193125-26-266161.txt
"Silver Lake Technology Investors IV, L.P.",,2026-06-08,2026-06-10,52,392.47,20408.44,D,S,1921,False,False,False,0001193125-26-266161,https://www.sec.gov/Archives/edgar/data/1571996/000119312526266161/0001193125-26-266161.txt
"Silver Lake Technology Investors IV, L.P.",,2026-06-08,2026-06-10,125,393.78,49222.5,D,S,1796,False,False,False,0001193125-26-266161,https://www.sec.gov/Archives/edgar/data/1571996/000119312526266161/0001193125-26-266161.txt
"Silver Lake Technology Investors IV, L.P.",,2026-06-08,2026-06-10,111,394.72,43813.92,D,S,1685,False,False,False,0001193125-26-266161,https://www.sec.gov/Archives/edgar/data/1571996/000119312526266161/0001193125-26-266161.txt
"Silver Lake Technology Investors IV, L.P.",,2026-06-08,2026-06-10,147,395.72,58170.84,D,S,1539,False,False,False,0001193125-26-266161,https://www.sec.gov/Archives/edgar/data/1571996/000119312526266161/0001193125-26-266161.txt
"Silver Lake Technology Investors IV, L.P.",,2026-06-08,2026-06-10,157,396.67,62277.19,D,S,1381,False,False,False,0001193125-26-266161,https://www.sec.gov/Archives/edgar/data/1571996/000119312526266161/0001193125-26-266161.txt
"Silver Lake Technology Investors IV, L.P.",,2026-06-08,2026-06-10,265,397.79,105414.35,D,S,1116,False,False,False,0001193125-26-266161,https://www.sec.gov/Archives/edgar/data/1571996/000119312526266161/0001193125-26-266161.txt
"Silver Lake Technology Investors IV, L.P.",,2026-06-08,2026-06-10,121,398.64,48235.44,D,S,995,False,False,False,0001193125-26-266161,https://www.sec.gov/Archives/edgar/data/1571996/000119312526266161/0001193125-26-266161.txt
"Silver Lake Technology Investors IV, L.P.",,2026-06-08,2026-06-10,261,399.73,104329.53,D,S,734,False,False,False,0001193125-26-266161,https://www.sec.gov/Archives/edgar/data/1571996/000119312526266161/0001193125-26-266161.txt
"Silver Lake Technology Investors IV, L.P.",,2026-06-08,2026-06-10,216,400.56,86520.96,D,S,518,False,False,False,0001193125-26-266161,https://www.sec.gov/Archives/edgar/data/1571996/000119312526266161/0001193125-26-266161.txt
"Silver Lake Technology Investors IV, L.P.",,2026-06-08,2026-06-10,113,401.67,45388.71,D,S,404,False,False,False,0001193125-26-266161,https://www.sec.gov/Archives/edgar/data/1571996/000119312526266161/0001193125-26-266161.txt
"Silver Lake Technology Investors IV, L.P.",,2026-06-08,2026-06-10,192,402.61,77301.12,D,S,212,False,False,False,0001193125-26-266161,https://www.sec.gov/Archives/edgar/data/1571996/000119312526266161/0001193125-26-266161.txt
"Silver Lake Technology Investors IV, L.P.",,2026-06-08,2026-06-10,80,403.78,32302.4,D,S,132,False,False,False,0001193125-26-266161,https://www.sec.gov/Archives/edgar/data/1571996/000119312526266161/0001193125-26-266161.txt
"Silver Lake Technology Investors IV, L.P.",,2026-06-08,2026-06-10,87,404.69,35208.03,D,S,44,False,False,False,0001193125-26-266161,https://www.sec.gov/Archives/edgar/data/1571996/000119312526266161/0001193125-26-266161.txt
"Silver Lake Technology Investors IV, L.P.",,2026-06-08,2026-06-10,44,405.71,17851.24,D,S,0,False,False,False,0001193125-26-266161,https://www.sec.gov/Archives/edgar/data/1571996/000119312526266161/0001193125-26-266161.txt
"Silver Lake Partners V DE (AIV), L.P.",,2026-06-08,2026-06-10,79827,0.0,0.0,A,M,123211,False,False,False,0001193125-26-266138,https://www.sec.gov/Archives/edgar/data/1571996/000119312526266138/0001193125-26-266138.txt
"Silver Lake Partners V DE (AIV), L.P.",,2026-06-08,2026-06-10,444,386.57,171637.08,D,S,122767,False,False,False,0001193125-26-266138,https://www.sec.gov/Archives/edgar/data/1571996/000119312526266138/0001193125-26-266138.txt
"Silver Lake Partners V DE (AIV), L.P.",,2026-06-08,2026-06-10,909,387.47,352210.23,D,S,121859,False,False,False,0001193125-26-266138,https://www.sec.gov/Archives/edgar/data/1571996/000119312526266138/0001193125-26-266138.txt
"Silver Lake Partners V DE (AIV), L.P.",,2026-06-08,2026-06-10,1182,388.37,459053.34,D,S,120677,False,False,False,0001193125-26-266138,https://www.sec.gov/Archives/edgar/data/1571996/000119312526266138/0001193125-26-266138.txt
"Silver Lake Partners V DE (AIV), L.P.",,2026-06-08,2026-06-10,748,389.71,291503.08,D,S,119929,False,False,False,0001193125-26-266138,https://www.sec.gov/Archives/edgar/data/1571996/000119312526266138/0001193125-26-266138.txt
"Silver Lake Partners V DE (AIV), L.P.",,2026-06-08,2026-06-10,921,390.58,359724.18,D,S,119008,False,False,False,0001193125-26-266138,https://www.sec.gov/Archives/edgar/data/1571996/000119312526266138/0001193125-26-266138.txt
"Silver Lake Partners V DE (AIV), L.P.",,2026-06-08,2026-06-10,964,391.56,377463.84,D,S,118044,False,False,False,0001193125-26-266138,https://www.sec.gov/Archives/edgar/data/1571996/000119312526266138/0001193125-26-266138.txt
"Silver Lake Partners V DE (AIV), L.P.",,2026-06-08,2026-06-10,1374,392.47,539253.78,D,S,116670,False,False,False,0001193125-26-266138,https://www.sec.gov/Archives/edgar/data/1571996/000119312526266138/0001193125-26-266138.txt
"Silver Lake Partners V DE (AIV), L.P.",,2026-06-08,2026-06-10,3276,393.78,1290023.28,D,S,113395,False,False,False,0001193125-26-266138,https://www.sec.gov/Archives/edgar/data/1571996/000119312526266138/0001193125-26-266138.txt
"Silver Lake Partners V DE (AIV), L.P.",,2026-06-08,2026-06-10,2901,394.72,1145082.72,D,S,110493,False,False,False,0001193125-26-266138,https://www.sec.gov/Archives/edgar/data/1571996/000119312526266138/0001193125-26-266138.txt
"Silver Lake Partners V DE (AIV), L.P.",,2026-06-08,2026-06-10,3847,395.72,1522334.84,D,S,106647,False,False,False,0001193125-26-266138,https://www.sec.gov/Archives/edgar/data/1571996/000119312526266138/0001193125-26-266138.txt
"Silver Lake Partners V DE (AIV), L.P.",,2026-06-08,2026-06-10,4125,396.67,1636263.75,D,S,102522,False,False,False,0001193125-26-266138,https://www.sec.gov/Archives/edgar/data/1571996/000119312526266138/0001193125-26-266138.txt
"Silver Lake Partners V DE (AIV), L.P.",,2026-06-08,2026-06-10,6962,397.79,2769413.98,D,S,95560,False,False,False,0001193125-26-266138,https://www.sec.gov/Archives/edgar/data/1571996/000119312526266138/0001193125-26-266138.txt
"Silver Lake Partners V DE (AIV), L.P.",,2026-06-08,2026-06-10,3163,398.64,1260898.32,D,S,92397,False,False,False,0001193125-26-266138,https://www.sec.gov/Archives/edgar/data/1571996/000119312526266138/0001193125-26-266138.txt
"Silver Lake Partners V DE (AIV), L.P.",,2026-06-08,2026-06-10,6855,399.73,2740149.15,D,S,85542,False,False,False,0001193125-26-266138,https://www.sec.gov/Archives/edgar/data/1571996/000119312526266138/0001193125-26-266138.txt
"Silver Lake Partners V DE (AIV), L.P.",,2026-06-08,2026-06-10,5676,400.56,2273578.56,D,S,79866,False,False,False,0001193125-26-266138,https://www.sec.gov/Archives/edgar/data/1571996/000119312526266138/0001193125-26-266138.txt
"Silver Lake Partners V DE (AIV), L.P.",,2026-06-08,2026-06-10,2976,401.67,1195369.92,D,S,76890,False,False,False,0001193125-26-266138,https://www.sec.gov/Archives/edgar/data/1571996/000119312526266138/0001193125-26-266138.txt
"Silver Lake Partners V DE (AIV), L.P.",,2026-06-08,2026-06-10,5045,402.61,2031167.45,D,S,71845,False,False,False,0001193125-26-266138,https://www.sec.gov/Archives/edgar/data/1571996/000119312526266138/0001193125-26-266138.txt
"Silver Lake Partners V DE (AIV), L.P.",,2026-06-08,2026-06-10,2102,403.78,848745.56,D,S,69743,False,False,False,0001193125-26-266138,https://www.sec.gov/Archives/edgar/data/1571996/000119312526266138/0001193125-26-266138.txt
"Silver Lake Partners V DE (AIV), L.P.",,2026-06-08,2026-06-10,2295,404.69,928763.55,D,S,67448,False,False,False,0001193125-26-266138,https://www.sec.gov/Archives/edgar/data/1571996/000119312526266138/0001193125-26-266138.txt
"Silver Lake Partners V DE (AIV), L.P.",,2026-06-08,2026-06-10,1161,405.71,471029.31,D,S,66287,False,False,False,0001193125-26-266138,https://www.sec.gov/Archives/edgar/data/1571996/000119312526266138/0001193125-26-266138.txt
"Silver Lake Partners IV, L.P.",,2026-06-08,2026-06-10,147473,0.0,0.0,A,M,147473,False,False,False,0001193125-26-266122,https://www.sec.gov/Archives/edgar/data/1571996/000119312526266122/0001193125-26-266122.txt
"Silver Lake Partners IV, L.P.",,2026-06-08,2026-06-10,1082,386.57,418268.74,D,S,146391,False,False,False,0001193125-26-266122,https://www.sec.gov/Archives/edgar/data/1571996/000119312526266122/0001193125-26-266122.txt
"Silver Lake Partners IV, L.P.",,2026-06-08,2026-06-10,2217,387.47,859020.99,D,S,144173,False,False,False,0001193125-26-266122,https://www.sec.gov/Archives/edgar/data/1571996/000119312526266122/0001193125-26-266122.txt
"Silver Lake Partners IV, L.P.",,2026-06-08,2026-06-10,2884,388.37,1120059.08,D,S,141290,False,False,False,0001193125-26-266122,https://www.sec.gov/Archives/edgar/data/1571996/000119312526266122/0001193125-26-266122.txt
"Silver Lake Partners IV, L.P.",,2026-06-08,2026-06-10,1825,389.71,711220.75,D,S,139465,False,False,False,0001193125-26-266122,https://www.sec.gov/Archives/edgar/data/1571996/000119312526266122/0001193125-26-266122.txt
"Silver Lake Partners IV, L.P.",,2026-06-08,2026-06-10,2247,390.58,877633.26,D,S,137217,False,False,False,0001193125-26-266122,https://www.sec.gov/Archives/edgar/data/1571996/000119312526266122/0001193125-26-266122.txt
"Silver Lake Partners IV, L.P.",,2026-06-08,2026-06-10,2351,391.56,920557.56,D,S,134866,False,False,False,0001193125-26-266122,https://www.sec.gov/Archives/edgar/data/1571996/000119312526266122/0001193125-26-266122.txt
"Silver Lake Partners IV, L.P.",,2026-06-08,2026-06-10,3352,392.47,1315559.44,D,S,131514,False,False,False,0001193125-26-266122,https://www.sec.gov/Archives/edgar/data/1571996/000119312526266122/0001193125-26-266122.txt
"Silver Lake Partners IV, L.P.",,2026-06-08,2026-06-10,7992,393.78,3147089.76,D,S,123522,False,False,False,0001193125-26-266122,https://www.sec.gov/Archives/edgar/data/1571996/000119312526266122/0001193125-26-266122.txt
"Silver Lake Partners IV, L.P.",,2026-06-08,2026-06-10,7078,394.72,2793828.16,D,S,116444,False,False,False,0001193125-26-266122,https://www.sec.gov/Archives/edgar/data/1571996/000119312526266122/0001193125-26-266122.txt
"Silver Lake Partners IV, L.P.",,2026-06-08,2026-06-10,9386,395.72,3714227.92,D,S,107058,False,False,False,0001193125-26-266122,https://www.sec.gov/Archives/edgar/data/1571996/000119312526266122/0001193125-26-266122.txt
"Silver Lake Partners IV, L.P.",,2026-06-08,2026-06-10,10063,396.67,3991690.21,D,S,96994,False,False,False,0001193125-26-266122,https://www.sec.gov/Archives/edgar/data/1571996/000119312526266122/0001193125-26-266122.txt
"Silver Lake Partners IV, L.P.",,2026-06-08,2026-06-10,16987,397.79,6757258.73,D,S,80008,False,False,False,0001193125-26-266122,https://www.sec.gov/Archives/edgar/data/1571996/000119312526266122/0001193125-26-266122.txt
"Silver Lake Partners IV, L.P.",,2026-06-08,2026-06-10,7716,398.64,3075906.24,D,S,72291,False,False,False,0001193125-26-266122,https://www.sec.gov/Archives/edgar/data/1571996/000119312526266122/0001193125-26-266122.txt
"Silver Lake Partners IV, L.P.",,2026-06-08,2026-06-10,16725,399.73,6685484.25,D,S,55566,False,False,False,0001193125-26-266122,https://www.sec.gov/Archives/edgar/data/1571996/000119312526266122/0001193125-26-266122.txt
"Silver Lake Partners IV, L.P.",,2026-06-08,2026-06-10,13849,400.56,5547355.44,D,S,41717,False,False,False,0001193125-26-266122,https://www.sec.gov/Archives/edgar/data/1571996/000119312526266122/0001193125-26-266122.txt
"Silver Lake Partners IV, L.P.",,2026-06-08,2026-06-10,7262,401.67,2916927.54,D,S,34455,False,False,False,0001193125-26-266122,https://www.sec.gov/Archives/edgar/data/1571996/000119312526266122/0001193125-26-266122.txt
"Silver Lake Partners IV, L.P.",,2026-06-08,2026-06-10,12310,402.61,4956129.1,D,S,22145,False,False,False,0001193125-26-266122,https://www.sec.gov/Archives/edgar/data/1571996/000119312526266122/0001193125-26-266122.txt
"Silver Lake Partners IV, L.P.",,2026-06-08,2026-06-10,5128,403.78,2070583.84,D,S,17017,False,False,False,0001193125-26-266122,https://www.sec.gov/Archives/edgar/data/1571996/000119312526266122/0001193125-26-266122.txt
"Silver Lake Partners IV, L.P.",,2026-06-08,2026-06-10,5598,404.69,2265454.62,D,S,11418,False,False,False,0001193125-26-266122,https://www.sec.gov/Archives/edgar/data/1571996/000119312526266122/0001193125-26-266122.txt
"Silver Lake Partners IV, L.P.",,2026-06-08,2026-06-10,2833,405.71,1149376.43,D,S,8585,False,False,False,0001193125-26-266122,https://www.sec.gov/Archives/edgar/data/1571996/000119312526266122/0001193125-26-266122.txt
"Silver Lake Partners IV, L.P.",,2026-06-08,2026-06-10,8585,0.0,0.0,D,J,0,False,False,False,0001193125-26-266122,https://www.sec.gov/Archives/edgar/data/1571996/000119312526266122/0001193125-26-266122.txt
"Silver Lake Partners IV, L.P.",,2026-06-08,2026-06-10,12009,0.0,0.0,D,G,1313489,False,False,False,0001193125-26-266122,https://www.sec.gov/Archives/edgar/data/1571996/000119312526266122/0001193125-26-266122.txt
"SL SPV-2, L.P.",,2026-06-08,2026-06-10,143659,0.0,0.0,A,M,143659,False,False,False,0001193125-26-266149,https://www.sec.gov/Archives/edgar/data/1571996/000119312526266149/0001193125-26-266149.txt
"SL SPV-2, L.P.",,2026-06-08,2026-06-10,1021,386.57,394687.97,D,S,142638,False,False,False,0001193125-26-266149,https://www.sec.gov/Archives/edgar/data/1571996/000119312526266149/0001193125-26-266149.txt
"SL SPV-2, L.P.",,2026-06-08,2026-06-10,2092,387.47,810587.24,D,S,140546,False,False,False,0001193125-26-266149,https://www.sec.gov/Archives/edgar/data/1571996/000119312526266149/0001193125-26-266149.txt
"SL SPV-2, L.P.",,2026-06-08,2026-06-10,2721,388.37,1056754.77,D,S,137825,False,False,False,0001193125-26-266149,https://www.sec.gov/Archives/edgar/data/1571996/000119312526266149/0001193125-26-266149.txt
"SL SPV-2, L.P.",,2026-06-08,2026-06-10,1722,389.71,671080.62,D,S,136103,False,False,False,0001193125-26-266149,https://www.sec.gov/Archives/edgar/data/1571996/000119312526266149/0001193125-26-266149.txt
"SL SPV-2, L.P.",,2026-06-08,2026-06-10,2120,390.58,828029.6,D,S,133983,False,False,False,0001193125-26-266149,https://www.sec.gov/Archives/edgar/data/1571996/000119312526266149/0001193125-26-266149.txt
"SL SPV-2, L.P.",,2026-06-08,2026-06-10,2218,391.56,868480.08,D,S,131765,False,False,False,0001193125-26-266149,https://www.sec.gov/Archives/edgar/data/1571996/000119312526266149/0001193125-26-266149.txt
"SL SPV-2, L.P.",,2026-06-08,2026-06-10,3163,392.47,1241382.61,D,S,128602,False,False,False,0001193125-26-266149,https://www.sec.gov/Archives/edgar/data/1571996/000119312526266149/0001193125-26-266149.txt
"SL SPV-2, L.P.",,2026-06-08,2026-06-10,7540,393.78,2969101.2,D,S,121061,False,False,False,0001193125-26-266149,https://www.sec.gov/Archives/edgar/data/1571996/000119312526266149/0001193125-26-266149.txt
"SL SPV-2, L.P.",,2026-06-08,2026-06-10,6678,394.72,2635940.16,D,S,114383,False,False,False,0001193125-26-266149,https://www.sec.gov/Archives/edgar/data/1571996/000119312526266149/0001193125-26-266149.txt
"SL SPV-2, L.P.",,2026-06-08,2026-06-10,8856,395.72,3504496.32,D,S,105528,False,False,False,0001193125-26-266149,https://www.sec.gov/Archives/edgar/data/1571996/000119312526266149/0001193125-26-266149.txt
"SL SPV-2, L.P.",,2026-06-08,2026-06-10,9495,396.67,3766381.65,D,S,96033,False,False,False,0001193125-26-266149,https://www.sec.gov/Archives/edgar/data/1571996/000119312526266149/0001193125-26-266149.txt
"SL SPV-2, L.P.",,2026-06-08,2026-06-10,16027,397.79,6375380.33,D,S,80006,False,False,False,0001193125-26-266149,https://www.sec.gov/Archives/edgar/data/1571996/000119312526266149/0001193125-26-266149.txt
"SL SPV-2, L.P.",,2026-06-08,2026-06-10,7280,398.64,2902099.2,D,S,72725,False,False,False,0001193125-26-266149,https://www.sec.gov/Archives/edgar/data/1571996/000119312526266149/0001193125-26-266149.txt
"SL SPV-2, L.P.",,2026-06-08,2026-06-10,15780,399.73,6307739.4,D,S,56945,False,False,False,0001193125-26-266149,https://www.sec.gov/Archives/edgar/data/1571996/000119312526266149/0001193125-26-266149.txt
"SL SPV-2, L.P.",,2026-06-08,2026-06-10,13067,400.56,5234117.52,D,S,43879,False,False,False,0001193125-26-266149,https://www.sec.gov/Archives/edgar/data/1571996/000119312526266149/0001193125-26-266149.txt
"SL SPV-2, L.P.",,2026-06-08,2026-06-10,6852,401.67,2752242.84,D,S,37027,False,False,False,0001193125-26-266149,https://www.sec.gov/Archives/edgar/data/1571996/000119312526266149/0001193125-26-266149.txt
"SL SPV-2, L.P.",,2026-06-08,2026-06-10,11615,402.61,4676315.15,D,S,25412,False,False,False,0001193125-26-266149,https://www.sec.gov/Archives/edgar/data/1571996/000119312526266149/0001193125-26-266149.txt
"SL SPV-2, L.P.",,2026-06-08,2026-06-10,4838,403.78,1953487.64,D,S,20574,False,False,False,0001193125-26-266149,https://www.sec.gov/Archives/edgar/data/1571996/000119312526266149/0001193125-26-266149.txt
"SL SPV-2, L.P.",,2026-06-08,2026-06-10,5282,404.69,2137572.58,D,S,15292,False,False,False,0001193125-26-266149,https://www.sec.gov/Archives/edgar/data/1571996/000119312526266149/0001193125-26-266149.txt
"SL SPV-2, L.P.",,2026-06-08,2026-06-10,2673,405.71,1084462.83,D,S,12619,False,False,False,0001193125-26-266149,https://www.sec.gov/Archives/edgar/data/1571996/000119312526266149/0001193125-26-266149.txt
"SL SPV-2, L.P.",,2026-06-08,2026-06-10,12619,0.0,0.0,D,J,0,False,False,False,0001193125-26-266149,https://www.sec.gov/Archives/edgar/data/1571996/000119312526266149/0001193125-26-266149.txt
"Silver Lake Technology Investors V, L.P.",,2026-06-05,2026-06-09,632,0.0,0.0,A,M,632,False,False,False,0001193125-26-264423,https://www.sec.gov/Archives/edgar/data/1571996/000119312526264423/0001193125-26-264423.txt
"Silver Lake Technology Investors V, L.P.",,2026-06-05,2026-06-09,28,395.39,11070.92,D,S,604,False,False,False,0001193125-26-264423,https://www.sec.gov/Archives/edgar/data/1571996/000119312526264423/0001193125-26-264423.txt
"Silver Lake Technology Investors V, L.P.",,2026-06-05,2026-06-09,47,396.52,18636.44,D,S,557,False,False,False,0001193125-26-264423,https://www.sec.gov/Archives/edgar/data/1571996/000119312526264423/0001193125-26-264423.txt
"Silver Lake Technology Investors V, L.P.",,2026-06-05,2026-06-09,24,397.52,9540.48,D,S,533,False,False,False,0001193125-26-264423,https://www.sec.gov/Archives/edgar/data/1571996/000119312526264423/0001193125-26-264423.txt
"Silver Lake Technology Investors V, L.P.",,2026-06-05,2026-06-09,6,398.37,2390.22,D,S,528,False,False,False,0001193125-26-264423,https://www.sec.gov/Archives/edgar/data/1571996/000119312526264423/0001193125-26-264423.txt
"Silver Lake Technology Investors V, L.P.",,2026-06-05,2026-06-09,49,400.36,19617.64,D,S,479,False,False,False,0001193125-26-264423,https://www.sec.gov/Archives/edgar/data/1571996/000119312526264423/0001193125-26-264423.txt
"Silver Lake Technology Investors V, L.P.",,2026-06-05,2026-06-09,64,401.6,25702.4,D,S,414,False,False,False,0001193125-26-264423,https://www.sec.gov/Archives/edgar/data/1571996/000119312526264423/0001193125-26-264423.txt
"Silver Lake Technology Investors V, L.P.",,2026-06-05,2026-06-09,95,402.49,38236.55,D,S,319,False,False,False,0001193125-26-264423,https://www.sec.gov/Archives/edgar/data/1571996/000119312526264423/0001193125-26-264423.txt
"Silver Lake Technology Investors V, L.P.",,2026-06-05,2026-06-09,87,403.5,35104.5,D,S,232,False,False,False,0001193125-26-264423,https://www.sec.gov/Archives/edgar/data/1571996/000119312526264423/0001193125-26-264423.txt
"Silver Lake Technology Investors V, L.P.",,2026-06-05,2026-06-09,78,404.44,31546.32,D,S,154,False,False,False,0001193125-26-264423,https://www.sec.gov/Archives/edgar/data/1571996/000119312526264423/0001193125-26-264423.txt
"Silver Lake Technology Investors V, L.P.",,2026-06-05,2026-06-09,33,405.4,13378.2,D,S,122,False,False,False,0001193125-26-264423,https://www.sec.gov/Archives/edgar/data/1571996/000119312526264423/0001193125-26-264423.txt
"Silver Lake Technology Investors V, L.P.",,2026-06-05,2026-06-09,23,406.56,9350.88,D,S,99,False,False,False,0001193125-26-264423,https://www.sec.gov/Archives/edgar/data/1571996/000119312526264423/0001193125-26-264423.txt
"Silver Lake Technology Investors V, L.P.",,2026-06-05,2026-06-09,31,407.39,12629.09,D,S,68,False,False,False,0001193125-26-264423,https://www.sec.gov/Archives/edgar/data/1571996/000119312526264423/0001193125-26-264423.txt
"Silver Lake Technology Investors V, L.P.",,2026-06-05,2026-06-09,22,408.59,8988.98,D,S,46,False,False,False,0001193125-26-264423,https://www.sec.gov/Archives/edgar/data/1571996/000119312526264423/0001193125-26-264423.txt
"Silver Lake Technology Investors V, L.P.",,2026-06-05,2026-06-09,12,409.57,4914.84,D,S,34,False,False,False,0001193125-26-264423,https://www.sec.gov/Archives/edgar/data/1571996/000119312526264423/0001193125-26-264423.txt
"Silver Lake Technology Investors V, L.P.",,2026-06-05,2026-06-09,8,410.5,3284.0,D,S,26,False,False,False,0001193125-26-264423,https://www.sec.gov/Archives/edgar/data/1571996/000119312526264423/0001193125-26-264423.txt
"Silver Lake Technology Investors V, L.P.",,2026-06-05,2026-06-09,16,411.62,6585.92,D,S,10,False,False,False,0001193125-26-264423,https://www.sec.gov/Archives/edgar/data/1571996/000119312526264423/0001193125-26-264423.txt
"Silver Lake Technology Investors V, L.P.",,2026-06-05,2026-06-09,10,412.35,4123.5,D,S,0,False,False,False,0001193125-26-264423,https://www.sec.gov/Archives/edgar/data/1571996/000119312526264423/0001193125-26-264423.txt
"Silver Lake Technology Investors IV, L.P.",,2026-06-05,2026-06-09,1401,0.0,0.0,A,M,1401,False,False,False,0001193125-26-264409,https://www.sec.gov/Archives/edgar/data/1571996/000119312526264409/0001193125-26-264409.txt
"Silver Lake Technology Investors IV, L.P.",,2026-06-05,2026-06-09,62,395.39,24514.18,D,S,1339,False,False,False,0001193125-26-264409,https://www.sec.gov/Archives/edgar/data/1571996/000119312526264409/0001193125-26-264409.txt
"Silver Lake Technology Investors IV, L.P.",,2026-06-05,2026-06-09,104,396.52,41238.08,D,S,1234,False,False,False,0001193125-26-264409,https://www.sec.gov/Archives/edgar/data/1571996/000119312526264409/0001193125-26-264409.txt
"Silver Lake Technology Investors IV, L.P.",,2026-06-05,2026-06-09,52,397.52,20671.04,D,S,1182,False,False,False,0001193125-26-264409,https://www.sec.gov/Archives/edgar/data/1571996/000119312526264409/0001193125-26-264409.txt
"Silver Lake Technology Investors IV, L.P.",,2026-06-05,2026-06-09,13,398.37,5178.81,D,S,1169,False,False,False,0001193125-26-264409,https://www.sec.gov/Archives/edgar/data/1571996/000119312526264409/0001193125-26-264409.txt
"Silver Lake Technology Investors IV, L.P.",,2026-06-05,2026-06-09,108,400.36,43238.88,D,S,1061,False,False,False,0001193125-26-264409,https://www.sec.gov/Archives/edgar/data/1571996/000119312526264409/0001193125-26-264409.txt
"Silver Lake Technology Investors IV, L.P.",,2026-06-05,2026-06-09,142,401.6,57027.2,D,S,919,False,False,False,0001193125-26-264409,https://www.sec.gov/Archives/edgar/data/1571996/000119312526264409/0001193125-26-264409.txt
"Silver Lake Technology Investors IV, L.P.",,2026-06-05,2026-06-09,211,402.49,84925.39,D,S,708,False,False,False,0001193125-26-264409,https://www.sec.gov/Archives/edgar/data/1571996/000119312526264409/0001193125-26-264409.txt
"Silver Lake Technology Investors IV, L.P.",,2026-06-05,2026-06-09,193,403.5,77875.5,D,S,515,False,False,False,0001193125-26-264409,https://www.sec.gov/Archives/edgar/data/1571996/000119312526264409/0001193125-26-264409.txt
"Silver Lake Technology Investors IV, L.P.",,2026-06-05,2026-06-09,172,404.44,69563.68,D,S,342,False,False,False,0001193125-26-264409,https://www.sec.gov/Archives/edgar/data/1571996/000119312526264409/0001193125-26-264409.txt
"Silver Lake Technology Investors IV, L.P.",,2026-06-05,2026-06-09,72,405.4,29188.8,D,S,270,False,False,False,0001193125-26-264409,https://www.sec.gov/Archives/edgar/data/1571996/000119312526264409/0001193125-26-264409.txt
"Silver Lake Technology Investors IV, L.P.",,2026-06-05,2026-06-09,50,406.56,20328.0,D,S,220,False,False,False,0001193125-26-264409,https://www.sec.gov/Archives/edgar/data/1571996/000119312526264409/0001193125-26-264409.txt
"Silver Lake Technology Investors IV, L.P.",,2026-06-05,2026-06-09,69,407.39,28109.91,D,S,151,False,False,False,0001193125-26-264409,https://www.sec.gov/Archives/edgar/data/1571996/000119312526264409/0001193125-26-264409.txt
"Silver Lake Technology Investors IV, L.P.",,2026-06-05,2026-06-09,50,408.59,20429.5,D,S,102,False,False,False,0001193125-26-264409,https://www.sec.gov/Archives/edgar/data/1571996/000119312526264409/0001193125-26-264409.txt
"Silver Lake Technology Investors IV, L.P.",,2026-06-05,2026-06-09,27,409.57,11058.39,D,S,74,False,False,False,0001193125-26-264409,https://www.sec.gov/Archives/edgar/data/1571996/000119312526264409/0001193125-26-264409.txt
"Silver Lake Technology Investors IV, L.P.",,2026-06-05,2026-06-09,17,410.5,6978.5,D,S,58,False,False,False,0001193125-26-264409,https://www.sec.gov/Archives/edgar/data/1571996/000119312526264409/0001193125-26-264409.txt
"Silver Lake Technology Investors IV, L.P.",,2026-06-05,2026-06-09,35,411.62,14406.7,D,S,22,False,False,False,0001193125-26-264409,https://www.sec.gov/Archives/edgar/data/1571996/000119312526264409/0001193125-26-264409.txt
"Silver Lake Technology Investors IV, L.P.",,2026-06-05,2026-06-09,22,412.35,9071.7,D,S,0,False,False,False,0001193125-26-264409,https://www.sec.gov/Archives/edgar/data/1571996/000119312526264409/0001193125-26-264409.txt
"Silver Lake Partners V DE (AIV), L.P.",,2026-06-05,2026-06-09,51527,0.0,0.0,A,M,80122,False,False,False,0001193125-26-264402,https://www.sec.gov/Archives/edgar/data/1571996/000119312526264402/0001193125-26-264402.txt
"Silver Lake Partners V DE (AIV), L.P.",,2026-06-05,2026-06-09,1627,395.39,643299.53,D,S,78495,False,False,False,0001193125-26-264402,https://www.sec.gov/Archives/edgar/data/1571996/000119312526264402/0001193125-26-264402.txt
"Silver Lake Partners V DE (AIV), L.P.",,2026-06-05,2026-06-09,2739,396.52,1086068.28,D,S,75755,False,False,False,0001193125-26-264402,https://www.sec.gov/Archives/edgar/data/1571996/000119312526264402/0001193125-26-264402.txt
"Silver Lake Partners V DE (AIV), L.P.",,2026-06-05,2026-06-09,1374,397.52,546192.48,D,S,74381,False,False,False,0001193125-26-264402,https://www.sec.gov/Archives/edgar/data/1571996/000119312526264402/0001193125-26-264402.txt
"Silver Lake Partners V DE (AIV), L.P.",,2026-06-05,2026-06-09,333,398.37,132657.21,D,S,74048,False,False,False,0001193125-26-264402,https://www.sec.gov/Archives/edgar/data/1571996/000119312526264402/0001193125-26-264402.txt
"Silver Lake Partners V DE (AIV), L.P.",,2026-06-05,2026-06-09,2841,400.36,1137422.76,D,S,71207,False,False,False,0001193125-26-264402,https://www.sec.gov/Archives/edgar/data/1571996/000119312526264402/0001193125-26-264402.txt
"Silver Lake Partners V DE (AIV), L.P.",,2026-06-05,2026-06-09,3729,401.6,1497566.4,D,S,67478,False,False,False,0001193125-26-264402,https://www.sec.gov/Archives/edgar/data/1571996/000119312526264402/0001193125-26-264402.txt
"Silver Lake Partners V DE (AIV), L.P.",,2026-06-05,2026-06-09,5523,402.49,2222952.27,D,S,61955,False,False,False,0001193125-26-264402,https://www.sec.gov/Archives/edgar/data/1571996/000119312526264402/0001193125-26-264402.txt
"Silver Lake Partners V DE (AIV), L.P.",,2026-06-05,2026-06-09,5068,403.5,2044938.0,D,S,56888,False,False,False,0001193125-26-264402,https://www.sec.gov/Archives/edgar/data/1571996/000119312526264402/0001193125-26-264402.txt
"Silver Lake Partners V DE (AIV), L.P.",,2026-06-05,2026-06-09,4523,404.44,1829282.12,D,S,52364,False,False,False,0001193125-26-264402,https://www.sec.gov/Archives/edgar/data/1571996/000119312526264402/0001193125-26-264402.txt
"Silver Lake Partners V DE (AIV), L.P.",,2026-06-05,2026-06-09,1893,405.4,767422.2,D,S,50471,False,False,False,0001193125-26-264402,https://www.sec.gov/Archives/edgar/data/1571996/000119312526264402/0001193125-26-264402.txt
"Silver Lake Partners V DE (AIV), L.P.",,2026-06-05,2026-06-09,1318,406.56,535846.08,D,S,49153,False,False,False,0001193125-26-264402,https://www.sec.gov/Archives/edgar/data/1571996/000119312526264402/0001193125-26-264402.txt
"Silver Lake Partners V DE (AIV), L.P.",,2026-06-05,2026-06-09,1797,407.39,732079.83,D,S,47356,False,False,False,0001193125-26-264402,https://www.sec.gov/Archives/edgar/data/1571996/000119312526264402/0001193125-26-264402.txt
"Silver Lake Partners V DE (AIV), L.P.",,2026-06-05,2026-06-09,1302,408.59,531984.18,D,S,46053,False,False,False,0001193125-26-264402,https://www.sec.gov/Archives/edgar/data/1571996/000119312526264402/0001193125-26-264402.txt
"Silver Lake Partners V DE (AIV), L.P.",,2026-06-05,2026-06-09,717,409.57,293661.69,D,S,45337,False,False,False,0001193125-26-264402,https://www.sec.gov/Archives/edgar/data/1571996/000119312526264402/0001193125-26-264402.txt
"Silver Lake Partners V DE (AIV), L.P.",,2026-06-05,2026-06-09,441,410.5,181030.5,D,S,44895,False,False,False,0001193125-26-264402,https://www.sec.gov/Archives/edgar/data/1571996/000119312526264402/0001193125-26-264402.txt
"Silver Lake Partners V DE (AIV), L.P.",,2026-06-05,2026-06-09,928,411.62,381983.36,D,S,43967,False,False,False,0001193125-26-264402,https://www.sec.gov/Archives/edgar/data/1571996/000119312526264402/0001193125-26-264402.txt
"Silver Lake Partners V DE (AIV), L.P.",,2026-06-05,2026-06-09,583,412.35,240400.05,D,S,43384,False,False,False,0001193125-26-264402,https://www.sec.gov/Archives/edgar/data/1571996/000119312526264402/0001193125-26-264402.txt
"Silver Lake Partners IV, L.P.",,2026-06-05,2026-06-09,95192,0.0,0.0,A,M,95192,False,False,False,0001193125-26-264418,https://www.sec.gov/Archives/edgar/data/1571996/000119312526264418/0001193125-26-264418.txt
"Silver Lake Partners IV, L.P.",,2026-06-05,2026-06-09,3971,395.39,1570093.69,D,S,91221,False,False,False,0001193125-26-264418,https://www.sec.gov/Archives/edgar/data/1571996/000119312526264418/0001193125-26-264418.txt
"Silver Lake Partners IV, L.P.",,2026-06-05,2026-06-09,6684,396.52,2650339.68,D,S,84537,False,False,False,0001193125-26-264418,https://www.sec.gov/Archives/edgar/data/1571996/000119312526264418/0001193125-26-264418.txt
"Silver Lake Partners IV, L.P.",,2026-06-05,2026-06-09,3353,397.52,1332884.56,D,S,81183,False,False,False,0001193125-26-264418,https://www.sec.gov/Archives/edgar/data/1571996/000119312526264418/0001193125-26-264418.txt
"Silver Lake Partners IV, L.P.",,2026-06-05,2026-06-09,813,398.37,323874.81,D,S,80371,False,False,False,0001193125-26-264418,https://www.sec.gov/Archives/edgar/data/1571996/000119312526264418/0001193125-26-264418.txt
"Silver Lake Partners IV, L.P.",,2026-06-05,2026-06-09,6932,400.36,2775295.52,D,S,73439,False,False,False,0001193125-26-264418,https://www.sec.gov/Archives/edgar/data/1571996/000119312526264418/0001193125-26-264418.txt
"Silver Lake Partners IV, L.P.",,2026-06-05,2026-06-09,9099,401.6,3654158.4,D,S,64339,False,False,False,0001193125-26-264418,https://www.sec.gov/Archives/edgar/data/1571996/000119312526264418/0001193125-26-264418.txt
"Silver Lake Partners IV, L.P.",,2026-06-05,2026-06-09,13478,402.49,5424760.22,D,S,50862,False,False,False,0001193125-26-264418,https://www.sec.gov/Archives/edgar/data/1571996/000119312526264418/0001193125-26-264418.txt
"Silver Lake Partners IV, L.P.",,2026-06-05,2026-06-09,12366,403.5,4989681.0,D,S,38495,False,False,False,0001193125-26-264418,https://www.sec.gov/Archives/edgar/data/1571996/000119312526264418/0001193125-26-264418.txt
"Silver Lake Partners IV, L.P.",,2026-06-05,2026-06-09,11038,404.44,4464208.72,D,S,27458,False,False,False,0001193125-26-264418,https://www.sec.gov/Archives/edgar/data/1571996/000119312526264418/0001193125-26-264418.txt
"Silver Lake Partners IV, L.P.",,2026-06-05,2026-06-09,4620,405.4,1872948.0,D,S,22838,False,False,False,0001193125-26-264418,https://www.sec.gov/Archives/edgar/data/1571996/000119312526264418/0001193125-26-264418.txt
"Silver Lake Partners IV, L.P.",,2026-06-05,2026-06-09,3216,406.56,1307496.96,D,S,19622,False,False,False,0001193125-26-264418,https://www.sec.gov/Archives/edgar/data/1571996/000119312526264418/0001193125-26-264418.txt
"Silver Lake Partners IV, L.P.",,2026-06-05,2026-06-09,4386,407.39,1786812.54,D,S,15236,False,False,False,0001193125-26-264418,https://www.sec.gov/Archives/edgar/data/1571996/000119312526264418/0001193125-26-264418.txt
"Silver Lake Partners IV, L.P.",,2026-06-05,2026-06-09,3178,408.59,1298499.02,D,S,12058,False,False,False,0001193125-26-264418,https://www.sec.gov/Archives/edgar/data/1571996/000119312526264418/0001193125-26-264418.txt
"Silver Lake Partners IV, L.P.",,2026-06-05,2026-06-09,1749,409.57,716337.93,D,S,10309,False,False,False,0001193125-26-264418,https://www.sec.gov/Archives/edgar/data/1571996/000119312526264418/0001193125-26-264418.txt
"Silver Lake Partners IV, L.P.",,2026-06-05,2026-06-09,1077,410.5,442108.5,D,S,9232,False,False,False,0001193125-26-264418,https://www.sec.gov/Archives/edgar/data/1571996/000119312526264418/0001193125-26-264418.txt
"Silver Lake Partners IV, L.P.",,2026-06-05,2026-06-09,2265,411.62,932319.3,D,S,6967,False,False,False,0001193125-26-264418,https://www.sec.gov/Archives/edgar/data/1571996/000119312526264418/0001193125-26-264418.txt
"Silver Lake Partners IV, L.P.",,2026-06-05,2026-06-09,1423,412.35,586774.05,D,S,5544,False,False,False,0001193125-26-264418,https://www.sec.gov/Archives/edgar/data/1571996/000119312526264418/0001193125-26-264418.txt
"Silver Lake Partners IV, L.P.",,2026-06-05,2026-06-09,5544,0.0,0.0,D,J,0,False,False,False,0001193125-26-264418,https://www.sec.gov/Archives/edgar/data/1571996/000119312526264418/0001193125-26-264418.txt
"Silver Lake Partners IV, L.P.",,2026-06-05,2026-06-09,7754,0.0,0.0,D,G,1313489,False,False,False,0001193125-26-264418,https://www.sec.gov/Archives/edgar/data/1571996/000119312526264418/0001193125-26-264418.txt
"SL SPV-2, L.P.",,2026-06-05,2026-06-09,92730,0.0,0.0,A,M,92730,False,False,False,0001193125-26-264410,https://www.sec.gov/Archives/edgar/data/1571996/000119312526264410/0001193125-26-264410.txt
"SL SPV-2, L.P.",,2026-06-05,2026-06-09,3747,395.39,1481526.33,D,S,88983,False,False,False,0001193125-26-264410,https://www.sec.gov/Archives/edgar/data/1571996/000119312526264410/0001193125-26-264410.txt
"SL SPV-2, L.P.",,2026-06-05,2026-06-09,6307,396.52,2500851.64,D,S,82677,False,False,False,0001193125-26-264410,https://www.sec.gov/Archives/edgar/data/1571996/000119312526264410/0001193125-26-264410.txt
"SL SPV-2, L.P.",,2026-06-05,2026-06-09,3164,397.52,1257753.28,D,S,79513,False,False,False,0001193125-26-264410,https://www.sec.gov/Archives/edgar/data/1571996/000119312526264410/0001193125-26-264410.txt
"SL SPV-2, L.P.",,2026-06-05,2026-06-09,767,398.37,305549.79,D,S,78746,False,False,False,0001193125-26-264410,https://www.sec.gov/Archives/edgar/data/1571996/000119312526264410/0001193125-26-264410.txt
"SL SPV-2, L.P.",,2026-06-05,2026-06-09,6540,400.36,2618354.4,D,S,72206,False,False,False,0001193125-26-264410,https://www.sec.gov/Archives/edgar/data/1571996/000119312526264410/0001193125-26-264410.txt
"SL SPV-2, L.P.",,2026-06-05,2026-06-09,8585,401.6,3447736.0,D,S,63621,False,False,False,0001193125-26-264410,https://www.sec.gov/Archives/edgar/data/1571996/000119312526264410/0001193125-26-264410.txt
"SL SPV-2, L.P.",,2026-06-05,2026-06-09,12716,402.49,5118062.84,D,S,50905,False,False,False,0001193125-26-264410,https://www.sec.gov/Archives/edgar/data/1571996/000119312526264410/0001193125-26-264410.txt
"SL SPV-2, L.P.",,2026-06-05,2026-06-09,11667,403.5,4707634.5,D,S,39238,False,False,False,0001193125-26-264410,https://www.sec.gov/Archives/edgar/data/1571996/000119312526264410/0001193125-26-264410.txt
"SL SPV-2, L.P.",,2026-06-05,2026-06-09,10414,404.44,4211838.16,D,S,28824,False,False,False,0001193125-26-264410,https://www.sec.gov/Archives/edgar/data/1571996/000119312526264410/0001193125-26-264410.txt
"SL SPV-2, L.P.",,2026-06-05,2026-06-09,4359,405.4,1767138.6,D,S,24466,False,False,False,0001193125-26-264410,https://www.sec.gov/Archives/edgar/data/1571996/000119312526264410/0001193125-26-264410.txt
"SL SPV-2, L.P.",,2026-06-05,2026-06-09,3035,406.56,1233909.6,D,S,21431,False,False,False,0001193125-26-264410,https://www.sec.gov/Archives/edgar/data/1571996/000119312526264410/0001193125-26-264410.txt
"SL SPV-2, L.P.",,2026-06-05,2026-06-09,4138,407.39,1685779.82,D,S,17293,False,False,False,0001193125-26-264410,https://www.sec.gov/Archives/edgar/data/1571996/000119312526264410/0001193125-26-264410.txt
"SL SPV-2, L.P.",,2026-06-05,2026-06-09,2998,408.59,1224952.82,D,S,14294,False,False,False,0001193125-26-264410,https://www.sec.gov/Archives/edgar/data/1571996/000119312526264410/0001193125-26-264410.txt
"SL SPV-2, L.P.",,2026-06-05,2026-06-09,1650,409.57,675790.5,D,S,12645,False,False,False,0001193125-26-264410,https://www.sec.gov/Archives/edgar/data/1571996/000119312526264410/0001193125-26-264410.txt
"SL SPV-2, L.P.",,2026-06-05,2026-06-09,1016,410.5,417068.0,D,S,11629,False,False,False,0001193125-26-264410,https://www.sec.gov/Archives/edgar/data/1571996/000119312526264410/0001193125-26-264410.txt
"SL SPV-2, L.P.",,2026-06-05,2026-06-09,2137,411.62,879631.94,D,S,9492,False,False,False,0001193125-26-264410,https://www.sec.gov/Archives/edgar/data/1571996/000119312526264410/0001193125-26-264410.txt
"SL SPV-2, L.P.",,2026-06-05,2026-06-09,1343,412.35,553786.05,D,S,8149,False,False,False,0001193125-26-264410,https://www.sec.gov/Archives/edgar/data/1571996/000119312526264410/0001193125-26-264410.txt
"SL SPV-2, L.P.",,2026-06-05,2026-06-09,8149,0.0,0.0,D,J,0,False,False,False,0001193125-26-264410,https://www.sec.gov/Archives/edgar/data/1571996/000119312526264410/0001193125-26-264410.txt
"Silver Lake Technology Investors V, L.P.",,2026-06-04,2026-06-08,126,421.85,53153.1,D,S,527,False,False,False,0001193125-26-262726,https://www.sec.gov/Archives/edgar/data/1571996/000119312526262726/0001193125-26-262726.txt
"Silver Lake Technology Investors V, L.P.",,2026-06-04,2026-06-08,68,422.97,28761.96,D,S,458,False,False,False,0001193125-26-262726,https://www.sec.gov/Archives/edgar/data/1571996/000119312526262726/0001193125-26-262726.txt
"Silver Lake Technology Investors V, L.P.",,2026-06-04,2026-06-08,124,423.94,52568.56,D,S,334,False,False,False,0001193125-26-262726,https://www.sec.gov/Archives/edgar/data/1571996/000119312526262726/0001193125-26-262726.txt
"Silver Lake Technology Investors V, L.P.",,2026-06-04,2026-06-08,153,425.02,65028.06,D,S,181,False,False,False,0001193125-26-262726,https://www.sec.gov/Archives/edgar/data/1571996/000119312526262726/0001193125-26-262726.txt
"Silver Lake Technology Investors V, L.P.",,2026-06-04,2026-06-08,57,425.83,24272.31,D,S,123,False,False,False,0001193125-26-262726,https://www.sec.gov/Archives/edgar/data/1571996/000119312526262726/0001193125-26-262726.txt
"Silver Lake Technology Investors V, L.P.",,2026-06-04,2026-06-08,69,427.12,29471.28,D,S,54,False,False,False,0001193125-26-262726,https://www.sec.gov/Archives/edgar/data/1571996/000119312526262726/0001193125-26-262726.txt
"Silver Lake Technology Investors V, L.P.",,2026-06-04,2026-06-08,44,428.08,18835.52,D,S,10,False,False,False,0001193125-26-262726,https://www.sec.gov/Archives/edgar/data/1571996/000119312526262726/0001193125-26-262726.txt
"Silver Lake Technology Investors V, L.P.",,2026-06-04,2026-06-08,8,428.89,3431.12,D,S,2,False,False,False,0001193125-26-262726,https://www.sec.gov/Archives/edgar/data/1571996/000119312526262726/0001193125-26-262726.txt
"Silver Lake Technology Investors V, L.P.",,2026-06-04,2026-06-08,2,430.11,860.22,D,S,0,False,False,False,0001193125-26-262726,https://www.sec.gov/Archives/edgar/data/1571996/000119312526262726/0001193125-26-262726.txt
"Silver Lake Technology Investors V, L.P.",,2026-06-04,2026-06-08,1219,0.0,0.0,A,M,1219,False,False,False,0001193125-26-262725,https://www.sec.gov/Archives/edgar/data/1571996/000119312526262725/0001193125-26-262725.txt
"Silver Lake Technology Investors V, L.P.",,2026-06-04,2026-06-08,5,401.89,2009.45,D,S,1214,False,False,False,0001193125-26-262725,https://www.sec.gov/Archives/edgar/data/1571996/000119312526262725/0001193125-26-262725.txt
"Silver Lake Technology Investors V, L.P.",,2026-06-04,2026-06-08,4,403.33,1613.32,D,S,1210,False,False,False,0001193125-26-262725,https://www.sec.gov/Archives/edgar/data/1571996/000119312526262725/0001193125-26-262725.txt
"Silver Lake Technology Investors V, L.P.",,2026-06-04,2026-06-08,7,404.68,2832.76,D,S,1203,False,False,False,0001193125-26-262725,https://www.sec.gov/Archives/edgar/data/1571996/000119312526262725/0001193125-26-262725.txt
"Silver Lake Technology Investors V, L.P.",,2026-06-04,2026-06-08,15,405.54,6083.1,D,S,1188,False,False,False,0001193125-26-262725,https://www.sec.gov/Archives/edgar/data/1571996/000119312526262725/0001193125-26-262725.txt
"Silver Lake Technology Investors V, L.P.",,2026-06-04,2026-06-08,34,406.58,13823.72,D,S,1154,False,False,False,0001193125-26-262725,https://www.sec.gov/Archives/edgar/data/1571996/000119312526262725/0001193125-26-262725.txt
"Silver Lake Technology Investors V, L.P.",,2026-06-04,2026-06-08,12,407.44,4889.28,D,S,1142,False,False,False,0001193125-26-262725,https://www.sec.gov/Archives/edgar/data/1571996/000119312526262725/0001193125-26-262725.txt
"Silver Lake Technology Investors V, L.P.",,2026-06-04,2026-06-08,9,408.4,3675.6,D,S,1133,False,False,False,0001193125-26-262725,https://www.sec.gov/Archives/edgar/data/1571996/000119312526262725/0001193125-26-262725.txt
"Silver Lake Technology Investors V, L.P.",,2026-06-04,2026-06-08,7,409.49,2866.43,D,S,1126,False,False,False,0001193125-26-262725,https://www.sec.gov/Archives/edgar/data/1571996/000119312526262725/0001193125-26-262725.txt
"Silver Lake Technology Investors V, L.P.",,2026-06-04,2026-06-08,7,410.57,2873.99,D,S,1119,False,False,False,0001193125-26-262725,https://www.sec.gov/Archives/edgar/data/1571996/000119312526262725/0001193125-26-262725.txt
"Silver Lake Technology Investors V, L.P.",,2026-06-04,2026-06-08,12,411.82,4941.84,D,S,1107,False,False,False,0001193125-26-262725,https://www.sec.gov/Archives/edgar/data/1571996/000119312526262725/0001193125-26-262725.txt
"Silver Lake Technology Investors V, L.P.",,2026-06-04,2026-06-08,18,412.59,7426.62,D,S,1089,False,False,False,0001193125-26-262725,https://www.sec.gov/Archives/edgar/data/1571996/000119312526262725/0001193125-26-262725.txt
"Silver Lake Technology Investors V, L.P.",,2026-06-04,2026-06-08,46,413.81,19035.26,D,S,1044,False,False,False,0001193125-26-262725,https://www.sec.gov/Archives/edgar/data/1571996/000119312526262725/0001193125-26-262725.txt
"Silver Lake Technology Investors V, L.P.",,2026-06-04,2026-06-08,129,414.51,53471.79,D,S,915,False,False,False,0001193125-26-262725,https://www.sec.gov/Archives/edgar/data/1571996/000119312526262725/0001193125-26-262725.txt
"Silver Lake Technology Investors V, L.P.",,2026-06-04,2026-06-08,101,415.58,41973.58,D,S,814,False,False,False,0001193125-26-262725,https://www.sec.gov/Archives/edgar/data/1571996/000119312526262725/0001193125-26-262725.txt
"Silver Lake Technology Investors V, L.P.",,2026-06-04,2026-06-08,25,416.46,10411.5,D,S,789,False,False,False,0001193125-26-262725,https://www.sec.gov/Archives/edgar/data/1571996/000119312526262725/0001193125-26-262725.txt
"Silver Lake Technology Investors V, L.P.",,2026-06-04,2026-06-08,9,417.81,3760.29,D,S,780,False,False,False,0001193125-26-262725,https://www.sec.gov/Archives/edgar/data/1571996/000119312526262725/0001193125-26-262725.txt
"Silver Lake Technology Investors V, L.P.",,2026-06-04,2026-06-08,41,418.68,17165.88,D,S,739,False,False,False,0001193125-26-262725,https://www.sec.gov/Archives/edgar/data/1571996/000119312526262725/0001193125-26-262725.txt
"Silver Lake Technology Investors V, L.P.",,2026-06-04,2026-06-08,60,419.81,25188.6,D,S,678,False,False,False,0001193125-26-262725,https://www.sec.gov/Archives/edgar/data/1571996/000119312526262725/0001193125-26-262725.txt
"Silver Lake Technology Investors V, L.P.",,2026-06-04,2026-06-08,26,420.59,10935.34,D,S,652,False,False,False,0001193125-26-262725,https://www.sec.gov/Archives/edgar/data/1571996/000119312526262725/0001193125-26-262725.txt
"Silver Lake Technology Investors IV, L.P.",,2026-06-04,2026-06-08,279,421.85,117696.15,D,S,1168,False,False,False,0001193125-26-262703,https://www.sec.gov/Archives/edgar/data/1571996/000119312526262703/0001193125-26-262703.txt
"Silver Lake Technology Investors IV, L.P.",,2026-06-04,2026-06-08,152,422.97,64291.44,D,S,1016,False,False,False,0001193125-26-262703,https://www.sec.gov/Archives/edgar/data/1571996/000119312526262703/0001193125-26-262703.txt
"Silver Lake Technology Investors IV, L.P.",,2026-06-04,2026-06-08,276,423.94,117007.44,D,S,740,False,False,False,0001193125-26-262703,https://www.sec.gov/Archives/edgar/data/1571996/000119312526262703/0001193125-26-262703.txt
"Silver Lake Technology Investors IV, L.P.",,2026-06-04,2026-06-08,340,425.02,144506.8,D,S,400,False,False,False,0001193125-26-262703,https://www.sec.gov/Archives/edgar/data/1571996/000119312526262703/0001193125-26-262703.txt
"Silver Lake Technology Investors IV, L.P.",,2026-06-04,2026-06-08,127,425.83,54080.41,D,S,273,False,False,False,0001193125-26-262703,https://www.sec.gov/Archives/edgar/data/1571996/000119312526262703/0001193125-26-262703.txt
"Silver Lake Technology Investors IV, L.P.",,2026-06-04,2026-06-08,153,427.12,65349.36,D,S,120,False,False,False,0001193125-26-262703,https://www.sec.gov/Archives/edgar/data/1571996/000119312526262703/0001193125-26-262703.txt
"Silver Lake Technology Investors IV, L.P.",,2026-06-04,2026-06-08,98,428.08,41951.84,D,S,22,False,False,False,0001193125-26-262703,https://www.sec.gov/Archives/edgar/data/1571996/000119312526262703/0001193125-26-262703.txt
"Silver Lake Technology Investors IV, L.P.",,2026-06-04,2026-06-08,19,428.89,8148.91,D,S,4,False,False,False,0001193125-26-262703,https://www.sec.gov/Archives/edgar/data/1571996/000119312526262703/0001193125-26-262703.txt
"Silver Lake Technology Investors IV, L.P.",,2026-06-04,2026-06-08,4,430.11,1720.44,D,S,0,False,False,False,0001193125-26-262703,https://www.sec.gov/Archives/edgar/data/1571996/000119312526262703/0001193125-26-262703.txt
"Silver Lake Technology Investors IV, L.P.",,2026-06-04,2026-06-08,2704,0.0,0.0,A,M,2704,False,False,False,0001193125-26-262702,https://www.sec.gov/Archives/edgar/data/1571996/000119312526262702/0001193125-26-262702.txt
"Silver Lake Technology Investors IV, L.P.",,2026-06-04,2026-06-08,10,401.89,4018.9,D,S,2694,False,False,False,0001193125-26-262702,https://www.sec.gov/Archives/edgar/data/1571996/000119312526262702/0001193125-26-262702.txt
"Silver Lake Technology Investors IV, L.P.",,2026-06-04,2026-06-08,9,403.33,3629.97,D,S,2684,False,False,False,0001193125-26-262702,https://www.sec.gov/Archives/edgar/data/1571996/000119312526262702/0001193125-26-262702.txt
"Silver Lake Technology Investors IV, L.P.",,2026-06-04,2026-06-08,16,404.68,6474.88,D,S,2669,False,False,False,0001193125-26-262702,https://www.sec.gov/Archives/edgar/data/1571996/000119312526262702/0001193125-26-262702.txt
"Silver Lake Technology Investors IV, L.P.",,2026-06-04,2026-06-08,34,405.54,13788.36,D,S,2634,False,False,False,0001193125-26-262702,https://www.sec.gov/Archives/edgar/data/1571996/000119312526262702/0001193125-26-262702.txt
"Silver Lake Technology Investors IV, L.P.",,2026-06-04,2026-06-08,74,406.58,30086.92,D,S,2560,False,False,False,0001193125-26-262702,https://www.sec.gov/Archives/edgar/data/1571996/000119312526262702/0001193125-26-262702.txt
"Silver Lake Technology Investors IV, L.P.",,2026-06-04,2026-06-08,27,407.44,11000.88,D,S,2533,False,False,False,0001193125-26-262702,https://www.sec.gov/Archives/edgar/data/1571996/000119312526262702/0001193125-26-262702.txt
"Silver Lake Technology Investors IV, L.P.",,2026-06-04,2026-06-08,19,408.4,7759.6,D,S,2514,False,False,False,0001193125-26-262702,https://www.sec.gov/Archives/edgar/data/1571996/000119312526262702/0001193125-26-262702.txt
"Silver Lake Technology Investors IV, L.P.",,2026-06-04,2026-06-08,16,409.49,6551.84,D,S,2498,False,False,False,0001193125-26-262702,https://www.sec.gov/Archives/edgar/data/1571996/000119312526262702/0001193125-26-262702.txt
"Silver Lake Technology Investors IV, L.P.",,2026-06-04,2026-06-08,15,410.57,6158.55,D,S,2482,False,False,False,0001193125-26-262702,https://www.sec.gov/Archives/edgar/data/1571996/000119312526262702/0001193125-26-262702.txt
"Silver Lake Technology Investors IV, L.P.",,2026-06-04,2026-06-08,26,411.82,10707.32,D,S,2456,False,False,False,0001193125-26-262702,https://www.sec.gov/Archives/edgar/data/1571996/000119312526262702/0001193125-26-262702.txt
"Silver Lake Technology Investors IV, L.P.",,2026-06-04,2026-06-08,39,412.59,16091.01,D,S,2417,False,False,False,0001193125-26-262702,https://www.sec.gov/Archives/edgar/data/1571996/000119312526262702/0001193125-26-262702.txt
"Silver Lake Technology Investors IV, L.P.",,2026-06-04,2026-06-08,101,413.81,41794.81,D,S,2315,False,False,False,0001193125-26-262702,https://www.sec.gov/Archives/edgar/data/1571996/000119312526262702/0001193125-26-262702.txt
"Silver Lake Technology Investors IV, L.P.",,2026-06-04,2026-06-08,287,414.51,118964.37,D,S,2029,False,False,False,0001193125-26-262702,https://www.sec.gov/Archives/edgar/data/1571996/000119312526262702/0001193125-26-262702.txt
"Silver Lake Technology Investors IV, L.P.",,2026-06-04,2026-06-08,223,415.58,92674.34,D,S,1806,False,False,False,0001193125-26-262702,https://www.sec.gov/Archives/edgar/data/1571996/000119312526262702/0001193125-26-262702.txt
"Silver Lake Technology Investors IV, L.P.",,2026-06-04,2026-06-08,55,416.46,22905.3,D,S,1751,False,False,False,0001193125-26-262702,https://www.sec.gov/Archives/edgar/data/1571996/000119312526262702/0001193125-26-262702.txt
"Silver Lake Technology Investors IV, L.P.",,2026-06-04,2026-06-08,21,417.81,8774.01,D,S,1730,False,False,False,0001193125-26-262702,https://www.sec.gov/Archives/edgar/data/1571996/000119312526262702/0001193125-26-262702.txt
"Silver Lake Technology Investors IV, L.P.",,2026-06-04,2026-06-08,91,418.68,38099.88,D,S,1639,False,False,False,0001193125-26-262702,https://www.sec.gov/Archives/edgar/data/1571996/000119312526262702/0001193125-26-262702.txt
"Silver Lake Technology Investors IV, L.P.",,2026-06-04,2026-06-08,134,419.81,56254.54,D,S,1505,False,False,False,0001193125-26-262702,https://www.sec.gov/Archives/edgar/data/1571996/000119312526262702/0001193125-26-262702.txt
"Silver Lake Technology Investors IV, L.P.",,2026-06-04,2026-06-08,57,420.59,23973.63,D,S,1447,False,False,False,0001193125-26-262702,https://www.sec.gov/Archives/edgar/data/1571996/000119312526262702/0001193125-26-262702.txt
"Silver Lake Partners V DE (AIV), L.P.",,2026-06-04,2026-06-08,7316,421.85,3086254.6,D,S,153420,False,False,False,0001193125-26-262684,https://www.sec.gov/Archives/edgar/data/1571996/000119312526262684/0001193125-26-262684.txt
"Silver Lake Partners V DE (AIV), L.P.",,2026-06-04,2026-06-08,3975,422.97,1681305.75,D,S,149445,False,False,False,0001193125-26-262684,https://www.sec.gov/Archives/edgar/data/1571996/000119312526262684/0001193125-26-262684.txt
"Silver Lake Partners V DE (AIV), L.P.",,2026-06-04,2026-06-08,7238,423.94,3068477.72,D,S,142207,False,False,False,0001193125-26-262684,https://www.sec.gov/Archives/edgar/data/1571996/000119312526262684/0001193125-26-262684.txt
"Silver Lake Partners V DE (AIV), L.P.",,2026-06-04,2026-06-08,8910,425.02,3786928.2,D,S,133297,False,False,False,0001193125-26-262684,https://www.sec.gov/Archives/edgar/data/1571996/000119312526262684/0001193125-26-262684.txt
"Silver Lake Partners V DE (AIV), L.P.",,2026-06-04,2026-06-08,3332,425.83,1418865.56,D,S,129965,False,False,False,0001193125-26-262684,https://www.sec.gov/Archives/edgar/data/1571996/000119312526262684/0001193125-26-262684.txt
"Silver Lake Partners V DE (AIV), L.P.",,2026-06-04,2026-06-08,4007,427.12,1711469.84,D,S,125958,False,False,False,0001193125-26-262684,https://www.sec.gov/Archives/edgar/data/1571996/000119312526262684/0001193125-26-262684.txt
"Silver Lake Partners V DE (AIV), L.P.",,2026-06-04,2026-06-08,2571,428.08,1100593.68,D,S,123386,False,False,False,0001193125-26-262684,https://www.sec.gov/Archives/edgar/data/1571996/000119312526262684/0001193125-26-262684.txt
"Silver Lake Partners V DE (AIV), L.P.",,2026-06-04,2026-06-08,493,428.89,211442.77,D,S,122894,False,False,False,0001193125-26-262684,https://www.sec.gov/Archives/edgar/data/1571996/000119312526262684/0001193125-26-262684.txt
"Silver Lake Partners V DE (AIV), L.P.",,2026-06-04,2026-06-08,92,430.11,39570.12,D,S,122802,False,False,False,0001193125-26-262684,https://www.sec.gov/Archives/edgar/data/1571996/000119312526262684/0001193125-26-262684.txt
"Silver Lake Partners V DE (AIV), L.P.",,2026-06-04,2026-06-08,94207,0.0,0.0,D,J,28595,False,False,False,0001193125-26-262684,https://www.sec.gov/Archives/edgar/data/1571996/000119312526262684/0001193125-26-262684.txt
"Silver Lake Partners V DE (AIV), L.P.",,2026-06-04,2026-06-08,99474,0.0,0.0,A,M,193681,False,False,False,0001193125-26-262678,https://www.sec.gov/Archives/edgar/data/1571996/000119312526262678/0001193125-26-262678.txt
"Silver Lake Partners V DE (AIV), L.P.",,2026-06-04,2026-06-08,275,401.89,110519.75,D,S,193406,False,False,False,0001193125-26-262678,https://www.sec.gov/Archives/edgar/data/1571996/000119312526262678/0001193125-26-262678.txt
"Silver Lake Partners V DE (AIV), L.P.",,2026-06-04,2026-06-08,243,403.33,98009.19,D,S,193164,False,False,False,0001193125-26-262678,https://www.sec.gov/Archives/edgar/data/1571996/000119312526262678/0001193125-26-262678.txt
"Silver Lake Partners V DE (AIV), L.P.",,2026-06-04,2026-06-08,411,404.68,166323.48,D,S,192752,False,False,False,0001193125-26-262678,https://www.sec.gov/Archives/edgar/data/1571996/000119312526262678/0001193125-26-262678.txt
"Silver Lake Partners V DE (AIV), L.P.",,2026-06-04,2026-06-08,898,405.54,364174.92,D,S,191855,False,False,False,0001193125-26-262678,https://www.sec.gov/Archives/edgar/data/1571996/000119312526262678/0001193125-26-262678.txt
"Silver Lake Partners V DE (AIV), L.P.",,2026-06-04,2026-06-08,1949,406.58,792424.42,D,S,189905,False,False,False,0001193125-26-262678,https://www.sec.gov/Archives/edgar/data/1571996/000119312526262678/0001193125-26-262678.txt
"Silver Lake Partners V DE (AIV), L.P.",,2026-06-04,2026-06-08,710,407.44,289282.4,D,S,189195,False,False,False,0001193125-26-262678,https://www.sec.gov/Archives/edgar/data/1571996/000119312526262678/0001193125-26-262678.txt
"Silver Lake Partners V DE (AIV), L.P.",,2026-06-04,2026-06-08,504,408.4,205833.6,D,S,188691,False,False,False,0001193125-26-262678,https://www.sec.gov/Archives/edgar/data/1571996/000119312526262678/0001193125-26-262678.txt
"Silver Lake Partners V DE (AIV), L.P.",,2026-06-04,2026-06-08,417,409.49,170757.33,D,S,188274,False,False,False,0001193125-26-262678,https://www.sec.gov/Archives/edgar/data/1571996/000119312526262678/0001193125-26-262678.txt
"Silver Lake Partners V DE (AIV), L.P.",,2026-06-04,2026-06-08,406,410.57,166691.42,D,S,187869,False,False,False,0001193125-26-262678,https://www.sec.gov/Archives/edgar/data/1571996/000119312526262678/0001193125-26-262678.txt
"Silver Lake Partners V DE (AIV), L.P.",,2026-06-04,2026-06-08,691,411.82,284567.62,D,S,187178,False,False,False,0001193125-26-262678,https://www.sec.gov/Archives/edgar/data/1571996/000119312526262678/0001193125-26-262678.txt
"Silver Lake Partners V DE (AIV), L.P.",,2026-06-04,2026-06-08,1033,412.59,426205.47,D,S,186145,False,False,False,0001193125-26-262678,https://www.sec.gov/Archives/edgar/data/1571996/000119312526262678/0001193125-26-262678.txt
"Silver Lake Partners V DE (AIV), L.P.",,2026-06-04,2026-06-08,2650,413.81,1096596.5,D,S,183495,False,False,False,0001193125-26-262678,https://www.sec.gov/Archives/edgar/data/1571996/000119312526262678/0001193125-26-262678.txt
"Silver Lake Partners V DE (AIV), L.P.",,2026-06-04,2026-06-08,7512,414.51,3113799.12,D,S,175983,False,False,False,0001193125-26-262678,https://www.sec.gov/Archives/edgar/data/1571996/000119312526262678/0001193125-26-262678.txt
"Silver Lake Partners V DE (AIV), L.P.",,2026-06-04,2026-06-08,5854,415.58,2432805.32,D,S,170129,False,False,False,0001193125-26-262678,https://www.sec.gov/Archives/edgar/data/1571996/000119312526262678/0001193125-26-262678.txt
"Silver Lake Partners V DE (AIV), L.P.",,2026-06-04,2026-06-08,1435,416.46,597620.1,D,S,168694,False,False,False,0001193125-26-262678,https://www.sec.gov/Archives/edgar/data/1571996/000119312526262678/0001193125-26-262678.txt
"Silver Lake Partners V DE (AIV), L.P.",,2026-06-04,2026-06-08,540,417.81,225617.4,D,S,168154,False,False,False,0001193125-26-262678,https://www.sec.gov/Archives/edgar/data/1571996/000119312526262678/0001193125-26-262678.txt
"Silver Lake Partners V DE (AIV), L.P.",,2026-06-04,2026-06-08,2395,418.68,1002738.6,D,S,165759,False,False,False,0001193125-26-262678,https://www.sec.gov/Archives/edgar/data/1571996/000119312526262678/0001193125-26-262678.txt
"Silver Lake Partners V DE (AIV), L.P.",,2026-06-04,2026-06-08,3516,419.81,1476051.96,D,S,162242,False,False,False,0001193125-26-262678,https://www.sec.gov/Archives/edgar/data/1571996/000119312526262678/0001193125-26-262678.txt
"Silver Lake Partners V DE (AIV), L.P.",,2026-06-04,2026-06-08,1506,420.59,633408.54,D,S,160736,False,False,False,0001193125-26-262678,https://www.sec.gov/Archives/edgar/data/1571996/000119312526262678/0001193125-26-262678.txt
"Silver Lake Partners IV, L.P.",,2026-06-04,2026-06-08,17416,421.85,7346939.6,D,S,87926,False,False,False,0001193125-26-262658,https://www.sec.gov/Archives/edgar/data/1571996/000119312526262658/0001193125-26-262658.txt
"Silver Lake Partners IV, L.P.",,2026-06-04,2026-06-08,9462,422.97,4002142.14,D,S,78464,False,False,False,0001193125-26-262658,https://www.sec.gov/Archives/edgar/data/1571996/000119312526262658/0001193125-26-262658.txt
"Silver Lake Partners IV, L.P.",,2026-06-04,2026-06-08,17231,423.94,7304910.14,D,S,61234,False,False,False,0001193125-26-262658,https://www.sec.gov/Archives/edgar/data/1571996/000119312526262658/0001193125-26-262658.txt
"Silver Lake Partners IV, L.P.",,2026-06-04,2026-06-08,21210,425.02,9014674.2,D,S,40024,False,False,False,0001193125-26-262658,https://www.sec.gov/Archives/edgar/data/1571996/000119312526262658/0001193125-26-262658.txt
"Silver Lake Partners IV, L.P.",,2026-06-04,2026-06-08,7932,425.83,3377683.56,D,S,32092,False,False,False,0001193125-26-262658,https://www.sec.gov/Archives/edgar/data/1571996/000119312526262658/0001193125-26-262658.txt
"Silver Lake Partners IV, L.P.",,2026-06-04,2026-06-08,9540,427.12,4074724.8,D,S,22552,False,False,False,0001193125-26-262658,https://www.sec.gov/Archives/edgar/data/1571996/000119312526262658/0001193125-26-262658.txt
"Silver Lake Partners IV, L.P.",,2026-06-04,2026-06-08,6121,428.08,2620277.68,D,S,16431,False,False,False,0001193125-26-262658,https://www.sec.gov/Archives/edgar/data/1571996/000119312526262658/0001193125-26-262658.txt
"Silver Lake Partners IV, L.P.",,2026-06-04,2026-06-08,1173,428.89,503087.97,D,S,15259,False,False,False,0001193125-26-262658,https://www.sec.gov/Archives/edgar/data/1571996/000119312526262658/0001193125-26-262658.txt
"Silver Lake Partners IV, L.P.",,2026-06-04,2026-06-08,219,430.11,94194.09,D,S,15040,False,False,False,0001193125-26-262658,https://www.sec.gov/Archives/edgar/data/1571996/000119312526262658/0001193125-26-262658.txt
"Silver Lake Partners IV, L.P.",,2026-06-04,2026-06-08,15040,0.0,0.0,D,J,0,False,False,False,0001193125-26-262658,https://www.sec.gov/Archives/edgar/data/1571996/000119312526262658/0001193125-26-262658.txt
"Silver Lake Partners IV, L.P.",,2026-06-04,2026-06-08,14968,0.0,0.0,D,G,1313489,False,False,False,0001193125-26-262658,https://www.sec.gov/Archives/edgar/data/1571996/000119312526262658/0001193125-26-262658.txt
"Silver Lake Partners IV, L.P.",,2026-06-04,2026-06-08,183768,0.0,0.0,A,M,183768,False,False,False,0001193125-26-262657,https://www.sec.gov/Archives/edgar/data/1571996/000119312526262657/0001193125-26-262657.txt
"Silver Lake Partners IV, L.P.",,2026-06-04,2026-06-08,654,401.89,262836.06,D,S,183114,False,False,False,0001193125-26-262657,https://www.sec.gov/Archives/edgar/data/1571996/000119312526262657/0001193125-26-262657.txt
"Silver Lake Partners IV, L.P.",,2026-06-04,2026-06-08,577,403.33,232721.41,D,S,182537,False,False,False,0001193125-26-262657,https://www.sec.gov/Archives/edgar/data/1571996/000119312526262657/0001193125-26-262657.txt
"Silver Lake Partners IV, L.P.",,2026-06-04,2026-06-08,979,404.68,396181.72,D,S,181557,False,False,False,0001193125-26-262657,https://www.sec.gov/Archives/edgar/data/1571996/000119312526262657/0001193125-26-262657.txt
"Silver Lake Partners IV, L.P.",,2026-06-04,2026-06-08,2137,405.54,866638.98,D,S,179420,False,False,False,0001193125-26-262657,https://www.sec.gov/Archives/edgar/data/1571996/000119312526262657/0001193125-26-262657.txt
"Silver Lake Partners IV, L.P.",,2026-06-04,2026-06-08,4640,406.58,1886531.2,D,S,174780,False,False,False,0001193125-26-262657,https://www.sec.gov/Archives/edgar/data/1571996/000119312526262657/0001193125-26-262657.txt
"Silver Lake Partners IV, L.P.",,2026-06-04,2026-06-08,1691,407.44,688981.04,D,S,173089,False,False,False,0001193125-26-262657,https://www.sec.gov/Archives/edgar/data/1571996/000119312526262657/0001193125-26-262657.txt
"Silver Lake Partners IV, L.P.",,2026-06-04,2026-06-08,1200,408.4,490080.0,D,S,171889,False,False,False,0001193125-26-262657,https://www.sec.gov/Archives/edgar/data/1571996/000119312526262657/0001193125-26-262657.txt
"Silver Lake Partners IV, L.P.",,2026-06-04,2026-06-08,992,409.49,406214.08,D,S,170897,False,False,False,0001193125-26-262657,https://www.sec.gov/Archives/edgar/data/1571996/000119312526262657/0001193125-26-262657.txt
"Silver Lake Partners IV, L.P.",,2026-06-04,2026-06-08,966,410.57,396610.62,D,S,169931,False,False,False,0001193125-26-262657,https://www.sec.gov/Archives/edgar/data/1571996/000119312526262657/0001193125-26-262657.txt
"Silver Lake Partners IV, L.P.",,2026-06-04,2026-06-08,1645,411.82,677443.9,D,S,168287,False,False,False,0001193125-26-262657,https://www.sec.gov/Archives/edgar/data/1571996/000119312526262657/0001193125-26-262657.txt
"Silver Lake Partners IV, L.P.",,2026-06-04,2026-06-08,2458,412.59,1014146.22,D,S,165828,False,False,False,0001193125-26-262657,https://www.sec.gov/Archives/edgar/data/1571996/000119312526262657/0001193125-26-262657.txt
"Silver Lake Partners IV, L.P.",,2026-06-04,2026-06-08,6309,413.81,2610727.29,D,S,159520,False,False,False,0001193125-26-262657,https://www.sec.gov/Archives/edgar/data/1571996/000119312526262657/0001193125-26-262657.txt
"Silver Lake Partners IV, L.P.",,2026-06-04,2026-06-08,17883,414.51,7412682.33,D,S,141637,False,False,False,0001193125-26-262657,https://www.sec.gov/Archives/edgar/data/1571996/000119312526262657/0001193125-26-262657.txt
"Silver Lake Partners IV, L.P.",,2026-06-04,2026-06-08,13935,415.58,5791107.3,D,S,127702,False,False,False,0001193125-26-262657,https://www.sec.gov/Archives/edgar/data/1571996/000119312526262657/0001193125-26-262657.txt
"Silver Lake Partners IV, L.P.",,2026-06-04,2026-06-08,3416,416.46,1422627.36,D,S,124286,False,False,False,0001193125-26-262657,https://www.sec.gov/Archives/edgar/data/1571996/000119312526262657/0001193125-26-262657.txt
"Silver Lake Partners IV, L.P.",,2026-06-04,2026-06-08,1285,417.81,536885.85,D,S,123001,False,False,False,0001193125-26-262657,https://www.sec.gov/Archives/edgar/data/1571996/000119312526262657/0001193125-26-262657.txt
"Silver Lake Partners IV, L.P.",,2026-06-04,2026-06-08,5702,418.68,2387313.36,D,S,117299,False,False,False,0001193125-26-262657,https://www.sec.gov/Archives/edgar/data/1571996/000119312526262657/0001193125-26-262657.txt
"Silver Lake Partners IV, L.P.",,2026-06-04,2026-06-08,8371,419.81,3514229.51,D,S,108928,False,False,False,0001193125-26-262657,https://www.sec.gov/Archives/edgar/data/1571996/000119312526262657/0001193125-26-262657.txt
"Silver Lake Partners IV, L.P.",,2026-06-04,2026-06-08,3585,420.59,1507815.15,D,S,105342,False,False,False,0001193125-26-262657,https://www.sec.gov/Archives/edgar/data/1571996/000119312526262657/0001193125-26-262657.txt
"SL SPV-2, L.P.",,2026-06-04,2026-06-08,16151,421.85,6813299.35,D,S,90136,False,False,False,0001193125-26-262696,https://www.sec.gov/Archives/edgar/data/1571996/000119312526262696/0001193125-26-262696.txt
"SL SPV-2, L.P.",,2026-06-04,2026-06-08,8774,422.97,3711138.78,D,S,81362,False,False,False,0001193125-26-262696,https://www.sec.gov/Archives/edgar/data/1571996/000119312526262696/0001193125-26-262696.txt
"SL SPV-2, L.P.",,2026-06-04,2026-06-08,15979,423.94,6774137.26,D,S,65383,False,False,False,0001193125-26-262696,https://www.sec.gov/Archives/edgar/data/1571996/000119312526262696/0001193125-26-262696.txt
"SL SPV-2, L.P.",,2026-06-04,2026-06-08,19669,425.02,8359718.38,D,S,45714,False,False,False,0001193125-26-262696,https://www.sec.gov/Archives/edgar/data/1571996/000119312526262696/0001193125-26-262696.txt
"SL SPV-2, L.P.",,2026-06-04,2026-06-08,7356,425.83,3132405.48,D,S,38358,False,False,False,0001193125-26-262696,https://www.sec.gov/Archives/edgar/data/1571996/000119312526262696/0001193125-26-262696.txt
"SL SPV-2, L.P.",,2026-06-04,2026-06-08,8847,427.12,3778730.64,D,S,29511,False,False,False,0001193125-26-262696,https://www.sec.gov/Archives/edgar/data/1571996/000119312526262696/0001193125-26-262696.txt
"SL SPV-2, L.P.",,2026-06-04,2026-06-08,5676,428.08,2429782.08,D,S,23835,False,False,False,0001193125-26-262696,https://www.sec.gov/Archives/edgar/data/1571996/000119312526262696/0001193125-26-262696.txt
"SL SPV-2, L.P.",,2026-06-04,2026-06-08,1087,428.89,466203.43,D,S,22748,False,False,False,0001193125-26-262696,https://www.sec.gov/Archives/edgar/data/1571996/000119312526262696/0001193125-26-262696.txt
"SL SPV-2, L.P.",,2026-06-04,2026-06-08,203,430.11,87312.33,D,S,22545,False,False,False,0001193125-26-262696,https://www.sec.gov/Archives/edgar/data/1571996/000119312526262696/0001193125-26-262696.txt
"SL SPV-2, L.P.",,2026-06-04,2026-06-08,22545,0.0,0.0,D,J,0,False,False,False,0001193125-26-262696,https://www.sec.gov/Archives/edgar/data/1571996/000119312526262696/0001193125-26-262696.txt
"SL SPV-2, L.P.",,2026-06-04,2026-06-08,179015,0.0,0.0,A,M,179015,False,False,False,0001193125-26-262694,https://www.sec.gov/Archives/edgar/data/1571996/000119312526262694/0001193125-26-262694.txt
"SL SPV-2, L.P.",,2026-06-04,2026-06-08,606,401.89,243545.34,D,S,178409,False,False,False,0001193125-26-262694,https://www.sec.gov/Archives/edgar/data/1571996/000119312526262694/0001193125-26-262694.txt
"SL SPV-2, L.P.",,2026-06-04,2026-06-08,536,403.33,216184.88,D,S,177873,False,False,False,0001193125-26-262694,https://www.sec.gov/Archives/edgar/data/1571996/000119312526262694/0001193125-26-262694.txt
"SL SPV-2, L.P.",,2026-06-04,2026-06-08,908,404.68,367449.44,D,S,176965,False,False,False,0001193125-26-262694,https://www.sec.gov/Archives/edgar/data/1571996/000119312526262694/0001193125-26-262694.txt
"SL SPV-2, L.P.",,2026-06-04,2026-06-08,1982,405.54,803780.28,D,S,174983,False,False,False,0001193125-26-262694,https://www.sec.gov/Archives/edgar/data/1571996/000119312526262694/0001193125-26-262694.txt
"SL SPV-2, L.P.",,2026-06-04,2026-06-08,4303,406.58,1749513.74,D,S,170680,False,False,False,0001193125-26-262694,https://www.sec.gov/Archives/edgar/data/1571996/000119312526262694/0001193125-26-262694.txt
"SL SPV-2, L.P.",,2026-06-04,2026-06-08,1568,407.44,638865.92,D,S,169112,False,False,False,0001193125-26-262694,https://www.sec.gov/Archives/edgar/data/1571996/000119312526262694/0001193125-26-262694.txt
"SL SPV-2, L.P.",,2026-06-04,2026-06-08,1113,408.4,454549.2,D,S,167999,False,False,False,0001193125-26-262694,https://www.sec.gov/Archives/edgar/data/1571996/000119312526262694/0001193125-26-262694.txt
"SL SPV-2, L.P.",,2026-06-04,2026-06-08,920,409.49,376730.8,D,S,167079,False,False,False,0001193125-26-262694,https://www.sec.gov/Archives/edgar/data/1571996/000119312526262694/0001193125-26-262694.txt
"SL SPV-2, L.P.",,2026-06-04,2026-06-08,896,410.57,367870.72,D,S,166184,False,False,False,0001193125-26-262694,https://www.sec.gov/Archives/edgar/data/1571996/000119312526262694/0001193125-26-262694.txt
"SL SPV-2, L.P.",,2026-06-04,2026-06-08,1525,411.82,628025.5,D,S,164658,False,False,False,0001193125-26-262694,https://www.sec.gov/Archives/edgar/data/1571996/000119312526262694/0001193125-26-262694.txt
"SL SPV-2, L.P.",,2026-06-04,2026-06-08,2280,412.59,940705.2,D,S,162379,False,False,False,0001193125-26-262694,https://www.sec.gov/Archives/edgar/data/1571996/000119312526262694/0001193125-26-262694.txt
"SL SPV-2, L.P.",,2026-06-04,2026-06-08,5850,413.81,2420788.5,D,S,156528,False,False,False,0001193125-26-262694,https://www.sec.gov/Archives/edgar/data/1571996/000119312526262694/0001193125-26-262694.txt
"SL SPV-2, L.P.",,2026-06-04,2026-06-08,16583,414.51,6873819.33,D,S,139945,False,False,False,0001193125-26-262694,https://www.sec.gov/Archives/edgar/data/1571996/000119312526262694/0001193125-26-262694.txt
"SL SPV-2, L.P.",,2026-06-04,2026-06-08,12922,415.58,5370124.76,D,S,127022,False,False,False,0001193125-26-262694,https://www.sec.gov/Archives/edgar/data/1571996/000119312526262694/0001193125-26-262694.txt
"SL SPV-2, L.P.",,2026-06-04,2026-06-08,3168,416.46,1319345.28,D,S,123854,False,False,False,0001193125-26-262694,https://www.sec.gov/Archives/edgar/data/1571996/000119312526262694/0001193125-26-262694.txt
"SL SPV-2, L.P.",,2026-06-04,2026-06-08,1192,417.81,498029.52,D,S,122663,False,False,False,0001193125-26-262694,https://www.sec.gov/Archives/edgar/data/1571996/000119312526262694/0001193125-26-262694.txt
"SL SPV-2, L.P.",,2026-06-04,2026-06-08,5288,418.68,2213979.84,D,S,117375,False,False,False,0001193125-26-262694,https://www.sec.gov/Archives/edgar/data/1571996/000119312526262694/0001193125-26-262694.txt
"SL SPV-2, L.P.",,2026-06-04,2026-06-08,7763,419.81,3258985.03,D,S,109612,False,False,False,0001193125-26-262694,https://www.sec.gov/Archives/edgar/data/1571996/000119312526262694/0001193125-26-262694.txt
"SL SPV-2, L.P.",,2026-06-04,2026-06-08,3325,420.59,1398461.75,D,S,106287,False,False,False,0001193125-26-262694,https://www.sec.gov/Archives/edgar/data/1571996/000119312526262694/0001193125-26-262694.txt
"Silver Lake Technology Investors V, L.P.",,2026-06-03,2026-06-05,610,0.0,0.0,A,M,610,False,False,False,0001193125-26-260117,https://www.sec.gov/Archives/edgar/data/1571996/000119312526260117/0001193125-26-260117.txt
"Silver Lake Technology Investors V, L.P.",,2026-06-03,2026-06-05,230,420.22,96650.6,D,S,380,False,False,False,0001193125-26-260117,https://www.sec.gov/Archives/edgar/data/1571996/000119312526260117/0001193125-26-260117.txt
"Silver Lake Technology Investors V, L.P.",,2026-06-03,2026-06-05,174,421.2,73288.8,D,S,206,False,False,False,0001193125-26-260117,https://www.sec.gov/Archives/edgar/data/1571996/000119312526260117/0001193125-26-260117.txt
"Silver Lake Technology Investors V, L.P.",,2026-06-03,2026-06-05,1,422.04,422.04,D,S,205,False,False,False,0001193125-26-260117,https://www.sec.gov/Archives/edgar/data/1571996/000119312526260117/0001193125-26-260117.txt
"Silver Lake Technology Investors V, L.P.",,2026-06-03,2026-06-05,61,425.37,25947.57,D,S,143,False,False,False,0001193125-26-260117,https://www.sec.gov/Archives/edgar/data/1571996/000119312526260117/0001193125-26-260117.txt
"Silver Lake Technology Investors V, L.P.",,2026-06-03,2026-06-05,23,426.43,9807.89,D,S,121,False,False,False,0001193125-26-260117,https://www.sec.gov/Archives/edgar/data/1571996/000119312526260117/0001193125-26-260117.txt
"Silver Lake Technology Investors V, L.P.",,2026-06-03,2026-06-05,34,427.58,14537.72,D,S,87,False,False,False,0001193125-26-260117,https://www.sec.gov/Archives/edgar/data/1571996/000119312526260117/0001193125-26-260117.txt
"Silver Lake Technology Investors V, L.P.",,2026-06-03,2026-06-05,22,428.4,9424.8,D,S,64,False,False,False,0001193125-26-260117,https://www.sec.gov/Archives/edgar/data/1571996/000119312526260117/0001193125-26-260117.txt
"Silver Lake Technology Investors V, L.P.",,2026-06-03,2026-06-05,28,429.61,12029.08,D,S,36,False,False,False,0001193125-26-260117,https://www.sec.gov/Archives/edgar/data/1571996/000119312526260117/0001193125-26-260117.txt
"Silver Lake Technology Investors V, L.P.",,2026-06-03,2026-06-05,36,430.07,15482.52,D,S,0,False,False,False,0001193125-26-260117,https://www.sec.gov/Archives/edgar/data/1571996/000119312526260117/0001193125-26-260117.txt
"Silver Lake Technology Investors IV, L.P.",,2026-06-03,2026-06-05,1352,0.0,0.0,A,M,1352,False,False,False,0001193125-26-260113,https://www.sec.gov/Archives/edgar/data/1571996/000119312526260113/0001193125-26-260113.txt
"Silver Lake Technology Investors IV, L.P.",,2026-06-03,2026-06-05,509,420.22,213891.98,D,S,843,False,False,False,0001193125-26-260113,https://www.sec.gov/Archives/edgar/data/1571996/000119312526260113/0001193125-26-260113.txt
"Silver Lake Technology Investors IV, L.P.",,2026-06-03,2026-06-05,386,421.2,162583.2,D,S,457,False,False,False,0001193125-26-260113,https://www.sec.gov/Archives/edgar/data/1571996/000119312526260113/0001193125-26-260113.txt
"Silver Lake Technology Investors IV, L.P.",,2026-06-03,2026-06-05,3,422.04,1266.12,D,S,454,False,False,False,0001193125-26-260113,https://www.sec.gov/Archives/edgar/data/1571996/000119312526260113/0001193125-26-260113.txt
"Silver Lake Technology Investors IV, L.P.",,2026-06-03,2026-06-05,136,425.37,57850.32,D,S,318,False,False,False,0001193125-26-260113,https://www.sec.gov/Archives/edgar/data/1571996/000119312526260113/0001193125-26-260113.txt
"Silver Lake Technology Investors IV, L.P.",,2026-06-03,2026-06-05,50,426.43,21321.5,D,S,267,False,False,False,0001193125-26-260113,https://www.sec.gov/Archives/edgar/data/1571996/000119312526260113/0001193125-26-260113.txt
"Silver Lake Technology Investors IV, L.P.",,2026-06-03,2026-06-05,75,427.58,32068.5,D,S,192,False,False,False,0001193125-26-260113,https://www.sec.gov/Archives/edgar/data/1571996/000119312526260113/0001193125-26-260113.txt
"Silver Lake Technology Investors IV, L.P.",,2026-06-03,2026-06-05,49,428.4,20991.6,D,S,143,False,False,False,0001193125-26-260113,https://www.sec.gov/Archives/edgar/data/1571996/000119312526260113/0001193125-26-260113.txt
"Silver Lake Technology Investors IV, L.P.",,2026-06-03,2026-06-05,62,429.61,26635.82,D,S,81,False,False,False,0001193125-26-260113,https://www.sec.gov/Archives/edgar/data/1571996/000119312526260113/0001193125-26-260113.txt
"Silver Lake Technology Investors IV, L.P.",,2026-06-03,2026-06-05,81,430.07,34835.67,D,S,0,False,False,False,0001193125-26-260113,https://www.sec.gov/Archives/edgar/data/1571996/000119312526260113/0001193125-26-260113.txt
"Silver Lake Partners V DE (AIV), L.P.",,2026-06-03,2026-06-05,49738,0.0,0.0,A,M,129644,False,False,False,0001193125-26-260112,https://www.sec.gov/Archives/edgar/data/1571996/000119312526260112/0001193125-26-260112.txt
"Silver Lake Partners V DE (AIV), L.P.",,2026-06-03,2026-06-05,13345,420.22,5607835.9,D,S,116299,False,False,False,0001193125-26-260112,https://www.sec.gov/Archives/edgar/data/1571996/000119312526260112/0001193125-26-260112.txt
"Silver Lake Partners V DE (AIV), L.P.",,2026-06-03,2026-06-05,10126,421.2,4265071.2,D,S,106174,False,False,False,0001193125-26-260112,https://www.sec.gov/Archives/edgar/data/1571996/000119312526260112/0001193125-26-260112.txt
"Silver Lake Partners V DE (AIV), L.P.",,2026-06-03,2026-06-05,80,422.04,33763.2,D,S,106094,False,False,False,0001193125-26-260112,https://www.sec.gov/Archives/edgar/data/1571996/000119312526260112/0001193125-26-260112.txt
"Silver Lake Partners V DE (AIV), L.P.",,2026-06-03,2026-06-05,3560,425.37,1514317.2,D,S,102533,False,False,False,0001193125-26-260112,https://www.sec.gov/Archives/edgar/data/1571996/000119312526260112/0001193125-26-260112.txt
"Silver Lake Partners V DE (AIV), L.P.",,2026-06-03,2026-06-05,1319,426.43,562461.17,D,S,101214,False,False,False,0001193125-26-260112,https://www.sec.gov/Archives/edgar/data/1571996/000119312526260112/0001193125-26-260112.txt
"Silver Lake Partners V DE (AIV), L.P.",,2026-06-03,2026-06-05,1977,427.58,845325.66,D,S,99237,False,False,False,0001193125-26-260112,https://www.sec.gov/Archives/edgar/data/1571996/000119312526260112/0001193125-26-260112.txt
"Silver Lake Partners V DE (AIV), L.P.",,2026-06-03,2026-06-05,1283,428.4,549637.2,D,S,97954,False,False,False,0001193125-26-260112,https://www.sec.gov/Archives/edgar/data/1571996/000119312526260112/0001193125-26-260112.txt
"Silver Lake Partners V DE (AIV), L.P.",,2026-06-03,2026-06-05,1630,429.61,700264.3,D,S,96324,False,False,False,0001193125-26-260112,https://www.sec.gov/Archives/edgar/data/1571996/000119312526260112/0001193125-26-260112.txt
"Silver Lake Partners V DE (AIV), L.P.",,2026-06-03,2026-06-05,2117,430.07,910458.19,D,S,94207,False,False,False,0001193125-26-260112,https://www.sec.gov/Archives/edgar/data/1571996/000119312526260112/0001193125-26-260112.txt
"Silver Lake Partners IV, L.P.",,2026-06-03,2026-06-05,91886,0.0,0.0,A,M,91886,False,False,False,0001193125-26-260118,https://www.sec.gov/Archives/edgar/data/1571996/000119312526260118/0001193125-26-260118.txt
"Silver Lake Partners IV, L.P.",,2026-06-03,2026-06-05,31770,420.22,13350389.4,D,S,60116,False,False,False,0001193125-26-260118,https://www.sec.gov/Archives/edgar/data/1571996/000119312526260118/0001193125-26-260118.txt
"Silver Lake Partners IV, L.P.",,2026-06-03,2026-06-05,24106,421.2,10153447.2,D,S,36010,False,False,False,0001193125-26-260118,https://www.sec.gov/Archives/edgar/data/1571996/000119312526260118/0001193125-26-260118.txt
"Silver Lake Partners IV, L.P.",,2026-06-03,2026-06-05,190,422.04,80187.6,D,S,35820,False,False,False,0001193125-26-260118,https://www.sec.gov/Archives/edgar/data/1571996/000119312526260118/0001193125-26-260118.txt
"Silver Lake Partners IV, L.P.",,2026-06-03,2026-06-05,8476,425.37,3605436.12,D,S,27344,False,False,False,0001193125-26-260118,https://www.sec.gov/Archives/edgar/data/1571996/000119312526260118/0001193125-26-260118.txt
"Silver Lake Partners IV, L.P.",,2026-06-03,2026-06-05,3141,426.43,1339416.63,D,S,24202,False,False,False,0001193125-26-260118,https://www.sec.gov/Archives/edgar/data/1571996/000119312526260118/0001193125-26-260118.txt
"Silver Lake Partners IV, L.P.",,2026-06-03,2026-06-05,4706,427.58,2012191.48,D,S,19497,False,False,False,0001193125-26-260118,https://www.sec.gov/Archives/edgar/data/1571996/000119312526260118/0001193125-26-260118.txt
"Silver Lake Partners IV, L.P.",,2026-06-03,2026-06-05,3055,428.4,1308762.0,D,S,16441,False,False,False,0001193125-26-260118,https://www.sec.gov/Archives/edgar/data/1571996/000119312526260118/0001193125-26-260118.txt
"Silver Lake Partners IV, L.P.",,2026-06-03,2026-06-05,3880,429.61,1666886.8,D,S,12562,False,False,False,0001193125-26-260118,https://www.sec.gov/Archives/edgar/data/1571996/000119312526260118/0001193125-26-260118.txt
"Silver Lake Partners IV, L.P.",,2026-06-03,2026-06-05,5041,430.07,2167982.87,D,S,7521,False,False,False,0001193125-26-260118,https://www.sec.gov/Archives/edgar/data/1571996/000119312526260118/0001193125-26-260118.txt
"Silver Lake Partners IV, L.P.",,2026-06-03,2026-06-05,7521,0.0,0.0,D,J,0,False,False,False,0001193125-26-260118,https://www.sec.gov/Archives/edgar/data/1571996/000119312526260118/0001193125-26-260118.txt
"Silver Lake Partners IV, L.P.",,2026-06-03,2026-06-05,7487,0.0,0.0,D,G,1313489,False,False,False,0001193125-26-260118,https://www.sec.gov/Archives/edgar/data/1571996/000119312526260118/0001193125-26-260118.txt
"SL SPV-2, L.P.",,2026-06-03,2026-06-05,89510,0.0,0.0,A,M,89510,False,False,False,0001193125-26-260102,https://www.sec.gov/Archives/edgar/data/1571996/000119312526260102/0001193125-26-260102.txt
"SL SPV-2, L.P.",,2026-06-03,2026-06-05,29462,420.22,12380521.64,D,S,60048,False,False,False,0001193125-26-260102,https://www.sec.gov/Archives/edgar/data/1571996/000119312526260102/0001193125-26-260102.txt
"SL SPV-2, L.P.",,2026-06-03,2026-06-05,22355,421.2,9415926.0,D,S,37693,False,False,False,0001193125-26-260102,https://www.sec.gov/Archives/edgar/data/1571996/000119312526260102/0001193125-26-260102.txt
"SL SPV-2, L.P.",,2026-06-03,2026-06-05,176,422.04,74279.04,D,S,37517,False,False,False,0001193125-26-260102,https://www.sec.gov/Archives/edgar/data/1571996/000119312526260102/0001193125-26-260102.txt
"SL SPV-2, L.P.",,2026-06-03,2026-06-05,7860,425.37,3343408.2,D,S,29657,False,False,False,0001193125-26-260102,https://www.sec.gov/Archives/edgar/data/1571996/000119312526260102/0001193125-26-260102.txt
"SL SPV-2, L.P.",,2026-06-03,2026-06-05,2913,426.43,1242190.59,D,S,26744,False,False,False,0001193125-26-260102,https://www.sec.gov/Archives/edgar/data/1571996/000119312526260102/0001193125-26-260102.txt
"SL SPV-2, L.P.",,2026-06-03,2026-06-05,4364,427.58,1865959.12,D,S,22380,False,False,False,0001193125-26-260102,https://www.sec.gov/Archives/edgar/data/1571996/000119312526260102/0001193125-26-260102.txt
"SL SPV-2, L.P.",,2026-06-03,2026-06-05,2833,428.4,1213657.2,D,S,19546,False,False,False,0001193125-26-260102,https://www.sec.gov/Archives/edgar/data/1571996/000119312526260102/0001193125-26-260102.txt
"SL SPV-2, L.P.",,2026-06-03,2026-06-05,3598,429.61,1545736.78,D,S,15949,False,False,False,0001193125-26-260102,https://www.sec.gov/Archives/edgar/data/1571996/000119312526260102/0001193125-26-260102.txt
"SL SPV-2, L.P.",,2026-06-03,2026-06-05,4675,430.07,2010577.25,D,S,11274,False,False,False,0001193125-26-260102,https://www.sec.gov/Archives/edgar/data/1571996/000119312526260102/0001193125-26-260102.txt
"SL SPV-2, L.P.",,2026-06-03,2026-06-05,11274,0.0,0.0,D,J,0,False,False,False,0001193125-26-260102,https://www.sec.gov/Archives/edgar/data/1571996/000119312526260102/0001193125-26-260102.txt
Rothberg Richard J,General Counsel & Secretary,2026-06-03,2026-06-04,6450,0.0,0.0,D,G,162415,False,False,True,0001680902-26-000004,https://www.sec.gov/Archives/edgar/data/1571996/000168090226000004/0001680902-26-000004.txt
"Silver Lake Technology Investors V, L.P.",,2026-06-02,2026-06-04,19,454.86,8642.34,D,S,121,False,False,False,0001193125-26-257965,https://www.sec.gov/Archives/edgar/data/1571996/000119312526257965/0001193125-26-257965.txt
"Silver Lake Technology Investors V, L.P.",,2026-06-02,2026-06-04,27,455.75,12305.25,D,S,93,False,False,False,0001193125-26-257965,https://www.sec.gov/Archives/edgar/data/1571996/000119312526257965/0001193125-26-257965.txt
"Silver Lake Technology Investors V, L.P.",,2026-06-02,2026-06-04,39,456.74,17812.86,D,S,54,False,False,False,0001193125-26-257965,https://www.sec.gov/Archives/edgar/data/1571996/000119312526257965/0001193125-26-257965.txt
"Silver Lake Technology Investors V, L.P.",,2026-06-02,2026-06-04,26,457.69,11899.94,D,S,28,False,False,False,0001193125-26-257965,https://www.sec.gov/Archives/edgar/data/1571996/000119312526257965/0001193125-26-257965.txt
"Silver Lake Technology Investors V, L.P.",,2026-06-02,2026-06-04,4,458.44,1833.76,D,S,25,False,False,False,0001193125-26-257965,https://www.sec.gov/Archives/edgar/data/1571996/000119312526257965/0001193125-26-257965.txt
"Silver Lake Technology Investors V, L.P.",,2026-06-02,2026-06-04,1,460.35,460.35,D,S,24,False,False,False,0001193125-26-257965,https://www.sec.gov/Archives/edgar/data/1571996/000119312526257965/0001193125-26-257965.txt
"Silver Lake Technology Investors V, L.P.",,2026-06-02,2026-06-04,1,462.19,462.19,D,S,23,False,False,False,0001193125-26-257965,https://www.sec.gov/Archives/edgar/data/1571996/000119312526257965/0001193125-26-257965.txt
"Silver Lake Technology Investors V, L.P.",,2026-06-02,2026-06-04,13,465.61,6052.93,D,S,10,False,False,False,0001193125-26-257965,https://www.sec.gov/Archives/edgar/data/1571996/000119312526257965/0001193125-26-257965.txt
"Silver Lake Technology Investors V, L.P.",,2026-06-02,2026-06-04,8,466.34,3730.72,D,S,3,False,False,False,0001193125-26-257965,https://www.sec.gov/Archives/edgar/data/1571996/000119312526257965/0001193125-26-257965.txt
"Silver Lake Technology Investors V, L.P.",,2026-06-02,2026-06-04,3,467.79,1403.37,D,S,0,False,False,False,0001193125-26-257965,https://www.sec.gov/Archives/edgar/data/1571996/000119312526257965/0001193125-26-257965.txt
"Silver Lake Technology Investors V, L.P.",,2026-06-02,2026-06-04,1418,0.0,0.0,A,M,1418,False,False,False,0001193125-26-257964,https://www.sec.gov/Archives/edgar/data/1571996/000119312526257964/0001193125-26-257964.txt
"Silver Lake Technology Investors V, L.P.",,2026-06-02,2026-06-04,131,434.07,56863.17,D,S,1287,False,False,False,0001193125-26-257964,https://www.sec.gov/Archives/edgar/data/1571996/000119312526257964/0001193125-26-257964.txt
"Silver Lake Technology Investors V, L.P.",,2026-06-02,2026-06-04,408,435.24,177577.92,D,S,879,False,False,False,0001193125-26-257964,https://www.sec.gov/Archives/edgar/data/1571996/000119312526257964/0001193125-26-257964.txt
"Silver Lake Technology Investors V, L.P.",,2026-06-02,2026-06-04,95,436.14,41433.3,D,S,784,False,False,False,0001193125-26-257964,https://www.sec.gov/Archives/edgar/data/1571996/000119312526257964/0001193125-26-257964.txt
"Silver Lake Technology Investors V, L.P.",,2026-06-02,2026-06-04,77,437.12,33658.24,D,S,708,False,False,False,0001193125-26-257964,https://www.sec.gov/Archives/edgar/data/1571996/000119312526257964/0001193125-26-257964.txt
"Silver Lake Technology Investors V, L.P.",,2026-06-02,2026-06-04,110,438.06,48186.6,D,S,597,False,False,False,0001193125-26-257964,https://www.sec.gov/Archives/edgar/data/1571996/000119312526257964/0001193125-26-257964.txt
"Silver Lake Technology Investors V, L.P.",,2026-06-02,2026-06-04,45,439.13,19760.85,D,S,552,False,False,False,0001193125-26-257964,https://www.sec.gov/Archives/edgar/data/1571996/000119312526257964/0001193125-26-257964.txt
"Silver Lake Technology Investors V, L.P.",,2026-06-02,2026-06-04,27,439.99,11879.73,D,S,526,False,False,False,0001193125-26-257964,https://www.sec.gov/Archives/edgar/data/1571996/000119312526257964/0001193125-26-257964.txt
"Silver Lake Technology Investors V, L.P.",,2026-06-02,2026-06-04,30,441.13,13233.9,D,S,496,False,False,False,0001193125-26-257964,https://www.sec.gov/Archives/edgar/data/1571996/000119312526257964/0001193125-26-257964.txt
"Silver Lake Technology Investors V, L.P.",,2026-06-02,2026-06-04,39,442.24,17247.36,D,S,457,False,False,False,0001193125-26-257964,https://www.sec.gov/Archives/edgar/data/1571996/000119312526257964/0001193125-26-257964.txt
"Silver Lake Technology Investors V, L.P.",,2026-06-02,2026-06-04,62,443.09,27471.58,D,S,394,False,False,False,0001193125-26-257964,https://www.sec.gov/Archives/edgar/data/1571996/000119312526257964/0001193125-26-257964.txt
"Silver Lake Technology Investors V, L.P.",,2026-06-02,2026-06-04,42,444.06,18650.52,D,S,352,False,False,False,0001193125-26-257964,https://www.sec.gov/Archives/edgar/data/1571996/000119312526257964/0001193125-26-257964.txt
"Silver Lake Technology Investors V, L.P.",,2026-06-02,2026-06-04,37,445.25,16474.25,D,S,315,False,False,False,0001193125-26-257964,https://www.sec.gov/Archives/edgar/data/1571996/000119312526257964/0001193125-26-257964.txt
"Silver Lake Technology Investors V, L.P.",,2026-06-02,2026-06-04,60,446.17,26770.2,D,S,255,False,False,False,0001193125-26-257964,https://www.sec.gov/Archives/edgar/data/1571996/000119312526257964/0001193125-26-257964.txt
"Silver Lake Technology Investors V, L.P.",,2026-06-02,2026-06-04,45,447.03,20116.35,D,S,210,False,False,False,0001193125-26-257964,https://www.sec.gov/Archives/edgar/data/1571996/000119312526257964/0001193125-26-257964.txt
"Silver Lake Technology Investors V, L.P.",,2026-06-02,2026-06-04,3,447.94,1343.82,D,S,207,False,False,False,0001193125-26-257964,https://www.sec.gov/Archives/edgar/data/1571996/000119312526257964/0001193125-26-257964.txt
"Silver Lake Technology Investors V, L.P.",,2026-06-02,2026-06-04,29,450.62,13067.98,D,S,179,False,False,False,0001193125-26-257964,https://www.sec.gov/Archives/edgar/data/1571996/000119312526257964/0001193125-26-257964.txt
"Silver Lake Technology Investors V, L.P.",,2026-06-02,2026-06-04,18,451.51,8127.18,D,S,161,False,False,False,0001193125-26-257964,https://www.sec.gov/Archives/edgar/data/1571996/000119312526257964/0001193125-26-257964.txt
"Silver Lake Technology Investors V, L.P.",,2026-06-02,2026-06-04,16,452.43,7238.88,D,S,145,False,False,False,0001193125-26-257964,https://www.sec.gov/Archives/edgar/data/1571996/000119312526257964/0001193125-26-257964.txt
"Silver Lake Technology Investors V, L.P.",,2026-06-02,2026-06-04,6,453.77,2722.62,D,S,140,False,False,False,0001193125-26-257964,https://www.sec.gov/Archives/edgar/data/1571996/000119312526257964/0001193125-26-257964.txt
"Silver Lake Technology Investors IV, L.P.",,2026-06-02,2026-06-04,42,454.86,19104.12,D,S,268,False,False,False,0001193125-26-257955,https://www.sec.gov/Archives/edgar/data/1571996/000119312526257955/0001193125-26-257955.txt
"Silver Lake Technology Investors IV, L.P.",,2026-06-02,2026-06-04,61,455.75,27800.75,D,S,207,False,False,False,0001193125-26-257955,https://www.sec.gov/Archives/edgar/data/1571996/000119312526257955/0001193125-26-257955.txt
"Silver Lake Technology Investors IV, L.P.",,2026-06-02,2026-06-04,87,456.74,39736.38,D,S,120,False,False,False,0001193125-26-257955,https://www.sec.gov/Archives/edgar/data/1571996/000119312526257955/0001193125-26-257955.txt
"Silver Lake Technology Investors IV, L.P.",,2026-06-02,2026-06-04,57,457.69,26088.33,D,S,63,False,False,False,0001193125-26-257955,https://www.sec.gov/Archives/edgar/data/1571996/000119312526257955/0001193125-26-257955.txt
"Silver Lake Technology Investors IV, L.P.",,2026-06-02,2026-06-04,8,458.44,3667.52,D,S,54,False,False,False,0001193125-26-257955,https://www.sec.gov/Archives/edgar/data/1571996/000119312526257955/0001193125-26-257955.txt
"Silver Lake Technology Investors IV, L.P.",,2026-06-02,2026-06-04,1,460.35,460.35,D,S,53,False,False,False,0001193125-26-257955,https://www.sec.gov/Archives/edgar/data/1571996/000119312526257955/0001193125-26-257955.txt
"Silver Lake Technology Investors IV, L.P.",,2026-06-02,2026-06-04,2,462.19,924.38,D,S,52,False,False,False,0001193125-26-257955,https://www.sec.gov/Archives/edgar/data/1571996/000119312526257955/0001193125-26-257955.txt
"Silver Lake Technology Investors IV, L.P.",,2026-06-02,2026-06-04,29,465.61,13502.69,D,S,23,False,False,False,0001193125-26-257955,https://www.sec.gov/Archives/edgar/data/1571996/000119312526257955/0001193125-26-257955.txt
"Silver Lake Technology Investors IV, L.P.",,2026-06-02,2026-06-04,17,466.34,7927.78,D,S,7,False,False,False,0001193125-26-257955,https://www.sec.gov/Archives/edgar/data/1571996/000119312526257955/0001193125-26-257955.txt
"Silver Lake Technology Investors IV, L.P.",,2026-06-02,2026-06-04,7,467.79,3274.53,D,S,0,False,False,False,0001193125-26-257955,https://www.sec.gov/Archives/edgar/data/1571996/000119312526257955/0001193125-26-257955.txt
"Silver Lake Technology Investors IV, L.P.",,2026-06-02,2026-06-04,3145,0.0,0.0,A,M,3145,False,False,False,0001193125-26-257950,https://www.sec.gov/Archives/edgar/data/1571996/000119312526257950/0001193125-26-257950.txt
"Silver Lake Technology Investors IV, L.P.",,2026-06-02,2026-06-04,291,434.07,126314.37,D,S,2854,False,False,False,0001193125-26-257950,https://www.sec.gov/Archives/edgar/data/1571996/000119312526257950/0001193125-26-257950.txt
"Silver Lake Technology Investors IV, L.P.",,2026-06-02,2026-06-04,904,435.24,393456.96,D,S,1950,False,False,False,0001193125-26-257950,https://www.sec.gov/Archives/edgar/data/1571996/000119312526257950/0001193125-26-257950.txt
"Silver Lake Technology Investors IV, L.P.",,2026-06-02,2026-06-04,211,436.14,92025.54,D,S,1739,False,False,False,0001193125-26-257950,https://www.sec.gov/Archives/edgar/data/1571996/000119312526257950/0001193125-26-257950.txt
"Silver Lake Technology Investors IV, L.P.",,2026-06-02,2026-06-04,170,437.12,74310.4,D,S,1569,False,False,False,0001193125-26-257950,https://www.sec.gov/Archives/edgar/data/1571996/000119312526257950/0001193125-26-257950.txt
"Silver Lake Technology Investors IV, L.P.",,2026-06-02,2026-06-04,244,438.06,106886.64,D,S,1325,False,False,False,0001193125-26-257950,https://www.sec.gov/Archives/edgar/data/1571996/000119312526257950/0001193125-26-257950.txt
"Silver Lake Technology Investors IV, L.P.",,2026-06-02,2026-06-04,100,439.13,43913.0,D,S,1225,False,False,False,0001193125-26-257950,https://www.sec.gov/Archives/edgar/data/1571996/000119312526257950/0001193125-26-257950.txt
"Silver Lake Technology Investors IV, L.P.",,2026-06-02,2026-06-04,59,439.99,25959.41,D,S,1166,False,False,False,0001193125-26-257950,https://www.sec.gov/Archives/edgar/data/1571996/000119312526257950/0001193125-26-257950.txt
"Silver Lake Technology Investors IV, L.P.",,2026-06-02,2026-06-04,66,441.13,29114.58,D,S,1100,False,False,False,0001193125-26-257950,https://www.sec.gov/Archives/edgar/data/1571996/000119312526257950/0001193125-26-257950.txt
"Silver Lake Technology Investors IV, L.P.",,2026-06-02,2026-06-04,87,442.24,38474.88,D,S,1013,False,False,False,0001193125-26-257950,https://www.sec.gov/Archives/edgar/data/1571996/000119312526257950/0001193125-26-257950.txt
"Silver Lake Technology Investors IV, L.P.",,2026-06-02,2026-06-04,138,443.09,61146.42,D,S,875,False,False,False,0001193125-26-257950,https://www.sec.gov/Archives/edgar/data/1571996/000119312526257950/0001193125-26-257950.txt
"Silver Lake Technology Investors IV, L.P.",,2026-06-02,2026-06-04,94,444.06,41741.64,D,S,781,False,False,False,0001193125-26-257950,https://www.sec.gov/Archives/edgar/data/1571996/000119312526257950/0001193125-26-257950.txt
"Silver Lake Technology Investors IV, L.P.",,2026-06-02,2026-06-04,83,445.25,36955.75,D,S,698,False,False,False,0001193125-26-257950,https://www.sec.gov/Archives/edgar/data/1571996/000119312526257950/0001193125-26-257950.txt
"Silver Lake Technology Investors IV, L.P.",,2026-06-02,2026-06-04,132,446.17,58894.44,D,S,566,False,False,False,0001193125-26-257950,https://www.sec.gov/Archives/edgar/data/1571996/000119312526257950/0001193125-26-257950.txt
"Silver Lake Technology Investors IV, L.P.",,2026-06-02,2026-06-04,99,447.03,44255.97,D,S,466,False,False,False,0001193125-26-257950,https://www.sec.gov/Archives/edgar/data/1571996/000119312526257950/0001193125-26-257950.txt
"Silver Lake Technology Investors IV, L.P.",,2026-06-02,2026-06-04,7,447.94,3135.58,D,S,459,False,False,False,0001193125-26-257950,https://www.sec.gov/Archives/edgar/data/1571996/000119312526257950/0001193125-26-257950.txt
"Silver Lake Technology Investors IV, L.P.",,2026-06-02,2026-06-04,63,450.62,28389.06,D,S,396,False,False,False,0001193125-26-257950,https://www.sec.gov/Archives/edgar/data/1571996/000119312526257950/0001193125-26-257950.txt
"Silver Lake Technology Investors IV, L.P.",,2026-06-02,2026-06-04,39,451.51,17608.89,D,S,357,False,False,False,0001193125-26-257950,https://www.sec.gov/Archives/edgar/data/1571996/000119312526257950/0001193125-26-257950.txt
"Silver Lake Technology Investors IV, L.P.",,2026-06-02,2026-06-04,35,452.43,15835.05,D,S,322,False,False,False,0001193125-26-257950,https://www.sec.gov/Archives/edgar/data/1571996/000119312526257950/0001193125-26-257950.txt
"Silver Lake Technology Investors IV, L.P.",,2026-06-02,2026-06-04,12,453.77,5445.24,D,S,310,False,False,False,0001193125-26-257950,https://www.sec.gov/Archives/edgar/data/1571996/000119312526257950/0001193125-26-257950.txt
"Silver Lake Partners V DE (AIV), L.P.",,2026-06-02,2026-06-04,1098,454.86,499436.28,D,S,86925,False,False,False,0001193125-26-257936,https://www.sec.gov/Archives/edgar/data/1571996/000119312526257936/0001193125-26-257936.txt
"Silver Lake Partners V DE (AIV), L.P.",,2026-06-02,2026-06-04,1589,455.75,724186.75,D,S,85336,False,False,False,0001193125-26-257936,https://www.sec.gov/Archives/edgar/data/1571996/000119312526257936/0001193125-26-257936.txt
"Silver Lake Partners V DE (AIV), L.P.",,2026-06-02,2026-06-04,2286,456.74,1044107.64,D,S,83051,False,False,False,0001193125-26-257936,https://www.sec.gov/Archives/edgar/data/1571996/000119312526257936/0001193125-26-257936.txt
"Silver Lake Partners V DE (AIV), L.P.",,2026-06-02,2026-06-04,1496,457.69,684704.24,D,S,81555,False,False,False,0001193125-26-257936,https://www.sec.gov/Archives/edgar/data/1571996/000119312526257936/0001193125-26-257936.txt
"Silver Lake Partners V DE (AIV), L.P.",,2026-06-02,2026-06-04,222,458.44,101773.68,D,S,81333,False,False,False,0001193125-26-257936,https://www.sec.gov/Archives/edgar/data/1571996/000119312526257936/0001193125-26-257936.txt
"Silver Lake Partners V DE (AIV), L.P.",,2026-06-02,2026-06-04,27,460.35,12429.45,D,S,81307,False,False,False,0001193125-26-257936,https://www.sec.gov/Archives/edgar/data/1571996/000119312526257936/0001193125-26-257936.txt
"Silver Lake Partners V DE (AIV), L.P.",,2026-06-02,2026-06-04,44,462.19,20336.36,D,S,81262,False,False,False,0001193125-26-257936,https://www.sec.gov/Archives/edgar/data/1571996/000119312526257936/0001193125-26-257936.txt
"Silver Lake Partners V DE (AIV), L.P.",,2026-06-02,2026-06-04,750,465.61,349207.5,D,S,80512,False,False,False,0001193125-26-257936,https://www.sec.gov/Archives/edgar/data/1571996/000119312526257936/0001193125-26-257936.txt
"Silver Lake Partners V DE (AIV), L.P.",,2026-06-02,2026-06-04,436,466.34,203324.24,D,S,80076,False,False,False,0001193125-26-257936,https://www.sec.gov/Archives/edgar/data/1571996/000119312526257936/0001193125-26-257936.txt
"Silver Lake Partners V DE (AIV), L.P.",,2026-06-02,2026-06-04,170,467.79,79524.3,D,S,79906,False,False,False,0001193125-26-257936,https://www.sec.gov/Archives/edgar/data/1571996/000119312526257936/0001193125-26-257936.txt
"Silver Lake Partners V DE (AIV), L.P.",,2026-06-02,2026-06-04,115697,0.0,0.0,A,M,162289,False,False,False,0001193125-26-257935,https://www.sec.gov/Archives/edgar/data/1571996/000119312526257935/0001193125-26-257935.txt
"Silver Lake Partners V DE (AIV), L.P.",,2026-06-02,2026-06-04,7613,434.07,3304574.91,D,S,154676,False,False,False,0001193125-26-257935,https://www.sec.gov/Archives/edgar/data/1571996/000119312526257935/0001193125-26-257935.txt
"Silver Lake Partners V DE (AIV), L.P.",,2026-06-02,2026-06-04,23689,435.24,10310400.36,D,S,130988,False,False,False,0001193125-26-257935,https://www.sec.gov/Archives/edgar/data/1571996/000119312526257935/0001193125-26-257935.txt
"Silver Lake Partners V DE (AIV), L.P.",,2026-06-02,2026-06-04,5530,436.14,2411854.2,D,S,125457,False,False,False,0001193125-26-257935,https://www.sec.gov/Archives/edgar/data/1571996/000119312526257935/0001193125-26-257935.txt
"Silver Lake Partners V DE (AIV), L.P.",,2026-06-02,2026-06-04,4446,437.12,1943435.52,D,S,121011,False,False,False,0001193125-26-257935,https://www.sec.gov/Archives/edgar/data/1571996/000119312526257935/0001193125-26-257935.txt
"Silver Lake Partners V DE (AIV), L.P.",,2026-06-02,2026-06-04,6403,438.06,2804898.18,D,S,114608,False,False,False,0001193125-26-257935,https://www.sec.gov/Archives/edgar/data/1571996/000119312526257935/0001193125-26-257935.txt
"Silver Lake Partners V DE (AIV), L.P.",,2026-06-02,2026-06-04,2610,439.13,1146129.3,D,S,111998,False,False,False,0001193125-26-257935,https://www.sec.gov/Archives/edgar/data/1571996/000119312526257935/0001193125-26-257935.txt
"Silver Lake Partners V DE (AIV), L.P.",,2026-06-02,2026-06-04,1541,439.99,678024.59,D,S,110457,False,False,False,0001193125-26-257935,https://www.sec.gov/Archives/edgar/data/1571996/000119312526257935/0001193125-26-257935.txt
"Silver Lake Partners V DE (AIV), L.P.",,2026-06-02,2026-06-04,1730,441.13,763154.9,D,S,108727,False,False,False,0001193125-26-257935,https://www.sec.gov/Archives/edgar/data/1571996/000119312526257935/0001193125-26-257935.txt
"Silver Lake Partners V DE (AIV), L.P.",,2026-06-02,2026-06-04,2287,442.24,1011402.88,D,S,106440,False,False,False,0001193125-26-257935,https://www.sec.gov/Archives/edgar/data/1571996/000119312526257935/0001193125-26-257935.txt
"Silver Lake Partners V DE (AIV), L.P.",,2026-06-02,2026-06-04,3618,443.09,1603099.62,D,S,102822,False,False,False,0001193125-26-257935,https://www.sec.gov/Archives/edgar/data/1571996/000119312526257935/0001193125-26-257935.txt
"Silver Lake Partners V DE (AIV), L.P.",,2026-06-02,2026-06-04,2463,444.06,1093719.78,D,S,100359,False,False,False,0001193125-26-257935,https://www.sec.gov/Archives/edgar/data/1571996/000119312526257935/0001193125-26-257935.txt
"Silver Lake Partners V DE (AIV), L.P.",,2026-06-02,2026-06-04,2171,445.25,966637.75,D,S,98188,False,False,False,0001193125-26-257935,https://www.sec.gov/Archives/edgar/data/1571996/000119312526257935/0001193125-26-257935.txt
"Silver Lake Partners V DE (AIV), L.P.",,2026-06-02,2026-06-04,3460,446.17,1543748.2,D,S,94728,False,False,False,0001193125-26-257935,https://www.sec.gov/Archives/edgar/data/1571996/000119312526257935/0001193125-26-257935.txt
"Silver Lake Partners V DE (AIV), L.P.",,2026-06-02,2026-06-04,2606,447.03,1164960.18,D,S,92122,False,False,False,0001193125-26-257935,https://www.sec.gov/Archives/edgar/data/1571996/000119312526257935/0001193125-26-257935.txt
"Silver Lake Partners V DE (AIV), L.P.",,2026-06-02,2026-06-04,181,447.94,81077.14,D,S,91941,False,False,False,0001193125-26-257935,https://www.sec.gov/Archives/edgar/data/1571996/000119312526257935/0001193125-26-257935.txt
"Silver Lake Partners V DE (AIV), L.P.",,2026-06-02,2026-06-04,1656,450.62,746226.72,D,S,90285,False,False,False,0001193125-26-257935,https://www.sec.gov/Archives/edgar/data/1571996/000119312526257935/0001193125-26-257935.txt
"Silver Lake Partners V DE (AIV), L.P.",,2026-06-02,2026-06-04,1034,451.51,466861.34,D,S,89251,False,False,False,0001193125-26-257935,https://www.sec.gov/Archives/edgar/data/1571996/000119312526257935/0001193125-26-257935.txt
"Silver Lake Partners V DE (AIV), L.P.",,2026-06-02,2026-06-04,907,452.43,410354.01,D,S,88344,False,False,False,0001193125-26-257935,https://www.sec.gov/Archives/edgar/data/1571996/000119312526257935/0001193125-26-257935.txt
"Silver Lake Partners V DE (AIV), L.P.",,2026-06-02,2026-06-04,320,453.77,145206.4,D,S,88024,False,False,False,0001193125-26-257935,https://www.sec.gov/Archives/edgar/data/1571996/000119312526257935/0001193125-26-257935.txt
"Silver Lake Partners IV, L.P.",,2026-06-02,2026-06-04,2614,454.86,1189004.04,D,S,34370,False,False,False,0001193125-26-257923,https://www.sec.gov/Archives/edgar/data/1571996/000119312526257923/0001193125-26-257923.txt
"Silver Lake Partners IV, L.P.",,2026-06-02,2026-06-04,3782,455.75,1723646.5,D,S,30589,False,False,False,0001193125-26-257923,https://www.sec.gov/Archives/edgar/data/1571996/000119312526257923/0001193125-26-257923.txt
"Silver Lake Partners IV, L.P.",,2026-06-02,2026-06-04,5440,456.74,2484665.6,D,S,25148,False,False,False,0001193125-26-257923,https://www.sec.gov/Archives/edgar/data/1571996/000119312526257923/0001193125-26-257923.txt
"Silver Lake Partners IV, L.P.",,2026-06-02,2026-06-04,3560,457.69,1629376.4,D,S,21588,False,False,False,0001193125-26-257923,https://www.sec.gov/Archives/edgar/data/1571996/000119312526257923/0001193125-26-257923.txt
"Silver Lake Partners IV, L.P.",,2026-06-02,2026-06-04,528,458.44,242056.32,D,S,21061,False,False,False,0001193125-26-257923,https://www.sec.gov/Archives/edgar/data/1571996/000119312526257923/0001193125-26-257923.txt
"Silver Lake Partners IV, L.P.",,2026-06-02,2026-06-04,63,460.35,29002.05,D,S,20997,False,False,False,0001193125-26-257923,https://www.sec.gov/Archives/edgar/data/1571996/000119312526257923/0001193125-26-257923.txt
"Silver Lake Partners IV, L.P.",,2026-06-02,2026-06-04,105,462.19,48529.95,D,S,20892,False,False,False,0001193125-26-257923,https://www.sec.gov/Archives/edgar/data/1571996/000119312526257923/0001193125-26-257923.txt
"Silver Lake Partners IV, L.P.",,2026-06-02,2026-06-04,1785,465.61,831113.85,D,S,19107,False,False,False,0001193125-26-257923,https://www.sec.gov/Archives/edgar/data/1571996/000119312526257923/0001193125-26-257923.txt
"Silver Lake Partners IV, L.P.",,2026-06-02,2026-06-04,1037,466.34,483594.58,D,S,18070,False,False,False,0001193125-26-257923,https://www.sec.gov/Archives/edgar/data/1571996/000119312526257923/0001193125-26-257923.txt
"Silver Lake Partners IV, L.P.",,2026-06-02,2026-06-04,406,467.79,189922.74,D,S,17664,False,False,False,0001193125-26-257923,https://www.sec.gov/Archives/edgar/data/1571996/000119312526257923/0001193125-26-257923.txt
"Silver Lake Partners IV, L.P.",,2026-06-02,2026-06-04,17664,0.0,0.0,D,J,0,False,False,False,0001193125-26-257923,https://www.sec.gov/Archives/edgar/data/1571996/000119312526257923/0001193125-26-257923.txt
"Silver Lake Partners IV, L.P.",,2026-06-02,2026-06-04,17490,0.0,0.0,D,G,1313489,False,False,False,0001193125-26-257923,https://www.sec.gov/Archives/edgar/data/1571996/000119312526257923/0001193125-26-257923.txt
"Silver Lake Partners IV, L.P.",,2026-06-02,2026-06-04,213739,0.0,0.0,A,M,213739,False,False,False,0001193125-26-257905,https://www.sec.gov/Archives/edgar/data/1571996/000119312526257905/0001193125-26-257905.txt
"Silver Lake Partners IV, L.P.",,2026-06-02,2026-06-04,18118,434.07,7864480.26,D,S,195621,False,False,False,0001193125-26-257905,https://www.sec.gov/Archives/edgar/data/1571996/000119312526257905/0001193125-26-257905.txt
"Silver Lake Partners IV, L.P.",,2026-06-02,2026-06-04,56381,435.24,24539266.44,D,S,139240,False,False,False,0001193125-26-257905,https://www.sec.gov/Archives/edgar/data/1571996/000119312526257905/0001193125-26-257905.txt
"Silver Lake Partners IV, L.P.",,2026-06-02,2026-06-04,13162,436.14,5740474.68,D,S,126078,False,False,False,0001193125-26-257905,https://www.sec.gov/Archives/edgar/data/1571996/000119312526257905/0001193125-26-257905.txt
"Silver Lake Partners IV, L.P.",,2026-06-02,2026-06-04,10581,437.12,4625166.72,D,S,115497,False,False,False,0001193125-26-257905,https://www.sec.gov/Archives/edgar/data/1571996/000119312526257905/0001193125-26-257905.txt
"Silver Lake Partners IV, L.P.",,2026-06-02,2026-06-04,15240,438.06,6676034.4,D,S,100256,False,False,False,0001193125-26-257905,https://www.sec.gov/Archives/edgar/data/1571996/000119312526257905/0001193125-26-257905.txt
"Silver Lake Partners IV, L.P.",,2026-06-02,2026-06-04,6213,439.13,2728314.69,D,S,94043,False,False,False,0001193125-26-257905,https://www.sec.gov/Archives/edgar/data/1571996/000119312526257905/0001193125-26-257905.txt
"Silver Lake Partners IV, L.P.",,2026-06-02,2026-06-04,3667,439.99,1613443.33,D,S,90377,False,False,False,0001193125-26-257905,https://www.sec.gov/Archives/edgar/data/1571996/000119312526257905/0001193125-26-257905.txt
"Silver Lake Partners IV, L.P.",,2026-06-02,2026-06-04,4117,441.13,1816132.21,D,S,86259,False,False,False,0001193125-26-257905,https://www.sec.gov/Archives/edgar/data/1571996/000119312526257905/0001193125-26-257905.txt
"Silver Lake Partners IV, L.P.",,2026-06-02,2026-06-04,5444,442.24,2407554.56,D,S,80816,False,False,False,0001193125-26-257905,https://www.sec.gov/Archives/edgar/data/1571996/000119312526257905/0001193125-26-257905.txt
"Silver Lake Partners IV, L.P.",,2026-06-02,2026-06-04,8610,443.09,3815004.9,D,S,72205,False,False,False,0001193125-26-257905,https://www.sec.gov/Archives/edgar/data/1571996/000119312526257905/0001193125-26-257905.txt
"Silver Lake Partners IV, L.P.",,2026-06-02,2026-06-04,5862,444.06,2603079.72,D,S,66343,False,False,False,0001193125-26-257905,https://www.sec.gov/Archives/edgar/data/1571996/000119312526257905/0001193125-26-257905.txt
"Silver Lake Partners IV, L.P.",,2026-06-02,2026-06-04,5168,445.25,2301052.0,D,S,61175,False,False,False,0001193125-26-257905,https://www.sec.gov/Archives/edgar/data/1571996/000119312526257905/0001193125-26-257905.txt
"Silver Lake Partners IV, L.P.",,2026-06-02,2026-06-04,8234,446.17,3673763.78,D,S,52941,False,False,False,0001193125-26-257905,https://www.sec.gov/Archives/edgar/data/1571996/000119312526257905/0001193125-26-257905.txt
"Silver Lake Partners IV, L.P.",,2026-06-02,2026-06-04,6202,447.03,2772480.06,D,S,46739,False,False,False,0001193125-26-257905,https://www.sec.gov/Archives/edgar/data/1571996/000119312526257905/0001193125-26-257905.txt
"Silver Lake Partners IV, L.P.",,2026-06-02,2026-06-04,431,447.94,193062.14,D,S,46308,False,False,False,0001193125-26-257905,https://www.sec.gov/Archives/edgar/data/1571996/000119312526257905/0001193125-26-257905.txt
"Silver Lake Partners IV, L.P.",,2026-06-02,2026-06-04,3941,450.62,1775893.42,D,S,42367,False,False,False,0001193125-26-257905,https://www.sec.gov/Archives/edgar/data/1571996/000119312526257905/0001193125-26-257905.txt
"Silver Lake Partners IV, L.P.",,2026-06-02,2026-06-04,2461,451.51,1111166.11,D,S,39906,False,False,False,0001193125-26-257905,https://www.sec.gov/Archives/edgar/data/1571996/000119312526257905/0001193125-26-257905.txt
"Silver Lake Partners IV, L.P.",,2026-06-02,2026-06-04,2160,452.43,977248.8,D,S,37746,False,False,False,0001193125-26-257905,https://www.sec.gov/Archives/edgar/data/1571996/000119312526257905/0001193125-26-257905.txt
"Silver Lake Partners IV, L.P.",,2026-06-02,2026-06-04,762,453.77,345772.74,D,S,36984,False,False,False,0001193125-26-257905,https://www.sec.gov/Archives/edgar/data/1571996/000119312526257905/0001193125-26-257905.txt
Sharp Richard Troy,Chief Accounting Officer,2026-06-02,2026-06-04,1300,438.43,569959.0,D,S,6730,False,False,True,0002081802-26-000009,https://www.sec.gov/Archives/edgar/data/1571996/000208180226000009/0002081802-26-000009.txt
"SL SPV-2, L.P.",,2026-06-02,2026-06-04,2426,454.86,1103490.36,D,S,41737,False,False,False,0001193125-26-257948,https://www.sec.gov/Archives/edgar/data/1571996/000119312526257948/0001193125-26-257948.txt
"SL SPV-2, L.P.",,2026-06-02,2026-06-04,3510,455.75,1599682.5,D,S,38227,False,False,False,0001193125-26-257948,https://www.sec.gov/Archives/edgar/data/1571996/000119312526257948/0001193125-26-257948.txt
"SL SPV-2, L.P.",,2026-06-02,2026-06-04,5049,456.74,2306080.26,D,S,33178,False,False,False,0001193125-26-257948,https://www.sec.gov/Archives/edgar/data/1571996/000119312526257948/0001193125-26-257948.txt
"SL SPV-2, L.P.",,2026-06-02,2026-06-04,3304,457.69,1512207.76,D,S,29874,False,False,False,0001193125-26-257948,https://www.sec.gov/Archives/edgar/data/1571996/000119312526257948/0001193125-26-257948.txt
"SL SPV-2, L.P.",,2026-06-02,2026-06-04,490,458.44,224635.6,D,S,29384,False,False,False,0001193125-26-257948,https://www.sec.gov/Archives/edgar/data/1571996/000119312526257948/0001193125-26-257948.txt
"SL SPV-2, L.P.",,2026-06-02,2026-06-04,59,460.35,27160.65,D,S,29326,False,False,False,0001193125-26-257948,https://www.sec.gov/Archives/edgar/data/1571996/000119312526257948/0001193125-26-257948.txt
"SL SPV-2, L.P.",,2026-06-02,2026-06-04,98,462.19,45294.62,D,S,29228,False,False,False,0001193125-26-257948,https://www.sec.gov/Archives/edgar/data/1571996/000119312526257948/0001193125-26-257948.txt
"SL SPV-2, L.P.",,2026-06-02,2026-06-04,1657,465.61,771515.77,D,S,27571,False,False,False,0001193125-26-257948,https://www.sec.gov/Archives/edgar/data/1571996/000119312526257948/0001193125-26-257948.txt
"SL SPV-2, L.P.",,2026-06-02,2026-06-04,963,466.34,449085.42,D,S,26608,False,False,False,0001193125-26-257948,https://www.sec.gov/Archives/edgar/data/1571996/000119312526257948/0001193125-26-257948.txt
"SL SPV-2, L.P.",,2026-06-02,2026-06-04,376,467.79,175889.04,D,S,26232,False,False,False,0001193125-26-257948,https://www.sec.gov/Archives/edgar/data/1571996/000119312526257948/0001193125-26-257948.txt
"SL SPV-2, L.P.",,2026-06-02,2026-06-04,26232,0.0,0.0,D,J,0,False,False,False,0001193125-26-257948,https://www.sec.gov/Archives/edgar/data/1571996/000119312526257948/0001193125-26-257948.txt
"SL SPV-2, L.P.",,2026-06-02,2026-06-04,208211,0.0,0.0,A,M,208211,False,False,False,0001193125-26-257942,https://www.sec.gov/Archives/edgar/data/1571996/000119312526257942/0001193125-26-257942.txt
"SL SPV-2, L.P.",,2026-06-02,2026-06-04,16816,434.07,7299321.12,D,S,191395,False,False,False,0001193125-26-257942,https://www.sec.gov/Archives/edgar/data/1571996/000119312526257942/0001193125-26-257942.txt
"SL SPV-2, L.P.",,2026-06-02,2026-06-04,52327,435.24,22774803.48,D,S,139068,False,False,False,0001193125-26-257942,https://www.sec.gov/Archives/edgar/data/1571996/000119312526257942/0001193125-26-257942.txt
"SL SPV-2, L.P.",,2026-06-02,2026-06-04,12216,436.14,5327886.24,D,S,126852,False,False,False,0001193125-26-257942,https://www.sec.gov/Archives/edgar/data/1571996/000119312526257942/0001193125-26-257942.txt
"SL SPV-2, L.P.",,2026-06-02,2026-06-04,9821,437.12,4292955.52,D,S,117031,False,False,False,0001193125-26-257942,https://www.sec.gov/Archives/edgar/data/1571996/000119312526257942/0001193125-26-257942.txt
"SL SPV-2, L.P.",,2026-06-02,2026-06-04,14145,438.06,6196358.7,D,S,102887,False,False,False,0001193125-26-257942,https://www.sec.gov/Archives/edgar/data/1571996/000119312526257942/0001193125-26-257942.txt
"SL SPV-2, L.P.",,2026-06-02,2026-06-04,5766,439.13,2532023.58,D,S,97120,False,False,False,0001193125-26-257942,https://www.sec.gov/Archives/edgar/data/1571996/000119312526257942/0001193125-26-257942.txt
"SL SPV-2, L.P.",,2026-06-02,2026-06-04,3403,439.99,1497285.97,D,S,93717,False,False,False,0001193125-26-257942,https://www.sec.gov/Archives/edgar/data/1571996/000119312526257942/0001193125-26-257942.txt
"SL SPV-2, L.P.",,2026-06-02,2026-06-04,3821,441.13,1685557.73,D,S,89896,False,False,False,0001193125-26-257942,https://www.sec.gov/Archives/edgar/data/1571996/000119312526257942/0001193125-26-257942.txt
"SL SPV-2, L.P.",,2026-06-02,2026-06-04,5052,442.24,2234196.48,D,S,84844,False,False,False,0001193125-26-257942,https://www.sec.gov/Archives/edgar/data/1571996/000119312526257942/0001193125-26-257942.txt
"SL SPV-2, L.P.",,2026-06-02,2026-06-04,7991,443.09,3540732.19,D,S,76852,False,False,False,0001193125-26-257942,https://www.sec.gov/Archives/edgar/data/1571996/000119312526257942/0001193125-26-257942.txt
"SL SPV-2, L.P.",,2026-06-02,2026-06-04,5441,444.06,2416130.46,D,S,71411,False,False,False,0001193125-26-257942,https://www.sec.gov/Archives/edgar/data/1571996/000119312526257942/0001193125-26-257942.txt
"SL SPV-2, L.P.",,2026-06-02,2026-06-04,4796,445.25,2135419.0,D,S,66615,False,False,False,0001193125-26-257942,https://www.sec.gov/Archives/edgar/data/1571996/000119312526257942/0001193125-26-257942.txt
"SL SPV-2, L.P.",,2026-06-02,2026-06-04,7642,446.17,3409631.14,D,S,58973,False,False,False,0001193125-26-257942,https://www.sec.gov/Archives/edgar/data/1571996/000119312526257942/0001193125-26-257942.txt
"SL SPV-2, L.P.",,2026-06-02,2026-06-04,5756,447.03,2573104.68,D,S,53217,False,False,False,0001193125-26-257942,https://www.sec.gov/Archives/edgar/data/1571996/000119312526257942/0001193125-26-257942.txt
"SL SPV-2, L.P.",,2026-06-02,2026-06-04,400,447.94,179176.0,D,S,52817,False,False,False,0001193125-26-257942,https://www.sec.gov/Archives/edgar/data/1571996/000119312526257942/0001193125-26-257942.txt
"SL SPV-2, L.P.",,2026-06-02,2026-06-04,3658,450.62,1648367.96,D,S,49159,False,False,False,0001193125-26-257942,https://www.sec.gov/Archives/edgar/data/1571996/000119312526257942/0001193125-26-257942.txt
"SL SPV-2, L.P.",,2026-06-02,2026-06-04,2284,451.51,1031248.84,D,S,46875,False,False,False,0001193125-26-257942,https://www.sec.gov/Archives/edgar/data/1571996/000119312526257942/0001193125-26-257942.txt
"SL SPV-2, L.P.",,2026-06-02,2026-06-04,2005,452.43,907122.15,D,S,44870,False,False,False,0001193125-26-257942,https://www.sec.gov/Archives/edgar/data/1571996/000119312526257942/0001193125-26-257942.txt
"SL SPV-2, L.P.",,2026-06-02,2026-06-04,707,453.77,320815.39,D,S,44163,False,False,False,0001193125-26-257942,https://www.sec.gov/Archives/edgar/data/1571996/000119312526257942/0001193125-26-257942.txt
"Silver Lake Technology Investors V, L.P.",,2026-06-01,2026-06-03,125,453.02,56627.5,D,S,1246,False,False,False,0001193125-26-256182,https://www.sec.gov/Archives/edgar/data/1571996/000119312526256182/0001193125-26-256182.txt
"Silver Lake Technology Investors V, L.P.",,2026-06-01,2026-06-03,150,454.11,68116.5,D,S,1096,False,False,False,0001193125-26-256182,https://www.sec.gov/Archives/edgar/data/1571996/000119312526256182/0001193125-26-256182.txt
"Silver Lake Technology Investors V, L.P.",,2026-06-01,2026-06-03,195,455.05,88734.75,D,S,901,False,False,False,0001193125-26-256182,https://www.sec.gov/Archives/edgar/data/1571996/000119312526256182/0001193125-26-256182.txt
"Silver Lake Technology Investors V, L.P.",,2026-06-01,2026-06-03,116,456.07,52904.12,D,S,785,False,False,False,0001193125-26-256182,https://www.sec.gov/Archives/edgar/data/1571996/000119312526256182/0001193125-26-256182.txt
"Silver Lake Technology Investors V, L.P.",,2026-06-01,2026-06-03,89,456.98,40671.22,D,S,695,False,False,False,0001193125-26-256182,https://www.sec.gov/Archives/edgar/data/1571996/000119312526256182/0001193125-26-256182.txt
"Silver Lake Technology Investors V, L.P.",,2026-06-01,2026-06-03,81,458.05,37102.05,D,S,615,False,False,False,0001193125-26-256182,https://www.sec.gov/Archives/edgar/data/1571996/000119312526256182/0001193125-26-256182.txt
"Silver Lake Technology Investors V, L.P.",,2026-06-01,2026-06-03,83,459.21,38114.43,D,S,531,False,False,False,0001193125-26-256182,https://www.sec.gov/Archives/edgar/data/1571996/000119312526256182/0001193125-26-256182.txt
"Silver Lake Technology Investors V, L.P.",,2026-06-01,2026-06-03,190,460.1,87419.0,D,S,341,False,False,False,0001193125-26-256182,https://www.sec.gov/Archives/edgar/data/1571996/000119312526256182/0001193125-26-256182.txt
"Silver Lake Technology Investors V, L.P.",,2026-06-01,2026-06-03,111,460.96,51166.56,D,S,230,False,False,False,0001193125-26-256182,https://www.sec.gov/Archives/edgar/data/1571996/000119312526256182/0001193125-26-256182.txt
"Silver Lake Technology Investors V, L.P.",,2026-06-01,2026-06-03,84,462.07,38813.88,D,S,146,False,False,False,0001193125-26-256182,https://www.sec.gov/Archives/edgar/data/1571996/000119312526256182/0001193125-26-256182.txt
"Silver Lake Technology Investors V, L.P.",,2026-06-01,2026-06-03,46,463.04,21299.84,D,S,100,False,False,False,0001193125-26-256182,https://www.sec.gov/Archives/edgar/data/1571996/000119312526256182/0001193125-26-256182.txt
"Silver Lake Technology Investors V, L.P.",,2026-06-01,2026-06-03,52,463.97,24126.44,D,S,48,False,False,False,0001193125-26-256182,https://www.sec.gov/Archives/edgar/data/1571996/000119312526256182/0001193125-26-256182.txt
"Silver Lake Technology Investors V, L.P.",,2026-06-01,2026-06-03,28,464.99,13019.72,D,S,21,False,False,False,0001193125-26-256182,https://www.sec.gov/Archives/edgar/data/1571996/000119312526256182/0001193125-26-256182.txt
"Silver Lake Technology Investors V, L.P.",,2026-06-01,2026-06-03,15,466.16,6992.4,D,S,5,False,False,False,0001193125-26-256182,https://www.sec.gov/Archives/edgar/data/1571996/000119312526256182/0001193125-26-256182.txt
"Silver Lake Technology Investors V, L.P.",,2026-06-01,2026-06-03,5,466.8,2334.0,D,S,0,False,False,False,0001193125-26-256182,https://www.sec.gov/Archives/edgar/data/1571996/000119312526256182/0001193125-26-256182.txt
"Silver Lake Technology Investors V, L.P.",,2026-06-01,2026-06-03,1981,0.0,0.0,A,M,1981,False,False,False,0001193125-26-256164,https://www.sec.gov/Archives/edgar/data/1571996/000119312526256164/0001193125-26-256164.txt
"Silver Lake Technology Investors V, L.P.",,2026-06-01,2026-06-03,61,431.98,26350.78,D,S,1920,False,False,False,0001193125-26-256164,https://www.sec.gov/Archives/edgar/data/1571996/000119312526256164/0001193125-26-256164.txt
"Silver Lake Technology Investors V, L.P.",,2026-06-01,2026-06-03,7,433.62,3035.34,D,S,1913,False,False,False,0001193125-26-256164,https://www.sec.gov/Archives/edgar/data/1571996/000119312526256164/0001193125-26-256164.txt
"Silver Lake Technology Investors V, L.P.",,2026-06-01,2026-06-03,3,434.12,1302.36,D,S,1911,False,False,False,0001193125-26-256164,https://www.sec.gov/Archives/edgar/data/1571996/000119312526256164/0001193125-26-256164.txt
"Silver Lake Technology Investors V, L.P.",,2026-06-01,2026-06-03,6,436.39,2618.34,D,S,1905,False,False,False,0001193125-26-256164,https://www.sec.gov/Archives/edgar/data/1571996/000119312526256164/0001193125-26-256164.txt
"Silver Lake Technology Investors V, L.P.",,2026-06-01,2026-06-03,23,437.08,10052.84,D,S,1882,False,False,False,0001193125-26-256164,https://www.sec.gov/Archives/edgar/data/1571996/000119312526256164/0001193125-26-256164.txt
"Silver Lake Technology Investors V, L.P.",,2026-06-01,2026-06-03,5,438.21,2191.05,D,S,1877,False,False,False,0001193125-26-256164,https://www.sec.gov/Archives/edgar/data/1571996/000119312526256164/0001193125-26-256164.txt
"Silver Lake Technology Investors V, L.P.",,2026-06-01,2026-06-03,8,439.53,3516.24,D,S,1869,False,False,False,0001193125-26-256164,https://www.sec.gov/Archives/edgar/data/1571996/000119312526256164/0001193125-26-256164.txt
"Silver Lake Technology Investors V, L.P.",,2026-06-01,2026-06-03,21,440.2,9244.2,D,S,1848,False,False,False,0001193125-26-256164,https://www.sec.gov/Archives/edgar/data/1571996/000119312526256164/0001193125-26-256164.txt
"Silver Lake Technology Investors V, L.P.",,2026-06-01,2026-06-03,5,441.5,2207.5,D,S,1844,False,False,False,0001193125-26-256164,https://www.sec.gov/Archives/edgar/data/1571996/000119312526256164/0001193125-26-256164.txt
"Silver Lake Technology Investors V, L.P.",,2026-06-01,2026-06-03,11,442.93,4872.23,D,S,1832,False,False,False,0001193125-26-256164,https://www.sec.gov/Archives/edgar/data/1571996/000119312526256164/0001193125-26-256164.txt
"Silver Lake Technology Investors V, L.P.",,2026-06-01,2026-06-03,16,444.12,7105.92,D,S,1816,False,False,False,0001193125-26-256164,https://www.sec.gov/Archives/edgar/data/1571996/000119312526256164/0001193125-26-256164.txt
"Silver Lake Technology Investors V, L.P.",,2026-06-01,2026-06-03,34,445.07,15132.38,D,S,1782,False,False,False,0001193125-26-256164,https://www.sec.gov/Archives/edgar/data/1571996/000119312526256164/0001193125-26-256164.txt
"Silver Lake Technology Investors V, L.P.",,2026-06-01,2026-06-03,36,446.11,16059.96,D,S,1746,False,False,False,0001193125-26-256164,https://www.sec.gov/Archives/edgar/data/1571996/000119312526256164/0001193125-26-256164.txt
"Silver Lake Technology Investors V, L.P.",,2026-06-01,2026-06-03,36,447.02,16092.72,D,S,1711,False,False,False,0001193125-26-256164,https://www.sec.gov/Archives/edgar/data/1571996/000119312526256164/0001193125-26-256164.txt
"Silver Lake Technology Investors V, L.P.",,2026-06-01,2026-06-03,37,448.1,16579.7,D,S,1673,False,False,False,0001193125-26-256164,https://www.sec.gov/Archives/edgar/data/1571996/000119312526256164/0001193125-26-256164.txt
"Silver Lake Technology Investors V, L.P.",,2026-06-01,2026-06-03,62,449.06,27841.72,D,S,1611,False,False,False,0001193125-26-256164,https://www.sec.gov/Archives/edgar/data/1571996/000119312526256164/0001193125-26-256164.txt
"Silver Lake Technology Investors V, L.P.",,2026-06-01,2026-06-03,85,450.08,38256.8,D,S,1526,False,False,False,0001193125-26-256164,https://www.sec.gov/Archives/edgar/data/1571996/000119312526256164/0001193125-26-256164.txt
"Silver Lake Technology Investors V, L.P.",,2026-06-01,2026-06-03,63,451.02,28414.26,D,S,1463,False,False,False,0001193125-26-256164,https://www.sec.gov/Archives/edgar/data/1571996/000119312526256164/0001193125-26-256164.txt
"Silver Lake Technology Investors V, L.P.",,2026-06-01,2026-06-03,92,452.12,41595.04,D,S,1371,False,False,False,0001193125-26-256164,https://www.sec.gov/Archives/edgar/data/1571996/000119312526256164/0001193125-26-256164.txt
"Silver Lake Technology Investors IV, L.P.",,2026-06-01,2026-06-03,276,453.02,125033.52,D,S,2764,False,False,False,0001193125-26-256160,https://www.sec.gov/Archives/edgar/data/1571996/000119312526256160/0001193125-26-256160.txt
"Silver Lake Technology Investors IV, L.P.",,2026-06-01,2026-06-03,333,454.11,151218.63,D,S,2431,False,False,False,0001193125-26-256160,https://www.sec.gov/Archives/edgar/data/1571996/000119312526256160/0001193125-26-256160.txt
"Silver Lake Technology Investors IV, L.P.",,2026-06-01,2026-06-03,432,455.05,196581.6,D,S,1999,False,False,False,0001193125-26-256160,https://www.sec.gov/Archives/edgar/data/1571996/000119312526256160/0001193125-26-256160.txt
"Silver Lake Technology Investors IV, L.P.",,2026-06-01,2026-06-03,258,456.07,117666.06,D,S,1741,False,False,False,0001193125-26-256160,https://www.sec.gov/Archives/edgar/data/1571996/000119312526256160/0001193125-26-256160.txt
"Silver Lake Technology Investors IV, L.P.",,2026-06-01,2026-06-03,198,456.98,90482.04,D,S,1542,False,False,False,0001193125-26-256160,https://www.sec.gov/Archives/edgar/data/1571996/000119312526256160/0001193125-26-256160.txt
"Silver Lake Technology Investors IV, L.P.",,2026-06-01,2026-06-03,179,458.05,81990.95,D,S,1363,False,False,False,0001193125-26-256160,https://www.sec.gov/Archives/edgar/data/1571996/000119312526256160/0001193125-26-256160.txt
"Silver Lake Technology Investors IV, L.P.",,2026-06-01,2026-06-03,185,459.21,84953.85,D,S,1179,False,False,False,0001193125-26-256160,https://www.sec.gov/Archives/edgar/data/1571996/000119312526256160/0001193125-26-256160.txt
"Silver Lake Technology Investors IV, L.P.",,2026-06-01,2026-06-03,422,460.1,194162.2,D,S,757,False,False,False,0001193125-26-256160,https://www.sec.gov/Archives/edgar/data/1571996/000119312526256160/0001193125-26-256160.txt
"Silver Lake Technology Investors IV, L.P.",,2026-06-01,2026-06-03,247,460.96,113857.12,D,S,510,False,False,False,0001193125-26-256160,https://www.sec.gov/Archives/edgar/data/1571996/000119312526256160/0001193125-26-256160.txt
"Silver Lake Technology Investors IV, L.P.",,2026-06-01,2026-06-03,186,462.07,85945.02,D,S,323,False,False,False,0001193125-26-256160,https://www.sec.gov/Archives/edgar/data/1571996/000119312526256160/0001193125-26-256160.txt
"Silver Lake Technology Investors IV, L.P.",,2026-06-01,2026-06-03,102,463.04,47230.08,D,S,221,False,False,False,0001193125-26-256160,https://www.sec.gov/Archives/edgar/data/1571996/000119312526256160/0001193125-26-256160.txt
"Silver Lake Technology Investors IV, L.P.",,2026-06-01,2026-06-03,114,463.97,52892.58,D,S,107,False,False,False,0001193125-26-256160,https://www.sec.gov/Archives/edgar/data/1571996/000119312526256160/0001193125-26-256160.txt
"Silver Lake Technology Investors IV, L.P.",,2026-06-01,2026-06-03,61,464.99,28364.39,D,S,46,False,False,False,0001193125-26-256160,https://www.sec.gov/Archives/edgar/data/1571996/000119312526256160/0001193125-26-256160.txt
"Silver Lake Technology Investors IV, L.P.",,2026-06-01,2026-06-03,34,466.16,15849.44,D,S,12,False,False,False,0001193125-26-256160,https://www.sec.gov/Archives/edgar/data/1571996/000119312526256160/0001193125-26-256160.txt
"Silver Lake Technology Investors IV, L.P.",,2026-06-01,2026-06-03,12,466.8,5601.6,D,S,0,False,False,False,0001193125-26-256160,https://www.sec.gov/Archives/edgar/data/1571996/000119312526256160/0001193125-26-256160.txt
"Silver Lake Technology Investors IV, L.P.",,2026-06-01,2026-06-03,4394,0.0,0.0,A,M,4394,False,False,False,0001193125-26-256155,https://www.sec.gov/Archives/edgar/data/1571996/000119312526256155/0001193125-26-256155.txt
"Silver Lake Technology Investors IV, L.P.",,2026-06-01,2026-06-03,136,431.98,58749.28,D,S,4258,False,False,False,0001193125-26-256155,https://www.sec.gov/Archives/edgar/data/1571996/000119312526256155/0001193125-26-256155.txt
"Silver Lake Technology Investors IV, L.P.",,2026-06-01,2026-06-03,15,433.62,6504.3,D,S,4244,False,False,False,0001193125-26-256155,https://www.sec.gov/Archives/edgar/data/1571996/000119312526256155/0001193125-26-256155.txt
"Silver Lake Technology Investors IV, L.P.",,2026-06-01,2026-06-03,6,434.12,2604.72,D,S,4238,False,False,False,0001193125-26-256155,https://www.sec.gov/Archives/edgar/data/1571996/000119312526256155/0001193125-26-256155.txt
"Silver Lake Technology Investors IV, L.P.",,2026-06-01,2026-06-03,14,436.39,6109.46,D,S,4224,False,False,False,0001193125-26-256155,https://www.sec.gov/Archives/edgar/data/1571996/000119312526256155/0001193125-26-256155.txt
"Silver Lake Technology Investors IV, L.P.",,2026-06-01,2026-06-03,51,437.08,22291.08,D,S,4174,False,False,False,0001193125-26-256155,https://www.sec.gov/Archives/edgar/data/1571996/000119312526256155/0001193125-26-256155.txt
"Silver Lake Technology Investors IV, L.P.",,2026-06-01,2026-06-03,11,438.21,4820.31,D,S,4163,False,False,False,0001193125-26-256155,https://www.sec.gov/Archives/edgar/data/1571996/000119312526256155/0001193125-26-256155.txt
"Silver Lake Technology Investors IV, L.P.",,2026-06-01,2026-06-03,17,439.53,7472.01,D,S,4145,False,False,False,0001193125-26-256155,https://www.sec.gov/Archives/edgar/data/1571996/000119312526256155/0001193125-26-256155.txt
"Silver Lake Technology Investors IV, L.P.",,2026-06-01,2026-06-03,46,440.2,20249.2,D,S,4100,False,False,False,0001193125-26-256155,https://www.sec.gov/Archives/edgar/data/1571996/000119312526256155/0001193125-26-256155.txt
"Silver Lake Technology Investors IV, L.P.",,2026-06-01,2026-06-03,10,441.5,4415.0,D,S,4089,False,False,False,0001193125-26-256155,https://www.sec.gov/Archives/edgar/data/1571996/000119312526256155/0001193125-26-256155.txt
"Silver Lake Technology Investors IV, L.P.",,2026-06-01,2026-06-03,25,442.93,11073.25,D,S,4064,False,False,False,0001193125-26-256155,https://www.sec.gov/Archives/edgar/data/1571996/000119312526256155/0001193125-26-256155.txt
"Silver Lake Technology Investors IV, L.P.",,2026-06-01,2026-06-03,36,444.12,15988.32,D,S,4028,False,False,False,0001193125-26-256155,https://www.sec.gov/Archives/edgar/data/1571996/000119312526256155/0001193125-26-256155.txt
"Silver Lake Technology Investors IV, L.P.",,2026-06-01,2026-06-03,75,445.07,33380.25,D,S,3953,False,False,False,0001193125-26-256155,https://www.sec.gov/Archives/edgar/data/1571996/000119312526256155/0001193125-26-256155.txt
"Silver Lake Technology Investors IV, L.P.",,2026-06-01,2026-06-03,79,446.11,35242.69,D,S,3874,False,False,False,0001193125-26-256155,https://www.sec.gov/Archives/edgar/data/1571996/000119312526256155/0001193125-26-256155.txt
"Silver Lake Technology Investors IV, L.P.",,2026-06-01,2026-06-03,80,447.02,35761.6,D,S,3794,False,False,False,0001193125-26-256155,https://www.sec.gov/Archives/edgar/data/1571996/000119312526256155/0001193125-26-256155.txt
"Silver Lake Technology Investors IV, L.P.",,2026-06-01,2026-06-03,83,448.1,37192.3,D,S,3711,False,False,False,0001193125-26-256155,https://www.sec.gov/Archives/edgar/data/1571996/000119312526256155/0001193125-26-256155.txt
"Silver Lake Technology Investors IV, L.P.",,2026-06-01,2026-06-03,137,449.06,61521.22,D,S,3574,False,False,False,0001193125-26-256155,https://www.sec.gov/Archives/edgar/data/1571996/000119312526256155/0001193125-26-256155.txt
"Silver Lake Technology Investors IV, L.P.",,2026-06-01,2026-06-03,190,450.08,85515.2,D,S,3385,False,False,False,0001193125-26-256155,https://www.sec.gov/Archives/edgar/data/1571996/000119312526256155/0001193125-26-256155.txt
"Silver Lake Technology Investors IV, L.P.",,2026-06-01,2026-06-03,140,451.02,63142.8,D,S,3245,False,False,False,0001193125-26-256155,https://www.sec.gov/Archives/edgar/data/1571996/000119312526256155/0001193125-26-256155.txt
"Silver Lake Technology Investors IV, L.P.",,2026-06-01,2026-06-03,205,452.12,92684.6,D,S,3040,False,False,False,0001193125-26-256155,https://www.sec.gov/Archives/edgar/data/1571996/000119312526256155/0001193125-26-256155.txt
"SL SPV-2, L.P.",,2026-06-01,2026-06-03,15990,453.02,7243789.8,D,S,196570,False,False,False,0001193125-26-256146,https://www.sec.gov/Archives/edgar/data/1571996/000119312526256146/0001193125-26-256146.txt
"SL SPV-2, L.P.",,2026-06-01,2026-06-03,19281,454.11,8755694.91,D,S,177289,False,False,False,0001193125-26-256146,https://www.sec.gov/Archives/edgar/data/1571996/000119312526256146/0001193125-26-256146.txt
"SL SPV-2, L.P.",,2026-06-01,2026-06-03,24994,455.05,11373519.7,D,S,152295,False,False,False,0001193125-26-256146,https://www.sec.gov/Archives/edgar/data/1571996/000119312526256146/0001193125-26-256146.txt
"SL SPV-2, L.P.",,2026-06-01,2026-06-03,14919,456.07,6804108.33,D,S,137376,False,False,False,0001193125-26-256146,https://www.sec.gov/Archives/edgar/data/1571996/000119312526256146/0001193125-26-256146.txt
"SL SPV-2, L.P.",,2026-06-01,2026-06-03,11478,456.98,5245216.44,D,S,125898,False,False,False,0001193125-26-256146,https://www.sec.gov/Archives/edgar/data/1571996/000119312526256146/0001193125-26-256146.txt
"SL SPV-2, L.P.",,2026-06-01,2026-06-03,10350,458.05,4740817.5,D,S,115548,False,False,False,0001193125-26-256146,https://www.sec.gov/Archives/edgar/data/1571996/000119312526256146/0001193125-26-256146.txt
"SL SPV-2, L.P.",,2026-06-01,2026-06-03,10682,459.21,4905281.22,D,S,104867,False,False,False,0001193125-26-256146,https://www.sec.gov/Archives/edgar/data/1571996/000119312526256146/0001193125-26-256146.txt
"SL SPV-2, L.P.",,2026-06-01,2026-06-03,24401,460.1,11226900.1,D,S,80465,False,False,False,0001193125-26-256146,https://www.sec.gov/Archives/edgar/data/1571996/000119312526256146/0001193125-26-256146.txt
"SL SPV-2, L.P.",,2026-06-01,2026-06-03,14308,460.96,6595415.68,D,S,66157,False,False,False,0001193125-26-256146,https://www.sec.gov/Archives/edgar/data/1571996/000119312526256146/0001193125-26-256146.txt
"SL SPV-2, L.P.",,2026-06-01,2026-06-03,10790,462.07,4985735.3,D,S,55367,False,False,False,0001193125-26-256146,https://www.sec.gov/Archives/edgar/data/1571996/000119312526256146/0001193125-26-256146.txt
"SL SPV-2, L.P.",,2026-06-01,2026-06-03,5894,463.04,2729157.76,D,S,49473,False,False,False,0001193125-26-256146,https://www.sec.gov/Archives/edgar/data/1571996/000119312526256146/0001193125-26-256146.txt
"SL SPV-2, L.P.",,2026-06-01,2026-06-03,6622,463.97,3072409.34,D,S,42851,False,False,False,0001193125-26-256146,https://www.sec.gov/Archives/edgar/data/1571996/000119312526256146/0001193125-26-256146.txt
"SL SPV-2, L.P.",,2026-06-01,2026-06-03,3539,464.99,1645599.61,D,S,39312,False,False,False,0001193125-26-256146,https://www.sec.gov/Archives/edgar/data/1571996/000119312526256146/0001193125-26-256146.txt
"SL SPV-2, L.P.",,2026-06-01,2026-06-03,1957,466.16,912275.12,D,S,37355,False,False,False,0001193125-26-256146,https://www.sec.gov/Archives/edgar/data/1571996/000119312526256146/0001193125-26-256146.txt
"SL SPV-2, L.P.",,2026-06-01,2026-06-03,696,466.8,324892.8,D,S,36659,False,False,False,0001193125-26-256146,https://www.sec.gov/Archives/edgar/data/1571996/000119312526256146/0001193125-26-256146.txt
"SL SPV-2, L.P.",,2026-06-01,2026-06-03,36659,0.0,0.0,D,J,0,False,False,False,0001193125-26-256146,https://www.sec.gov/Archives/edgar/data/1571996/000119312526256146/0001193125-26-256146.txt
"SL SPV-2, L.P.",,2026-06-01,2026-06-03,290898,0.0,0.0,A,M,290898,False,False,False,0001193125-26-256142,https://www.sec.gov/Archives/edgar/data/1571996/000119312526256142/0001193125-26-256142.txt
"SL SPV-2, L.P.",,2026-06-01,2026-06-03,7848,431.98,3390179.04,D,S,283050,False,False,False,0001193125-26-256142,https://www.sec.gov/Archives/edgar/data/1571996/000119312526256142/0001193125-26-256142.txt
"SL SPV-2, L.P.",,2026-06-01,2026-06-03,859,433.62,372479.58,D,S,282191,False,False,False,0001193125-26-256142,https://www.sec.gov/Archives/edgar/data/1571996/000119312526256142/0001193125-26-256142.txt
"SL SPV-2, L.P.",,2026-06-01,2026-06-03,329,434.12,142825.48,D,S,281863,False,False,False,0001193125-26-256142,https://www.sec.gov/Archives/edgar/data/1571996/000119312526256142/0001193125-26-256142.txt
"SL SPV-2, L.P.",,2026-06-01,2026-06-03,782,436.39,341256.98,D,S,281081,False,False,False,0001193125-26-256142,https://www.sec.gov/Archives/edgar/data/1571996/000119312526256142/0001193125-26-256142.txt
"SL SPV-2, L.P.",,2026-06-01,2026-06-03,2923,437.08,1277584.84,D,S,278158,False,False,False,0001193125-26-256142,https://www.sec.gov/Archives/edgar/data/1571996/000119312526256142/0001193125-26-256142.txt
"SL SPV-2, L.P.",,2026-06-01,2026-06-03,638,438.21,279577.98,D,S,277520,False,False,False,0001193125-26-256142,https://www.sec.gov/Archives/edgar/data/1571996/000119312526256142/0001193125-26-256142.txt
"SL SPV-2, L.P.",,2026-06-01,2026-06-03,1008,439.53,443046.24,D,S,276512,False,False,False,0001193125-26-256142,https://www.sec.gov/Archives/edgar/data/1571996/000119312526256142/0001193125-26-256142.txt
"SL SPV-2, L.P.",,2026-06-01,2026-06-03,2653,440.2,1167850.6,D,S,273858,False,False,False,0001193125-26-256142,https://www.sec.gov/Archives/edgar/data/1571996/000119312526256142/0001193125-26-256142.txt
"SL SPV-2, L.P.",,2026-06-01,2026-06-03,593,441.5,261809.5,D,S,273265,False,False,False,0001193125-26-256142,https://www.sec.gov/Archives/edgar/data/1571996/000119312526256142/0001193125-26-256142.txt
"SL SPV-2, L.P.",,2026-06-01,2026-06-03,1445,442.93,640033.85,D,S,271820,False,False,False,0001193125-26-256142,https://www.sec.gov/Archives/edgar/data/1571996/000119312526256142/0001193125-26-256142.txt
"SL SPV-2, L.P.",,2026-06-01,2026-06-03,2110,444.12,937093.2,D,S,269711,False,False,False,0001193125-26-256142,https://www.sec.gov/Archives/edgar/data/1571996/000119312526256142/0001193125-26-256142.txt
"SL SPV-2, L.P.",,2026-06-01,2026-06-03,4355,445.07,1938279.85,D,S,265355,False,False,False,0001193125-26-256142,https://www.sec.gov/Archives/edgar/data/1571996/000119312526256142/0001193125-26-256142.txt
"SL SPV-2, L.P.",,2026-06-01,2026-06-03,4563,446.11,2035599.93,D,S,260793,False,False,False,0001193125-26-256142,https://www.sec.gov/Archives/edgar/data/1571996/000119312526256142/0001193125-26-256142.txt
"SL SPV-2, L.P.",,2026-06-01,2026-06-03,4608,447.02,2059868.16,D,S,256185,False,False,False,0001193125-26-256142,https://www.sec.gov/Archives/edgar/data/1571996/000119312526256142/0001193125-26-256142.txt
"SL SPV-2, L.P.",,2026-06-01,2026-06-03,4790,448.1,2146399.0,D,S,251395,False,False,False,0001193125-26-256142,https://www.sec.gov/Archives/edgar/data/1571996/000119312526256142/0001193125-26-256142.txt
"SL SPV-2, L.P.",,2026-06-01,2026-06-03,7922,449.06,3557453.32,D,S,243473,False,False,False,0001193125-26-256142,https://www.sec.gov/Archives/edgar/data/1571996/000119312526256142/0001193125-26-256142.txt
"SL SPV-2, L.P.",,2026-06-01,2026-06-03,10966,450.08,4935577.28,D,S,232507,False,False,False,0001193125-26-256142,https://www.sec.gov/Archives/edgar/data/1571996/000119312526256142/0001193125-26-256142.txt
"SL SPV-2, L.P.",,2026-06-01,2026-06-03,8096,451.02,3651457.92,D,S,224411,False,False,False,0001193125-26-256142,https://www.sec.gov/Archives/edgar/data/1571996/000119312526256142/0001193125-26-256142.txt
"SL SPV-2, L.P.",,2026-06-01,2026-06-03,11851,452.12,5358074.12,D,S,212560,False,False,False,0001193125-26-256142,https://www.sec.gov/Archives/edgar/data/1571996/000119312526256142/0001193125-26-256142.txt
