insider,title,transaction_date,filing_date,shares,price,value_usd,acquired_disposed,transaction_code,shares_owned_after,is_10b5_1,is_director,is_officer,accession,source_path
MORANDI BRANDI GALVIN,Chief People Officer,2026-06-08,2026-06-08,3726,1076.36,4010517.36,D,S,6132,True,False,True,0001101239-26-000123,https://www.sec.gov/Archives/edgar/data/1101239/000110123926000123/0001101239-26-000123.txt
Pletcher Kurt,Chief Legal Officer,2026-06-02,2026-06-03,0,1049.285,0.0,D,S,4290,True,False,True,0001101239-26-000122,https://www.sec.gov/Archives/edgar/data/1101239/000110123926000122/0001101239-26-000122.txt
Pletcher Kurt,Chief Legal Officer,2026-06-02,2026-06-03,4,1052.4582,4209.83,D,S,4286,True,False,True,0001101239-26-000122,https://www.sec.gov/Archives/edgar/data/1101239/000110123926000122/0001101239-26-000122.txt
Pletcher Kurt,Chief Legal Officer,2026-06-02,2026-06-03,6,1053.6426,6321.86,D,S,4280,True,False,True,0001101239-26-000122,https://www.sec.gov/Archives/edgar/data/1101239/000110123926000122/0001101239-26-000122.txt
Pletcher Kurt,Chief Legal Officer,2026-06-02,2026-06-03,3,1054.6921,3164.08,D,S,4277,True,False,True,0001101239-26-000122,https://www.sec.gov/Archives/edgar/data/1101239/000110123926000122/0001101239-26-000122.txt
Pletcher Kurt,Chief Legal Officer,2026-06-02,2026-06-03,8,1056.0056,8448.04,D,S,4269,True,False,True,0001101239-26-000122,https://www.sec.gov/Archives/edgar/data/1101239/000110123926000122/0001101239-26-000122.txt
Pletcher Kurt,Chief Legal Officer,2026-06-02,2026-06-03,10,1056.9625,10569.62,D,S,4259,True,False,True,0001101239-26-000122,https://www.sec.gov/Archives/edgar/data/1101239/000110123926000122/0001101239-26-000122.txt
Pletcher Kurt,Chief Legal Officer,2026-06-02,2026-06-03,4,1058.0457,4232.18,D,S,4255,True,False,True,0001101239-26-000122,https://www.sec.gov/Archives/edgar/data/1101239/000110123926000122/0001101239-26-000122.txt
Pletcher Kurt,Chief Legal Officer,2026-06-02,2026-06-03,7,1058.9619,7412.73,D,S,4248,True,False,True,0001101239-26-000122,https://www.sec.gov/Archives/edgar/data/1101239/000110123926000122/0001101239-26-000122.txt
Pletcher Kurt,Chief Legal Officer,2026-06-02,2026-06-03,8,1060.0029,8480.02,D,S,4240,True,False,True,0001101239-26-000122,https://www.sec.gov/Archives/edgar/data/1101239/000110123926000122/0001101239-26-000122.txt
Pletcher Kurt,Chief Legal Officer,2026-06-02,2026-06-03,5,1062.1582,5310.79,D,S,4234,True,False,True,0001101239-26-000122,https://www.sec.gov/Archives/edgar/data/1101239/000110123926000122/0001101239-26-000122.txt
Pletcher Kurt,Chief Legal Officer,2026-06-02,2026-06-03,6,1063.2345,6379.41,D,S,4228,True,False,True,0001101239-26-000122,https://www.sec.gov/Archives/edgar/data/1101239/000110123926000122/0001101239-26-000122.txt
Pletcher Kurt,Chief Legal Officer,2026-06-02,2026-06-03,1,1064.9006,1064.9,D,S,4227,True,False,True,0001101239-26-000122,https://www.sec.gov/Archives/edgar/data/1101239/000110123926000122/0001101239-26-000122.txt
Pletcher Kurt,Chief Legal Officer,2026-06-02,2026-06-03,1,1066.5465,1066.55,D,S,4226,True,False,True,0001101239-26-000122,https://www.sec.gov/Archives/edgar/data/1101239/000110123926000122/0001101239-26-000122.txt
Pletcher Kurt,Chief Legal Officer,2026-06-02,2026-06-03,15,1069.199,16037.99,D,S,4211,True,False,True,0001101239-26-000122,https://www.sec.gov/Archives/edgar/data/1101239/000110123926000122/0001101239-26-000122.txt
Pletcher Kurt,Chief Legal Officer,2026-06-02,2026-06-03,0,1070.47,0.0,D,S,4211,True,False,True,0001101239-26-000122,https://www.sec.gov/Archives/edgar/data/1101239/000110123926000122/0001101239-26-000122.txt
Lin Jonathan,Chief Business Officer,2026-06-02,2026-06-03,0,1049.285,0.0,D,S,11060,True,False,True,0001101239-26-000121,https://www.sec.gov/Archives/edgar/data/1101239/000110123926000121/0001101239-26-000121.txt
Lin Jonathan,Chief Business Officer,2026-06-02,2026-06-03,8,1052.4582,8419.67,D,S,11052,True,False,True,0001101239-26-000121,https://www.sec.gov/Archives/edgar/data/1101239/000110123926000121/0001101239-26-000121.txt
Lin Jonathan,Chief Business Officer,2026-06-02,2026-06-03,11,1053.6426,11590.07,D,S,11041,True,False,True,0001101239-26-000121,https://www.sec.gov/Archives/edgar/data/1101239/000110123926000121/0001101239-26-000121.txt
Lin Jonathan,Chief Business Officer,2026-06-02,2026-06-03,5,1054.6921,5273.46,D,S,11036,True,False,True,0001101239-26-000121,https://www.sec.gov/Archives/edgar/data/1101239/000110123926000121/0001101239-26-000121.txt
Lin Jonathan,Chief Business Officer,2026-06-02,2026-06-03,14,1056.0056,14784.08,D,S,11022,True,False,True,0001101239-26-000121,https://www.sec.gov/Archives/edgar/data/1101239/000110123926000121/0001101239-26-000121.txt
Lin Jonathan,Chief Business Officer,2026-06-02,2026-06-03,18,1056.9625,19025.33,D,S,11003,True,False,True,0001101239-26-000121,https://www.sec.gov/Archives/edgar/data/1101239/000110123926000121/0001101239-26-000121.txt
Lin Jonathan,Chief Business Officer,2026-06-02,2026-06-03,8,1058.0457,8464.37,D,S,10995,True,False,True,0001101239-26-000121,https://www.sec.gov/Archives/edgar/data/1101239/000110123926000121/0001101239-26-000121.txt
Lin Jonathan,Chief Business Officer,2026-06-02,2026-06-03,13,1058.9619,13766.5,D,S,10982,True,False,True,0001101239-26-000121,https://www.sec.gov/Archives/edgar/data/1101239/000110123926000121/0001101239-26-000121.txt
Lin Jonathan,Chief Business Officer,2026-06-02,2026-06-03,14,1060.0029,14840.04,D,S,10968,True,False,True,0001101239-26-000121,https://www.sec.gov/Archives/edgar/data/1101239/000110123926000121/0001101239-26-000121.txt
Lin Jonathan,Chief Business Officer,2026-06-02,2026-06-03,11,1062.1582,11683.74,D,S,10957,True,False,True,0001101239-26-000121,https://www.sec.gov/Archives/edgar/data/1101239/000110123926000121/0001101239-26-000121.txt
Lin Jonathan,Chief Business Officer,2026-06-02,2026-06-03,12,1063.2345,12758.81,D,S,10945,True,False,True,0001101239-26-000121,https://www.sec.gov/Archives/edgar/data/1101239/000110123926000121/0001101239-26-000121.txt
Lin Jonathan,Chief Business Officer,2026-06-02,2026-06-03,2,1064.9006,2129.8,D,S,10943,True,False,True,0001101239-26-000121,https://www.sec.gov/Archives/edgar/data/1101239/000110123926000121/0001101239-26-000121.txt
Lin Jonathan,Chief Business Officer,2026-06-02,2026-06-03,3,1066.5465,3199.64,D,S,10940,True,False,True,0001101239-26-000121,https://www.sec.gov/Archives/edgar/data/1101239/000110123926000121/0001101239-26-000121.txt
Lin Jonathan,Chief Business Officer,2026-06-02,2026-06-03,29,1069.199,31006.77,D,S,10911,True,False,True,0001101239-26-000121,https://www.sec.gov/Archives/edgar/data/1101239/000110123926000121/0001101239-26-000121.txt
Lin Jonathan,Chief Business Officer,2026-06-02,2026-06-03,0,1070.47,0.0,D,S,10910,True,False,True,0001101239-26-000121,https://www.sec.gov/Archives/edgar/data/1101239/000110123926000121/0001101239-26-000121.txt
Fox-Martin Adaire,CEO and President,2026-06-02,2026-06-03,120,1052.2504,126270.05,D,S,25098,True,True,True,0001101239-26-000119,https://www.sec.gov/Archives/edgar/data/1101239/000110123926000119/0001101239-26-000119.txt
Fox-Martin Adaire,CEO and President,2026-06-02,2026-06-03,120,1053.4529,126414.35,D,S,24978,True,True,True,0001101239-26-000119,https://www.sec.gov/Archives/edgar/data/1101239/000110123926000119/0001101239-26-000119.txt
Fox-Martin Adaire,CEO and President,2026-06-02,2026-06-03,800,1054.368,843494.4,D,S,24178,True,True,True,0001101239-26-000119,https://www.sec.gov/Archives/edgar/data/1101239/000110123926000119/0001101239-26-000119.txt
Fox-Martin Adaire,CEO and President,2026-06-02,2026-06-03,285,1055.2485,300745.82,D,S,23893,True,True,True,0001101239-26-000119,https://www.sec.gov/Archives/edgar/data/1101239/000110123926000119/0001101239-26-000119.txt
Fox-Martin Adaire,CEO and President,2026-06-02,2026-06-03,315,1056.3317,332744.49,D,S,23578,True,True,True,0001101239-26-000119,https://www.sec.gov/Archives/edgar/data/1101239/000110123926000119/0001101239-26-000119.txt
Fox-Martin Adaire,CEO and President,2026-06-02,2026-06-03,400,1057.59,423036.0,D,S,23178,True,True,True,0001101239-26-000119,https://www.sec.gov/Archives/edgar/data/1101239/000110123926000119/0001101239-26-000119.txt
Fox-Martin Adaire,CEO and President,2026-06-02,2026-06-03,295,1060.9879,312991.43,D,S,22883,True,True,True,0001101239-26-000119,https://www.sec.gov/Archives/edgar/data/1101239/000110123926000119/0001101239-26-000119.txt
Fox-Martin Adaire,CEO and President,2026-06-02,2026-06-03,600,1061.5252,636915.12,D,S,22283,True,True,True,0001101239-26-000119,https://www.sec.gov/Archives/edgar/data/1101239/000110123926000119/0001101239-26-000119.txt
Abdel Raouf,"EVP, Global Operations",2026-06-02,2026-06-03,0,1049.285,0.0,D,S,6091,True,False,True,0001101239-26-000120,https://www.sec.gov/Archives/edgar/data/1101239/000110123926000120/0001101239-26-000120.txt
Abdel Raouf,"EVP, Global Operations",2026-06-02,2026-06-03,9,1052.4582,9472.12,D,S,6082,True,False,True,0001101239-26-000120,https://www.sec.gov/Archives/edgar/data/1101239/000110123926000120/0001101239-26-000120.txt
Abdel Raouf,"EVP, Global Operations",2026-06-02,2026-06-03,12,1053.6426,12643.71,D,S,6070,True,False,True,0001101239-26-000120,https://www.sec.gov/Archives/edgar/data/1101239/000110123926000120/0001101239-26-000120.txt
Abdel Raouf,"EVP, Global Operations",2026-06-02,2026-06-03,5,1054.6921,5273.46,D,S,6065,True,False,True,0001101239-26-000120,https://www.sec.gov/Archives/edgar/data/1101239/000110123926000120/0001101239-26-000120.txt
Abdel Raouf,"EVP, Global Operations",2026-06-02,2026-06-03,15,1056.0056,15840.08,D,S,6050,True,False,True,0001101239-26-000120,https://www.sec.gov/Archives/edgar/data/1101239/000110123926000120/0001101239-26-000120.txt
Abdel Raouf,"EVP, Global Operations",2026-06-02,2026-06-03,19,1056.9625,20082.29,D,S,6031,True,False,True,0001101239-26-000120,https://www.sec.gov/Archives/edgar/data/1101239/000110123926000120/0001101239-26-000120.txt
Abdel Raouf,"EVP, Global Operations",2026-06-02,2026-06-03,9,1058.0457,9522.41,D,S,6022,True,False,True,0001101239-26-000120,https://www.sec.gov/Archives/edgar/data/1101239/000110123926000120/0001101239-26-000120.txt
Abdel Raouf,"EVP, Global Operations",2026-06-02,2026-06-03,13,1058.9619,13766.5,D,S,6009,True,False,True,0001101239-26-000120,https://www.sec.gov/Archives/edgar/data/1101239/000110123926000120/0001101239-26-000120.txt
Abdel Raouf,"EVP, Global Operations",2026-06-02,2026-06-03,15,1060.0029,15900.04,D,S,5994,True,False,True,0001101239-26-000120,https://www.sec.gov/Archives/edgar/data/1101239/000110123926000120/0001101239-26-000120.txt
Abdel Raouf,"EVP, Global Operations",2026-06-02,2026-06-03,11,1062.1582,11683.74,D,S,5983,True,False,True,0001101239-26-000120,https://www.sec.gov/Archives/edgar/data/1101239/000110123926000120/0001101239-26-000120.txt
Abdel Raouf,"EVP, Global Operations",2026-06-02,2026-06-03,13,1063.2345,13822.05,D,S,5970,True,False,True,0001101239-26-000120,https://www.sec.gov/Archives/edgar/data/1101239/000110123926000120/0001101239-26-000120.txt
Abdel Raouf,"EVP, Global Operations",2026-06-02,2026-06-03,2,1064.9006,2129.8,D,S,5968,True,False,True,0001101239-26-000120,https://www.sec.gov/Archives/edgar/data/1101239/000110123926000120/0001101239-26-000120.txt
Abdel Raouf,"EVP, Global Operations",2026-06-02,2026-06-03,3,1066.5465,3199.64,D,S,5965,True,False,True,0001101239-26-000120,https://www.sec.gov/Archives/edgar/data/1101239/000110123926000120/0001101239-26-000120.txt
Abdel Raouf,"EVP, Global Operations",2026-06-02,2026-06-03,31,1069.199,33145.17,D,S,5934,True,False,True,0001101239-26-000120,https://www.sec.gov/Archives/edgar/data/1101239/000110123926000120/0001101239-26-000120.txt
Abdel Raouf,"EVP, Global Operations",2026-06-02,2026-06-03,0,1070.47,0.0,D,S,5934,True,False,True,0001101239-26-000120,https://www.sec.gov/Archives/edgar/data/1101239/000110123926000120/0001101239-26-000120.txt
Pletcher Kurt,Chief Legal Officer,2026-06-01,2026-06-03,182,0.0,0.0,A,M,4290,True,False,True,0001101239-26-000122,https://www.sec.gov/Archives/edgar/data/1101239/000110123926000122/0001101239-26-000122.txt
Lin Jonathan,Chief Business Officer,2026-06-01,2026-06-03,273,0.0,0.0,A,M,11060,True,False,True,0001101239-26-000121,https://www.sec.gov/Archives/edgar/data/1101239/000110123926000121/0001101239-26-000121.txt
Fox-Martin Adaire,CEO and President,2026-06-01,2026-06-03,5645,0.0,0.0,A,M,25218,True,True,True,0001101239-26-000119,https://www.sec.gov/Archives/edgar/data/1101239/000110123926000119/0001101239-26-000119.txt
Abdel Raouf,"EVP, Global Operations",2026-06-01,2026-06-03,364,0.0,0.0,A,M,6092,True,False,True,0001101239-26-000120,https://www.sec.gov/Archives/edgar/data/1101239/000110123926000120/0001101239-26-000120.txt
Abdel Raouf,"EVP, Global Operations",2026-05-22,2026-05-26,2040,1083.47,2210278.8,D,S,5728,False,False,True,0001101239-26-000118,https://www.sec.gov/Archives/edgar/data/1101239/000110123926000118/0001101239-26-000118.txt
RUSSO FIDELMA,,2026-05-21,2026-05-21,302,0.0,0.0,A,M,640,False,True,False,0001101239-26-000112,https://www.sec.gov/Archives/edgar/data/1101239/000110123926000112/0001101239-26-000112.txt
PAISLEY CHRISTOPHER B,,2026-05-21,2026-05-21,302,0.0,0.0,A,M,17859,False,True,False,0001101239-26-000113,https://www.sec.gov/Archives/edgar/data/1101239/000110123926000113/0001101239-26-000113.txt
Olinger Thomas S,,2026-05-21,2026-05-21,302,0.0,0.0,A,M,1116,False,True,False,0001101239-26-000114,https://www.sec.gov/Archives/edgar/data/1101239/000110123926000114/0001101239-26-000114.txt
Li Yanbing,,2026-05-21,2026-05-21,255,0.0,0.0,A,M,255,False,True,False,0001101239-26-000115,https://www.sec.gov/Archives/edgar/data/1101239/000110123926000115/0001101239-26-000115.txt
Kujawa Rebecca J,,2026-05-21,2026-05-21,170,0.0,0.0,A,M,170,False,True,False,0001101239-26-000117,https://www.sec.gov/Archives/edgar/data/1101239/000110123926000117/0001101239-26-000117.txt
HROMADKO GARY,,2026-05-21,2026-05-21,302,0.0,0.0,A,M,142687,False,True,False,0001101239-26-000116,https://www.sec.gov/Archives/edgar/data/1101239/000110123926000116/0001101239-26-000116.txt
PAISLEY CHRISTOPHER B,,2026-05-18,2026-05-19,125,1060.29,132536.25,D,S,17557,True,True,False,0001101239-26-000110,https://www.sec.gov/Archives/edgar/data/1101239/000110123926000110/0001101239-26-000110.txt
Meyers Charles J,,2026-05-06,2026-05-07,869,1081.9247,940192.56,D,S,11725,False,True,False,0001101239-26-000093,https://www.sec.gov/Archives/edgar/data/1101239/000110123926000093/0001101239-26-000093.txt
Meyers Charles J,,2026-05-06,2026-05-07,840,1084.2691,910786.04,D,S,10885,False,True,False,0001101239-26-000093,https://www.sec.gov/Archives/edgar/data/1101239/000110123926000093/0001101239-26-000093.txt
Meyers Charles J,,2026-05-06,2026-05-07,1927,1084.8977,2090597.87,D,S,8958,False,True,False,0001101239-26-000093,https://www.sec.gov/Archives/edgar/data/1101239/000110123926000093/0001101239-26-000093.txt
Meyers Charles J,,2026-05-06,2026-05-07,410,1086.0971,445299.81,D,S,8548,False,True,False,0001101239-26-000093,https://www.sec.gov/Archives/edgar/data/1101239/000110123926000093/0001101239-26-000093.txt
Meyers Charles J,,2026-05-06,2026-05-07,449,1087.453,488266.4,D,S,8099,False,True,False,0001101239-26-000093,https://www.sec.gov/Archives/edgar/data/1101239/000110123926000093/0001101239-26-000093.txt
Meyers Charles J,,2026-05-06,2026-05-07,729,1089.2635,794073.09,D,S,7370,False,True,False,0001101239-26-000093,https://www.sec.gov/Archives/edgar/data/1101239/000110123926000093/0001101239-26-000093.txt
MORANDI BRANDI GALVIN,Chief People Officer,2026-05-06,2026-05-06,112,0.0,0.0,D,G,9858,False,False,True,0001101239-26-000092,https://www.sec.gov/Archives/edgar/data/1101239/000110123926000092/0001101239-26-000092.txt
MORANDI BRANDI GALVIN,Chief People Officer,2026-04-08,2026-04-09,424,1020.0,432480.0,D,S,9970,True,False,True,0001101239-26-000076,https://www.sec.gov/Archives/edgar/data/1101239/000110123926000076/0001101239-26-000076.txt
TAYLOR KEITH D,Chief Financial Officer,2026-03-12,2026-03-13,760,961.19,730504.4,D,S,26587,True,False,True,0001101239-26-000067,https://www.sec.gov/Archives/edgar/data/1101239/000110123926000067/0001101239-26-000067.txt
Pletcher Kurt,Chief Legal Officer,2026-03-12,2026-03-13,16,958.0048,15328.08,D,S,4651,True,False,True,0001101239-26-000066,https://www.sec.gov/Archives/edgar/data/1101239/000110123926000066/0001101239-26-000066.txt
Pletcher Kurt,Chief Legal Officer,2026-03-12,2026-03-13,28,959.004,26852.11,D,S,4623,True,False,True,0001101239-26-000066,https://www.sec.gov/Archives/edgar/data/1101239/000110123926000066/0001101239-26-000066.txt
Pletcher Kurt,Chief Legal Officer,2026-03-12,2026-03-13,20,960.1291,19202.58,D,S,4603,True,False,True,0001101239-26-000066,https://www.sec.gov/Archives/edgar/data/1101239/000110123926000066/0001101239-26-000066.txt
Pletcher Kurt,Chief Legal Officer,2026-03-12,2026-03-13,46,961.1728,44213.95,D,S,4557,True,False,True,0001101239-26-000066,https://www.sec.gov/Archives/edgar/data/1101239/000110123926000066/0001101239-26-000066.txt
Pletcher Kurt,Chief Legal Officer,2026-03-12,2026-03-13,37,962.5967,35616.08,D,S,4520,True,False,True,0001101239-26-000066,https://www.sec.gov/Archives/edgar/data/1101239/000110123926000066/0001101239-26-000066.txt
Pletcher Kurt,Chief Legal Officer,2026-03-12,2026-03-13,16,963.7176,15419.48,D,S,4504,True,False,True,0001101239-26-000066,https://www.sec.gov/Archives/edgar/data/1101239/000110123926000066/0001101239-26-000066.txt
Pletcher Kurt,Chief Legal Officer,2026-03-12,2026-03-13,32,965.3438,30891.0,D,S,4472,True,False,True,0001101239-26-000066,https://www.sec.gov/Archives/edgar/data/1101239/000110123926000066/0001101239-26-000066.txt
Pletcher Kurt,Chief Legal Officer,2026-03-12,2026-03-13,36,966.1606,34781.78,D,S,4436,True,False,True,0001101239-26-000066,https://www.sec.gov/Archives/edgar/data/1101239/000110123926000066/0001101239-26-000066.txt
Pletcher Kurt,Chief Legal Officer,2026-03-12,2026-03-13,164,967.4416,158660.42,D,S,4272,True,False,True,0001101239-26-000066,https://www.sec.gov/Archives/edgar/data/1101239/000110123926000066/0001101239-26-000066.txt
Pletcher Kurt,Chief Legal Officer,2026-03-12,2026-03-13,101,968.2977,97798.07,D,S,4171,True,False,True,0001101239-26-000066,https://www.sec.gov/Archives/edgar/data/1101239/000110123926000066/0001101239-26-000066.txt
Pletcher Kurt,Chief Legal Officer,2026-03-12,2026-03-13,63,969.1412,61055.9,D,S,4108,True,False,True,0001101239-26-000066,https://www.sec.gov/Archives/edgar/data/1101239/000110123926000066/0001101239-26-000066.txt
Paladin Michael Shane,Chief Customer & Rev Officer,2026-03-12,2026-03-13,4,958.14,3832.56,D,S,2564,True,False,True,0001101239-26-000065,https://www.sec.gov/Archives/edgar/data/1101239/000110123926000065/0001101239-26-000065.txt
Paladin Michael Shane,Chief Customer & Rev Officer,2026-03-12,2026-03-13,12,960.5,11526.0,D,S,2552,True,False,True,0001101239-26-000065,https://www.sec.gov/Archives/edgar/data/1101239/000110123926000065/0001101239-26-000065.txt
Paladin Michael Shane,Chief Customer & Rev Officer,2026-03-12,2026-03-13,12,962.55,11550.6,D,S,2540,True,False,True,0001101239-26-000065,https://www.sec.gov/Archives/edgar/data/1101239/000110123926000065/0001101239-26-000065.txt
Paladin Michael Shane,Chief Customer & Rev Officer,2026-03-12,2026-03-13,8,964.05,7712.4,D,S,2532,True,False,True,0001101239-26-000065,https://www.sec.gov/Archives/edgar/data/1101239/000110123926000065/0001101239-26-000065.txt
Paladin Michael Shane,Chief Customer & Rev Officer,2026-03-12,2026-03-13,24,968.0083,23232.2,D,S,2508,True,False,True,0001101239-26-000065,https://www.sec.gov/Archives/edgar/data/1101239/000110123926000065/0001101239-26-000065.txt
Paladin Michael Shane,Chief Customer & Rev Officer,2026-03-12,2026-03-13,52,969.1223,50394.36,D,S,2456,True,False,True,0001101239-26-000065,https://www.sec.gov/Archives/edgar/data/1101239/000110123926000065/0001101239-26-000065.txt
Paladin Michael Shane,Chief Customer & Rev Officer,2026-03-12,2026-03-13,6,969.8883,5819.33,D,S,2450,True,False,True,0001101239-26-000065,https://www.sec.gov/Archives/edgar/data/1101239/000110123926000065/0001101239-26-000065.txt
Miller Simon,Chief Accounting Officer,2026-03-12,2026-03-13,8,958.0048,7664.04,D,S,7895,True,False,True,0001101239-26-000064,https://www.sec.gov/Archives/edgar/data/1101239/000110123926000064/0001101239-26-000064.txt
Miller Simon,Chief Accounting Officer,2026-03-12,2026-03-13,14,959.004,13426.06,D,S,7881,True,False,True,0001101239-26-000064,https://www.sec.gov/Archives/edgar/data/1101239/000110123926000064/0001101239-26-000064.txt
Miller Simon,Chief Accounting Officer,2026-03-12,2026-03-13,10,960.1291,9601.29,D,S,7871,True,False,True,0001101239-26-000064,https://www.sec.gov/Archives/edgar/data/1101239/000110123926000064/0001101239-26-000064.txt
Miller Simon,Chief Accounting Officer,2026-03-12,2026-03-13,23,961.1728,22106.97,D,S,7848,True,False,True,0001101239-26-000064,https://www.sec.gov/Archives/edgar/data/1101239/000110123926000064/0001101239-26-000064.txt
Miller Simon,Chief Accounting Officer,2026-03-12,2026-03-13,19,962.5967,18289.34,D,S,7829,True,False,True,0001101239-26-000064,https://www.sec.gov/Archives/edgar/data/1101239/000110123926000064/0001101239-26-000064.txt
Miller Simon,Chief Accounting Officer,2026-03-12,2026-03-13,8,963.7176,7709.74,D,S,7821,True,False,True,0001101239-26-000064,https://www.sec.gov/Archives/edgar/data/1101239/000110123926000064/0001101239-26-000064.txt
Miller Simon,Chief Accounting Officer,2026-03-12,2026-03-13,19,965.3438,18341.53,D,S,7802,True,False,True,0001101239-26-000064,https://www.sec.gov/Archives/edgar/data/1101239/000110123926000064/0001101239-26-000064.txt
Miller Simon,Chief Accounting Officer,2026-03-12,2026-03-13,18,966.1606,17390.89,D,S,7784,True,False,True,0001101239-26-000064,https://www.sec.gov/Archives/edgar/data/1101239/000110123926000064/0001101239-26-000064.txt
Miller Simon,Chief Accounting Officer,2026-03-12,2026-03-13,85,967.4416,82232.54,D,S,7699,True,False,True,0001101239-26-000064,https://www.sec.gov/Archives/edgar/data/1101239/000110123926000064/0001101239-26-000064.txt
Miller Simon,Chief Accounting Officer,2026-03-12,2026-03-13,52,968.2977,50351.48,D,S,7647,True,False,True,0001101239-26-000064,https://www.sec.gov/Archives/edgar/data/1101239/000110123926000064/0001101239-26-000064.txt
Miller Simon,Chief Accounting Officer,2026-03-12,2026-03-13,33,969.1412,31981.66,D,S,7614,True,False,True,0001101239-26-000064,https://www.sec.gov/Archives/edgar/data/1101239/000110123926000064/0001101239-26-000064.txt
Meyers Charles J,,2026-03-12,2026-03-13,305,961.19,293162.95,D,S,12594,True,True,False,0001101239-26-000063,https://www.sec.gov/Archives/edgar/data/1101239/000110123926000063/0001101239-26-000063.txt
MORANDI BRANDI GALVIN,Chief People Officer,2026-03-12,2026-03-13,630,961.19,605549.7,D,S,10394,True,False,True,0001101239-26-000061,https://www.sec.gov/Archives/edgar/data/1101239/000110123926000061/0001101239-26-000061.txt
Lin Jonathan,Chief Business Officer,2026-03-12,2026-03-13,18,958.0048,17244.09,D,S,11404,True,False,True,0001101239-26-000062,https://www.sec.gov/Archives/edgar/data/1101239/000110123926000062/0001101239-26-000062.txt
Lin Jonathan,Chief Business Officer,2026-03-12,2026-03-13,31,959.004,29729.12,D,S,11373,True,False,True,0001101239-26-000062,https://www.sec.gov/Archives/edgar/data/1101239/000110123926000062/0001101239-26-000062.txt
Lin Jonathan,Chief Business Officer,2026-03-12,2026-03-13,22,960.1291,21122.84,D,S,11351,True,False,True,0001101239-26-000062,https://www.sec.gov/Archives/edgar/data/1101239/000110123926000062/0001101239-26-000062.txt
Lin Jonathan,Chief Business Officer,2026-03-12,2026-03-13,52,961.1728,49980.99,D,S,11299,True,False,True,0001101239-26-000062,https://www.sec.gov/Archives/edgar/data/1101239/000110123926000062/0001101239-26-000062.txt
Lin Jonathan,Chief Business Officer,2026-03-12,2026-03-13,42,962.5967,40429.06,D,S,11257,True,False,True,0001101239-26-000062,https://www.sec.gov/Archives/edgar/data/1101239/000110123926000062/0001101239-26-000062.txt
Lin Jonathan,Chief Business Officer,2026-03-12,2026-03-13,18,963.7176,17346.92,D,S,11239,True,False,True,0001101239-26-000062,https://www.sec.gov/Archives/edgar/data/1101239/000110123926000062/0001101239-26-000062.txt
Lin Jonathan,Chief Business Officer,2026-03-12,2026-03-13,37,965.3438,35717.72,D,S,11202,True,False,True,0001101239-26-000062,https://www.sec.gov/Archives/edgar/data/1101239/000110123926000062/0001101239-26-000062.txt
Lin Jonathan,Chief Business Officer,2026-03-12,2026-03-13,41,966.1606,39612.58,D,S,11161,True,False,True,0001101239-26-000062,https://www.sec.gov/Archives/edgar/data/1101239/000110123926000062/0001101239-26-000062.txt
Lin Jonathan,Chief Business Officer,2026-03-12,2026-03-13,187,967.4416,180911.58,D,S,10974,True,False,True,0001101239-26-000062,https://www.sec.gov/Archives/edgar/data/1101239/000110123926000062/0001101239-26-000062.txt
Lin Jonathan,Chief Business Officer,2026-03-12,2026-03-13,115,968.2977,111354.24,D,S,10859,True,False,True,0001101239-26-000062,https://www.sec.gov/Archives/edgar/data/1101239/000110123926000062/0001101239-26-000062.txt
Lin Jonathan,Chief Business Officer,2026-03-12,2026-03-13,72,969.1412,69778.17,D,S,10787,True,False,True,0001101239-26-000062,https://www.sec.gov/Archives/edgar/data/1101239/000110123926000062/0001101239-26-000062.txt
Fox-Martin Adaire,CEO and President,2026-03-12,2026-03-13,40,958.14,38325.6,D,S,20619,True,True,True,0001101239-26-000060,https://www.sec.gov/Archives/edgar/data/1101239/000110123926000060/0001101239-26-000060.txt
Fox-Martin Adaire,CEO and President,2026-03-12,2026-03-13,80,960.18,76814.4,D,S,20539,True,True,True,0001101239-26-000060,https://www.sec.gov/Archives/edgar/data/1101239/000110123926000060/0001101239-26-000060.txt
Fox-Martin Adaire,CEO and President,2026-03-12,2026-03-13,40,961.19,38447.6,D,S,20499,True,True,True,0001101239-26-000060,https://www.sec.gov/Archives/edgar/data/1101239/000110123926000060/0001101239-26-000060.txt
Fox-Martin Adaire,CEO and President,2026-03-12,2026-03-13,120,962.5533,115506.4,D,S,20379,True,True,True,0001101239-26-000060,https://www.sec.gov/Archives/edgar/data/1101239/000110123926000060/0001101239-26-000060.txt
Fox-Martin Adaire,CEO and President,2026-03-12,2026-03-13,80,964.04,77123.2,D,S,20299,True,True,True,0001101239-26-000060,https://www.sec.gov/Archives/edgar/data/1101239/000110123926000060/0001101239-26-000060.txt
Fox-Martin Adaire,CEO and President,2026-03-12,2026-03-13,515,968.1205,498582.06,D,S,19784,True,True,True,0001101239-26-000060,https://www.sec.gov/Archives/edgar/data/1101239/000110123926000060/0001101239-26-000060.txt
Fox-Martin Adaire,CEO and President,2026-03-12,2026-03-13,170,968.9965,164729.4,D,S,19614,True,True,True,0001101239-26-000060,https://www.sec.gov/Archives/edgar/data/1101239/000110123926000060/0001101239-26-000060.txt
Fox-Martin Adaire,CEO and President,2026-03-12,2026-03-13,41,969.9178,39766.63,D,S,19573,True,True,True,0001101239-26-000060,https://www.sec.gov/Archives/edgar/data/1101239/000110123926000060/0001101239-26-000060.txt
Abdel Raouf,"EVP, Global Operations",2026-03-12,2026-03-13,17,958.0048,16286.08,D,S,8335,True,False,True,0001101239-26-000059,https://www.sec.gov/Archives/edgar/data/1101239/000110123926000059/0001101239-26-000059.txt
Abdel Raouf,"EVP, Global Operations",2026-03-12,2026-03-13,29,959.004,27811.12,D,S,8306,True,False,True,0001101239-26-000059,https://www.sec.gov/Archives/edgar/data/1101239/000110123926000059/0001101239-26-000059.txt
Abdel Raouf,"EVP, Global Operations",2026-03-12,2026-03-13,21,960.1291,20162.71,D,S,8285,True,False,True,0001101239-26-000059,https://www.sec.gov/Archives/edgar/data/1101239/000110123926000059/0001101239-26-000059.txt
Abdel Raouf,"EVP, Global Operations",2026-03-12,2026-03-13,48,961.1728,46136.29,D,S,8237,True,False,True,0001101239-26-000059,https://www.sec.gov/Archives/edgar/data/1101239/000110123926000059/0001101239-26-000059.txt
Abdel Raouf,"EVP, Global Operations",2026-03-12,2026-03-13,39,962.5967,37541.27,D,S,8198,True,False,True,0001101239-26-000059,https://www.sec.gov/Archives/edgar/data/1101239/000110123926000059/0001101239-26-000059.txt
Abdel Raouf,"EVP, Global Operations",2026-03-12,2026-03-13,16,963.7176,15419.48,D,S,8182,True,False,True,0001101239-26-000059,https://www.sec.gov/Archives/edgar/data/1101239/000110123926000059/0001101239-26-000059.txt
Abdel Raouf,"EVP, Global Operations",2026-03-12,2026-03-13,34,965.3438,32821.69,D,S,8148,True,False,True,0001101239-26-000059,https://www.sec.gov/Archives/edgar/data/1101239/000110123926000059/0001101239-26-000059.txt
Abdel Raouf,"EVP, Global Operations",2026-03-12,2026-03-13,37,966.1606,35747.94,D,S,8111,True,False,True,0001101239-26-000059,https://www.sec.gov/Archives/edgar/data/1101239/000110123926000059/0001101239-26-000059.txt
Abdel Raouf,"EVP, Global Operations",2026-03-12,2026-03-13,172,967.4416,166399.96,D,S,7939,True,False,True,0001101239-26-000059,https://www.sec.gov/Archives/edgar/data/1101239/000110123926000059/0001101239-26-000059.txt
Abdel Raouf,"EVP, Global Operations",2026-03-12,2026-03-13,105,968.2977,101671.26,D,S,7834,True,False,True,0001101239-26-000059,https://www.sec.gov/Archives/edgar/data/1101239/000110123926000059/0001101239-26-000059.txt
Abdel Raouf,"EVP, Global Operations",2026-03-12,2026-03-13,66,969.1412,63963.32,D,S,7768,True,False,True,0001101239-26-000059,https://www.sec.gov/Archives/edgar/data/1101239/000110123926000059/0001101239-26-000059.txt
TAYLOR KEITH D,Chief Financial Officer,2026-03-11,2026-03-13,760,0.0,0.0,A,M,27347,True,False,True,0001101239-26-000067,https://www.sec.gov/Archives/edgar/data/1101239/000110123926000067/0001101239-26-000067.txt
Pletcher Kurt,Chief Legal Officer,2026-03-11,2026-03-13,559,0.0,0.0,A,M,4667,True,False,True,0001101239-26-000066,https://www.sec.gov/Archives/edgar/data/1101239/000110123926000066/0001101239-26-000066.txt
Paladin Michael Shane,Chief Customer & Rev Officer,2026-03-11,2026-03-13,297,0.0,0.0,A,M,2568,True,False,True,0001101239-26-000065,https://www.sec.gov/Archives/edgar/data/1101239/000110123926000065/0001101239-26-000065.txt
Miller Simon,Chief Accounting Officer,2026-03-11,2026-03-13,287,0.0,0.0,A,M,7903,True,False,True,0001101239-26-000064,https://www.sec.gov/Archives/edgar/data/1101239/000110123926000064/0001101239-26-000064.txt
Meyers Charles J,,2026-03-11,2026-03-13,305,0.0,0.0,A,M,12899,True,True,False,0001101239-26-000063,https://www.sec.gov/Archives/edgar/data/1101239/000110123926000063/0001101239-26-000063.txt
MORANDI BRANDI GALVIN,Chief People Officer,2026-03-11,2026-03-13,630,0.0,0.0,A,M,11024,True,False,True,0001101239-26-000061,https://www.sec.gov/Archives/edgar/data/1101239/000110123926000061/0001101239-26-000061.txt
Lin Jonathan,Chief Business Officer,2026-03-11,2026-03-13,635,0.0,0.0,A,M,11422,True,False,True,0001101239-26-000062,https://www.sec.gov/Archives/edgar/data/1101239/000110123926000062/0001101239-26-000062.txt
Fox-Martin Adaire,CEO and President,2026-03-11,2026-03-13,2034,0.0,0.0,A,M,20659,True,True,True,0001101239-26-000060,https://www.sec.gov/Archives/edgar/data/1101239/000110123926000060/0001101239-26-000060.txt
Abdel Raouf,"EVP, Global Operations",2026-03-11,2026-03-13,584,0.0,0.0,A,M,8352,True,False,True,0001101239-26-000059,https://www.sec.gov/Archives/edgar/data/1101239/000110123926000059/0001101239-26-000059.txt
Meyers Charles J,,2026-03-04,2026-03-04,2716,965.1483,2621342.78,D,S,12594,False,True,False,0001101239-26-000056,https://www.sec.gov/Archives/edgar/data/1101239/000110123926000056/0001101239-26-000056.txt
Pletcher Kurt,Chief Legal Officer,2026-03-03,2026-03-04,2,942.26,1884.52,D,S,4165,True,False,True,0001101239-26-000054,https://www.sec.gov/Archives/edgar/data/1101239/000110123926000054/0001101239-26-000054.txt
Pletcher Kurt,Chief Legal Officer,2026-03-03,2026-03-04,0,948.3957,0.0,D,S,4165,True,False,True,0001101239-26-000054,https://www.sec.gov/Archives/edgar/data/1101239/000110123926000054/0001101239-26-000054.txt
Pletcher Kurt,Chief Legal Officer,2026-03-03,2026-03-04,1,949.7503,949.75,D,S,4164,True,False,True,0001101239-26-000054,https://www.sec.gov/Archives/edgar/data/1101239/000110123926000054/0001101239-26-000054.txt
Pletcher Kurt,Chief Legal Officer,2026-03-03,2026-03-04,1,950.8461,950.85,D,S,4162,True,False,True,0001101239-26-000054,https://www.sec.gov/Archives/edgar/data/1101239/000110123926000054/0001101239-26-000054.txt
Pletcher Kurt,Chief Legal Officer,2026-03-03,2026-03-04,1,951.9338,951.93,D,S,4161,True,False,True,0001101239-26-000054,https://www.sec.gov/Archives/edgar/data/1101239/000110123926000054/0001101239-26-000054.txt
Pletcher Kurt,Chief Legal Officer,2026-03-03,2026-03-04,2,953.1644,1906.33,D,S,4159,True,False,True,0001101239-26-000054,https://www.sec.gov/Archives/edgar/data/1101239/000110123926000054/0001101239-26-000054.txt
Pletcher Kurt,Chief Legal Officer,2026-03-03,2026-03-04,2,954.1909,1908.38,D,S,4157,True,False,True,0001101239-26-000054,https://www.sec.gov/Archives/edgar/data/1101239/000110123926000054/0001101239-26-000054.txt
Pletcher Kurt,Chief Legal Officer,2026-03-03,2026-03-04,3,955.2686,2865.81,D,S,4154,True,False,True,0001101239-26-000054,https://www.sec.gov/Archives/edgar/data/1101239/000110123926000054/0001101239-26-000054.txt
Pletcher Kurt,Chief Legal Officer,2026-03-03,2026-03-04,4,956.2389,3824.96,D,S,4150,True,False,True,0001101239-26-000054,https://www.sec.gov/Archives/edgar/data/1101239/000110123926000054/0001101239-26-000054.txt
Pletcher Kurt,Chief Legal Officer,2026-03-03,2026-03-04,5,957.3582,4786.79,D,S,4145,True,False,True,0001101239-26-000054,https://www.sec.gov/Archives/edgar/data/1101239/000110123926000054/0001101239-26-000054.txt
Pletcher Kurt,Chief Legal Officer,2026-03-03,2026-03-04,6,958.3633,5750.18,D,S,4139,True,False,True,0001101239-26-000054,https://www.sec.gov/Archives/edgar/data/1101239/000110123926000054/0001101239-26-000054.txt
Pletcher Kurt,Chief Legal Officer,2026-03-03,2026-03-04,6,959.2396,5755.44,D,S,4133,True,False,True,0001101239-26-000054,https://www.sec.gov/Archives/edgar/data/1101239/000110123926000054/0001101239-26-000054.txt
Pletcher Kurt,Chief Legal Officer,2026-03-03,2026-03-04,7,960.3277,6722.29,D,S,4126,True,False,True,0001101239-26-000054,https://www.sec.gov/Archives/edgar/data/1101239/000110123926000054/0001101239-26-000054.txt
Pletcher Kurt,Chief Legal Officer,2026-03-03,2026-03-04,2,961.3339,1922.67,D,S,4124,True,False,True,0001101239-26-000054,https://www.sec.gov/Archives/edgar/data/1101239/000110123926000054/0001101239-26-000054.txt
Pletcher Kurt,Chief Legal Officer,2026-03-03,2026-03-04,4,962.1816,3848.73,D,S,4120,True,False,True,0001101239-26-000054,https://www.sec.gov/Archives/edgar/data/1101239/000110123926000054/0001101239-26-000054.txt
Pletcher Kurt,Chief Legal Officer,2026-03-03,2026-03-04,3,963.2895,2889.87,D,S,4117,True,False,True,0001101239-26-000054,https://www.sec.gov/Archives/edgar/data/1101239/000110123926000054/0001101239-26-000054.txt
Pletcher Kurt,Chief Legal Officer,2026-03-03,2026-03-04,5,964.4099,4822.05,D,S,4112,True,False,True,0001101239-26-000054,https://www.sec.gov/Archives/edgar/data/1101239/000110123926000054/0001101239-26-000054.txt
Pletcher Kurt,Chief Legal Officer,2026-03-03,2026-03-04,1,965.5523,965.55,D,S,4111,True,False,True,0001101239-26-000054,https://www.sec.gov/Archives/edgar/data/1101239/000110123926000054/0001101239-26-000054.txt
Pletcher Kurt,Chief Legal Officer,2026-03-03,2026-03-04,3,968.1166,2904.35,D,S,4108,True,False,True,0001101239-26-000054,https://www.sec.gov/Archives/edgar/data/1101239/000110123926000054/0001101239-26-000054.txt
Paladin Michael Shane,Chief Customer & Rev Officer,2026-03-03,2026-03-04,7,946.83,6627.81,D,S,2472,True,False,True,0001101239-26-000055,https://www.sec.gov/Archives/edgar/data/1101239/000110123926000055/0001101239-26-000055.txt
Paladin Michael Shane,Chief Customer & Rev Officer,2026-03-03,2026-03-04,7,948.03,6636.21,D,S,2465,True,False,True,0001101239-26-000055,https://www.sec.gov/Archives/edgar/data/1101239/000110123926000055/0001101239-26-000055.txt
Paladin Michael Shane,Chief Customer & Rev Officer,2026-03-03,2026-03-04,21,950.29,19956.09,D,S,2444,True,False,True,0001101239-26-000055,https://www.sec.gov/Archives/edgar/data/1101239/000110123926000055/0001101239-26-000055.txt
Paladin Michael Shane,Chief Customer & Rev Officer,2026-03-03,2026-03-04,17,952.9124,16199.51,D,S,2427,True,False,True,0001101239-26-000055,https://www.sec.gov/Archives/edgar/data/1101239/000110123926000055/0001101239-26-000055.txt
Paladin Michael Shane,Chief Customer & Rev Officer,2026-03-03,2026-03-04,14,953.765,13352.71,D,S,2413,True,False,True,0001101239-26-000055,https://www.sec.gov/Archives/edgar/data/1101239/000110123926000055/0001101239-26-000055.txt
Paladin Michael Shane,Chief Customer & Rev Officer,2026-03-03,2026-03-04,22,955.7009,21025.42,D,S,2391,True,False,True,0001101239-26-000055,https://www.sec.gov/Archives/edgar/data/1101239/000110123926000055/0001101239-26-000055.txt
Paladin Michael Shane,Chief Customer & Rev Officer,2026-03-03,2026-03-04,61,956.552,58349.67,D,S,2330,True,False,True,0001101239-26-000055,https://www.sec.gov/Archives/edgar/data/1101239/000110123926000055/0001101239-26-000055.txt
Paladin Michael Shane,Chief Customer & Rev Officer,2026-03-03,2026-03-04,52,957.7215,49801.52,D,S,2278,True,False,True,0001101239-26-000055,https://www.sec.gov/Archives/edgar/data/1101239/000110123926000055/0001101239-26-000055.txt
Paladin Michael Shane,Chief Customer & Rev Officer,2026-03-03,2026-03-04,7,959.44,6716.08,D,S,2271,True,False,True,0001101239-26-000055,https://www.sec.gov/Archives/edgar/data/1101239/000110123926000055/0001101239-26-000055.txt
Miller Simon,Chief Accounting Officer,2026-03-03,2026-03-04,16,942.26,15076.16,D,S,8022,False,False,True,0001101239-26-000053,https://www.sec.gov/Archives/edgar/data/1101239/000110123926000053/0001101239-26-000053.txt
Miller Simon,Chief Accounting Officer,2026-03-03,2026-03-04,0,945.675,0.0,D,S,8022,False,False,True,0001101239-26-000053,https://www.sec.gov/Archives/edgar/data/1101239/000110123926000053/0001101239-26-000053.txt
Miller Simon,Chief Accounting Officer,2026-03-03,2026-03-04,0,946.979,0.0,D,S,8021,False,False,True,0001101239-26-000053,https://www.sec.gov/Archives/edgar/data/1101239/000110123926000053/0001101239-26-000053.txt
Miller Simon,Chief Accounting Officer,2026-03-03,2026-03-04,4,948.3957,3793.58,D,S,8017,False,False,True,0001101239-26-000053,https://www.sec.gov/Archives/edgar/data/1101239/000110123926000053/0001101239-26-000053.txt
Miller Simon,Chief Accounting Officer,2026-03-03,2026-03-04,8,949.7503,7598.0,D,S,8009,False,False,True,0001101239-26-000053,https://www.sec.gov/Archives/edgar/data/1101239/000110123926000053/0001101239-26-000053.txt
Miller Simon,Chief Accounting Officer,2026-03-03,2026-03-04,9,950.8461,8557.61,D,S,8000,False,False,True,0001101239-26-000053,https://www.sec.gov/Archives/edgar/data/1101239/000110123926000053/0001101239-26-000053.txt
Miller Simon,Chief Accounting Officer,2026-03-03,2026-03-04,4,951.9338,3807.74,D,S,7996,False,False,True,0001101239-26-000053,https://www.sec.gov/Archives/edgar/data/1101239/000110123926000053/0001101239-26-000053.txt
Miller Simon,Chief Accounting Officer,2026-03-03,2026-03-04,11,953.1644,10484.81,D,S,7984,False,False,True,0001101239-26-000053,https://www.sec.gov/Archives/edgar/data/1101239/000110123926000053/0001101239-26-000053.txt
Miller Simon,Chief Accounting Officer,2026-03-03,2026-03-04,12,954.1909,11450.29,D,S,7972,False,False,True,0001101239-26-000053,https://www.sec.gov/Archives/edgar/data/1101239/000110123926000053/0001101239-26-000053.txt
Miller Simon,Chief Accounting Officer,2026-03-03,2026-03-04,25,955.2686,23881.72,D,S,7947,False,False,True,0001101239-26-000053,https://www.sec.gov/Archives/edgar/data/1101239/000110123926000053/0001101239-26-000053.txt
Miller Simon,Chief Accounting Officer,2026-03-03,2026-03-04,30,956.2389,28687.17,D,S,7917,False,False,True,0001101239-26-000053,https://www.sec.gov/Archives/edgar/data/1101239/000110123926000053/0001101239-26-000053.txt
Miller Simon,Chief Accounting Officer,2026-03-03,2026-03-04,35,957.3582,33507.54,D,S,7882,False,False,True,0001101239-26-000053,https://www.sec.gov/Archives/edgar/data/1101239/000110123926000053/0001101239-26-000053.txt
Miller Simon,Chief Accounting Officer,2026-03-03,2026-03-04,43,958.3633,41209.62,D,S,7839,False,False,True,0001101239-26-000053,https://www.sec.gov/Archives/edgar/data/1101239/000110123926000053/0001101239-26-000053.txt
Miller Simon,Chief Accounting Officer,2026-03-03,2026-03-04,39,959.2396,37410.34,D,S,7799,False,False,True,0001101239-26-000053,https://www.sec.gov/Archives/edgar/data/1101239/000110123926000053/0001101239-26-000053.txt
Miller Simon,Chief Accounting Officer,2026-03-03,2026-03-04,49,960.3277,47056.06,D,S,7750,False,False,True,0001101239-26-000053,https://www.sec.gov/Archives/edgar/data/1101239/000110123926000053/0001101239-26-000053.txt
Miller Simon,Chief Accounting Officer,2026-03-03,2026-03-04,18,961.3339,17304.01,D,S,7732,False,False,True,0001101239-26-000053,https://www.sec.gov/Archives/edgar/data/1101239/000110123926000053/0001101239-26-000053.txt
Miller Simon,Chief Accounting Officer,2026-03-03,2026-03-04,29,962.1816,27903.27,D,S,7703,False,False,True,0001101239-26-000053,https://www.sec.gov/Archives/edgar/data/1101239/000110123926000053/0001101239-26-000053.txt
Miller Simon,Chief Accounting Officer,2026-03-03,2026-03-04,22,963.2895,21192.37,D,S,7680,False,False,True,0001101239-26-000053,https://www.sec.gov/Archives/edgar/data/1101239/000110123926000053/0001101239-26-000053.txt
Miller Simon,Chief Accounting Officer,2026-03-03,2026-03-04,36,964.4099,34718.76,D,S,7644,False,False,True,0001101239-26-000053,https://www.sec.gov/Archives/edgar/data/1101239/000110123926000053/0001101239-26-000053.txt
Miller Simon,Chief Accounting Officer,2026-03-03,2026-03-04,5,965.5523,4827.76,D,S,7639,False,False,True,0001101239-26-000053,https://www.sec.gov/Archives/edgar/data/1101239/000110123926000053/0001101239-26-000053.txt
Miller Simon,Chief Accounting Officer,2026-03-03,2026-03-04,21,968.1166,20330.45,D,S,7618,False,False,True,0001101239-26-000053,https://www.sec.gov/Archives/edgar/data/1101239/000110123926000053/0001101239-26-000053.txt
Miller Simon,Chief Accounting Officer,2026-03-03,2026-03-04,1,968.7787,968.78,D,S,7616,False,False,True,0001101239-26-000053,https://www.sec.gov/Archives/edgar/data/1101239/000110123926000053/0001101239-26-000053.txt
Abdel Raouf,"EVP, Global Operations",2026-03-03,2026-03-04,1103,973.415,1073676.74,D,S,7768,False,False,True,0001101239-26-000052,https://www.sec.gov/Archives/edgar/data/1101239/000110123926000052/0001101239-26-000052.txt
Pletcher Kurt,Chief Legal Officer,2026-03-02,2026-03-04,259,963.4259,249527.31,D,S,4025,True,False,True,0001101239-26-000054,https://www.sec.gov/Archives/edgar/data/1101239/000110123926000054/0001101239-26-000054.txt
Pletcher Kurt,Chief Legal Officer,2026-03-02,2026-03-04,142,0.0,0.0,A,M,4167,True,False,True,0001101239-26-000054,https://www.sec.gov/Archives/edgar/data/1101239/000110123926000054/0001101239-26-000054.txt
Paladin Michael Shane,Chief Customer & Rev Officer,2026-03-02,2026-03-04,510,0.0,0.0,A,M,2479,True,False,True,0001101239-26-000055,https://www.sec.gov/Archives/edgar/data/1101239/000110123926000055/0001101239-26-000055.txt
Miller Simon,Chief Accounting Officer,2026-03-02,2026-03-04,436,0.0,0.0,A,M,7343,False,False,True,0001101239-26-000053,https://www.sec.gov/Archives/edgar/data/1101239/000110123926000053/0001101239-26-000053.txt
Miller Simon,Chief Accounting Officer,2026-03-02,2026-03-04,348,0.0,0.0,A,M,7691,False,False,True,0001101239-26-000053,https://www.sec.gov/Archives/edgar/data/1101239/000110123926000053/0001101239-26-000053.txt
Miller Simon,Chief Accounting Officer,2026-03-02,2026-03-04,347,0.0,0.0,A,M,8038,False,False,True,0001101239-26-000053,https://www.sec.gov/Archives/edgar/data/1101239/000110123926000053/0001101239-26-000053.txt
TAYLOR KEITH D,Chief Financial Officer,2026-02-18,2026-02-19,120,926.6696,111200.35,D,S,28889,True,False,True,0001101239-26-000048,https://www.sec.gov/Archives/edgar/data/1101239/000110123926000048/0001101239-26-000048.txt
TAYLOR KEITH D,Chief Financial Officer,2026-02-18,2026-02-19,542,927.8903,502916.54,D,S,28347,True,False,True,0001101239-26-000048,https://www.sec.gov/Archives/edgar/data/1101239/000110123926000048/0001101239-26-000048.txt
TAYLOR KEITH D,Chief Financial Officer,2026-02-18,2026-02-19,120,928.5837,111430.04,D,S,28227,True,False,True,0001101239-26-000048,https://www.sec.gov/Archives/edgar/data/1101239/000110123926000048/0001101239-26-000048.txt
TAYLOR KEITH D,Chief Financial Officer,2026-02-18,2026-02-19,120,929.69,111562.8,D,S,28107,True,False,True,0001101239-26-000048,https://www.sec.gov/Archives/edgar/data/1101239/000110123926000048/0001101239-26-000048.txt
TAYLOR KEITH D,Chief Financial Officer,2026-02-18,2026-02-19,195,930.5492,181457.09,D,S,27912,True,False,True,0001101239-26-000048,https://www.sec.gov/Archives/edgar/data/1101239/000110123926000048/0001101239-26-000048.txt
TAYLOR KEITH D,Chief Financial Officer,2026-02-18,2026-02-19,125,932.0277,116503.46,D,S,27787,True,False,True,0001101239-26-000048,https://www.sec.gov/Archives/edgar/data/1101239/000110123926000048/0001101239-26-000048.txt
TAYLOR KEITH D,Chief Financial Officer,2026-02-18,2026-02-19,159,934.0096,148507.53,D,S,27628,True,False,True,0001101239-26-000048,https://www.sec.gov/Archives/edgar/data/1101239/000110123926000048/0001101239-26-000048.txt
TAYLOR KEITH D,Chief Financial Officer,2026-02-18,2026-02-19,81,934.9146,75728.08,D,S,27547,True,False,True,0001101239-26-000048,https://www.sec.gov/Archives/edgar/data/1101239/000110123926000048/0001101239-26-000048.txt
TAYLOR KEITH D,Chief Financial Officer,2026-02-18,2026-02-19,40,937.4275,37497.1,D,S,27507,True,False,True,0001101239-26-000048,https://www.sec.gov/Archives/edgar/data/1101239/000110123926000048/0001101239-26-000048.txt
TAYLOR KEITH D,Chief Financial Officer,2026-02-18,2026-02-19,252,938.9004,236602.9,D,S,27255,True,False,True,0001101239-26-000048,https://www.sec.gov/Archives/edgar/data/1101239/000110123926000048/0001101239-26-000048.txt
TAYLOR KEITH D,Chief Financial Officer,2026-02-18,2026-02-19,108,939.7991,101498.3,D,S,27147,True,False,True,0001101239-26-000048,https://www.sec.gov/Archives/edgar/data/1101239/000110123926000048/0001101239-26-000048.txt
TAYLOR KEITH D,Chief Financial Officer,2026-02-18,2026-02-19,240,941.6904,226005.7,D,S,26907,True,False,True,0001101239-26-000048,https://www.sec.gov/Archives/edgar/data/1101239/000110123926000048/0001101239-26-000048.txt
TAYLOR KEITH D,Chief Financial Officer,2026-02-18,2026-02-19,160,942.68,150828.8,D,S,26747,True,False,True,0001101239-26-000048,https://www.sec.gov/Archives/edgar/data/1101239/000110123926000048/0001101239-26-000048.txt
TAYLOR KEITH D,Chief Financial Officer,2026-02-18,2026-02-19,160,943.86,151017.6,D,S,26587,True,False,True,0001101239-26-000048,https://www.sec.gov/Archives/edgar/data/1101239/000110123926000048/0001101239-26-000048.txt
Pletcher Kurt,Chief Legal Officer,2026-02-18,2026-02-19,30,932.9444,27988.33,D,S,5077,True,False,True,0001101239-26-000047,https://www.sec.gov/Archives/edgar/data/1101239/000110123926000047/0001101239-26-000047.txt
Pletcher Kurt,Chief Legal Officer,2026-02-18,2026-02-19,60,934.4514,56067.08,D,S,5017,True,False,True,0001101239-26-000047,https://www.sec.gov/Archives/edgar/data/1101239/000110123926000047/0001101239-26-000047.txt
Pletcher Kurt,Chief Legal Officer,2026-02-18,2026-02-19,6,935.395,5612.37,D,S,5011,True,False,True,0001101239-26-000047,https://www.sec.gov/Archives/edgar/data/1101239/000110123926000047/0001101239-26-000047.txt
Pletcher Kurt,Chief Legal Officer,2026-02-18,2026-02-19,102,937.7856,95654.13,D,S,4909,True,False,True,0001101239-26-000047,https://www.sec.gov/Archives/edgar/data/1101239/000110123926000047/0001101239-26-000047.txt
Pletcher Kurt,Chief Legal Officer,2026-02-18,2026-02-19,81,938.8585,76047.54,D,S,4828,True,False,True,0001101239-26-000047,https://www.sec.gov/Archives/edgar/data/1101239/000110123926000047/0001101239-26-000047.txt
Pletcher Kurt,Chief Legal Officer,2026-02-18,2026-02-19,123,940.1241,115635.26,D,S,4705,True,False,True,0001101239-26-000047,https://www.sec.gov/Archives/edgar/data/1101239/000110123926000047/0001101239-26-000047.txt
Pletcher Kurt,Chief Legal Officer,2026-02-18,2026-02-19,163,941.0378,153389.16,D,S,4542,True,False,True,0001101239-26-000047,https://www.sec.gov/Archives/edgar/data/1101239/000110123926000047/0001101239-26-000047.txt
Pletcher Kurt,Chief Legal Officer,2026-02-18,2026-02-19,109,942.0449,102682.89,D,S,4433,True,False,True,0001101239-26-000047,https://www.sec.gov/Archives/edgar/data/1101239/000110123926000047/0001101239-26-000047.txt
Pletcher Kurt,Chief Legal Officer,2026-02-18,2026-02-19,30,943.465,28303.95,D,S,4403,True,False,True,0001101239-26-000047,https://www.sec.gov/Archives/edgar/data/1101239/000110123926000047/0001101239-26-000047.txt
Pletcher Kurt,Chief Legal Officer,2026-02-18,2026-02-19,54,944.963,51028.0,D,S,4349,True,False,True,0001101239-26-000047,https://www.sec.gov/Archives/edgar/data/1101239/000110123926000047/0001101239-26-000047.txt
Pletcher Kurt,Chief Legal Officer,2026-02-18,2026-02-19,65,948.3,61639.5,D,S,4284,True,False,True,0001101239-26-000047,https://www.sec.gov/Archives/edgar/data/1101239/000110123926000047/0001101239-26-000047.txt
Paladin Michael Shane,Chief Customer & Rev Officer,2026-02-18,2026-02-19,80,927.065,74165.2,D,S,2562,True,False,True,0001101239-26-000046,https://www.sec.gov/Archives/edgar/data/1101239/000110123926000046/0001101239-26-000046.txt
Paladin Michael Shane,Chief Customer & Rev Officer,2026-02-18,2026-02-19,173,928.005,160544.86,D,S,2389,True,False,True,0001101239-26-000046,https://www.sec.gov/Archives/edgar/data/1101239/000110123926000046/0001101239-26-000046.txt
Paladin Michael Shane,Chief Customer & Rev Officer,2026-02-18,2026-02-19,60,930.37,55822.2,D,S,2329,True,False,True,0001101239-26-000046,https://www.sec.gov/Archives/edgar/data/1101239/000110123926000046/0001101239-26-000046.txt
Paladin Michael Shane,Chief Customer & Rev Officer,2026-02-18,2026-02-19,40,932.08,37283.2,D,S,2289,True,False,True,0001101239-26-000046,https://www.sec.gov/Archives/edgar/data/1101239/000110123926000046/0001101239-26-000046.txt
Paladin Michael Shane,Chief Customer & Rev Officer,2026-02-18,2026-02-19,80,934.27,74741.6,D,S,2209,True,False,True,0001101239-26-000046,https://www.sec.gov/Archives/edgar/data/1101239/000110123926000046/0001101239-26-000046.txt
Paladin Michael Shane,Chief Customer & Rev Officer,2026-02-18,2026-02-19,40,938.94,37557.6,D,S,2169,True,False,True,0001101239-26-000046,https://www.sec.gov/Archives/edgar/data/1101239/000110123926000046/0001101239-26-000046.txt
Paladin Michael Shane,Chief Customer & Rev Officer,2026-02-18,2026-02-19,40,940.1,37604.0,D,S,2129,True,False,True,0001101239-26-000046,https://www.sec.gov/Archives/edgar/data/1101239/000110123926000046/0001101239-26-000046.txt
Paladin Michael Shane,Chief Customer & Rev Officer,2026-02-18,2026-02-19,40,941.58,37663.2,D,S,2089,True,False,True,0001101239-26-000046,https://www.sec.gov/Archives/edgar/data/1101239/000110123926000046/0001101239-26-000046.txt
Paladin Michael Shane,Chief Customer & Rev Officer,2026-02-18,2026-02-19,80,942.765,75421.2,D,S,2009,True,False,True,0001101239-26-000046,https://www.sec.gov/Archives/edgar/data/1101239/000110123926000046/0001101239-26-000046.txt
Paladin Michael Shane,Chief Customer & Rev Officer,2026-02-18,2026-02-19,40,948.3,37932.0,D,S,1969,True,False,True,0001101239-26-000046,https://www.sec.gov/Archives/edgar/data/1101239/000110123926000046/0001101239-26-000046.txt
PAISLEY CHRISTOPHER B,,2026-02-18,2026-02-19,100,948.3,94830.0,D,S,17682,True,True,False,0001101239-26-000040,https://www.sec.gov/Archives/edgar/data/1101239/000110123926000040/0001101239-26-000040.txt
Meyers Charles J,,2026-02-18,2026-02-19,489,926.1425,452883.68,D,S,16430,True,True,False,0001101239-26-000045,https://www.sec.gov/Archives/edgar/data/1101239/000110123926000045/0001101239-26-000045.txt
Meyers Charles J,,2026-02-18,2026-02-19,80,927.31,74184.8,D,S,16350,True,True,False,0001101239-26-000045,https://www.sec.gov/Archives/edgar/data/1101239/000110123926000045/0001101239-26-000045.txt
Meyers Charles J,,2026-02-18,2026-02-19,160,929.9,148784.0,D,S,16190,True,True,False,0001101239-26-000045,https://www.sec.gov/Archives/edgar/data/1101239/000110123926000045/0001101239-26-000045.txt
Meyers Charles J,,2026-02-18,2026-02-19,40,930.47,37218.8,D,S,16150,True,True,False,0001101239-26-000045,https://www.sec.gov/Archives/edgar/data/1101239/000110123926000045/0001101239-26-000045.txt
Meyers Charles J,,2026-02-18,2026-02-19,120,932.1208,111854.5,D,S,16030,True,True,False,0001101239-26-000045,https://www.sec.gov/Archives/edgar/data/1101239/000110123926000045/0001101239-26-000045.txt
Meyers Charles J,,2026-02-18,2026-02-19,120,933.9333,112072.0,D,S,15910,True,True,False,0001101239-26-000045,https://www.sec.gov/Archives/edgar/data/1101239/000110123926000045/0001101239-26-000045.txt
Meyers Charles J,,2026-02-18,2026-02-19,40,934.6493,37385.97,D,S,15870,True,True,False,0001101239-26-000045,https://www.sec.gov/Archives/edgar/data/1101239/000110123926000045/0001101239-26-000045.txt
Meyers Charles J,,2026-02-18,2026-02-19,240,938.6852,225284.45,D,S,15630,True,True,False,0001101239-26-000045,https://www.sec.gov/Archives/edgar/data/1101239/000110123926000045/0001101239-26-000045.txt
Meyers Charles J,,2026-02-18,2026-02-19,80,939.875,75190.0,D,S,15550,True,True,False,0001101239-26-000045,https://www.sec.gov/Archives/edgar/data/1101239/000110123926000045/0001101239-26-000045.txt
Meyers Charles J,,2026-02-18,2026-02-19,80,941.555,75324.4,D,S,15470,True,True,False,0001101239-26-000045,https://www.sec.gov/Archives/edgar/data/1101239/000110123926000045/0001101239-26-000045.txt
Meyers Charles J,,2026-02-18,2026-02-19,80,942.75,75420.0,D,S,15390,True,True,False,0001101239-26-000045,https://www.sec.gov/Archives/edgar/data/1101239/000110123926000045/0001101239-26-000045.txt
Meyers Charles J,,2026-02-18,2026-02-19,80,943.86,75508.8,D,S,15310,True,True,False,0001101239-26-000045,https://www.sec.gov/Archives/edgar/data/1101239/000110123926000045/0001101239-26-000045.txt
MORANDI BRANDI GALVIN,Chief People Officer,2026-02-18,2026-02-19,57,926.9463,52835.94,D,S,11905,True,False,True,0001101239-26-000043,https://www.sec.gov/Archives/edgar/data/1101239/000110123926000043/0001101239-26-000043.txt
MORANDI BRANDI GALVIN,Chief People Officer,2026-02-18,2026-02-19,404,927.9347,374885.62,D,S,11501,True,False,True,0001101239-26-000043,https://www.sec.gov/Archives/edgar/data/1101239/000110123926000043/0001101239-26-000043.txt
MORANDI BRANDI GALVIN,Chief People Officer,2026-02-18,2026-02-19,147,929.5957,136650.57,D,S,11354,True,False,True,0001101239-26-000043,https://www.sec.gov/Archives/edgar/data/1101239/000110123926000043/0001101239-26-000043.txt
MORANDI BRANDI GALVIN,Chief People Officer,2026-02-18,2026-02-19,120,930.4533,111654.4,D,S,11234,True,False,True,0001101239-26-000043,https://www.sec.gov/Archives/edgar/data/1101239/000110123926000043/0001101239-26-000043.txt
MORANDI BRANDI GALVIN,Chief People Officer,2026-02-18,2026-02-19,154,932.5533,143613.21,D,S,11080,True,False,True,0001101239-26-000043,https://www.sec.gov/Archives/edgar/data/1101239/000110123926000043/0001101239-26-000043.txt
MORANDI BRANDI GALVIN,Chief People Officer,2026-02-18,2026-02-19,86,933.832,80309.55,D,S,10994,True,False,True,0001101239-26-000043,https://www.sec.gov/Archives/edgar/data/1101239/000110123926000043/0001101239-26-000043.txt
MORANDI BRANDI GALVIN,Chief People Officer,2026-02-18,2026-02-19,40,936.36,37454.4,D,S,10954,True,False,True,0001101239-26-000043,https://www.sec.gov/Archives/edgar/data/1101239/000110123926000043/0001101239-26-000043.txt
MORANDI BRANDI GALVIN,Chief People Officer,2026-02-18,2026-02-19,200,938.4847,187696.94,D,S,10754,True,False,True,0001101239-26-000043,https://www.sec.gov/Archives/edgar/data/1101239/000110123926000043/0001101239-26-000043.txt
MORANDI BRANDI GALVIN,Chief People Officer,2026-02-18,2026-02-19,80,939.775,75182.0,D,S,10674,True,False,True,0001101239-26-000043,https://www.sec.gov/Archives/edgar/data/1101239/000110123926000043/0001101239-26-000043.txt
MORANDI BRANDI GALVIN,Chief People Officer,2026-02-18,2026-02-19,80,941.555,75324.4,D,S,10594,True,False,True,0001101239-26-000043,https://www.sec.gov/Archives/edgar/data/1101239/000110123926000043/0001101239-26-000043.txt
MORANDI BRANDI GALVIN,Chief People Officer,2026-02-18,2026-02-19,120,942.7,113124.0,D,S,10474,True,False,True,0001101239-26-000043,https://www.sec.gov/Archives/edgar/data/1101239/000110123926000043/0001101239-26-000043.txt
MORANDI BRANDI GALVIN,Chief People Officer,2026-02-18,2026-02-19,80,943.86,75508.8,D,S,10394,True,False,True,0001101239-26-000043,https://www.sec.gov/Archives/edgar/data/1101239/000110123926000043/0001101239-26-000043.txt
Lin Jonathan,Chief Business Officer,2026-02-18,2026-02-19,41,932.944,38250.7,D,S,11871,True,False,True,0001101239-26-000044,https://www.sec.gov/Archives/edgar/data/1101239/000110123926000044/0001101239-26-000044.txt
Lin Jonathan,Chief Business Officer,2026-02-18,2026-02-19,82,934.4514,76625.01,D,S,11789,True,False,True,0001101239-26-000044,https://www.sec.gov/Archives/edgar/data/1101239/000110123926000044/0001101239-26-000044.txt
Lin Jonathan,Chief Business Officer,2026-02-18,2026-02-19,8,935.395,7483.16,D,S,11780,True,False,True,0001101239-26-000044,https://www.sec.gov/Archives/edgar/data/1101239/000110123926000044/0001101239-26-000044.txt
Lin Jonathan,Chief Business Officer,2026-02-18,2026-02-19,139,937.7856,130352.2,D,S,11641,True,False,True,0001101239-26-000044,https://www.sec.gov/Archives/edgar/data/1101239/000110123926000044/0001101239-26-000044.txt
Lin Jonathan,Chief Business Officer,2026-02-18,2026-02-19,110,938.8585,103274.44,D,S,11531,True,False,True,0001101239-26-000044,https://www.sec.gov/Archives/edgar/data/1101239/000110123926000044/0001101239-26-000044.txt
Lin Jonathan,Chief Business Officer,2026-02-18,2026-02-19,168,940.1241,157940.85,D,S,11363,True,False,True,0001101239-26-000044,https://www.sec.gov/Archives/edgar/data/1101239/000110123926000044/0001101239-26-000044.txt
Lin Jonathan,Chief Business Officer,2026-02-18,2026-02-19,222,941.0378,208910.39,D,S,11141,True,False,True,0001101239-26-000044,https://www.sec.gov/Archives/edgar/data/1101239/000110123926000044/0001101239-26-000044.txt
Lin Jonathan,Chief Business Officer,2026-02-18,2026-02-19,149,942.0449,140364.69,D,S,10992,True,False,True,0001101239-26-000044,https://www.sec.gov/Archives/edgar/data/1101239/000110123926000044/0001101239-26-000044.txt
Lin Jonathan,Chief Business Officer,2026-02-18,2026-02-19,41,943.465,38682.07,D,S,10951,True,False,True,0001101239-26-000044,https://www.sec.gov/Archives/edgar/data/1101239/000110123926000044/0001101239-26-000044.txt
Lin Jonathan,Chief Business Officer,2026-02-18,2026-02-19,74,944.963,69927.26,D,S,10877,True,False,True,0001101239-26-000044,https://www.sec.gov/Archives/edgar/data/1101239/000110123926000044/0001101239-26-000044.txt
Lin Jonathan,Chief Business Officer,2026-02-18,2026-02-19,90,948.3,85347.0,D,S,10787,True,False,True,0001101239-26-000044,https://www.sec.gov/Archives/edgar/data/1101239/000110123926000044/0001101239-26-000044.txt
Fox-Martin Adaire,CEO and President,2026-02-18,2026-02-19,101,925.5764,93483.22,D,S,22754,True,True,True,0001101239-26-000042,https://www.sec.gov/Archives/edgar/data/1101239/000110123926000042/0001101239-26-000042.txt
Fox-Martin Adaire,CEO and President,2026-02-18,2026-02-19,806,926.7666,746973.88,D,S,21948,True,True,True,0001101239-26-000042,https://www.sec.gov/Archives/edgar/data/1101239/000110123926000042/0001101239-26-000042.txt
Fox-Martin Adaire,CEO and President,2026-02-18,2026-02-19,403,927.3414,373718.58,D,S,21545,True,True,True,0001101239-26-000042,https://www.sec.gov/Archives/edgar/data/1101239/000110123926000042/0001101239-26-000042.txt
Fox-Martin Adaire,CEO and President,2026-02-18,2026-02-19,506,928.6281,469885.82,D,S,21039,True,True,True,0001101239-26-000042,https://www.sec.gov/Archives/edgar/data/1101239/000110123926000042/0001101239-26-000042.txt
Fox-Martin Adaire,CEO and President,2026-02-18,2026-02-19,174,929.3094,161699.84,D,S,20865,True,True,True,0001101239-26-000042,https://www.sec.gov/Archives/edgar/data/1101239/000110123926000042/0001101239-26-000042.txt
Fox-Martin Adaire,CEO and President,2026-02-18,2026-02-19,280,930.431,260520.68,D,S,20585,True,True,True,0001101239-26-000042,https://www.sec.gov/Archives/edgar/data/1101239/000110123926000042/0001101239-26-000042.txt
Fox-Martin Adaire,CEO and President,2026-02-18,2026-02-19,200,932.083,186416.6,D,S,20385,True,True,True,0001101239-26-000042,https://www.sec.gov/Archives/edgar/data/1101239/000110123926000042/0001101239-26-000042.txt
Fox-Martin Adaire,CEO and President,2026-02-18,2026-02-19,120,933.7598,112051.18,D,S,20265,True,True,True,0001101239-26-000042,https://www.sec.gov/Archives/edgar/data/1101239/000110123926000042/0001101239-26-000042.txt
Fox-Martin Adaire,CEO and President,2026-02-18,2026-02-19,120,934.3334,112120.01,D,S,20145,True,True,True,0001101239-26-000042,https://www.sec.gov/Archives/edgar/data/1101239/000110123926000042/0001101239-26-000042.txt
Fox-Martin Adaire,CEO and President,2026-02-18,2026-02-19,114,936.9416,106811.34,D,S,20031,True,True,True,0001101239-26-000042,https://www.sec.gov/Archives/edgar/data/1101239/000110123926000042/0001101239-26-000042.txt
Fox-Martin Adaire,CEO and President,2026-02-18,2026-02-19,86,938.6712,80725.72,D,S,19945,True,True,True,0001101239-26-000042,https://www.sec.gov/Archives/edgar/data/1101239/000110123926000042/0001101239-26-000042.txt
Fox-Martin Adaire,CEO and President,2026-02-18,2026-02-19,410,939.3293,385125.01,D,S,19535,True,True,True,0001101239-26-000042,https://www.sec.gov/Archives/edgar/data/1101239/000110123926000042/0001101239-26-000042.txt
Fox-Martin Adaire,CEO and President,2026-02-18,2026-02-19,150,940.1828,141027.42,D,S,19385,True,True,True,0001101239-26-000042,https://www.sec.gov/Archives/edgar/data/1101239/000110123926000042/0001101239-26-000042.txt
Fox-Martin Adaire,CEO and President,2026-02-18,2026-02-19,320,941.6838,301338.82,D,S,19065,True,True,True,0001101239-26-000042,https://www.sec.gov/Archives/edgar/data/1101239/000110123926000042/0001101239-26-000042.txt
Fox-Martin Adaire,CEO and President,2026-02-18,2026-02-19,200,942.774,188554.8,D,S,18865,True,True,True,0001101239-26-000042,https://www.sec.gov/Archives/edgar/data/1101239/000110123926000042/0001101239-26-000042.txt
Fox-Martin Adaire,CEO and President,2026-02-18,2026-02-19,240,943.835,226520.4,D,S,18625,True,True,True,0001101239-26-000042,https://www.sec.gov/Archives/edgar/data/1101239/000110123926000042/0001101239-26-000042.txt
Abdel Raouf,"EVP, Global Operations",2026-02-18,2026-02-19,43,932.944,40116.59,D,S,9997,True,False,True,0001101239-26-000041,https://www.sec.gov/Archives/edgar/data/1101239/000110123926000041/0001101239-26-000041.txt
Abdel Raouf,"EVP, Global Operations",2026-02-18,2026-02-19,85,934.4514,79428.37,D,S,9912,True,False,True,0001101239-26-000041,https://www.sec.gov/Archives/edgar/data/1101239/000110123926000041/0001101239-26-000041.txt
Abdel Raouf,"EVP, Global Operations",2026-02-18,2026-02-19,8,935.395,7483.16,D,S,9904,True,False,True,0001101239-26-000041,https://www.sec.gov/Archives/edgar/data/1101239/000110123926000041/0001101239-26-000041.txt
Abdel Raouf,"EVP, Global Operations",2026-02-18,2026-02-19,144,937.7856,135041.13,D,S,9760,True,False,True,0001101239-26-000041,https://www.sec.gov/Archives/edgar/data/1101239/000110123926000041/0001101239-26-000041.txt
Abdel Raouf,"EVP, Global Operations",2026-02-18,2026-02-19,115,938.8585,107968.73,D,S,9645,True,False,True,0001101239-26-000041,https://www.sec.gov/Archives/edgar/data/1101239/000110123926000041/0001101239-26-000041.txt
Abdel Raouf,"EVP, Global Operations",2026-02-18,2026-02-19,175,940.1241,164521.72,D,S,9470,True,False,True,0001101239-26-000041,https://www.sec.gov/Archives/edgar/data/1101239/000110123926000041/0001101239-26-000041.txt
Abdel Raouf,"EVP, Global Operations",2026-02-18,2026-02-19,231,941.0378,217379.73,D,S,9239,True,False,True,0001101239-26-000041,https://www.sec.gov/Archives/edgar/data/1101239/000110123926000041/0001101239-26-000041.txt
Abdel Raouf,"EVP, Global Operations",2026-02-18,2026-02-19,155,942.0449,146016.96,D,S,9084,True,False,True,0001101239-26-000041,https://www.sec.gov/Archives/edgar/data/1101239/000110123926000041/0001101239-26-000041.txt
Abdel Raouf,"EVP, Global Operations",2026-02-18,2026-02-19,43,943.465,40569.0,D,S,9041,True,False,True,0001101239-26-000041,https://www.sec.gov/Archives/edgar/data/1101239/000110123926000041/0001101239-26-000041.txt
Abdel Raouf,"EVP, Global Operations",2026-02-18,2026-02-19,77,944.963,72762.15,D,S,8964,True,False,True,0001101239-26-000041,https://www.sec.gov/Archives/edgar/data/1101239/000110123926000041/0001101239-26-000041.txt
Abdel Raouf,"EVP, Global Operations",2026-02-18,2026-02-19,93,948.3,88191.9,D,S,8871,True,False,True,0001101239-26-000041,https://www.sec.gov/Archives/edgar/data/1101239/000110123926000041/0001101239-26-000041.txt
TAYLOR KEITH D,Chief Financial Officer,2026-02-17,2026-02-19,1096,0.0,0.0,A,M,25501,True,False,True,0001101239-26-000048,https://www.sec.gov/Archives/edgar/data/1101239/000110123926000048/0001101239-26-000048.txt
TAYLOR KEITH D,Chief Financial Officer,2026-02-17,2026-02-19,1111,0.0,0.0,A,M,26612,True,False,True,0001101239-26-000048,https://www.sec.gov/Archives/edgar/data/1101239/000110123926000048/0001101239-26-000048.txt
TAYLOR KEITH D,Chief Financial Officer,2026-02-17,2026-02-19,2397,0.0,0.0,A,M,29009,True,False,True,0001101239-26-000048,https://www.sec.gov/Archives/edgar/data/1101239/000110123926000048/0001101239-26-000048.txt
Pletcher Kurt,Chief Legal Officer,2026-02-17,2026-02-19,229,0.0,0.0,A,M,3456,True,False,True,0001101239-26-000047,https://www.sec.gov/Archives/edgar/data/1101239/000110123926000047/0001101239-26-000047.txt
Pletcher Kurt,Chief Legal Officer,2026-02-17,2026-02-19,389,0.0,0.0,A,M,3845,True,False,True,0001101239-26-000047,https://www.sec.gov/Archives/edgar/data/1101239/000110123926000047/0001101239-26-000047.txt
Pletcher Kurt,Chief Legal Officer,2026-02-17,2026-02-19,1262,0.0,0.0,A,M,5107,True,False,True,0001101239-26-000047,https://www.sec.gov/Archives/edgar/data/1101239/000110123926000047/0001101239-26-000047.txt
Paladin Michael Shane,Chief Customer & Rev Officer,2026-02-17,2026-02-19,1626,0.0,0.0,A,M,2642,True,False,True,0001101239-26-000046,https://www.sec.gov/Archives/edgar/data/1101239/000110123926000046/0001101239-26-000046.txt
Meyers Charles J,,2026-02-17,2026-02-19,2291,0.0,0.0,A,M,15576,True,True,False,0001101239-26-000045,https://www.sec.gov/Archives/edgar/data/1101239/000110123926000045/0001101239-26-000045.txt
Meyers Charles J,,2026-02-17,2026-02-19,1091,0.0,0.0,A,M,16667,True,True,False,0001101239-26-000045,https://www.sec.gov/Archives/edgar/data/1101239/000110123926000045/0001101239-26-000045.txt
Meyers Charles J,,2026-02-17,2026-02-19,252,0.0,0.0,A,M,16919,True,True,False,0001101239-26-000045,https://www.sec.gov/Archives/edgar/data/1101239/000110123926000045/0001101239-26-000045.txt
MORANDI BRANDI GALVIN,Chief People Officer,2026-02-17,2026-02-19,687,0.0,0.0,A,M,9670,True,False,True,0001101239-26-000043,https://www.sec.gov/Archives/edgar/data/1101239/000110123926000043/0001101239-26-000043.txt
MORANDI BRANDI GALVIN,Chief People Officer,2026-02-17,2026-02-19,778,0.0,0.0,A,M,10448,True,False,True,0001101239-26-000043,https://www.sec.gov/Archives/edgar/data/1101239/000110123926000043/0001101239-26-000043.txt
MORANDI BRANDI GALVIN,Chief People Officer,2026-02-17,2026-02-19,1514,0.0,0.0,A,M,11962,True,False,True,0001101239-26-000043,https://www.sec.gov/Archives/edgar/data/1101239/000110123926000043/0001101239-26-000043.txt
Lin Jonathan,Chief Business Officer,2026-02-17,2026-02-19,458,0.0,0.0,A,M,9880,True,False,True,0001101239-26-000044,https://www.sec.gov/Archives/edgar/data/1101239/000110123926000044/0001101239-26-000044.txt
Lin Jonathan,Chief Business Officer,2026-02-17,2026-02-19,518,0.0,0.0,A,M,10398,True,False,True,0001101239-26-000044,https://www.sec.gov/Archives/edgar/data/1101239/000110123926000044/0001101239-26-000044.txt
Lin Jonathan,Chief Business Officer,2026-02-17,2026-02-19,1514,0.0,0.0,A,M,11912,True,False,True,0001101239-26-000044,https://www.sec.gov/Archives/edgar/data/1101239/000110123926000044/0001101239-26-000044.txt
Fox-Martin Adaire,CEO and President,2026-02-17,2026-02-19,2669,0.0,0.0,A,M,17558,True,True,True,0001101239-26-000042,https://www.sec.gov/Archives/edgar/data/1101239/000110123926000042/0001101239-26-000042.txt
Fox-Martin Adaire,CEO and President,2026-02-17,2026-02-19,5297,0.0,0.0,A,M,22855,True,True,True,0001101239-26-000042,https://www.sec.gov/Archives/edgar/data/1101239/000110123926000042/0001101239-26-000042.txt
Abdel Raouf,"EVP, Global Operations",2026-02-17,2026-02-19,515,0.0,0.0,A,M,7882,True,False,True,0001101239-26-000041,https://www.sec.gov/Archives/edgar/data/1101239/000110123926000041/0001101239-26-000041.txt
Abdel Raouf,"EVP, Global Operations",2026-02-17,2026-02-19,518,0.0,0.0,A,M,8400,True,False,True,0001101239-26-000041,https://www.sec.gov/Archives/edgar/data/1101239/000110123926000041/0001101239-26-000041.txt
Abdel Raouf,"EVP, Global Operations",2026-02-17,2026-02-19,1640,0.0,0.0,A,M,10040,True,False,True,0001101239-26-000041,https://www.sec.gov/Archives/edgar/data/1101239/000110123926000041/0001101239-26-000041.txt
TAYLOR KEITH D,Chief Financial Officer,2026-02-12,2026-02-17,2000,956.44,1912880.0,D,S,24373,True,False,True,0001101239-26-000036,https://www.sec.gov/Archives/edgar/data/1101239/000110123926000036/0001101239-26-000036.txt
MORANDI BRANDI GALVIN,Chief People Officer,2026-02-12,2026-02-17,300,956.44,286932.0,D,S,9251,True,False,True,0001101239-26-000037,https://www.sec.gov/Archives/edgar/data/1101239/000110123926000037/0001101239-26-000037.txt
MORANDI BRANDI GALVIN,Chief People Officer,2026-02-12,2026-02-17,300,975.0,292500.0,D,S,8951,True,False,True,0001101239-26-000037,https://www.sec.gov/Archives/edgar/data/1101239/000110123926000037/0001101239-26-000037.txt
TAYLOR KEITH D,Chief Financial Officer,2026-01-16,2026-01-20,80,797.63,63810.4,D,S,28344,True,False,True,0001101239-26-000007,https://www.sec.gov/Archives/edgar/data/1101239/000110123926000007/0001101239-26-000007.txt
TAYLOR KEITH D,Chief Financial Officer,2026-01-16,2026-01-20,160,799.8375,127974.0,D,S,28184,True,False,True,0001101239-26-000007,https://www.sec.gov/Archives/edgar/data/1101239/000110123926000007/0001101239-26-000007.txt
TAYLOR KEITH D,Chief Financial Officer,2026-01-16,2026-01-20,440,802.3213,353021.37,D,S,27744,True,False,True,0001101239-26-000007,https://www.sec.gov/Archives/edgar/data/1101239/000110123926000007/0001101239-26-000007.txt
TAYLOR KEITH D,Chief Financial Officer,2026-01-16,2026-01-20,200,803.6575,160731.5,D,S,27544,True,False,True,0001101239-26-000007,https://www.sec.gov/Archives/edgar/data/1101239/000110123926000007/0001101239-26-000007.txt
TAYLOR KEITH D,Chief Financial Officer,2026-01-16,2026-01-20,410,805.2462,330150.94,D,S,27134,True,False,True,0001101239-26-000007,https://www.sec.gov/Archives/edgar/data/1101239/000110123926000007/0001101239-26-000007.txt
TAYLOR KEITH D,Chief Financial Officer,2026-01-16,2026-01-20,721,806.3605,581385.92,D,S,26413,True,False,True,0001101239-26-000007,https://www.sec.gov/Archives/edgar/data/1101239/000110123926000007/0001101239-26-000007.txt
TAYLOR KEITH D,Chief Financial Officer,2026-01-16,2026-01-20,40,806.78,32271.2,D,S,26373,True,False,True,0001101239-26-000007,https://www.sec.gov/Archives/edgar/data/1101239/000110123926000007/0001101239-26-000007.txt
Pletcher Kurt,Chief Legal Officer,2026-01-16,2026-01-20,23,797.1325,18334.05,D,S,3768,True,False,True,0001101239-26-000006,https://www.sec.gov/Archives/edgar/data/1101239/000110123926000006/0001101239-26-000006.txt
Pletcher Kurt,Chief Legal Officer,2026-01-16,2026-01-20,84,798.4161,67066.95,D,S,3684,True,False,True,0001101239-26-000006,https://www.sec.gov/Archives/edgar/data/1101239/000110123926000006/0001101239-26-000006.txt
Pletcher Kurt,Chief Legal Officer,2026-01-16,2026-01-20,57,800.2211,45612.6,D,S,3627,True,False,True,0001101239-26-000006,https://www.sec.gov/Archives/edgar/data/1101239/000110123926000006/0001101239-26-000006.txt
Pletcher Kurt,Chief Legal Officer,2026-01-16,2026-01-20,103,801.6763,82572.66,D,S,3524,True,False,True,0001101239-26-000006,https://www.sec.gov/Archives/edgar/data/1101239/000110123926000006/0001101239-26-000006.txt
Pletcher Kurt,Chief Legal Officer,2026-01-16,2026-01-20,177,802.7544,142087.53,D,S,3346,True,False,True,0001101239-26-000006,https://www.sec.gov/Archives/edgar/data/1101239/000110123926000006/0001101239-26-000006.txt
Pletcher Kurt,Chief Legal Officer,2026-01-16,2026-01-20,116,803.531,93209.6,D,S,3230,True,False,True,0001101239-26-000006,https://www.sec.gov/Archives/edgar/data/1101239/000110123926000006/0001101239-26-000006.txt
Pletcher Kurt,Chief Legal Officer,2026-01-16,2026-01-20,35,805.0442,28176.55,D,S,3195,True,False,True,0001101239-26-000006,https://www.sec.gov/Archives/edgar/data/1101239/000110123926000006/0001101239-26-000006.txt
Paladin Michael Shane,Chief Customer & Rev Officer,2026-01-16,2026-01-20,12,798.04,9576.48,D,S,1267,True,False,True,0001101239-26-000005,https://www.sec.gov/Archives/edgar/data/1101239/000110123926000005/0001101239-26-000005.txt
Paladin Michael Shane,Chief Customer & Rev Officer,2026-01-16,2026-01-20,12,800.23,9602.76,D,S,1255,True,False,True,0001101239-26-000005,https://www.sec.gov/Archives/edgar/data/1101239/000110123926000005/0001101239-26-000005.txt
Paladin Michael Shane,Chief Customer & Rev Officer,2026-01-16,2026-01-20,24,801.535,19236.84,D,S,1231,True,False,True,0001101239-26-000005,https://www.sec.gov/Archives/edgar/data/1101239/000110123926000005/0001101239-26-000005.txt
Paladin Michael Shane,Chief Customer & Rev Officer,2026-01-16,2026-01-20,52,802.3385,41721.6,D,S,1179,True,False,True,0001101239-26-000005,https://www.sec.gov/Archives/edgar/data/1101239/000110123926000005/0001101239-26-000005.txt
Paladin Michael Shane,Chief Customer & Rev Officer,2026-01-16,2026-01-20,60,804.435,48266.1,D,S,1119,True,False,True,0001101239-26-000005,https://www.sec.gov/Archives/edgar/data/1101239/000110123926000005/0001101239-26-000005.txt
Paladin Michael Shane,Chief Customer & Rev Officer,2026-01-16,2026-01-20,88,805.6205,70894.6,D,S,1031,True,False,True,0001101239-26-000005,https://www.sec.gov/Archives/edgar/data/1101239/000110123926000005/0001101239-26-000005.txt
Paladin Michael Shane,Chief Customer & Rev Officer,2026-01-16,2026-01-20,79,806.6662,63726.63,D,S,952,True,False,True,0001101239-26-000005,https://www.sec.gov/Archives/edgar/data/1101239/000110123926000005/0001101239-26-000005.txt
Meyers Charles J,,2026-01-16,2026-01-20,80,797.65,63812.0,D,S,15267,True,True,False,0001101239-26-000009,https://www.sec.gov/Archives/edgar/data/1101239/000110123926000009/0001101239-26-000009.txt
Meyers Charles J,,2026-01-16,2026-01-20,40,798.85,31954.0,D,S,15227,True,True,False,0001101239-26-000009,https://www.sec.gov/Archives/edgar/data/1101239/000110123926000009/0001101239-26-000009.txt
Meyers Charles J,,2026-01-16,2026-01-20,80,800.16,64012.8,D,S,15147,True,True,False,0001101239-26-000009,https://www.sec.gov/Archives/edgar/data/1101239/000110123926000009/0001101239-26-000009.txt
Meyers Charles J,,2026-01-16,2026-01-20,438,802.2573,351388.7,D,S,14709,True,True,False,0001101239-26-000009,https://www.sec.gov/Archives/edgar/data/1101239/000110123926000009/0001101239-26-000009.txt
Meyers Charles J,,2026-01-16,2026-01-20,226,803.1556,181513.17,D,S,14483,True,True,False,0001101239-26-000009,https://www.sec.gov/Archives/edgar/data/1101239/000110123926000009/0001101239-26-000009.txt
Meyers Charles J,,2026-01-16,2026-01-20,96,803.9478,77178.99,D,S,14387,True,True,False,0001101239-26-000009,https://www.sec.gov/Archives/edgar/data/1101239/000110123926000009/0001101239-26-000009.txt
Meyers Charles J,,2026-01-16,2026-01-20,501,805.4261,403518.48,D,S,13886,True,True,False,0001101239-26-000009,https://www.sec.gov/Archives/edgar/data/1101239/000110123926000009/0001101239-26-000009.txt
Meyers Charles J,,2026-01-16,2026-01-20,633,806.4665,510493.29,D,S,13253,True,True,False,0001101239-26-000009,https://www.sec.gov/Archives/edgar/data/1101239/000110123926000009/0001101239-26-000009.txt
MORANDI BRANDI GALVIN,Chief People Officer,2026-01-16,2026-01-20,40,797.61,31904.4,D,S,10844,True,False,True,0001101239-26-000003,https://www.sec.gov/Archives/edgar/data/1101239/000110123926000003/0001101239-26-000003.txt
MORANDI BRANDI GALVIN,Chief People Officer,2026-01-16,2026-01-20,120,800.02,96002.4,D,S,10724,True,False,True,0001101239-26-000003,https://www.sec.gov/Archives/edgar/data/1101239/000110123926000003/0001101239-26-000003.txt
MORANDI BRANDI GALVIN,Chief People Officer,2026-01-16,2026-01-20,280,802.379,224666.12,D,S,10444,True,False,True,0001101239-26-000003,https://www.sec.gov/Archives/edgar/data/1101239/000110123926000003/0001101239-26-000003.txt
MORANDI BRANDI GALVIN,Chief People Officer,2026-01-16,2026-01-20,152,803.8693,122188.13,D,S,10292,True,False,True,0001101239-26-000003,https://www.sec.gov/Archives/edgar/data/1101239/000110123926000003/0001101239-26-000003.txt
MORANDI BRANDI GALVIN,Chief People Officer,2026-01-16,2026-01-20,168,805.1905,135272.0,D,S,10124,True,False,True,0001101239-26-000003,https://www.sec.gov/Archives/edgar/data/1101239/000110123926000003/0001101239-26-000003.txt
MORANDI BRANDI GALVIN,Chief People Officer,2026-01-16,2026-01-20,531,806.2728,428130.86,D,S,9593,True,False,True,0001101239-26-000003,https://www.sec.gov/Archives/edgar/data/1101239/000110123926000003/0001101239-26-000003.txt
MORANDI BRANDI GALVIN,Chief People Officer,2026-01-16,2026-01-20,42,807.2167,33903.1,D,S,9551,True,False,True,0001101239-26-000003,https://www.sec.gov/Archives/edgar/data/1101239/000110123926000003/0001101239-26-000003.txt
Lin Jonathan,Chief Business Officer,2026-01-16,2026-01-20,35,797.1325,27899.64,D,S,10243,True,False,True,0001101239-26-000004,https://www.sec.gov/Archives/edgar/data/1101239/000110123926000004/0001101239-26-000004.txt
Lin Jonathan,Chief Business Officer,2026-01-16,2026-01-20,126,798.4161,100600.43,D,S,10117,True,False,True,0001101239-26-000004,https://www.sec.gov/Archives/edgar/data/1101239/000110123926000004/0001101239-26-000004.txt
Lin Jonathan,Chief Business Officer,2026-01-16,2026-01-20,84,800.2211,67218.57,D,S,10033,True,False,True,0001101239-26-000004,https://www.sec.gov/Archives/edgar/data/1101239/000110123926000004/0001101239-26-000004.txt
Lin Jonathan,Chief Business Officer,2026-01-16,2026-01-20,154,801.6763,123458.15,D,S,9879,True,False,True,0001101239-26-000004,https://www.sec.gov/Archives/edgar/data/1101239/000110123926000004/0001101239-26-000004.txt
Lin Jonathan,Chief Business Officer,2026-01-16,2026-01-20,265,802.7544,212729.92,D,S,9614,True,False,True,0001101239-26-000004,https://www.sec.gov/Archives/edgar/data/1101239/000110123926000004/0001101239-26-000004.txt
Lin Jonathan,Chief Business Officer,2026-01-16,2026-01-20,172,803.531,138207.33,D,S,9441,True,False,True,0001101239-26-000004,https://www.sec.gov/Archives/edgar/data/1101239/000110123926000004/0001101239-26-000004.txt
Lin Jonathan,Chief Business Officer,2026-01-16,2026-01-20,52,805.0442,41862.3,D,S,9389,True,False,True,0001101239-26-000004,https://www.sec.gov/Archives/edgar/data/1101239/000110123926000004/0001101239-26-000004.txt
Fox-Martin Adaire,CEO and President,2026-01-16,2026-01-20,40,796.29,31851.6,D,S,17487,True,True,True,0001101239-26-000002,https://www.sec.gov/Archives/edgar/data/1101239/000110123926000002/0001101239-26-000002.txt
Fox-Martin Adaire,CEO and President,2026-01-16,2026-01-20,80,797.54,63803.2,D,S,17407,True,True,True,0001101239-26-000002,https://www.sec.gov/Archives/edgar/data/1101239/000110123926000002/0001101239-26-000002.txt
Fox-Martin Adaire,CEO and President,2026-01-16,2026-01-20,160,799.8975,127983.6,D,S,17247,True,True,True,0001101239-26-000002,https://www.sec.gov/Archives/edgar/data/1101239/000110123926000002/0001101239-26-000002.txt
Fox-Martin Adaire,CEO and President,2026-01-16,2026-01-20,600,802.3076,481384.56,D,S,16647,True,True,True,0001101239-26-000002,https://www.sec.gov/Archives/edgar/data/1101239/000110123926000002/0001101239-26-000002.txt
Fox-Martin Adaire,CEO and President,2026-01-16,2026-01-20,247,803.5557,198478.26,D,S,16400,True,True,True,0001101239-26-000002,https://www.sec.gov/Archives/edgar/data/1101239/000110123926000002/0001101239-26-000002.txt
Fox-Martin Adaire,CEO and President,2026-01-16,2026-01-20,273,804.5778,219649.74,D,S,16127,True,True,True,0001101239-26-000002,https://www.sec.gov/Archives/edgar/data/1101239/000110123926000002/0001101239-26-000002.txt
Fox-Martin Adaire,CEO and President,2026-01-16,2026-01-20,651,805.6325,524466.76,D,S,15476,True,True,True,0001101239-26-000002,https://www.sec.gov/Archives/edgar/data/1101239/000110123926000002/0001101239-26-000002.txt
Fox-Martin Adaire,CEO and President,2026-01-16,2026-01-20,619,806.591,499279.83,D,S,14857,True,True,True,0001101239-26-000002,https://www.sec.gov/Archives/edgar/data/1101239/000110123926000002/0001101239-26-000002.txt
Abdel Raouf,"EVP, Global Operations",2026-01-16,2026-01-20,36,797.1325,28696.77,D,S,8227,True,False,True,0001101239-26-000001,https://www.sec.gov/Archives/edgar/data/1101239/000110123926000001/0001101239-26-000001.txt
Abdel Raouf,"EVP, Global Operations",2026-01-16,2026-01-20,131,798.4161,104592.51,D,S,8096,True,False,True,0001101239-26-000001,https://www.sec.gov/Archives/edgar/data/1101239/000110123926000001/0001101239-26-000001.txt
Abdel Raouf,"EVP, Global Operations",2026-01-16,2026-01-20,88,800.2211,70419.46,D,S,8008,True,False,True,0001101239-26-000001,https://www.sec.gov/Archives/edgar/data/1101239/000110123926000001/0001101239-26-000001.txt
Abdel Raouf,"EVP, Global Operations",2026-01-16,2026-01-20,160,801.6763,128268.21,D,S,7848,True,False,True,0001101239-26-000001,https://www.sec.gov/Archives/edgar/data/1101239/000110123926000001/0001101239-26-000001.txt
Abdel Raouf,"EVP, Global Operations",2026-01-16,2026-01-20,277,802.7544,222362.97,D,S,7571,True,False,True,0001101239-26-000001,https://www.sec.gov/Archives/edgar/data/1101239/000110123926000001/0001101239-26-000001.txt
Abdel Raouf,"EVP, Global Operations",2026-01-16,2026-01-20,181,803.531,145439.11,D,S,7390,True,False,True,0001101239-26-000001,https://www.sec.gov/Archives/edgar/data/1101239/000110123926000001/0001101239-26-000001.txt
Abdel Raouf,"EVP, Global Operations",2026-01-16,2026-01-20,54,805.0442,43472.39,D,S,7336,True,False,True,0001101239-26-000001,https://www.sec.gov/Archives/edgar/data/1101239/000110123926000001/0001101239-26-000001.txt
TAYLOR KEITH D,Chief Financial Officer,2026-01-15,2026-01-20,1782,0.0,0.0,A,M,26184,True,False,True,0001101239-26-000007,https://www.sec.gov/Archives/edgar/data/1101239/000110123926000007/0001101239-26-000007.txt
TAYLOR KEITH D,Chief Financial Officer,2026-01-15,2026-01-20,1095,0.0,0.0,A,M,27279,True,False,True,0001101239-26-000007,https://www.sec.gov/Archives/edgar/data/1101239/000110123926000007/0001101239-26-000007.txt
TAYLOR KEITH D,Chief Financial Officer,2026-01-15,2026-01-20,1145,0.0,0.0,A,M,28424,True,False,True,0001101239-26-000007,https://www.sec.gov/Archives/edgar/data/1101239/000110123926000007/0001101239-26-000007.txt
Pletcher Kurt,Chief Legal Officer,2026-01-15,2026-01-20,372,0.0,0.0,A,M,2805,True,False,True,0001101239-26-000006,https://www.sec.gov/Archives/edgar/data/1101239/000110123926000006/0001101239-26-000006.txt
Pletcher Kurt,Chief Legal Officer,2026-01-15,2026-01-20,383,0.0,0.0,A,M,3188,True,False,True,0001101239-26-000006,https://www.sec.gov/Archives/edgar/data/1101239/000110123926000006/0001101239-26-000006.txt
Pletcher Kurt,Chief Legal Officer,2026-01-15,2026-01-20,603,0.0,0.0,A,M,3791,True,False,True,0001101239-26-000006,https://www.sec.gov/Archives/edgar/data/1101239/000110123926000006/0001101239-26-000006.txt
Paladin Michael Shane,Chief Customer & Rev Officer,2026-01-15,2026-01-20,777,0.0,0.0,A,M,1279,True,False,True,0001101239-26-000005,https://www.sec.gov/Archives/edgar/data/1101239/000110123926000005/0001101239-26-000005.txt
Meyers Charles J,,2026-01-15,2026-01-20,3725,0.0,0.0,A,M,14151,True,True,False,0001101239-26-000009,https://www.sec.gov/Archives/edgar/data/1101239/000110123926000009/0001101239-26-000009.txt
Meyers Charles J,,2026-01-15,2026-01-20,1075,0.0,0.0,A,M,15226,True,True,False,0001101239-26-000009,https://www.sec.gov/Archives/edgar/data/1101239/000110123926000009/0001101239-26-000009.txt
Meyers Charles J,,2026-01-15,2026-01-20,121,0.0,0.0,A,M,15347,True,True,False,0001101239-26-000009,https://www.sec.gov/Archives/edgar/data/1101239/000110123926000009/0001101239-26-000009.txt
MORANDI BRANDI GALVIN,Chief People Officer,2026-01-15,2026-01-20,1117,0.0,0.0,A,M,9394,True,False,True,0001101239-26-000003,https://www.sec.gov/Archives/edgar/data/1101239/000110123926000003/0001101239-26-000003.txt
MORANDI BRANDI GALVIN,Chief People Officer,2026-01-15,2026-01-20,766,0.0,0.0,A,M,10160,True,False,True,0001101239-26-000003,https://www.sec.gov/Archives/edgar/data/1101239/000110123926000003/0001101239-26-000003.txt
MORANDI BRANDI GALVIN,Chief People Officer,2026-01-15,2026-01-20,724,0.0,0.0,A,M,10884,True,False,True,0001101239-26-000003,https://www.sec.gov/Archives/edgar/data/1101239/000110123926000003/0001101239-26-000003.txt
Lin Jonathan,Chief Business Officer,2026-01-15,2026-01-20,744,0.0,0.0,A,M,9043,True,False,True,0001101239-26-000004,https://www.sec.gov/Archives/edgar/data/1101239/000110123926000004/0001101239-26-000004.txt
Lin Jonathan,Chief Business Officer,2026-01-15,2026-01-20,511,0.0,0.0,A,M,9554,True,False,True,0001101239-26-000004,https://www.sec.gov/Archives/edgar/data/1101239/000110123926000004/0001101239-26-000004.txt
Lin Jonathan,Chief Business Officer,2026-01-15,2026-01-20,724,0.0,0.0,A,M,10278,True,False,True,0001101239-26-000004,https://www.sec.gov/Archives/edgar/data/1101239/000110123926000004/0001101239-26-000004.txt
Fox-Martin Adaire,CEO and President,2026-01-15,2026-01-20,2630,0.0,0.0,A,M,14996,True,True,True,0001101239-26-000002,https://www.sec.gov/Archives/edgar/data/1101239/000110123926000002/0001101239-26-000002.txt
Fox-Martin Adaire,CEO and President,2026-01-15,2026-01-20,2531,0.0,0.0,A,M,17527,True,True,True,0001101239-26-000002,https://www.sec.gov/Archives/edgar/data/1101239/000110123926000002/0001101239-26-000002.txt
Abdel Raouf,"EVP, Global Operations",2026-01-15,2026-01-20,838,0.0,0.0,A,M,6968,True,False,True,0001101239-26-000001,https://www.sec.gov/Archives/edgar/data/1101239/000110123926000001/0001101239-26-000001.txt
Abdel Raouf,"EVP, Global Operations",2026-01-15,2026-01-20,511,0.0,0.0,A,M,7479,True,False,True,0001101239-26-000001,https://www.sec.gov/Archives/edgar/data/1101239/000110123926000001/0001101239-26-000001.txt
Abdel Raouf,"EVP, Global Operations",2026-01-15,2026-01-20,784,0.0,0.0,A,M,8263,True,False,True,0001101239-26-000001,https://www.sec.gov/Archives/edgar/data/1101239/000110123926000001/0001101239-26-000001.txt
Abdel Raouf,"EVP, Global Operations",2025-12-10,2025-12-11,50,0.0,0.0,D,G,6533,False,False,True,0001101239-25-000085,https://www.sec.gov/Archives/edgar/data/1101239/000110123925000085/0001101239-25-000085.txt
Abdel Raouf,"EVP, Global Operations",2025-12-10,2025-12-11,403,740.0,298220.0,D,S,6130,False,False,True,0001101239-25-000085,https://www.sec.gov/Archives/edgar/data/1101239/000110123925000085/0001101239-25-000085.txt
Pletcher Kurt,Chief Legal Officer,2025-12-02,2025-12-03,63,729.6406,45967.36,D,S,2660,True,False,True,0001101239-25-000080,https://www.sec.gov/Archives/edgar/data/1101239/000110123925000080/0001101239-25-000080.txt
Pletcher Kurt,Chief Legal Officer,2025-12-02,2025-12-03,89,730.5408,65018.13,D,S,2570,True,False,True,0001101239-25-000080,https://www.sec.gov/Archives/edgar/data/1101239/000110123925000080/0001101239-25-000080.txt
Pletcher Kurt,Chief Legal Officer,2025-12-02,2025-12-03,48,731.5036,35112.17,D,S,2522,True,False,True,0001101239-25-000080,https://www.sec.gov/Archives/edgar/data/1101239/000110123925000080/0001101239-25-000080.txt
Pletcher Kurt,Chief Legal Officer,2025-12-02,2025-12-03,72,732.4648,52737.47,D,S,2450,True,False,True,0001101239-25-000080,https://www.sec.gov/Archives/edgar/data/1101239/000110123925000080/0001101239-25-000080.txt
Pletcher Kurt,Chief Legal Officer,2025-12-02,2025-12-03,11,733.4389,8067.83,D,S,2439,True,False,True,0001101239-25-000080,https://www.sec.gov/Archives/edgar/data/1101239/000110123925000080/0001101239-25-000080.txt
Pletcher Kurt,Chief Legal Officer,2025-12-02,2025-12-03,6,735.0,4410.0,D,S,2433,True,False,True,0001101239-25-000080,https://www.sec.gov/Archives/edgar/data/1101239/000110123925000080/0001101239-25-000080.txt
Lin Jonathan,Chief Business Officer,2025-12-02,2025-12-03,27,729.6406,19700.3,D,S,8396,True,False,True,0001101239-25-000081,https://www.sec.gov/Archives/edgar/data/1101239/000110123925000081/0001101239-25-000081.txt
Lin Jonathan,Chief Business Officer,2025-12-02,2025-12-03,38,730.5408,27760.55,D,S,8358,True,False,True,0001101239-25-000081,https://www.sec.gov/Archives/edgar/data/1101239/000110123925000081/0001101239-25-000081.txt
Lin Jonathan,Chief Business Officer,2025-12-02,2025-12-03,21,731.5036,15361.58,D,S,8337,True,False,True,0001101239-25-000081,https://www.sec.gov/Archives/edgar/data/1101239/000110123925000081/0001101239-25-000081.txt
Lin Jonathan,Chief Business Officer,2025-12-02,2025-12-03,31,732.4648,22706.41,D,S,8306,True,False,True,0001101239-25-000081,https://www.sec.gov/Archives/edgar/data/1101239/000110123925000081/0001101239-25-000081.txt
Lin Jonathan,Chief Business Officer,2025-12-02,2025-12-03,4,733.4389,2933.76,D,S,8302,True,False,True,0001101239-25-000081,https://www.sec.gov/Archives/edgar/data/1101239/000110123925000081/0001101239-25-000081.txt
Lin Jonathan,Chief Business Officer,2025-12-02,2025-12-03,2,735.0,1470.0,D,S,8299,True,False,True,0001101239-25-000081,https://www.sec.gov/Archives/edgar/data/1101239/000110123925000081/0001101239-25-000081.txt
Fox-Martin Adaire,CEO and President,2025-12-02,2025-12-03,1398,730.0864,1020660.79,D,S,13862,True,True,True,0001101239-25-000084,https://www.sec.gov/Archives/edgar/data/1101239/000110123925000084/0001101239-25-000084.txt
Fox-Martin Adaire,CEO and President,2025-12-02,2025-12-03,707,731.0961,516884.94,D,S,13155,True,True,True,0001101239-25-000084,https://www.sec.gov/Archives/edgar/data/1101239/000110123925000084/0001101239-25-000084.txt
Fox-Martin Adaire,CEO and President,2025-12-02,2025-12-03,360,732.1854,263586.74,D,S,12795,True,True,True,0001101239-25-000084,https://www.sec.gov/Archives/edgar/data/1101239/000110123925000084/0001101239-25-000084.txt
Fox-Martin Adaire,CEO and President,2025-12-02,2025-12-03,349,733.0865,255847.19,D,S,12446,True,True,True,0001101239-25-000084,https://www.sec.gov/Archives/edgar/data/1101239/000110123925000084/0001101239-25-000084.txt
Fox-Martin Adaire,CEO and President,2025-12-02,2025-12-03,80,735.0,58800.0,D,S,12366,True,True,True,0001101239-25-000084,https://www.sec.gov/Archives/edgar/data/1101239/000110123925000084/0001101239-25-000084.txt
Abdel Raouf,"EVP, Global Operations",2025-12-02,2025-12-03,34,729.6406,24807.78,D,S,6708,True,False,True,0001101239-25-000082,https://www.sec.gov/Archives/edgar/data/1101239/000110123925000082/0001101239-25-000082.txt
Abdel Raouf,"EVP, Global Operations",2025-12-02,2025-12-03,49,730.5408,35796.5,D,S,6659,True,False,True,0001101239-25-000082,https://www.sec.gov/Archives/edgar/data/1101239/000110123925000082/0001101239-25-000082.txt
Abdel Raouf,"EVP, Global Operations",2025-12-02,2025-12-03,26,731.5036,19019.09,D,S,6632,True,False,True,0001101239-25-000082,https://www.sec.gov/Archives/edgar/data/1101239/000110123925000082/0001101239-25-000082.txt
Abdel Raouf,"EVP, Global Operations",2025-12-02,2025-12-03,40,732.4648,29298.59,D,S,6592,True,False,True,0001101239-25-000082,https://www.sec.gov/Archives/edgar/data/1101239/000110123925000082/0001101239-25-000082.txt
Abdel Raouf,"EVP, Global Operations",2025-12-02,2025-12-03,6,733.4389,4400.63,D,S,6586,True,False,True,0001101239-25-000082,https://www.sec.gov/Archives/edgar/data/1101239/000110123925000082/0001101239-25-000082.txt
Abdel Raouf,"EVP, Global Operations",2025-12-02,2025-12-03,3,735.0,2205.0,D,S,6583,True,False,True,0001101239-25-000082,https://www.sec.gov/Archives/edgar/data/1101239/000110123925000082/0001101239-25-000082.txt
Pletcher Kurt,Chief Legal Officer,2025-12-01,2025-12-03,514,0.0,0.0,A,M,2541,True,False,True,0001101239-25-000080,https://www.sec.gov/Archives/edgar/data/1101239/000110123925000080/0001101239-25-000080.txt
Pletcher Kurt,Chief Legal Officer,2025-12-01,2025-12-03,182,0.0,0.0,A,M,2723,True,False,True,0001101239-25-000080,https://www.sec.gov/Archives/edgar/data/1101239/000110123925000080/0001101239-25-000080.txt
Lin Jonathan,Chief Business Officer,2025-12-01,2025-12-03,274,0.0,0.0,A,M,8423,True,False,True,0001101239-25-000081,https://www.sec.gov/Archives/edgar/data/1101239/000110123925000081/0001101239-25-000081.txt
Fox-Martin Adaire,CEO and President,2025-12-01,2025-12-03,5645,0.0,0.0,A,M,15260,True,True,True,0001101239-25-000084,https://www.sec.gov/Archives/edgar/data/1101239/000110123925000084/0001101239-25-000084.txt
Abdel Raouf,"EVP, Global Operations",2025-12-01,2025-12-03,365,0.0,0.0,A,M,6742,True,False,True,0001101239-25-000082,https://www.sec.gov/Archives/edgar/data/1101239/000110123925000082/0001101239-25-000082.txt
PAISLEY CHRISTOPHER B,,2025-11-18,2025-11-18,50,777.58,38879.0,D,S,17782,True,True,False,0001101239-25-000070,https://www.sec.gov/Archives/edgar/data/1101239/000110123925000070/0001101239-25-000070.txt
Meyers Charles J,,2025-11-17,2025-11-18,200,771.652,154330.4,D,S,15313,True,True,False,0001101239-25-000071,https://www.sec.gov/Archives/edgar/data/1101239/000110123925000071/0001101239-25-000071.txt
Meyers Charles J,,2025-11-17,2025-11-18,400,773.6716,309468.64,D,S,14913,True,True,False,0001101239-25-000071,https://www.sec.gov/Archives/edgar/data/1101239/000110123925000071/0001101239-25-000071.txt
Meyers Charles J,,2025-11-17,2025-11-18,693,775.1055,537148.11,D,S,14220,True,True,False,0001101239-25-000071,https://www.sec.gov/Archives/edgar/data/1101239/000110123925000071/0001101239-25-000071.txt
Meyers Charles J,,2025-11-17,2025-11-18,627,775.8866,486480.9,D,S,13593,True,True,False,0001101239-25-000071,https://www.sec.gov/Archives/edgar/data/1101239/000110123925000071/0001101239-25-000071.txt
Meyers Charles J,,2025-11-17,2025-11-18,606,776.8604,470777.4,D,S,12987,True,True,False,0001101239-25-000071,https://www.sec.gov/Archives/edgar/data/1101239/000110123925000071/0001101239-25-000071.txt
Meyers Charles J,,2025-11-17,2025-11-18,428,779.0178,333419.62,D,S,12559,True,True,False,0001101239-25-000071,https://www.sec.gov/Archives/edgar/data/1101239/000110123925000071/0001101239-25-000071.txt
Meyers Charles J,,2025-11-17,2025-11-18,450,779.9802,350991.09,D,S,12109,True,True,False,0001101239-25-000071,https://www.sec.gov/Archives/edgar/data/1101239/000110123925000071/0001101239-25-000071.txt
Meyers Charles J,,2025-11-17,2025-11-18,355,781.2435,277341.44,D,S,11754,True,True,False,0001101239-25-000071,https://www.sec.gov/Archives/edgar/data/1101239/000110123925000071/0001101239-25-000071.txt
Meyers Charles J,,2025-11-17,2025-11-18,793,782.3081,620370.32,D,S,10961,True,True,False,0001101239-25-000071,https://www.sec.gov/Archives/edgar/data/1101239/000110123925000071/0001101239-25-000071.txt
Meyers Charles J,,2025-11-17,2025-11-18,198,783.1693,155067.52,D,S,10763,True,True,False,0001101239-25-000071,https://www.sec.gov/Archives/edgar/data/1101239/000110123925000071/0001101239-25-000071.txt
Meyers Charles J,,2025-11-17,2025-11-18,40,783.81,31352.4,D,S,10723,True,True,False,0001101239-25-000071,https://www.sec.gov/Archives/edgar/data/1101239/000110123925000071/0001101239-25-000071.txt
Meyers Charles J,,2025-11-17,2025-11-18,40,784.9,31396.0,D,S,10683,True,True,False,0001101239-25-000071,https://www.sec.gov/Archives/edgar/data/1101239/000110123925000071/0001101239-25-000071.txt
Meyers Charles J,,2025-11-17,2025-11-18,177,785.211,138982.35,D,S,10506,True,True,False,0001101239-25-000071,https://www.sec.gov/Archives/edgar/data/1101239/000110123925000071/0001101239-25-000071.txt
Meyers Charles J,,2025-11-17,2025-11-18,80,786.81,62944.8,D,S,10426,True,True,False,0001101239-25-000071,https://www.sec.gov/Archives/edgar/data/1101239/000110123925000071/0001101239-25-000071.txt
MORANDI BRANDI GALVIN,Chief People Officer,2025-11-03,2025-11-04,100,840.47,84047.0,D,S,8277,True,False,True,0001101239-25-000069,https://www.sec.gov/Archives/edgar/data/1101239/000110123925000069/0001101239-25-000069.txt
Paladin Michael Shane,Chief Customer & Rev Officer,2025-10-07,2025-10-08,824,0.0,0.0,A,M,824,False,False,True,0001101239-25-000046,https://www.sec.gov/Archives/edgar/data/1101239/000110123925000046/0001101239-25-000046.txt
Paladin Michael Shane,Chief Customer & Rev Officer,2025-10-07,2025-10-08,322,787.08,253439.76,D,F,502,False,False,True,0001101239-25-000046,https://www.sec.gov/Archives/edgar/data/1101239/000110123925000046/0001101239-25-000046.txt
Abdel Raouf,"EVP, Global Operations",2025-09-09,2025-09-11,404,771.1072,311527.31,D,S,6377,False,False,True,0001101239-25-000045,https://www.sec.gov/Archives/edgar/data/1101239/000110123925000045/0001101239-25-000045.txt
Pletcher Kurt,Chief Legal Officer,2025-09-03,2025-09-04,1,751.6412,751.64,D,S,2085,False,False,True,0001101239-25-000043,https://www.sec.gov/Archives/edgar/data/1101239/000110123925000043/0001101239-25-000043.txt
Pletcher Kurt,Chief Legal Officer,2025-09-03,2025-09-04,1,752.8136,752.81,D,S,2084,False,False,True,0001101239-25-000043,https://www.sec.gov/Archives/edgar/data/1101239/000110123925000043/0001101239-25-000043.txt
Pletcher Kurt,Chief Legal Officer,2025-09-03,2025-09-04,1,753.8695,753.87,D,S,2083,False,False,True,0001101239-25-000043,https://www.sec.gov/Archives/edgar/data/1101239/000110123925000043/0001101239-25-000043.txt
Pletcher Kurt,Chief Legal Officer,2025-09-03,2025-09-04,1,755.321,755.32,D,S,2082,False,False,True,0001101239-25-000043,https://www.sec.gov/Archives/edgar/data/1101239/000110123925000043/0001101239-25-000043.txt
Pletcher Kurt,Chief Legal Officer,2025-09-03,2025-09-04,2,756.4755,1512.95,D,S,2080,False,False,True,0001101239-25-000043,https://www.sec.gov/Archives/edgar/data/1101239/000110123925000043/0001101239-25-000043.txt
Pletcher Kurt,Chief Legal Officer,2025-09-03,2025-09-04,1,757.3008,757.3,D,S,2079,False,False,True,0001101239-25-000043,https://www.sec.gov/Archives/edgar/data/1101239/000110123925000043/0001101239-25-000043.txt
Pletcher Kurt,Chief Legal Officer,2025-09-03,2025-09-04,6,758.5456,4551.27,D,S,2073,False,False,True,0001101239-25-000043,https://www.sec.gov/Archives/edgar/data/1101239/000110123925000043/0001101239-25-000043.txt
Pletcher Kurt,Chief Legal Officer,2025-09-03,2025-09-04,2,759.5269,1519.05,D,S,2071,False,False,True,0001101239-25-000043,https://www.sec.gov/Archives/edgar/data/1101239/000110123925000043/0001101239-25-000043.txt
Pletcher Kurt,Chief Legal Officer,2025-09-03,2025-09-04,4,760.6134,3042.45,D,S,2067,False,False,True,0001101239-25-000043,https://www.sec.gov/Archives/edgar/data/1101239/000110123925000043/0001101239-25-000043.txt
Pletcher Kurt,Chief Legal Officer,2025-09-03,2025-09-04,10,761.5782,7615.78,D,S,2057,False,False,True,0001101239-25-000043,https://www.sec.gov/Archives/edgar/data/1101239/000110123925000043/0001101239-25-000043.txt
Pletcher Kurt,Chief Legal Officer,2025-09-03,2025-09-04,8,762.5093,6100.07,D,S,2048,False,False,True,0001101239-25-000043,https://www.sec.gov/Archives/edgar/data/1101239/000110123925000043/0001101239-25-000043.txt
Pletcher Kurt,Chief Legal Officer,2025-09-03,2025-09-04,3,763.4901,2290.47,D,S,2045,False,False,True,0001101239-25-000043,https://www.sec.gov/Archives/edgar/data/1101239/000110123925000043/0001101239-25-000043.txt
Pletcher Kurt,Chief Legal Officer,2025-09-03,2025-09-04,6,764.6378,4587.83,D,S,2039,False,False,True,0001101239-25-000043,https://www.sec.gov/Archives/edgar/data/1101239/000110123925000043/0001101239-25-000043.txt
Pletcher Kurt,Chief Legal Officer,2025-09-03,2025-09-04,4,765.4738,3061.9,D,S,2034,False,False,True,0001101239-25-000043,https://www.sec.gov/Archives/edgar/data/1101239/000110123925000043/0001101239-25-000043.txt
Pletcher Kurt,Chief Legal Officer,2025-09-03,2025-09-04,2,766.5519,1533.1,D,S,2032,False,False,True,0001101239-25-000043,https://www.sec.gov/Archives/edgar/data/1101239/000110123925000043/0001101239-25-000043.txt
Pletcher Kurt,Chief Legal Officer,2025-09-03,2025-09-04,1,767.2998,767.3,D,S,2031,False,False,True,0001101239-25-000043,https://www.sec.gov/Archives/edgar/data/1101239/000110123925000043/0001101239-25-000043.txt
Pletcher Kurt,Chief Legal Officer,2025-09-03,2025-09-04,4,770.0,3080.0,D,S,2027,False,False,True,0001101239-25-000043,https://www.sec.gov/Archives/edgar/data/1101239/000110123925000043/0001101239-25-000043.txt
Miller Simon,Chief Accounting Officer,2025-09-03,2025-09-04,6,751.6412,4509.85,D,S,7431,False,False,True,0001101239-25-000044,https://www.sec.gov/Archives/edgar/data/1101239/000110123925000044/0001101239-25-000044.txt
Miller Simon,Chief Accounting Officer,2025-09-03,2025-09-04,6,752.8136,4516.88,D,S,7425,False,False,True,0001101239-25-000044,https://www.sec.gov/Archives/edgar/data/1101239/000110123925000044/0001101239-25-000044.txt
Miller Simon,Chief Accounting Officer,2025-09-03,2025-09-04,6,753.8695,4523.22,D,S,7419,False,False,True,0001101239-25-000044,https://www.sec.gov/Archives/edgar/data/1101239/000110123925000044/0001101239-25-000044.txt
Miller Simon,Chief Accounting Officer,2025-09-03,2025-09-04,8,755.321,6042.57,D,S,7411,False,False,True,0001101239-25-000044,https://www.sec.gov/Archives/edgar/data/1101239/000110123925000044/0001101239-25-000044.txt
Miller Simon,Chief Accounting Officer,2025-09-03,2025-09-04,20,756.4755,15129.51,D,S,7391,False,False,True,0001101239-25-000044,https://www.sec.gov/Archives/edgar/data/1101239/000110123925000044/0001101239-25-000044.txt
Miller Simon,Chief Accounting Officer,2025-09-03,2025-09-04,13,757.3008,9844.91,D,S,7378,False,False,True,0001101239-25-000044,https://www.sec.gov/Archives/edgar/data/1101239/000110123925000044/0001101239-25-000044.txt
Miller Simon,Chief Accounting Officer,2025-09-03,2025-09-04,61,758.5456,46271.28,D,S,7317,False,False,True,0001101239-25-000044,https://www.sec.gov/Archives/edgar/data/1101239/000110123925000044/0001101239-25-000044.txt
Miller Simon,Chief Accounting Officer,2025-09-03,2025-09-04,18,759.5269,13671.48,D,S,7299,False,False,True,0001101239-25-000044,https://www.sec.gov/Archives/edgar/data/1101239/000110123925000044/0001101239-25-000044.txt
Miller Simon,Chief Accounting Officer,2025-09-03,2025-09-04,41,760.6134,31185.15,D,S,7258,False,False,True,0001101239-25-000044,https://www.sec.gov/Archives/edgar/data/1101239/000110123925000044/0001101239-25-000044.txt
Miller Simon,Chief Accounting Officer,2025-09-03,2025-09-04,99,761.5782,75396.24,D,S,7159,False,False,True,0001101239-25-000044,https://www.sec.gov/Archives/edgar/data/1101239/000110123925000044/0001101239-25-000044.txt
Miller Simon,Chief Accounting Officer,2025-09-03,2025-09-04,82,762.5093,62525.76,D,S,7077,False,False,True,0001101239-25-000044,https://www.sec.gov/Archives/edgar/data/1101239/000110123925000044/0001101239-25-000044.txt
Miller Simon,Chief Accounting Officer,2025-09-03,2025-09-04,36,763.4901,27485.64,D,S,7041,False,False,True,0001101239-25-000044,https://www.sec.gov/Archives/edgar/data/1101239/000110123925000044/0001101239-25-000044.txt
Miller Simon,Chief Accounting Officer,2025-09-03,2025-09-04,62,764.6378,47407.54,D,S,6979,False,False,True,0001101239-25-000044,https://www.sec.gov/Archives/edgar/data/1101239/000110123925000044/0001101239-25-000044.txt
Miller Simon,Chief Accounting Officer,2025-09-03,2025-09-04,43,765.4738,32915.37,D,S,6935,False,False,True,0001101239-25-000044,https://www.sec.gov/Archives/edgar/data/1101239/000110123925000044/0001101239-25-000044.txt
Miller Simon,Chief Accounting Officer,2025-09-03,2025-09-04,16,766.5519,12264.83,D,S,6919,False,False,True,0001101239-25-000044,https://www.sec.gov/Archives/edgar/data/1101239/000110123925000044/0001101239-25-000044.txt
Miller Simon,Chief Accounting Officer,2025-09-03,2025-09-04,8,767.2998,6138.4,D,S,6911,False,False,True,0001101239-25-000044,https://www.sec.gov/Archives/edgar/data/1101239/000110123925000044/0001101239-25-000044.txt
Miller Simon,Chief Accounting Officer,2025-09-03,2025-09-04,36,770.0,27720.0,D,S,6875,False,False,True,0001101239-25-000044,https://www.sec.gov/Archives/edgar/data/1101239/000110123925000044/0001101239-25-000044.txt
Pletcher Kurt,Chief Legal Officer,2025-09-02,2025-09-04,142,0.0,0.0,A,M,2086,False,False,True,0001101239-25-000043,https://www.sec.gov/Archives/edgar/data/1101239/000110123925000043/0001101239-25-000043.txt
Miller Simon,Chief Accounting Officer,2025-09-02,2025-09-04,437,0.0,0.0,A,M,6742,False,False,True,0001101239-25-000044,https://www.sec.gov/Archives/edgar/data/1101239/000110123925000044/0001101239-25-000044.txt
Miller Simon,Chief Accounting Officer,2025-09-02,2025-09-04,348,0.0,0.0,A,M,7090,False,False,True,0001101239-25-000044,https://www.sec.gov/Archives/edgar/data/1101239/000110123925000044/0001101239-25-000044.txt
Miller Simon,Chief Accounting Officer,2025-09-02,2025-09-04,347,0.0,0.0,A,M,7437,False,False,True,0001101239-25-000044,https://www.sec.gov/Archives/edgar/data/1101239/000110123925000044/0001101239-25-000044.txt
PAISLEY CHRISTOPHER B,,2025-08-18,2025-08-19,75,781.5,58612.5,D,S,17832,True,True,False,0001101239-25-000042,https://www.sec.gov/Archives/edgar/data/1101239/000110123925000042/0001101239-25-000042.txt
Meyers Charles J,,2025-01-15,2026-01-20,1075,0.0,0.0,A,M,21021,False,True,False,0001101239-26-000008,https://www.sec.gov/Archives/edgar/data/1101239/000110123926000008/0001101239-26-000008.txt
