insider,title,transaction_date,filing_date,shares,price,value_usd,acquired_disposed,transaction_code,shares_owned_after,is_10b5_1,is_director,is_officer,accession,source_path
HERSHEY TRUST CO TRUSTEE IN TRUST FOR MILTON HERSHEY SCHOOL,,2026-07-22,2026-07-22,125,170.8714,21358.92,D,S,1185994,True,False,False,0000950142-26-002145,https://www.sec.gov/Archives/edgar/data/47111/000095014226002145/0000950142-26-002145.txt
HERSHEY TRUST CO TRUSTEE IN TRUST FOR MILTON HERSHEY SCHOOL,,2026-07-22,2026-07-22,4084,171.6988,701217.9,D,S,1181910,True,False,False,0000950142-26-002145,https://www.sec.gov/Archives/edgar/data/47111/000095014226002145/0000950142-26-002145.txt
HERSHEY TRUST CO TRUSTEE IN TRUST FOR MILTON HERSHEY SCHOOL,,2026-07-22,2026-07-22,5791,172.2865,997711.12,D,S,1176119,True,False,False,0000950142-26-002145,https://www.sec.gov/Archives/edgar/data/47111/000095014226002145/0000950142-26-002145.txt
HERSHEY TRUST CO TRUSTEE IN TRUST FOR MILTON HERSHEY SCHOOL,,2026-07-21,2026-07-22,1384,169.8714,235102.02,D,S,1194735,True,False,False,0000950142-26-002145,https://www.sec.gov/Archives/edgar/data/47111/000095014226002145/0000950142-26-002145.txt
HERSHEY TRUST CO TRUSTEE IN TRUST FOR MILTON HERSHEY SCHOOL,,2026-07-21,2026-07-22,8387,170.4112,1429238.73,D,S,1186348,True,False,False,0000950142-26-002145,https://www.sec.gov/Archives/edgar/data/47111/000095014226002145/0000950142-26-002145.txt
HERSHEY TRUST CO TRUSTEE IN TRUST FOR MILTON HERSHEY SCHOOL,,2026-07-21,2026-07-22,189,171.1233,32342.3,D,S,1186159,True,False,False,0000950142-26-002145,https://www.sec.gov/Archives/edgar/data/47111/000095014226002145/0000950142-26-002145.txt
HERSHEY TRUST CO TRUSTEE IN TRUST FOR MILTON HERSHEY SCHOOL,,2026-07-21,2026-07-22,40,172.06,6882.4,D,S,1186119,True,False,False,0000950142-26-002145,https://www.sec.gov/Archives/edgar/data/47111/000095014226002145/0000950142-26-002145.txt
Voskuil Steven E,"SVP, Chief Financial Officer",2026-07-20,2026-07-21,1500,170.0,255000.0,D,S,53195,True,False,True,0000047111-26-000226,https://www.sec.gov/Archives/edgar/data/47111/000004711126000226/0000047111-26-000226.txt
HERSHEY TRUST CO TRUSTEE IN TRUST FOR MILTON HERSHEY SCHOOL,,2026-07-20,2026-07-22,18,168.84,3039.12,D,S,1206101,True,False,False,0000950142-26-002145,https://www.sec.gov/Archives/edgar/data/47111/000095014226002145/0000950142-26-002145.txt
HERSHEY TRUST CO TRUSTEE IN TRUST FOR MILTON HERSHEY SCHOOL,,2026-07-20,2026-07-22,1375,169.5897,233185.84,D,S,1204726,True,False,False,0000950142-26-002145,https://www.sec.gov/Archives/edgar/data/47111/000095014226002145/0000950142-26-002145.txt
HERSHEY TRUST CO TRUSTEE IN TRUST FOR MILTON HERSHEY SCHOOL,,2026-07-20,2026-07-22,2703,170.4735,460789.87,D,S,1202023,True,False,False,0000950142-26-002145,https://www.sec.gov/Archives/edgar/data/47111/000095014226002145/0000950142-26-002145.txt
HERSHEY TRUST CO TRUSTEE IN TRUST FOR MILTON HERSHEY SCHOOL,,2026-07-20,2026-07-22,4448,171.6539,763516.55,D,S,1197575,True,False,False,0000950142-26-002145,https://www.sec.gov/Archives/edgar/data/47111/000095014226002145/0000950142-26-002145.txt
HERSHEY TRUST CO TRUSTEE IN TRUST FOR MILTON HERSHEY SCHOOL,,2026-07-20,2026-07-22,1456,172.1679,250676.46,D,S,1196119,True,False,False,0000950142-26-002145,https://www.sec.gov/Archives/edgar/data/47111/000095014226002145/0000950142-26-002145.txt
HERSHEY TRUST CO TRUSTEE IN TRUST FOR MILTON HERSHEY SCHOOL,,2026-07-17,2026-07-20,181,170.9379,30939.76,D,S,1215938,True,False,False,0000950142-26-002130,https://www.sec.gov/Archives/edgar/data/47111/000095014226002130/0000950142-26-002130.txt
HERSHEY TRUST CO TRUSTEE IN TRUST FOR MILTON HERSHEY SCHOOL,,2026-07-17,2026-07-20,6807,171.3885,1166641.52,D,S,1209131,True,False,False,0000950142-26-002130,https://www.sec.gov/Archives/edgar/data/47111/000095014226002130/0000950142-26-002130.txt
HERSHEY TRUST CO TRUSTEE IN TRUST FOR MILTON HERSHEY SCHOOL,,2026-07-17,2026-07-20,667,172.5457,115087.98,D,S,1208464,True,False,False,0000950142-26-002130,https://www.sec.gov/Archives/edgar/data/47111/000095014226002130/0000950142-26-002130.txt
HERSHEY TRUST CO TRUSTEE IN TRUST FOR MILTON HERSHEY SCHOOL,,2026-07-17,2026-07-20,53,173.4077,9190.61,D,S,1208411,True,False,False,0000950142-26-002130,https://www.sec.gov/Archives/edgar/data/47111/000095014226002130/0000950142-26-002130.txt
HERSHEY TRUST CO TRUSTEE IN TRUST FOR MILTON HERSHEY SCHOOL,,2026-07-17,2026-07-20,1514,174.3531,263970.59,D,S,1206897,True,False,False,0000950142-26-002130,https://www.sec.gov/Archives/edgar/data/47111/000095014226002130/0000950142-26-002130.txt
HERSHEY TRUST CO TRUSTEE IN TRUST FOR MILTON HERSHEY SCHOOL,,2026-07-17,2026-07-20,36,175.525,6318.9,D,S,1206861,True,False,False,0000950142-26-002130,https://www.sec.gov/Archives/edgar/data/47111/000095014226002130/0000950142-26-002130.txt
HERSHEY TRUST CO TRUSTEE IN TRUST FOR MILTON HERSHEY SCHOOL,,2026-07-17,2026-07-20,341,176.4161,60157.89,D,S,1206520,True,False,False,0000950142-26-002130,https://www.sec.gov/Archives/edgar/data/47111/000095014226002130/0000950142-26-002130.txt
HERSHEY TRUST CO TRUSTEE IN TRUST FOR MILTON HERSHEY SCHOOL,,2026-07-17,2026-07-20,401,177.2355,71071.44,D,S,1206119,True,False,False,0000950142-26-002130,https://www.sec.gov/Archives/edgar/data/47111/000095014226002130/0000950142-26-002130.txt
HERSHEY TRUST CO TRUSTEE IN TRUST FOR MILTON HERSHEY SCHOOL,,2026-07-16,2026-07-20,633,171.583,108612.04,D,S,1225486,True,False,False,0000950142-26-002130,https://www.sec.gov/Archives/edgar/data/47111/000095014226002130/0000950142-26-002130.txt
HERSHEY TRUST CO TRUSTEE IN TRUST FOR MILTON HERSHEY SCHOOL,,2026-07-16,2026-07-20,969,172.4443,167098.53,D,S,1224517,True,False,False,0000950142-26-002130,https://www.sec.gov/Archives/edgar/data/47111/000095014226002130/0000950142-26-002130.txt
HERSHEY TRUST CO TRUSTEE IN TRUST FOR MILTON HERSHEY SCHOOL,,2026-07-16,2026-07-20,1825,173.4711,316584.76,D,S,1222692,True,False,False,0000950142-26-002130,https://www.sec.gov/Archives/edgar/data/47111/000095014226002130/0000950142-26-002130.txt
HERSHEY TRUST CO TRUSTEE IN TRUST FOR MILTON HERSHEY SCHOOL,,2026-07-16,2026-07-20,5428,174.6114,947790.68,D,S,1217264,True,False,False,0000950142-26-002130,https://www.sec.gov/Archives/edgar/data/47111/000095014226002130/0000950142-26-002130.txt
HERSHEY TRUST CO TRUSTEE IN TRUST FOR MILTON HERSHEY SCHOOL,,2026-07-16,2026-07-20,979,175.4703,171785.42,D,S,1216285,True,False,False,0000950142-26-002130,https://www.sec.gov/Archives/edgar/data/47111/000095014226002130/0000950142-26-002130.txt
HERSHEY TRUST CO TRUSTEE IN TRUST FOR MILTON HERSHEY SCHOOL,,2026-07-16,2026-07-20,166,176.1923,29247.92,D,S,1216119,True,False,False,0000950142-26-002130,https://www.sec.gov/Archives/edgar/data/47111/000095014226002130/0000950142-26-002130.txt
HERSHEY TRUST CO TRUSTEE IN TRUST FOR MILTON HERSHEY SCHOOL,,2026-07-15,2026-07-15,2091,169.7823,355014.79,D,S,1234028,True,False,False,0000950142-26-002078,https://www.sec.gov/Archives/edgar/data/47111/000095014226002078/0000950142-26-002078.txt
HERSHEY TRUST CO TRUSTEE IN TRUST FOR MILTON HERSHEY SCHOOL,,2026-07-15,2026-07-15,4916,170.355,837465.18,D,S,1229112,True,False,False,0000950142-26-002078,https://www.sec.gov/Archives/edgar/data/47111/000095014226002078/0000950142-26-002078.txt
HERSHEY TRUST CO TRUSTEE IN TRUST FOR MILTON HERSHEY SCHOOL,,2026-07-15,2026-07-15,2305,171.3587,394981.8,D,S,1226807,True,False,False,0000950142-26-002078,https://www.sec.gov/Archives/edgar/data/47111/000095014226002078/0000950142-26-002078.txt
HERSHEY TRUST CO TRUSTEE IN TRUST FOR MILTON HERSHEY SCHOOL,,2026-07-15,2026-07-15,688,172.3015,118543.43,D,S,1226119,True,False,False,0000950142-26-002078,https://www.sec.gov/Archives/edgar/data/47111/000095014226002078/0000950142-26-002078.txt
HERSHEY TRUST CO TRUSTEE IN TRUST FOR MILTON HERSHEY SCHOOL,,2026-07-14,2026-07-15,1928,170.8108,329323.22,D,S,1244191,True,False,False,0000950142-26-002078,https://www.sec.gov/Archives/edgar/data/47111/000095014226002078/0000950142-26-002078.txt
HERSHEY TRUST CO TRUSTEE IN TRUST FOR MILTON HERSHEY SCHOOL,,2026-07-14,2026-07-15,7873,171.3686,1349184.99,D,S,1236318,True,False,False,0000950142-26-002078,https://www.sec.gov/Archives/edgar/data/47111/000095014226002078/0000950142-26-002078.txt
HERSHEY TRUST CO TRUSTEE IN TRUST FOR MILTON HERSHEY SCHOOL,,2026-07-14,2026-07-15,67,172.271,11542.16,D,S,1236251,True,False,False,0000950142-26-002078,https://www.sec.gov/Archives/edgar/data/47111/000095014226002078/0000950142-26-002078.txt
HERSHEY TRUST CO TRUSTEE IN TRUST FOR MILTON HERSHEY SCHOOL,,2026-07-14,2026-07-15,41,173.4013,7109.45,D,S,1236210,True,False,False,0000950142-26-002078,https://www.sec.gov/Archives/edgar/data/47111/000095014226002078/0000950142-26-002078.txt
HERSHEY TRUST CO TRUSTEE IN TRUST FOR MILTON HERSHEY SCHOOL,,2026-07-14,2026-07-15,91,174.3546,15866.27,D,S,1236119,True,False,False,0000950142-26-002078,https://www.sec.gov/Archives/edgar/data/47111/000095014226002078/0000950142-26-002078.txt
HERSHEY TRUST CO TRUSTEE IN TRUST FOR MILTON HERSHEY SCHOOL,,2026-07-13,2026-07-15,252,172.5337,43478.49,D,S,1255867,True,False,False,0000950142-26-002078,https://www.sec.gov/Archives/edgar/data/47111/000095014226002078/0000950142-26-002078.txt
HERSHEY TRUST CO TRUSTEE IN TRUST FOR MILTON HERSHEY SCHOOL,,2026-07-13,2026-07-15,231,173.4497,40066.88,D,S,1255636,True,False,False,0000950142-26-002078,https://www.sec.gov/Archives/edgar/data/47111/000095014226002078/0000950142-26-002078.txt
HERSHEY TRUST CO TRUSTEE IN TRUST FOR MILTON HERSHEY SCHOOL,,2026-07-13,2026-07-15,891,174.8103,155755.98,D,S,1254745,True,False,False,0000950142-26-002078,https://www.sec.gov/Archives/edgar/data/47111/000095014226002078/0000950142-26-002078.txt
HERSHEY TRUST CO TRUSTEE IN TRUST FOR MILTON HERSHEY SCHOOL,,2026-07-13,2026-07-15,4585,175.3936,804179.66,D,S,1250160,True,False,False,0000950142-26-002078,https://www.sec.gov/Archives/edgar/data/47111/000095014226002078/0000950142-26-002078.txt
HERSHEY TRUST CO TRUSTEE IN TRUST FOR MILTON HERSHEY SCHOOL,,2026-07-13,2026-07-15,3500,176.4179,617462.65,D,S,1246660,True,False,False,0000950142-26-002078,https://www.sec.gov/Archives/edgar/data/47111/000095014226002078/0000950142-26-002078.txt
HERSHEY TRUST CO TRUSTEE IN TRUST FOR MILTON HERSHEY SCHOOL,,2026-07-13,2026-07-15,541,177.2273,95879.97,D,S,1246119,True,False,False,0000950142-26-002078,https://www.sec.gov/Archives/edgar/data/47111/000095014226002078/0000950142-26-002078.txt
HERSHEY TRUST CO TRUSTEE IN TRUST FOR MILTON HERSHEY SCHOOL,,2026-07-10,2026-07-10,1031,171.7933,177118.89,D,S,1265088,True,False,False,0000950142-26-002024,https://www.sec.gov/Archives/edgar/data/47111/000095014226002024/0000950142-26-002024.txt
HERSHEY TRUST CO TRUSTEE IN TRUST FOR MILTON HERSHEY SCHOOL,,2026-07-10,2026-07-10,4444,172.4309,766282.92,D,S,1260644,True,False,False,0000950142-26-002024,https://www.sec.gov/Archives/edgar/data/47111/000095014226002024/0000950142-26-002024.txt
HERSHEY TRUST CO TRUSTEE IN TRUST FOR MILTON HERSHEY SCHOOL,,2026-07-10,2026-07-10,3869,173.585,671600.36,D,S,1256775,True,False,False,0000950142-26-002024,https://www.sec.gov/Archives/edgar/data/47111/000095014226002024/0000950142-26-002024.txt
HERSHEY TRUST CO TRUSTEE IN TRUST FOR MILTON HERSHEY SCHOOL,,2026-07-10,2026-07-10,656,174.1141,114218.85,D,S,1256119,True,False,False,0000950142-26-002024,https://www.sec.gov/Archives/edgar/data/47111/000095014226002024/0000950142-26-002024.txt
HERSHEY TRUST CO TRUSTEE IN TRUST FOR MILTON HERSHEY SCHOOL,,2026-07-09,2026-07-10,338,170.9564,57783.26,D,S,1275781,True,False,False,0000950142-26-002024,https://www.sec.gov/Archives/edgar/data/47111/000095014226002024/0000950142-26-002024.txt
HERSHEY TRUST CO TRUSTEE IN TRUST FOR MILTON HERSHEY SCHOOL,,2026-07-09,2026-07-10,6389,171.5197,1095839.36,D,S,1269392,True,False,False,0000950142-26-002024,https://www.sec.gov/Archives/edgar/data/47111/000095014226002024/0000950142-26-002024.txt
HERSHEY TRUST CO TRUSTEE IN TRUST FOR MILTON HERSHEY SCHOOL,,2026-07-09,2026-07-10,2665,172.4322,459531.81,D,S,1266727,True,False,False,0000950142-26-002024,https://www.sec.gov/Archives/edgar/data/47111/000095014226002024/0000950142-26-002024.txt
HERSHEY TRUST CO TRUSTEE IN TRUST FOR MILTON HERSHEY SCHOOL,,2026-07-09,2026-07-10,608,173.2107,105312.11,D,S,1266119,True,False,False,0000950142-26-002024,https://www.sec.gov/Archives/edgar/data/47111/000095014226002024/0000950142-26-002024.txt
HERSHEY TRUST CO TRUSTEE IN TRUST FOR MILTON HERSHEY SCHOOL,,2026-07-08,2026-07-08,96,173.7964,16684.45,D,S,1286023,True,False,False,0000950142-26-002003,https://www.sec.gov/Archives/edgar/data/47111/000095014226002003/0000950142-26-002003.txt
HERSHEY TRUST CO TRUSTEE IN TRUST FOR MILTON HERSHEY SCHOOL,,2026-07-08,2026-07-08,4364,174.446,761282.34,D,S,1281659,True,False,False,0000950142-26-002003,https://www.sec.gov/Archives/edgar/data/47111/000095014226002003/0000950142-26-002003.txt
HERSHEY TRUST CO TRUSTEE IN TRUST FOR MILTON HERSHEY SCHOOL,,2026-07-08,2026-07-08,3152,175.497,553166.54,D,S,1278507,True,False,False,0000950142-26-002003,https://www.sec.gov/Archives/edgar/data/47111/000095014226002003/0000950142-26-002003.txt
HERSHEY TRUST CO TRUSTEE IN TRUST FOR MILTON HERSHEY SCHOOL,,2026-07-08,2026-07-08,2003,176.3714,353271.91,D,S,1276504,True,False,False,0000950142-26-002003,https://www.sec.gov/Archives/edgar/data/47111/000095014226002003/0000950142-26-002003.txt
HERSHEY TRUST CO TRUSTEE IN TRUST FOR MILTON HERSHEY SCHOOL,,2026-07-08,2026-07-08,385,177.0495,68164.06,D,S,1276119,True,False,False,0000950142-26-002003,https://www.sec.gov/Archives/edgar/data/47111/000095014226002003/0000950142-26-002003.txt
Arends Mitchell Andrew,SVP Chief Supply Chain Officer,2026-07-08,2026-07-10,3843,0.0,0.0,A,A,3843,False,False,True,0000047111-26-000222,https://www.sec.gov/Archives/edgar/data/47111/000004711126000222/0000047111-26-000222.txt
HERSHEY TRUST CO TRUSTEE IN TRUST FOR MILTON HERSHEY SCHOOL,,2026-07-07,2026-07-08,2730,175.8808,480154.58,D,S,1293389,True,False,False,0000950142-26-002003,https://www.sec.gov/Archives/edgar/data/47111/000095014226002003/0000950142-26-002003.txt
HERSHEY TRUST CO TRUSTEE IN TRUST FOR MILTON HERSHEY SCHOOL,,2026-07-07,2026-07-08,2154,176.3781,379918.43,D,S,1291235,True,False,False,0000950142-26-002003,https://www.sec.gov/Archives/edgar/data/47111/000095014226002003/0000950142-26-002003.txt
HERSHEY TRUST CO TRUSTEE IN TRUST FOR MILTON HERSHEY SCHOOL,,2026-07-07,2026-07-08,3349,177.4468,594269.33,D,S,1287886,True,False,False,0000950142-26-002003,https://www.sec.gov/Archives/edgar/data/47111/000095014226002003/0000950142-26-002003.txt
HERSHEY TRUST CO TRUSTEE IN TRUST FOR MILTON HERSHEY SCHOOL,,2026-07-07,2026-07-08,169,178.4598,30159.71,D,S,1287717,True,False,False,0000950142-26-002003,https://www.sec.gov/Archives/edgar/data/47111/000095014226002003/0000950142-26-002003.txt
HERSHEY TRUST CO TRUSTEE IN TRUST FOR MILTON HERSHEY SCHOOL,,2026-07-07,2026-07-08,386,179.7341,69377.36,D,S,1287331,True,False,False,0000950142-26-002003,https://www.sec.gov/Archives/edgar/data/47111/000095014226002003/0000950142-26-002003.txt
HERSHEY TRUST CO TRUSTEE IN TRUST FOR MILTON HERSHEY SCHOOL,,2026-07-07,2026-07-08,629,180.3742,113455.37,D,S,1286702,True,False,False,0000950142-26-002003,https://www.sec.gov/Archives/edgar/data/47111/000095014226002003/0000950142-26-002003.txt
HERSHEY TRUST CO TRUSTEE IN TRUST FOR MILTON HERSHEY SCHOOL,,2026-07-07,2026-07-08,525,181.5912,95335.38,D,S,1286177,True,False,False,0000950142-26-002003,https://www.sec.gov/Archives/edgar/data/47111/000095014226002003/0000950142-26-002003.txt
HERSHEY TRUST CO TRUSTEE IN TRUST FOR MILTON HERSHEY SCHOOL,,2026-07-07,2026-07-08,58,182.0698,10560.05,D,S,1286119,True,False,False,0000950142-26-002003,https://www.sec.gov/Archives/edgar/data/47111/000095014226002003/0000950142-26-002003.txt
HERSHEY TRUST CO TRUSTEE IN TRUST FOR MILTON HERSHEY SCHOOL,,2026-07-06,2026-07-08,246,176.8958,43516.37,D,S,1305873,True,False,False,0000950142-26-002003,https://www.sec.gov/Archives/edgar/data/47111/000095014226002003/0000950142-26-002003.txt
HERSHEY TRUST CO TRUSTEE IN TRUST FOR MILTON HERSHEY SCHOOL,,2026-07-06,2026-07-08,4290,177.5782,761810.48,D,S,1301583,True,False,False,0000950142-26-002003,https://www.sec.gov/Archives/edgar/data/47111/000095014226002003/0000950142-26-002003.txt
HERSHEY TRUST CO TRUSTEE IN TRUST FOR MILTON HERSHEY SCHOOL,,2026-07-06,2026-07-08,4109,178.4972,733444.99,D,S,1297474,True,False,False,0000950142-26-002003,https://www.sec.gov/Archives/edgar/data/47111/000095014226002003/0000950142-26-002003.txt
HERSHEY TRUST CO TRUSTEE IN TRUST FOR MILTON HERSHEY SCHOOL,,2026-07-06,2026-07-08,903,179.4303,162025.56,D,S,1296571,True,False,False,0000950142-26-002003,https://www.sec.gov/Archives/edgar/data/47111/000095014226002003/0000950142-26-002003.txt
HERSHEY TRUST CO TRUSTEE IN TRUST FOR MILTON HERSHEY SCHOOL,,2026-07-06,2026-07-08,184,180.3125,33177.5,D,S,1296387,True,False,False,0000950142-26-002003,https://www.sec.gov/Archives/edgar/data/47111/000095014226002003/0000950142-26-002003.txt
HERSHEY TRUST CO TRUSTEE IN TRUST FOR MILTON HERSHEY SCHOOL,,2026-07-06,2026-07-08,33,181.2181,5980.2,D,S,1296354,True,False,False,0000950142-26-002003,https://www.sec.gov/Archives/edgar/data/47111/000095014226002003/0000950142-26-002003.txt
HERSHEY TRUST CO TRUSTEE IN TRUST FOR MILTON HERSHEY SCHOOL,,2026-07-06,2026-07-08,235,182.1806,42812.44,D,S,1296119,True,False,False,0000950142-26-002003,https://www.sec.gov/Archives/edgar/data/47111/000095014226002003/0000950142-26-002003.txt
Robbin-Coker Cordel,,2026-07-02,2026-07-06,124,180.37,22365.88,D,S,1643,False,True,False,0000047111-26-000220,https://www.sec.gov/Archives/edgar/data/47111/000004711126000220/0000047111-26-000220.txt
HERSHEY TRUST CO TRUSTEE IN TRUST FOR MILTON HERSHEY SCHOOL,,2026-07-02,2026-07-06,2006,179.6607,360399.36,D,S,1314113,True,False,False,0000950142-26-001981,https://www.sec.gov/Archives/edgar/data/47111/000095014226001981/0000950142-26-001981.txt
HERSHEY TRUST CO TRUSTEE IN TRUST FOR MILTON HERSHEY SCHOOL,,2026-07-02,2026-07-06,1339,180.5071,241699.01,D,S,1312774,True,False,False,0000950142-26-001981,https://www.sec.gov/Archives/edgar/data/47111/000095014226001981/0000950142-26-001981.txt
HERSHEY TRUST CO TRUSTEE IN TRUST FOR MILTON HERSHEY SCHOOL,,2026-07-02,2026-07-06,3467,181.6432,629756.97,D,S,1309307,True,False,False,0000950142-26-001981,https://www.sec.gov/Archives/edgar/data/47111/000095014226001981/0000950142-26-001981.txt
HERSHEY TRUST CO TRUSTEE IN TRUST FOR MILTON HERSHEY SCHOOL,,2026-07-02,2026-07-06,3188,182.1779,580783.15,D,S,1306119,True,False,False,0000950142-26-001981,https://www.sec.gov/Archives/edgar/data/47111/000095014226001981/0000950142-26-001981.txt
Singleton Harold III,,2026-07-01,2026-07-06,251,0.0,0.0,A,A,1363,False,True,False,0000047111-26-000217,https://www.sec.gov/Archives/edgar/data/47111/000004711126000217/0000047111-26-000217.txt
Robbin-Coker Cordel,,2026-07-01,2026-07-06,251,0.0,0.0,A,A,1767,False,True,False,0000047111-26-000209,https://www.sec.gov/Archives/edgar/data/47111/000004711126000209/0000047111-26-000209.txt
Quintero-Johnson Marie,,2026-07-01,2026-07-06,251,0.0,0.0,A,A,1363,False,True,False,0000047111-26-000216,https://www.sec.gov/Archives/edgar/data/47111/000004711126000216/0000047111-26-000216.txt
Persaud Guy,,2026-07-01,2026-07-06,390,0.0,0.0,A,A,390,False,True,False,0000047111-26-000218,https://www.sec.gov/Archives/edgar/data/47111/000004711126000218/0000047111-26-000218.txt
Park Joseph Ryangho,,2026-07-01,2026-07-06,256,0.0,0.0,A,A,256,False,True,False,0000047111-26-000219,https://www.sec.gov/Archives/edgar/data/47111/000004711126000219/0000047111-26-000219.txt
OZAN KEVIN M,,2026-07-01,2026-07-06,251,0.0,0.0,A,A,2351,False,True,False,0000047111-26-000215,https://www.sec.gov/Archives/edgar/data/47111/000004711126000215/0000047111-26-000215.txt
Nalebuff Barry James,,2026-07-01,2026-07-06,251,0.0,0.0,A,A,2009,False,True,False,0000047111-26-000214,https://www.sec.gov/Archives/edgar/data/47111/000004711126000214/0000047111-26-000214.txt
Mahlan Deirdre,,2026-07-01,2026-07-06,251,0.0,0.0,A,A,1363,False,True,False,0000047111-26-000213,https://www.sec.gov/Archives/edgar/data/47111/000004711126000213/0000047111-26-000213.txt
Kraus Maria T,,2026-07-01,2026-07-06,251,0.0,0.0,A,A,3136,False,True,False,0000047111-26-000212,https://www.sec.gov/Archives/edgar/data/47111/000004711126000212/0000047111-26-000212.txt
HERSHEY TRUST CO TRUSTEE IN TRUST FOR MILTON HERSHEY SCHOOL,,2026-07-01,2026-07-01,92,175.9719,16189.41,D,S,1326027,True,False,False,0000950142-26-001953,https://www.sec.gov/Archives/edgar/data/47111/000095014226001953/0000950142-26-001953.txt
HERSHEY TRUST CO TRUSTEE IN TRUST FOR MILTON HERSHEY SCHOOL,,2026-07-01,2026-07-01,82,176.6146,14482.4,D,S,1325945,True,False,False,0000950142-26-001953,https://www.sec.gov/Archives/edgar/data/47111/000095014226001953/0000950142-26-001953.txt
HERSHEY TRUST CO TRUSTEE IN TRUST FOR MILTON HERSHEY SCHOOL,,2026-07-01,2026-07-01,584,177.7679,103816.45,D,S,1325361,True,False,False,0000950142-26-001953,https://www.sec.gov/Archives/edgar/data/47111/000095014226001953/0000950142-26-001953.txt
HERSHEY TRUST CO TRUSTEE IN TRUST FOR MILTON HERSHEY SCHOOL,,2026-07-01,2026-07-01,3876,178.588,692207.09,D,S,1321485,True,False,False,0000950142-26-001953,https://www.sec.gov/Archives/edgar/data/47111/000095014226001953/0000950142-26-001953.txt
HERSHEY TRUST CO TRUSTEE IN TRUST FOR MILTON HERSHEY SCHOOL,,2026-07-01,2026-07-01,3956,179.4865,710048.59,D,S,1317529,True,False,False,0000950142-26-001953,https://www.sec.gov/Archives/edgar/data/47111/000095014226001953/0000950142-26-001953.txt
HERSHEY TRUST CO TRUSTEE IN TRUST FOR MILTON HERSHEY SCHOOL,,2026-07-01,2026-07-01,1410,180.2666,254175.91,D,S,1316119,True,False,False,0000950142-26-001953,https://www.sec.gov/Archives/edgar/data/47111/000095014226001953/0000950142-26-001953.txt
Curoe Timothy William,,2026-07-01,2026-07-06,251,0.0,0.0,A,A,2031,False,True,False,0000047111-26-000211,https://www.sec.gov/Archives/edgar/data/47111/000004711126000211/0000047111-26-000211.txt
Brandt Christopher W,,2026-07-01,2026-07-06,251,0.0,0.0,A,A,1232,False,True,False,0000047111-26-000210,https://www.sec.gov/Archives/edgar/data/47111/000004711126000210/0000047111-26-000210.txt
HERSHEY TRUST CO TRUSTEE IN TRUST FOR MILTON HERSHEY SCHOOL,,2026-06-30,2026-07-01,38,174.99,6649.62,D,S,1336081,True,False,False,0000950142-26-001953,https://www.sec.gov/Archives/edgar/data/47111/000095014226001953/0000950142-26-001953.txt
HERSHEY TRUST CO TRUSTEE IN TRUST FOR MILTON HERSHEY SCHOOL,,2026-06-30,2026-07-01,4493,175.3882,788019.18,D,S,1331588,True,False,False,0000950142-26-001953,https://www.sec.gov/Archives/edgar/data/47111/000095014226001953/0000950142-26-001953.txt
HERSHEY TRUST CO TRUSTEE IN TRUST FOR MILTON HERSHEY SCHOOL,,2026-06-30,2026-07-01,3023,176.5843,533814.34,D,S,1328565,True,False,False,0000950142-26-001953,https://www.sec.gov/Archives/edgar/data/47111/000095014226001953/0000950142-26-001953.txt
HERSHEY TRUST CO TRUSTEE IN TRUST FOR MILTON HERSHEY SCHOOL,,2026-06-30,2026-07-01,1145,177.3878,203109.03,D,S,1327420,True,False,False,0000950142-26-001953,https://www.sec.gov/Archives/edgar/data/47111/000095014226001953/0000950142-26-001953.txt
HERSHEY TRUST CO TRUSTEE IN TRUST FOR MILTON HERSHEY SCHOOL,,2026-06-30,2026-07-01,1225,178.2582,218366.29,D,S,1326195,True,False,False,0000950142-26-001953,https://www.sec.gov/Archives/edgar/data/47111/000095014226001953/0000950142-26-001953.txt
HERSHEY TRUST CO TRUSTEE IN TRUST FOR MILTON HERSHEY SCHOOL,,2026-06-30,2026-07-01,76,179.18,13617.68,D,S,1326119,True,False,False,0000950142-26-001953,https://www.sec.gov/Archives/edgar/data/47111/000095014226001953/0000950142-26-001953.txt
HERSHEY TRUST CO TRUSTEE IN TRUST FOR MILTON HERSHEY SCHOOL,,2026-06-29,2026-07-01,3525,179.6137,633138.29,D,S,1342594,True,False,False,0000950142-26-001953,https://www.sec.gov/Archives/edgar/data/47111/000095014226001953/0000950142-26-001953.txt
HERSHEY TRUST CO TRUSTEE IN TRUST FOR MILTON HERSHEY SCHOOL,,2026-06-29,2026-07-01,2571,180.5701,464245.73,D,S,1340023,True,False,False,0000950142-26-001953,https://www.sec.gov/Archives/edgar/data/47111/000095014226001953/0000950142-26-001953.txt
HERSHEY TRUST CO TRUSTEE IN TRUST FOR MILTON HERSHEY SCHOOL,,2026-06-29,2026-07-01,3904,181.3981,708178.18,D,S,1336119,True,False,False,0000950142-26-001953,https://www.sec.gov/Archives/edgar/data/47111/000095014226001953/0000950142-26-001953.txt
HERSHEY TRUST CO TRUSTEE IN TRUST FOR MILTON HERSHEY SCHOOL,,2026-06-26,2026-06-29,46,176.7616,8131.03,D,S,1356073,True,False,False,0000950142-26-001900,https://www.sec.gov/Archives/edgar/data/47111/000095014226001900/0000950142-26-001900.txt
HERSHEY TRUST CO TRUSTEE IN TRUST FOR MILTON HERSHEY SCHOOL,,2026-06-26,2026-06-29,4001,177.5556,710399.96,D,S,1352072,True,False,False,0000950142-26-001900,https://www.sec.gov/Archives/edgar/data/47111/000095014226001900/0000950142-26-001900.txt
HERSHEY TRUST CO TRUSTEE IN TRUST FOR MILTON HERSHEY SCHOOL,,2026-06-26,2026-06-29,3154,178.5485,563141.97,D,S,1348918,True,False,False,0000950142-26-001900,https://www.sec.gov/Archives/edgar/data/47111/000095014226001900/0000950142-26-001900.txt
HERSHEY TRUST CO TRUSTEE IN TRUST FOR MILTON HERSHEY SCHOOL,,2026-06-26,2026-06-29,2799,179.1581,501463.52,D,S,1346119,True,False,False,0000950142-26-001900,https://www.sec.gov/Archives/edgar/data/47111/000095014226001900/0000950142-26-001900.txt
HERSHEY TRUST CO TRUSTEE IN TRUST FOR MILTON HERSHEY SCHOOL,,2026-06-25,2026-06-29,2991,176.7479,528652.97,D,S,1363128,True,False,False,0000950142-26-001900,https://www.sec.gov/Archives/edgar/data/47111/000095014226001900/0000950142-26-001900.txt
HERSHEY TRUST CO TRUSTEE IN TRUST FOR MILTON HERSHEY SCHOOL,,2026-06-25,2026-06-29,4614,177.5388,819164.02,D,S,1358514,True,False,False,0000950142-26-001900,https://www.sec.gov/Archives/edgar/data/47111/000095014226001900/0000950142-26-001900.txt
HERSHEY TRUST CO TRUSTEE IN TRUST FOR MILTON HERSHEY SCHOOL,,2026-06-25,2026-06-29,897,178.2875,159923.89,D,S,1357617,True,False,False,0000950142-26-001900,https://www.sec.gov/Archives/edgar/data/47111/000095014226001900/0000950142-26-001900.txt
HERSHEY TRUST CO TRUSTEE IN TRUST FOR MILTON HERSHEY SCHOOL,,2026-06-25,2026-06-29,635,179.2802,113842.93,D,S,1356982,True,False,False,0000950142-26-001900,https://www.sec.gov/Archives/edgar/data/47111/000095014226001900/0000950142-26-001900.txt
HERSHEY TRUST CO TRUSTEE IN TRUST FOR MILTON HERSHEY SCHOOL,,2026-06-25,2026-06-29,259,180.6373,46785.06,D,S,1356723,True,False,False,0000950142-26-001900,https://www.sec.gov/Archives/edgar/data/47111/000095014226001900/0000950142-26-001900.txt
HERSHEY TRUST CO TRUSTEE IN TRUST FOR MILTON HERSHEY SCHOOL,,2026-06-25,2026-06-29,604,181.3069,109509.37,D,S,1356119,True,False,False,0000950142-26-001900,https://www.sec.gov/Archives/edgar/data/47111/000095014226001900/0000950142-26-001900.txt
HERSHEY TRUST CO TRUSTEE IN TRUST FOR MILTON HERSHEY SCHOOL,,2026-06-24,2026-06-24,644,180.6527,116340.34,D,S,1375475,True,False,False,0000950142-26-001868,https://www.sec.gov/Archives/edgar/data/47111/000095014226001868/0000950142-26-001868.txt
HERSHEY TRUST CO TRUSTEE IN TRUST FOR MILTON HERSHEY SCHOOL,,2026-06-24,2026-06-24,2973,181.5494,539746.37,D,S,1372502,True,False,False,0000950142-26-001868,https://www.sec.gov/Archives/edgar/data/47111/000095014226001868/0000950142-26-001868.txt
HERSHEY TRUST CO TRUSTEE IN TRUST FOR MILTON HERSHEY SCHOOL,,2026-06-24,2026-06-24,2134,182.549,389559.57,D,S,1370368,True,False,False,0000950142-26-001868,https://www.sec.gov/Archives/edgar/data/47111/000095014226001868/0000950142-26-001868.txt
HERSHEY TRUST CO TRUSTEE IN TRUST FOR MILTON HERSHEY SCHOOL,,2026-06-24,2026-06-24,4249,183.1376,778151.66,D,S,1366119,True,False,False,0000950142-26-001868,https://www.sec.gov/Archives/edgar/data/47111/000095014226001868/0000950142-26-001868.txt
HERSHEY TRUST CO TRUSTEE IN TRUST FOR MILTON HERSHEY SCHOOL,,2026-06-23,2026-06-24,200,173.87,34774.0,D,S,1385919,True,False,False,0000950142-26-001868,https://www.sec.gov/Archives/edgar/data/47111/000095014226001868/0000950142-26-001868.txt
HERSHEY TRUST CO TRUSTEE IN TRUST FOR MILTON HERSHEY SCHOOL,,2026-06-23,2026-06-24,1500,174.4607,261691.05,D,S,1384419,True,False,False,0000950142-26-001868,https://www.sec.gov/Archives/edgar/data/47111/000095014226001868/0000950142-26-001868.txt
HERSHEY TRUST CO TRUSTEE IN TRUST FOR MILTON HERSHEY SCHOOL,,2026-06-23,2026-06-24,2500,175.5911,438977.75,D,S,1381919,True,False,False,0000950142-26-001868,https://www.sec.gov/Archives/edgar/data/47111/000095014226001868/0000950142-26-001868.txt
HERSHEY TRUST CO TRUSTEE IN TRUST FOR MILTON HERSHEY SCHOOL,,2026-06-23,2026-06-24,200,176.415,35283.0,D,S,1381719,True,False,False,0000950142-26-001868,https://www.sec.gov/Archives/edgar/data/47111/000095014226001868/0000950142-26-001868.txt
HERSHEY TRUST CO TRUSTEE IN TRUST FOR MILTON HERSHEY SCHOOL,,2026-06-23,2026-06-24,300,177.7694,53330.82,D,S,1381419,True,False,False,0000950142-26-001868,https://www.sec.gov/Archives/edgar/data/47111/000095014226001868/0000950142-26-001868.txt
HERSHEY TRUST CO TRUSTEE IN TRUST FOR MILTON HERSHEY SCHOOL,,2026-06-23,2026-06-24,3611,178.2694,643730.8,D,S,1377808,True,False,False,0000950142-26-001868,https://www.sec.gov/Archives/edgar/data/47111/000095014226001868/0000950142-26-001868.txt
HERSHEY TRUST CO TRUSTEE IN TRUST FOR MILTON HERSHEY SCHOOL,,2026-06-23,2026-06-24,1689,179.27,302787.03,D,S,1376119,True,False,False,0000950142-26-001868,https://www.sec.gov/Archives/edgar/data/47111/000095014226001868/0000950142-26-001868.txt
HERSHEY TRUST CO TRUSTEE IN TRUST FOR MILTON HERSHEY SCHOOL,,2026-06-22,2026-06-24,58,167.9612,9741.75,D,S,1396061,True,False,False,0000950142-26-001868,https://www.sec.gov/Archives/edgar/data/47111/000095014226001868/0000950142-26-001868.txt
HERSHEY TRUST CO TRUSTEE IN TRUST FOR MILTON HERSHEY SCHOOL,,2026-06-22,2026-06-24,734,168.6289,123773.61,D,S,1395327,True,False,False,0000950142-26-001868,https://www.sec.gov/Archives/edgar/data/47111/000095014226001868/0000950142-26-001868.txt
HERSHEY TRUST CO TRUSTEE IN TRUST FOR MILTON HERSHEY SCHOOL,,2026-06-22,2026-06-24,515,169.4428,87263.04,D,S,1394812,True,False,False,0000950142-26-001868,https://www.sec.gov/Archives/edgar/data/47111/000095014226001868/0000950142-26-001868.txt
HERSHEY TRUST CO TRUSTEE IN TRUST FOR MILTON HERSHEY SCHOOL,,2026-06-22,2026-06-24,5240,170.7598,894781.35,D,S,1389572,True,False,False,0000950142-26-001868,https://www.sec.gov/Archives/edgar/data/47111/000095014226001868/0000950142-26-001868.txt
HERSHEY TRUST CO TRUSTEE IN TRUST FOR MILTON HERSHEY SCHOOL,,2026-06-22,2026-06-24,1450,171.4983,248672.54,D,S,1388122,True,False,False,0000950142-26-001868,https://www.sec.gov/Archives/edgar/data/47111/000095014226001868/0000950142-26-001868.txt
HERSHEY TRUST CO TRUSTEE IN TRUST FOR MILTON HERSHEY SCHOOL,,2026-06-22,2026-06-24,1275,172.3456,219740.64,D,S,1386847,True,False,False,0000950142-26-001868,https://www.sec.gov/Archives/edgar/data/47111/000095014226001868/0000950142-26-001868.txt
HERSHEY TRUST CO TRUSTEE IN TRUST FOR MILTON HERSHEY SCHOOL,,2026-06-22,2026-06-24,728,173.2904,126155.41,D,S,1386119,True,False,False,0000950142-26-001868,https://www.sec.gov/Archives/edgar/data/47111/000095014226001868/0000950142-26-001868.txt
Voskuil Steven E,"SVP, Chief Financial Officer",2026-06-18,2026-06-22,1500,173.43,260145.0,D,S,54695,False,False,True,0000047111-26-000190,https://www.sec.gov/Archives/edgar/data/47111/000004711126000190/0000047111-26-000190.txt
HERSHEY TRUST CO TRUSTEE IN TRUST FOR MILTON HERSHEY SCHOOL,,2026-06-18,2026-06-22,2838,171.6613,487174.77,D,S,1403281,True,False,False,0000950142-26-001840,https://www.sec.gov/Archives/edgar/data/47111/000095014226001840/0000950142-26-001840.txt
HERSHEY TRUST CO TRUSTEE IN TRUST FOR MILTON HERSHEY SCHOOL,,2026-06-18,2026-06-22,5611,172.4748,967756.1,D,S,1397670,True,False,False,0000950142-26-001840,https://www.sec.gov/Archives/edgar/data/47111/000095014226001840/0000950142-26-001840.txt
HERSHEY TRUST CO TRUSTEE IN TRUST FOR MILTON HERSHEY SCHOOL,,2026-06-18,2026-06-22,1220,173.3323,211465.41,D,S,1396450,True,False,False,0000950142-26-001840,https://www.sec.gov/Archives/edgar/data/47111/000095014226001840/0000950142-26-001840.txt
HERSHEY TRUST CO TRUSTEE IN TRUST FOR MILTON HERSHEY SCHOOL,,2026-06-18,2026-06-22,331,174.2163,57665.6,D,S,1396119,True,False,False,0000950142-26-001840,https://www.sec.gov/Archives/edgar/data/47111/000095014226001840/0000950142-26-001840.txt
HERSHEY TRUST CO TRUSTEE IN TRUST FOR MILTON HERSHEY SCHOOL,,2026-06-17,2026-06-17,492,172.7462,84991.13,D,S,1415627,True,False,False,0000950142-26-001818,https://www.sec.gov/Archives/edgar/data/47111/000095014226001818/0000950142-26-001818.txt
HERSHEY TRUST CO TRUSTEE IN TRUST FOR MILTON HERSHEY SCHOOL,,2026-06-17,2026-06-17,574,173.505,99591.87,D,S,1415053,True,False,False,0000950142-26-001818,https://www.sec.gov/Archives/edgar/data/47111/000095014226001818/0000950142-26-001818.txt
HERSHEY TRUST CO TRUSTEE IN TRUST FOR MILTON HERSHEY SCHOOL,,2026-06-17,2026-06-17,842,174.7071,147103.38,D,S,1414211,True,False,False,0000950142-26-001818,https://www.sec.gov/Archives/edgar/data/47111/000095014226001818/0000950142-26-001818.txt
HERSHEY TRUST CO TRUSTEE IN TRUST FOR MILTON HERSHEY SCHOOL,,2026-06-17,2026-06-17,3306,175.43,579971.58,D,S,1410905,True,False,False,0000950142-26-001818,https://www.sec.gov/Archives/edgar/data/47111/000095014226001818/0000950142-26-001818.txt
HERSHEY TRUST CO TRUSTEE IN TRUST FOR MILTON HERSHEY SCHOOL,,2026-06-17,2026-06-17,818,176.323,144232.21,D,S,1410087,True,False,False,0000950142-26-001818,https://www.sec.gov/Archives/edgar/data/47111/000095014226001818/0000950142-26-001818.txt
HERSHEY TRUST CO TRUSTEE IN TRUST FOR MILTON HERSHEY SCHOOL,,2026-06-17,2026-06-17,316,177.5622,56109.66,D,S,1409771,True,False,False,0000950142-26-001818,https://www.sec.gov/Archives/edgar/data/47111/000095014226001818/0000950142-26-001818.txt
HERSHEY TRUST CO TRUSTEE IN TRUST FOR MILTON HERSHEY SCHOOL,,2026-06-17,2026-06-17,340,178.5967,60722.88,D,S,1409431,True,False,False,0000950142-26-001818,https://www.sec.gov/Archives/edgar/data/47111/000095014226001818/0000950142-26-001818.txt
HERSHEY TRUST CO TRUSTEE IN TRUST FOR MILTON HERSHEY SCHOOL,,2026-06-17,2026-06-17,574,179.7487,103175.75,D,S,1408857,True,False,False,0000950142-26-001818,https://www.sec.gov/Archives/edgar/data/47111/000095014226001818/0000950142-26-001818.txt
HERSHEY TRUST CO TRUSTEE IN TRUST FOR MILTON HERSHEY SCHOOL,,2026-06-17,2026-06-17,889,180.3407,160322.88,D,S,1407968,True,False,False,0000950142-26-001818,https://www.sec.gov/Archives/edgar/data/47111/000095014226001818/0000950142-26-001818.txt
HERSHEY TRUST CO TRUSTEE IN TRUST FOR MILTON HERSHEY SCHOOL,,2026-06-17,2026-06-17,1099,181.4119,199371.68,D,S,1406869,True,False,False,0000950142-26-001818,https://www.sec.gov/Archives/edgar/data/47111/000095014226001818/0000950142-26-001818.txt
HERSHEY TRUST CO TRUSTEE IN TRUST FOR MILTON HERSHEY SCHOOL,,2026-06-17,2026-06-17,650,182.2693,118475.04,D,S,1406219,True,False,False,0000950142-26-001818,https://www.sec.gov/Archives/edgar/data/47111/000095014226001818/0000950142-26-001818.txt
HERSHEY TRUST CO TRUSTEE IN TRUST FOR MILTON HERSHEY SCHOOL,,2026-06-17,2026-06-17,100,183.0372,18303.72,D,S,1406119,True,False,False,0000950142-26-001818,https://www.sec.gov/Archives/edgar/data/47111/000095014226001818/0000950142-26-001818.txt
HERSHEY TRUST CO TRUSTEE IN TRUST FOR MILTON HERSHEY SCHOOL,,2026-06-16,2026-06-17,2052,181.7531,372957.36,D,S,1424067,True,False,False,0000950142-26-001818,https://www.sec.gov/Archives/edgar/data/47111/000095014226001818/0000950142-26-001818.txt
HERSHEY TRUST CO TRUSTEE IN TRUST FOR MILTON HERSHEY SCHOOL,,2026-06-16,2026-06-17,6950,182.4763,1268210.29,D,S,1417117,True,False,False,0000950142-26-001818,https://www.sec.gov/Archives/edgar/data/47111/000095014226001818/0000950142-26-001818.txt
HERSHEY TRUST CO TRUSTEE IN TRUST FOR MILTON HERSHEY SCHOOL,,2026-06-16,2026-06-17,992,183.427,181959.58,D,S,1416125,True,False,False,0000950142-26-001818,https://www.sec.gov/Archives/edgar/data/47111/000095014226001818/0000950142-26-001818.txt
HERSHEY TRUST CO TRUSTEE IN TRUST FOR MILTON HERSHEY SCHOOL,,2026-06-16,2026-06-17,6,184.1294,1104.78,D,S,1416119,True,False,False,0000950142-26-001818,https://www.sec.gov/Archives/edgar/data/47111/000095014226001818/0000950142-26-001818.txt
Nalebuff Barry James,,2026-06-15,2026-06-17,144,181.11,26079.84,A,A,1745,False,True,False,0000047111-26-000188,https://www.sec.gov/Archives/edgar/data/47111/000004711126000188/0000047111-26-000188.txt
HERSHEY TRUST CO TRUSTEE IN TRUST FOR MILTON HERSHEY SCHOOL,,2026-06-15,2026-06-17,715,178.405,127559.57,D,S,1435404,True,False,False,0000950142-26-001818,https://www.sec.gov/Archives/edgar/data/47111/000095014226001818/0000950142-26-001818.txt
HERSHEY TRUST CO TRUSTEE IN TRUST FOR MILTON HERSHEY SCHOOL,,2026-06-15,2026-06-17,1521,179.414,272888.69,D,S,1433883,True,False,False,0000950142-26-001818,https://www.sec.gov/Archives/edgar/data/47111/000095014226001818/0000950142-26-001818.txt
HERSHEY TRUST CO TRUSTEE IN TRUST FOR MILTON HERSHEY SCHOOL,,2026-06-15,2026-06-17,3015,180.6695,544718.54,D,S,1430868,True,False,False,0000950142-26-001818,https://www.sec.gov/Archives/edgar/data/47111/000095014226001818/0000950142-26-001818.txt
HERSHEY TRUST CO TRUSTEE IN TRUST FOR MILTON HERSHEY SCHOOL,,2026-06-15,2026-06-17,4749,181.2684,860843.63,D,S,1426119,True,False,False,0000950142-26-001818,https://www.sec.gov/Archives/edgar/data/47111/000095014226001818/0000950142-26-001818.txt
Curoe Timothy William,,2026-06-15,2026-06-17,166,181.11,30064.26,A,A,1767,False,True,False,0000047111-26-000186,https://www.sec.gov/Archives/edgar/data/47111/000004711126000186/0000047111-26-000186.txt
Brandt Christopher W,,2026-06-15,2026-06-17,72,181.11,13039.92,A,A,973,False,True,False,0000047111-26-000184,https://www.sec.gov/Archives/edgar/data/47111/000004711126000184/0000047111-26-000184.txt
HERSHEY TRUST CO TRUSTEE IN TRUST FOR MILTON HERSHEY SCHOOL,,2026-06-12,2026-06-15,3778,181.6506,686275.97,D,S,1442341,True,False,False,0000950142-26-001780,https://www.sec.gov/Archives/edgar/data/47111/000095014226001780/0000950142-26-001780.txt
HERSHEY TRUST CO TRUSTEE IN TRUST FOR MILTON HERSHEY SCHOOL,,2026-06-12,2026-06-15,4833,182.4841,881945.66,D,S,1437508,True,False,False,0000950142-26-001780,https://www.sec.gov/Archives/edgar/data/47111/000095014226001780/0000950142-26-001780.txt
HERSHEY TRUST CO TRUSTEE IN TRUST FOR MILTON HERSHEY SCHOOL,,2026-06-12,2026-06-15,1389,183.2763,254570.78,D,S,1436119,True,False,False,0000950142-26-001780,https://www.sec.gov/Archives/edgar/data/47111/000095014226001780/0000950142-26-001780.txt
HERSHEY TRUST CO TRUSTEE IN TRUST FOR MILTON HERSHEY SCHOOL,,2026-06-11,2026-06-15,397,176.5588,70093.84,D,S,1455722,True,False,False,0000950142-26-001780,https://www.sec.gov/Archives/edgar/data/47111/000095014226001780/0000950142-26-001780.txt
HERSHEY TRUST CO TRUSTEE IN TRUST FOR MILTON HERSHEY SCHOOL,,2026-06-11,2026-06-15,377,177.4921,66914.52,D,S,1455345,True,False,False,0000950142-26-001780,https://www.sec.gov/Archives/edgar/data/47111/000095014226001780/0000950142-26-001780.txt
HERSHEY TRUST CO TRUSTEE IN TRUST FOR MILTON HERSHEY SCHOOL,,2026-06-11,2026-06-15,293,178.5288,52308.94,D,S,1455052,True,False,False,0000950142-26-001780,https://www.sec.gov/Archives/edgar/data/47111/000095014226001780/0000950142-26-001780.txt
HERSHEY TRUST CO TRUSTEE IN TRUST FOR MILTON HERSHEY SCHOOL,,2026-06-11,2026-06-15,592,179.7959,106439.17,D,S,1454460,True,False,False,0000950142-26-001780,https://www.sec.gov/Archives/edgar/data/47111/000095014226001780/0000950142-26-001780.txt
HERSHEY TRUST CO TRUSTEE IN TRUST FOR MILTON HERSHEY SCHOOL,,2026-06-11,2026-06-15,5965,180.6594,1077633.32,D,S,1448495,True,False,False,0000950142-26-001780,https://www.sec.gov/Archives/edgar/data/47111/000095014226001780/0000950142-26-001780.txt
HERSHEY TRUST CO TRUSTEE IN TRUST FOR MILTON HERSHEY SCHOOL,,2026-06-11,2026-06-15,2376,181.2157,430568.5,D,S,1446119,True,False,False,0000950142-26-001780,https://www.sec.gov/Archives/edgar/data/47111/000095014226001780/0000950142-26-001780.txt
HERSHEY TRUST CO TRUSTEE IN TRUST FOR MILTON HERSHEY SCHOOL,,2026-06-10,2026-06-10,21,173.9945,3653.88,D,S,1466098,True,False,False,0000950142-26-001725,https://www.sec.gov/Archives/edgar/data/47111/000095014226001725/0000950142-26-001725.txt
HERSHEY TRUST CO TRUSTEE IN TRUST FOR MILTON HERSHEY SCHOOL,,2026-06-10,2026-06-10,695,174.5808,121333.66,D,S,1465403,True,False,False,0000950142-26-001725,https://www.sec.gov/Archives/edgar/data/47111/000095014226001725/0000950142-26-001725.txt
HERSHEY TRUST CO TRUSTEE IN TRUST FOR MILTON HERSHEY SCHOOL,,2026-06-10,2026-06-10,2275,175.6726,399655.16,D,S,1463128,True,False,False,0000950142-26-001725,https://www.sec.gov/Archives/edgar/data/47111/000095014226001725/0000950142-26-001725.txt
HERSHEY TRUST CO TRUSTEE IN TRUST FOR MILTON HERSHEY SCHOOL,,2026-06-10,2026-06-10,4588,176.5803,810150.42,D,S,1458540,True,False,False,0000950142-26-001725,https://www.sec.gov/Archives/edgar/data/47111/000095014226001725/0000950142-26-001725.txt
HERSHEY TRUST CO TRUSTEE IN TRUST FOR MILTON HERSHEY SCHOOL,,2026-06-10,2026-06-10,2421,177.3671,429405.75,D,S,1456119,True,False,False,0000950142-26-001725,https://www.sec.gov/Archives/edgar/data/47111/000095014226001725/0000950142-26-001725.txt
HERSHEY TRUST CO TRUSTEE IN TRUST FOR MILTON HERSHEY SCHOOL,,2026-06-09,2026-06-10,2705,174.655,472441.78,D,S,1473414,True,False,False,0000950142-26-001725,https://www.sec.gov/Archives/edgar/data/47111/000095014226001725/0000950142-26-001725.txt
HERSHEY TRUST CO TRUSTEE IN TRUST FOR MILTON HERSHEY SCHOOL,,2026-06-09,2026-06-10,5654,175.5965,992822.61,D,S,1467760,True,False,False,0000950142-26-001725,https://www.sec.gov/Archives/edgar/data/47111/000095014226001725/0000950142-26-001725.txt
HERSHEY TRUST CO TRUSTEE IN TRUST FOR MILTON HERSHEY SCHOOL,,2026-06-09,2026-06-10,1568,176.3537,276522.6,D,S,1466192,True,False,False,0000950142-26-001725,https://www.sec.gov/Archives/edgar/data/47111/000095014226001725/0000950142-26-001725.txt
HERSHEY TRUST CO TRUSTEE IN TRUST FOR MILTON HERSHEY SCHOOL,,2026-06-09,2026-06-10,73,177.1018,12928.43,D,S,1466119,True,False,False,0000950142-26-001725,https://www.sec.gov/Archives/edgar/data/47111/000095014226001725/0000950142-26-001725.txt
HERSHEY TRUST CO TRUSTEE IN TRUST FOR MILTON HERSHEY SCHOOL,,2026-06-08,2026-06-10,3740,175.8701,657754.17,D,S,1482379,True,False,False,0000950142-26-001725,https://www.sec.gov/Archives/edgar/data/47111/000095014226001725/0000950142-26-001725.txt
HERSHEY TRUST CO TRUSTEE IN TRUST FOR MILTON HERSHEY SCHOOL,,2026-06-08,2026-06-10,2585,176.3651,455903.78,D,S,1479794,True,False,False,0000950142-26-001725,https://www.sec.gov/Archives/edgar/data/47111/000095014226001725/0000950142-26-001725.txt
HERSHEY TRUST CO TRUSTEE IN TRUST FOR MILTON HERSHEY SCHOOL,,2026-06-08,2026-06-10,1418,177.4607,251639.27,D,S,1478376,True,False,False,0000950142-26-001725,https://www.sec.gov/Archives/edgar/data/47111/000095014226001725/0000950142-26-001725.txt
HERSHEY TRUST CO TRUSTEE IN TRUST FOR MILTON HERSHEY SCHOOL,,2026-06-08,2026-06-10,963,178.5396,171933.63,D,S,1477413,True,False,False,0000950142-26-001725,https://www.sec.gov/Archives/edgar/data/47111/000095014226001725/0000950142-26-001725.txt
HERSHEY TRUST CO TRUSTEE IN TRUST FOR MILTON HERSHEY SCHOOL,,2026-06-08,2026-06-10,693,179.4459,124356.01,D,S,1476720,True,False,False,0000950142-26-001725,https://www.sec.gov/Archives/edgar/data/47111/000095014226001725/0000950142-26-001725.txt
HERSHEY TRUST CO TRUSTEE IN TRUST FOR MILTON HERSHEY SCHOOL,,2026-06-08,2026-06-10,434,180.4552,78317.56,D,S,1476286,True,False,False,0000950142-26-001725,https://www.sec.gov/Archives/edgar/data/47111/000095014226001725/0000950142-26-001725.txt
HERSHEY TRUST CO TRUSTEE IN TRUST FOR MILTON HERSHEY SCHOOL,,2026-06-08,2026-06-10,47,181.5112,8531.03,D,S,1476239,True,False,False,0000950142-26-001725,https://www.sec.gov/Archives/edgar/data/47111/000095014226001725/0000950142-26-001725.txt
HERSHEY TRUST CO TRUSTEE IN TRUST FOR MILTON HERSHEY SCHOOL,,2026-06-08,2026-06-10,36,182.2151,6559.74,D,S,1476203,True,False,False,0000950142-26-001725,https://www.sec.gov/Archives/edgar/data/47111/000095014226001725/0000950142-26-001725.txt
HERSHEY TRUST CO TRUSTEE IN TRUST FOR MILTON HERSHEY SCHOOL,,2026-06-08,2026-06-10,84,183.39,15404.76,D,S,1476119,True,False,False,0000950142-26-001725,https://www.sec.gov/Archives/edgar/data/47111/000095014226001725/0000950142-26-001725.txt
HERSHEY TRUST CO TRUSTEE IN TRUST FOR MILTON HERSHEY SCHOOL,,2026-06-05,2026-06-08,242,183.7699,44472.32,D,S,1495877,True,False,False,0000950142-26-001664,https://www.sec.gov/Archives/edgar/data/47111/000095014226001664/0000950142-26-001664.txt
HERSHEY TRUST CO TRUSTEE IN TRUST FOR MILTON HERSHEY SCHOOL,,2026-06-05,2026-06-08,5055,184.5232,932764.78,D,S,1490822,True,False,False,0000950142-26-001664,https://www.sec.gov/Archives/edgar/data/47111/000095014226001664/0000950142-26-001664.txt
HERSHEY TRUST CO TRUSTEE IN TRUST FOR MILTON HERSHEY SCHOOL,,2026-06-05,2026-06-08,2982,185.4145,552906.04,D,S,1487840,True,False,False,0000950142-26-001664,https://www.sec.gov/Archives/edgar/data/47111/000095014226001664/0000950142-26-001664.txt
HERSHEY TRUST CO TRUSTEE IN TRUST FOR MILTON HERSHEY SCHOOL,,2026-06-05,2026-06-08,1240,186.3233,231040.89,D,S,1486600,True,False,False,0000950142-26-001664,https://www.sec.gov/Archives/edgar/data/47111/000095014226001664/0000950142-26-001664.txt
HERSHEY TRUST CO TRUSTEE IN TRUST FOR MILTON HERSHEY SCHOOL,,2026-06-05,2026-06-08,481,187.2494,90066.96,D,S,1486119,True,False,False,0000950142-26-001664,https://www.sec.gov/Archives/edgar/data/47111/000095014226001664/0000950142-26-001664.txt
HERSHEY TRUST CO TRUSTEE IN TRUST FOR MILTON HERSHEY SCHOOL,,2026-06-04,2026-06-08,2309,180.7063,417250.85,D,S,1503810,True,False,False,0000950142-26-001664,https://www.sec.gov/Archives/edgar/data/47111/000095014226001664/0000950142-26-001664.txt
HERSHEY TRUST CO TRUSTEE IN TRUST FOR MILTON HERSHEY SCHOOL,,2026-06-04,2026-06-08,1458,181.4861,264606.73,D,S,1502352,True,False,False,0000950142-26-001664,https://www.sec.gov/Archives/edgar/data/47111/000095014226001664/0000950142-26-001664.txt
HERSHEY TRUST CO TRUSTEE IN TRUST FOR MILTON HERSHEY SCHOOL,,2026-06-04,2026-06-08,3527,182.6368,644159.99,D,S,1498825,True,False,False,0000950142-26-001664,https://www.sec.gov/Archives/edgar/data/47111/000095014226001664/0000950142-26-001664.txt
HERSHEY TRUST CO TRUSTEE IN TRUST FOR MILTON HERSHEY SCHOOL,,2026-06-04,2026-06-08,1774,183.449,325438.53,D,S,1497051,True,False,False,0000950142-26-001664,https://www.sec.gov/Archives/edgar/data/47111/000095014226001664/0000950142-26-001664.txt
HERSHEY TRUST CO TRUSTEE IN TRUST FOR MILTON HERSHEY SCHOOL,,2026-06-04,2026-06-08,821,184.4117,151402.01,D,S,1496230,True,False,False,0000950142-26-001664,https://www.sec.gov/Archives/edgar/data/47111/000095014226001664/0000950142-26-001664.txt
HERSHEY TRUST CO TRUSTEE IN TRUST FOR MILTON HERSHEY SCHOOL,,2026-06-04,2026-06-08,111,185.7005,20612.76,D,S,1496119,True,False,False,0000950142-26-001664,https://www.sec.gov/Archives/edgar/data/47111/000095014226001664/0000950142-26-001664.txt
HERSHEY TRUST CO TRUSTEE IN TRUST FOR MILTON HERSHEY SCHOOL,,2026-06-03,2026-06-03,2521,182.6327,460417.04,D,S,1513598,True,False,False,0000950142-26-001606,https://www.sec.gov/Archives/edgar/data/47111/000095014226001606/0000950142-26-001606.txt
HERSHEY TRUST CO TRUSTEE IN TRUST FOR MILTON HERSHEY SCHOOL,,2026-06-03,2026-06-03,2579,183.2534,472610.52,D,S,1511019,True,False,False,0000950142-26-001606,https://www.sec.gov/Archives/edgar/data/47111/000095014226001606/0000950142-26-001606.txt
HERSHEY TRUST CO TRUSTEE IN TRUST FOR MILTON HERSHEY SCHOOL,,2026-06-03,2026-06-03,500,184.498,92249.0,D,S,1510519,True,False,False,0000950142-26-001606,https://www.sec.gov/Archives/edgar/data/47111/000095014226001606/0000950142-26-001606.txt
HERSHEY TRUST CO TRUSTEE IN TRUST FOR MILTON HERSHEY SCHOOL,,2026-06-03,2026-06-03,700,185.5714,129899.98,D,S,1509819,True,False,False,0000950142-26-001606,https://www.sec.gov/Archives/edgar/data/47111/000095014226001606/0000950142-26-001606.txt
HERSHEY TRUST CO TRUSTEE IN TRUST FOR MILTON HERSHEY SCHOOL,,2026-06-03,2026-06-03,1700,186.4912,317035.04,D,S,1508119,True,False,False,0000950142-26-001606,https://www.sec.gov/Archives/edgar/data/47111/000095014226001606/0000950142-26-001606.txt
HERSHEY TRUST CO TRUSTEE IN TRUST FOR MILTON HERSHEY SCHOOL,,2026-06-03,2026-06-03,2000,187.5443,375088.6,D,S,1506119,True,False,False,0000950142-26-001606,https://www.sec.gov/Archives/edgar/data/47111/000095014226001606/0000950142-26-001606.txt
HERSHEY TRUST CO TRUSTEE IN TRUST FOR MILTON HERSHEY SCHOOL,,2026-06-02,2026-06-03,241,182.8055,44056.13,D,S,1525878,True,False,False,0000950142-26-001606,https://www.sec.gov/Archives/edgar/data/47111/000095014226001606/0000950142-26-001606.txt
HERSHEY TRUST CO TRUSTEE IN TRUST FOR MILTON HERSHEY SCHOOL,,2026-06-02,2026-06-03,1984,183.5834,364229.47,D,S,1523894,True,False,False,0000950142-26-001606,https://www.sec.gov/Archives/edgar/data/47111/000095014226001606/0000950142-26-001606.txt
HERSHEY TRUST CO TRUSTEE IN TRUST FOR MILTON HERSHEY SCHOOL,,2026-06-02,2026-06-03,7302,184.3797,1346340.57,D,S,1516592,True,False,False,0000950142-26-001606,https://www.sec.gov/Archives/edgar/data/47111/000095014226001606/0000950142-26-001606.txt
HERSHEY TRUST CO TRUSTEE IN TRUST FOR MILTON HERSHEY SCHOOL,,2026-06-02,2026-06-03,152,185.2118,28152.19,D,S,1516440,True,False,False,0000950142-26-001606,https://www.sec.gov/Archives/edgar/data/47111/000095014226001606/0000950142-26-001606.txt
HERSHEY TRUST CO TRUSTEE IN TRUST FOR MILTON HERSHEY SCHOOL,,2026-06-02,2026-06-03,321,186.5555,59884.32,D,S,1516119,True,False,False,0000950142-26-001606,https://www.sec.gov/Archives/edgar/data/47111/000095014226001606/0000950142-26-001606.txt
HERSHEY TRUST CO TRUSTEE IN TRUST FOR MILTON HERSHEY SCHOOL,,2026-06-01,2026-06-03,106,183.8582,19488.97,D,S,1536013,True,False,False,0000950142-26-001606,https://www.sec.gov/Archives/edgar/data/47111/000095014226001606/0000950142-26-001606.txt
HERSHEY TRUST CO TRUSTEE IN TRUST FOR MILTON HERSHEY SCHOOL,,2026-06-01,2026-06-03,1317,184.7486,243313.91,D,S,1534696,True,False,False,0000950142-26-001606,https://www.sec.gov/Archives/edgar/data/47111/000095014226001606/0000950142-26-001606.txt
HERSHEY TRUST CO TRUSTEE IN TRUST FOR MILTON HERSHEY SCHOOL,,2026-06-01,2026-06-03,5983,185.4657,1109641.28,D,S,1528713,True,False,False,0000950142-26-001606,https://www.sec.gov/Archives/edgar/data/47111/000095014226001606/0000950142-26-001606.txt
HERSHEY TRUST CO TRUSTEE IN TRUST FOR MILTON HERSHEY SCHOOL,,2026-06-01,2026-06-03,657,186.1982,122332.22,D,S,1528056,True,False,False,0000950142-26-001606,https://www.sec.gov/Archives/edgar/data/47111/000095014226001606/0000950142-26-001606.txt
HERSHEY TRUST CO TRUSTEE IN TRUST FOR MILTON HERSHEY SCHOOL,,2026-06-01,2026-06-03,386,187.5756,72404.18,D,S,1527670,True,False,False,0000950142-26-001606,https://www.sec.gov/Archives/edgar/data/47111/000095014226001606/0000950142-26-001606.txt
HERSHEY TRUST CO TRUSTEE IN TRUST FOR MILTON HERSHEY SCHOOL,,2026-06-01,2026-06-03,837,188.546,157813.0,D,S,1526833,True,False,False,0000950142-26-001606,https://www.sec.gov/Archives/edgar/data/47111/000095014226001606/0000950142-26-001606.txt
HERSHEY TRUST CO TRUSTEE IN TRUST FOR MILTON HERSHEY SCHOOL,,2026-06-01,2026-06-03,543,189.4448,102868.53,D,S,1526290,True,False,False,0000950142-26-001606,https://www.sec.gov/Archives/edgar/data/47111/000095014226001606/0000950142-26-001606.txt
HERSHEY TRUST CO TRUSTEE IN TRUST FOR MILTON HERSHEY SCHOOL,,2026-06-01,2026-06-03,51,190.268,9703.67,D,S,1526239,True,False,False,0000950142-26-001606,https://www.sec.gov/Archives/edgar/data/47111/000095014226001606/0000950142-26-001606.txt
HERSHEY TRUST CO TRUSTEE IN TRUST FOR MILTON HERSHEY SCHOOL,,2026-06-01,2026-06-03,17,191.54,3256.18,D,S,1526222,True,False,False,0000950142-26-001606,https://www.sec.gov/Archives/edgar/data/47111/000095014226001606/0000950142-26-001606.txt
HERSHEY TRUST CO TRUSTEE IN TRUST FOR MILTON HERSHEY SCHOOL,,2026-06-01,2026-06-03,103,192.3,19806.9,D,S,1526119,True,False,False,0000950142-26-001606,https://www.sec.gov/Archives/edgar/data/47111/000095014226001606/0000950142-26-001606.txt
HERSHEY TRUST CO TRUSTEE IN TRUST FOR MILTON HERSHEY SCHOOL,,2026-05-29,2026-06-01,1100,193.6625,213028.75,D,S,1545019,True,False,False,0000950142-26-001569,https://www.sec.gov/Archives/edgar/data/47111/000095014226001569/0000950142-26-001569.txt
HERSHEY TRUST CO TRUSTEE IN TRUST FOR MILTON HERSHEY SCHOOL,,2026-05-29,2026-06-01,7418,194.3231,1441488.76,D,S,1537601,True,False,False,0000950142-26-001569,https://www.sec.gov/Archives/edgar/data/47111/000095014226001569/0000950142-26-001569.txt
HERSHEY TRUST CO TRUSTEE IN TRUST FOR MILTON HERSHEY SCHOOL,,2026-05-29,2026-06-01,1482,195.4217,289614.96,D,S,1536119,True,False,False,0000950142-26-001569,https://www.sec.gov/Archives/edgar/data/47111/000095014226001569/0000950142-26-001569.txt
HERSHEY TRUST CO TRUSTEE IN TRUST FOR MILTON HERSHEY SCHOOL,,2026-05-28,2026-06-01,3962,196.6267,779034.99,D,S,1552157,True,False,False,0000950142-26-001569,https://www.sec.gov/Archives/edgar/data/47111/000095014226001569/0000950142-26-001569.txt
HERSHEY TRUST CO TRUSTEE IN TRUST FOR MILTON HERSHEY SCHOOL,,2026-05-28,2026-06-01,5611,197.3149,1107133.9,D,S,1546546,True,False,False,0000950142-26-001569,https://www.sec.gov/Archives/edgar/data/47111/000095014226001569/0000950142-26-001569.txt
HERSHEY TRUST CO TRUSTEE IN TRUST FOR MILTON HERSHEY SCHOOL,,2026-05-28,2026-06-01,427,198.1193,84596.94,D,S,1546119,True,False,False,0000950142-26-001569,https://www.sec.gov/Archives/edgar/data/47111/000095014226001569/0000950142-26-001569.txt
HERSHEY TRUST CO TRUSTEE IN TRUST FOR MILTON HERSHEY SCHOOL,,2026-05-27,2026-05-27,146,194.7874,28438.96,D,S,1565973,True,False,False,0000950142-26-001501,https://www.sec.gov/Archives/edgar/data/47111/000095014226001501/0000950142-26-001501.txt
HERSHEY TRUST CO TRUSTEE IN TRUST FOR MILTON HERSHEY SCHOOL,,2026-05-27,2026-05-27,334,195.403,65264.6,D,S,1565639,True,False,False,0000950142-26-001501,https://www.sec.gov/Archives/edgar/data/47111/000095014226001501/0000950142-26-001501.txt
HERSHEY TRUST CO TRUSTEE IN TRUST FOR MILTON HERSHEY SCHOOL,,2026-05-27,2026-05-27,262,196.5861,51505.56,D,S,1565377,True,False,False,0000950142-26-001501,https://www.sec.gov/Archives/edgar/data/47111/000095014226001501/0000950142-26-001501.txt
HERSHEY TRUST CO TRUSTEE IN TRUST FOR MILTON HERSHEY SCHOOL,,2026-05-27,2026-05-27,2558,197.7599,505869.82,D,S,1562819,True,False,False,0000950142-26-001501,https://www.sec.gov/Archives/edgar/data/47111/000095014226001501/0000950142-26-001501.txt
HERSHEY TRUST CO TRUSTEE IN TRUST FOR MILTON HERSHEY SCHOOL,,2026-05-27,2026-05-27,3700,198.7541,735390.17,D,S,1559119,True,False,False,0000950142-26-001501,https://www.sec.gov/Archives/edgar/data/47111/000095014226001501/0000950142-26-001501.txt
HERSHEY TRUST CO TRUSTEE IN TRUST FOR MILTON HERSHEY SCHOOL,,2026-05-27,2026-05-27,3000,199.2489,597746.7,D,S,1556119,True,False,False,0000950142-26-001501,https://www.sec.gov/Archives/edgar/data/47111/000095014226001501/0000950142-26-001501.txt
HERSHEY TRUST CO TRUSTEE IN TRUST FOR MILTON HERSHEY SCHOOL,,2026-05-26,2026-05-27,1774,190.7327,338359.81,D,S,1574345,True,False,False,0000950142-26-001501,https://www.sec.gov/Archives/edgar/data/47111/000095014226001501/0000950142-26-001501.txt
HERSHEY TRUST CO TRUSTEE IN TRUST FOR MILTON HERSHEY SCHOOL,,2026-05-26,2026-05-27,4542,191.1788,868334.11,D,S,1569803,True,False,False,0000950142-26-001501,https://www.sec.gov/Archives/edgar/data/47111/000095014226001501/0000950142-26-001501.txt
HERSHEY TRUST CO TRUSTEE IN TRUST FOR MILTON HERSHEY SCHOOL,,2026-05-26,2026-05-27,2484,192.4841,478130.5,D,S,1567319,True,False,False,0000950142-26-001501,https://www.sec.gov/Archives/edgar/data/47111/000095014226001501/0000950142-26-001501.txt
HERSHEY TRUST CO TRUSTEE IN TRUST FOR MILTON HERSHEY SCHOOL,,2026-05-26,2026-05-27,700,193.0586,135141.02,D,S,1566619,True,False,False,0000950142-26-001501,https://www.sec.gov/Archives/edgar/data/47111/000095014226001501/0000950142-26-001501.txt
HERSHEY TRUST CO TRUSTEE IN TRUST FOR MILTON HERSHEY SCHOOL,,2026-05-26,2026-05-27,400,194.6138,77845.52,D,S,1566219,True,False,False,0000950142-26-001501,https://www.sec.gov/Archives/edgar/data/47111/000095014226001501/0000950142-26-001501.txt
HERSHEY TRUST CO TRUSTEE IN TRUST FOR MILTON HERSHEY SCHOOL,,2026-05-26,2026-05-27,100,196.0,19600.0,D,S,1566119,True,False,False,0000950142-26-001501,https://www.sec.gov/Archives/edgar/data/47111/000095014226001501/0000950142-26-001501.txt
HERSHEY TRUST CO TRUSTEE IN TRUST FOR MILTON HERSHEY SCHOOL,,2026-05-22,2026-05-26,90,190.56,17150.4,D,S,1586029,True,False,False,0000950142-26-001479,https://www.sec.gov/Archives/edgar/data/47111/000095014226001479/0000950142-26-001479.txt
HERSHEY TRUST CO TRUSTEE IN TRUST FOR MILTON HERSHEY SCHOOL,,2026-05-22,2026-05-26,634,191.7162,121548.07,D,S,1585395,True,False,False,0000950142-26-001479,https://www.sec.gov/Archives/edgar/data/47111/000095014226001479/0000950142-26-001479.txt
HERSHEY TRUST CO TRUSTEE IN TRUST FOR MILTON HERSHEY SCHOOL,,2026-05-22,2026-05-26,1761,192.5147,339018.39,D,S,1583634,True,False,False,0000950142-26-001479,https://www.sec.gov/Archives/edgar/data/47111/000095014226001479/0000950142-26-001479.txt
HERSHEY TRUST CO TRUSTEE IN TRUST FOR MILTON HERSHEY SCHOOL,,2026-05-22,2026-05-26,1827,193.4087,353357.69,D,S,1581807,True,False,False,0000950142-26-001479,https://www.sec.gov/Archives/edgar/data/47111/000095014226001479/0000950142-26-001479.txt
HERSHEY TRUST CO TRUSTEE IN TRUST FOR MILTON HERSHEY SCHOOL,,2026-05-22,2026-05-26,5688,194.6022,1106897.31,D,S,1576119,True,False,False,0000950142-26-001479,https://www.sec.gov/Archives/edgar/data/47111/000095014226001479/0000950142-26-001479.txt
HERSHEY TRUST CO TRUSTEE IN TRUST FOR MILTON HERSHEY SCHOOL,,2026-05-21,2026-05-26,255,187.7006,47863.65,D,S,1595864,True,False,False,0000950142-26-001479,https://www.sec.gov/Archives/edgar/data/47111/000095014226001479/0000950142-26-001479.txt
HERSHEY TRUST CO TRUSTEE IN TRUST FOR MILTON HERSHEY SCHOOL,,2026-05-21,2026-05-26,284,188.3154,53481.57,D,S,1595580,True,False,False,0000950142-26-001479,https://www.sec.gov/Archives/edgar/data/47111/000095014226001479/0000950142-26-001479.txt
HERSHEY TRUST CO TRUSTEE IN TRUST FOR MILTON HERSHEY SCHOOL,,2026-05-21,2026-05-26,123,189.613,23322.4,D,S,1595457,True,False,False,0000950142-26-001479,https://www.sec.gov/Archives/edgar/data/47111/000095014226001479/0000950142-26-001479.txt
HERSHEY TRUST CO TRUSTEE IN TRUST FOR MILTON HERSHEY SCHOOL,,2026-05-21,2026-05-26,3324,190.5033,633232.97,D,S,1592133,True,False,False,0000950142-26-001479,https://www.sec.gov/Archives/edgar/data/47111/000095014226001479/0000950142-26-001479.txt
HERSHEY TRUST CO TRUSTEE IN TRUST FOR MILTON HERSHEY SCHOOL,,2026-05-21,2026-05-26,3717,191.5267,711904.74,D,S,1588416,True,False,False,0000950142-26-001479,https://www.sec.gov/Archives/edgar/data/47111/000095014226001479/0000950142-26-001479.txt
HERSHEY TRUST CO TRUSTEE IN TRUST FOR MILTON HERSHEY SCHOOL,,2026-05-21,2026-05-26,2297,192.2903,441690.82,D,S,1586119,True,False,False,0000950142-26-001479,https://www.sec.gov/Archives/edgar/data/47111/000095014226001479/0000950142-26-001479.txt
HERSHEY TRUST CO TRUSTEE IN TRUST FOR MILTON HERSHEY SCHOOL,,2026-05-20,2026-05-20,530,188.7258,100024.67,D,S,1605589,True,False,False,0000950142-26-001461,https://www.sec.gov/Archives/edgar/data/47111/000095014226001461/0000950142-26-001461.txt
HERSHEY TRUST CO TRUSTEE IN TRUST FOR MILTON HERSHEY SCHOOL,,2026-05-20,2026-05-20,889,189.6199,168572.09,D,S,1604700,True,False,False,0000950142-26-001461,https://www.sec.gov/Archives/edgar/data/47111/000095014226001461/0000950142-26-001461.txt
HERSHEY TRUST CO TRUSTEE IN TRUST FOR MILTON HERSHEY SCHOOL,,2026-05-20,2026-05-20,4935,190.7554,941377.9,D,S,1599765,True,False,False,0000950142-26-001461,https://www.sec.gov/Archives/edgar/data/47111/000095014226001461/0000950142-26-001461.txt
HERSHEY TRUST CO TRUSTEE IN TRUST FOR MILTON HERSHEY SCHOOL,,2026-05-20,2026-05-20,3556,191.268,680149.01,D,S,1596209,True,False,False,0000950142-26-001461,https://www.sec.gov/Archives/edgar/data/47111/000095014226001461/0000950142-26-001461.txt
HERSHEY TRUST CO TRUSTEE IN TRUST FOR MILTON HERSHEY SCHOOL,,2026-05-20,2026-05-20,90,192.12,17290.8,D,S,1596119,True,False,False,0000950142-26-001461,https://www.sec.gov/Archives/edgar/data/47111/000095014226001461/0000950142-26-001461.txt
HERSHEY TRUST CO TRUSTEE IN TRUST FOR MILTON HERSHEY SCHOOL,,2026-05-19,2026-05-20,171,190.6373,32598.98,D,S,1615948,True,False,False,0000950142-26-001461,https://www.sec.gov/Archives/edgar/data/47111/000095014226001461/0000950142-26-001461.txt
HERSHEY TRUST CO TRUSTEE IN TRUST FOR MILTON HERSHEY SCHOOL,,2026-05-19,2026-05-20,192,191.3772,36744.42,D,S,1615756,True,False,False,0000950142-26-001461,https://www.sec.gov/Archives/edgar/data/47111/000095014226001461/0000950142-26-001461.txt
HERSHEY TRUST CO TRUSTEE IN TRUST FOR MILTON HERSHEY SCHOOL,,2026-05-19,2026-05-20,3333,192.727,642359.09,D,S,1612423,True,False,False,0000950142-26-001461,https://www.sec.gov/Archives/edgar/data/47111/000095014226001461/0000950142-26-001461.txt
HERSHEY TRUST CO TRUSTEE IN TRUST FOR MILTON HERSHEY SCHOOL,,2026-05-19,2026-05-20,3647,193.4528,705522.36,D,S,1608776,True,False,False,0000950142-26-001461,https://www.sec.gov/Archives/edgar/data/47111/000095014226001461/0000950142-26-001461.txt
HERSHEY TRUST CO TRUSTEE IN TRUST FOR MILTON HERSHEY SCHOOL,,2026-05-19,2026-05-20,2189,194.5274,425820.48,D,S,1606587,True,False,False,0000950142-26-001461,https://www.sec.gov/Archives/edgar/data/47111/000095014226001461/0000950142-26-001461.txt
HERSHEY TRUST CO TRUSTEE IN TRUST FOR MILTON HERSHEY SCHOOL,,2026-05-19,2026-05-20,468,195.4458,91468.63,D,S,1606119,True,False,False,0000950142-26-001461,https://www.sec.gov/Archives/edgar/data/47111/000095014226001461/0000950142-26-001461.txt
Voskuil Steven E,"SVP, Chief Financial Officer",2026-05-18,2026-05-19,1500,186.25,279375.0,D,S,56195,True,False,True,0000047111-26-000181,https://www.sec.gov/Archives/edgar/data/47111/000004711126000181/0000047111-26-000181.txt
HERSHEY TRUST CO TRUSTEE IN TRUST FOR MILTON HERSHEY SCHOOL,,2026-05-18,2026-05-20,237,186.7361,44256.46,D,S,1625882,True,False,False,0000950142-26-001461,https://www.sec.gov/Archives/edgar/data/47111/000095014226001461/0000950142-26-001461.txt
HERSHEY TRUST CO TRUSTEE IN TRUST FOR MILTON HERSHEY SCHOOL,,2026-05-18,2026-05-20,257,187.3219,48141.73,D,S,1625625,True,False,False,0000950142-26-001461,https://www.sec.gov/Archives/edgar/data/47111/000095014226001461/0000950142-26-001461.txt
HERSHEY TRUST CO TRUSTEE IN TRUST FOR MILTON HERSHEY SCHOOL,,2026-05-18,2026-05-20,380,188.7119,71710.52,D,S,1625245,True,False,False,0000950142-26-001461,https://www.sec.gov/Archives/edgar/data/47111/000095014226001461/0000950142-26-001461.txt
HERSHEY TRUST CO TRUSTEE IN TRUST FOR MILTON HERSHEY SCHOOL,,2026-05-18,2026-05-20,2120,189.592,401935.04,D,S,1623125,True,False,False,0000950142-26-001461,https://www.sec.gov/Archives/edgar/data/47111/000095014226001461/0000950142-26-001461.txt
HERSHEY TRUST CO TRUSTEE IN TRUST FOR MILTON HERSHEY SCHOOL,,2026-05-18,2026-05-20,1502,190.3358,285884.37,D,S,1621623,True,False,False,0000950142-26-001461,https://www.sec.gov/Archives/edgar/data/47111/000095014226001461/0000950142-26-001461.txt
HERSHEY TRUST CO TRUSTEE IN TRUST FOR MILTON HERSHEY SCHOOL,,2026-05-18,2026-05-20,5504,191.4551,1053768.87,D,S,1616119,True,False,False,0000950142-26-001461,https://www.sec.gov/Archives/edgar/data/47111/000095014226001461/0000950142-26-001461.txt
HERSHEY TRUST CO TRUSTEE IN TRUST FOR MILTON HERSHEY SCHOOL,,2026-05-15,2026-05-18,4220,186.8653,788571.57,D,S,1631899,True,False,False,0000950142-26-001438,https://www.sec.gov/Archives/edgar/data/47111/000095014226001438/0000950142-26-001438.txt
HERSHEY TRUST CO TRUSTEE IN TRUST FOR MILTON HERSHEY SCHOOL,,2026-05-15,2026-05-18,3204,187.5272,600837.15,D,S,1628695,True,False,False,0000950142-26-001438,https://www.sec.gov/Archives/edgar/data/47111/000095014226001438/0000950142-26-001438.txt
HERSHEY TRUST CO TRUSTEE IN TRUST FOR MILTON HERSHEY SCHOOL,,2026-05-15,2026-05-18,2007,188.3463,378011.02,D,S,1626688,True,False,False,0000950142-26-001438,https://www.sec.gov/Archives/edgar/data/47111/000095014226001438/0000950142-26-001438.txt
HERSHEY TRUST CO TRUSTEE IN TRUST FOR MILTON HERSHEY SCHOOL,,2026-05-15,2026-05-18,221,189.465,41871.76,D,S,1626467,True,False,False,0000950142-26-001438,https://www.sec.gov/Archives/edgar/data/47111/000095014226001438/0000950142-26-001438.txt
HERSHEY TRUST CO TRUSTEE IN TRUST FOR MILTON HERSHEY SCHOOL,,2026-05-15,2026-05-18,348,190.3936,66256.97,D,S,1626119,True,False,False,0000950142-26-001438,https://www.sec.gov/Archives/edgar/data/47111/000095014226001438/0000950142-26-001438.txt
HERSHEY TRUST CO TRUSTEE IN TRUST FOR MILTON HERSHEY SCHOOL,,2026-05-14,2026-05-18,836,189.9838,158826.46,D,S,1645283,True,False,False,0000950142-26-001438,https://www.sec.gov/Archives/edgar/data/47111/000095014226001438/0000950142-26-001438.txt
HERSHEY TRUST CO TRUSTEE IN TRUST FOR MILTON HERSHEY SCHOOL,,2026-05-14,2026-05-18,2971,190.4561,565845.07,D,S,1642312,True,False,False,0000950142-26-001438,https://www.sec.gov/Archives/edgar/data/47111/000095014226001438/0000950142-26-001438.txt
HERSHEY TRUST CO TRUSTEE IN TRUST FOR MILTON HERSHEY SCHOOL,,2026-05-14,2026-05-18,3598,191.6211,689452.72,D,S,1638714,True,False,False,0000950142-26-001438,https://www.sec.gov/Archives/edgar/data/47111/000095014226001438/0000950142-26-001438.txt
HERSHEY TRUST CO TRUSTEE IN TRUST FOR MILTON HERSHEY SCHOOL,,2026-05-14,2026-05-18,1630,192.307,313460.41,D,S,1637084,True,False,False,0000950142-26-001438,https://www.sec.gov/Archives/edgar/data/47111/000095014226001438/0000950142-26-001438.txt
HERSHEY TRUST CO TRUSTEE IN TRUST FOR MILTON HERSHEY SCHOOL,,2026-05-14,2026-05-18,503,193.4414,97301.02,D,S,1636581,True,False,False,0000950142-26-001438,https://www.sec.gov/Archives/edgar/data/47111/000095014226001438/0000950142-26-001438.txt
HERSHEY TRUST CO TRUSTEE IN TRUST FOR MILTON HERSHEY SCHOOL,,2026-05-14,2026-05-18,216,195.6572,42261.96,D,S,1636365,True,False,False,0000950142-26-001438,https://www.sec.gov/Archives/edgar/data/47111/000095014226001438/0000950142-26-001438.txt
HERSHEY TRUST CO TRUSTEE IN TRUST FOR MILTON HERSHEY SCHOOL,,2026-05-14,2026-05-18,246,196.203,48265.94,D,S,1636119,True,False,False,0000950142-26-001438,https://www.sec.gov/Archives/edgar/data/47111/000095014226001438/0000950142-26-001438.txt
HERSHEY TRUST CO TRUSTEE IN TRUST FOR MILTON HERSHEY SCHOOL,,2026-05-13,2026-05-13,365,191.4311,69872.35,D,S,1655754,True,False,False,0000950142-26-001372,https://www.sec.gov/Archives/edgar/data/47111/000095014226001372/0000950142-26-001372.txt
HERSHEY TRUST CO TRUSTEE IN TRUST FOR MILTON HERSHEY SCHOOL,,2026-05-13,2026-05-13,156,192.7998,30076.77,D,S,1655598,True,False,False,0000950142-26-001372,https://www.sec.gov/Archives/edgar/data/47111/000095014226001372/0000950142-26-001372.txt
HERSHEY TRUST CO TRUSTEE IN TRUST FOR MILTON HERSHEY SCHOOL,,2026-05-13,2026-05-13,2311,193.6933,447625.22,D,S,1653287,True,False,False,0000950142-26-001372,https://www.sec.gov/Archives/edgar/data/47111/000095014226001372/0000950142-26-001372.txt
HERSHEY TRUST CO TRUSTEE IN TRUST FOR MILTON HERSHEY SCHOOL,,2026-05-13,2026-05-13,2413,194.4243,469145.84,D,S,1650874,True,False,False,0000950142-26-001372,https://www.sec.gov/Archives/edgar/data/47111/000095014226001372/0000950142-26-001372.txt
HERSHEY TRUST CO TRUSTEE IN TRUST FOR MILTON HERSHEY SCHOOL,,2026-05-13,2026-05-13,4289,195.6967,839343.15,D,S,1646585,True,False,False,0000950142-26-001372,https://www.sec.gov/Archives/edgar/data/47111/000095014226001372/0000950142-26-001372.txt
HERSHEY TRUST CO TRUSTEE IN TRUST FOR MILTON HERSHEY SCHOOL,,2026-05-13,2026-05-13,466,196.2199,91438.47,D,S,1646119,True,False,False,0000950142-26-001372,https://www.sec.gov/Archives/edgar/data/47111/000095014226001372/0000950142-26-001372.txt
HERSHEY TRUST CO TRUSTEE IN TRUST FOR MILTON HERSHEY SCHOOL,,2026-05-12,2026-05-13,226,188.9044,42692.39,D,S,1665893,True,False,False,0000950142-26-001372,https://www.sec.gov/Archives/edgar/data/47111/000095014226001372/0000950142-26-001372.txt
HERSHEY TRUST CO TRUSTEE IN TRUST FOR MILTON HERSHEY SCHOOL,,2026-05-12,2026-05-13,567,189.4672,107427.9,D,S,1665326,True,False,False,0000950142-26-001372,https://www.sec.gov/Archives/edgar/data/47111/000095014226001372/0000950142-26-001372.txt
HERSHEY TRUST CO TRUSTEE IN TRUST FOR MILTON HERSHEY SCHOOL,,2026-05-12,2026-05-13,551,190.3891,104904.39,D,S,1664775,True,False,False,0000950142-26-001372,https://www.sec.gov/Archives/edgar/data/47111/000095014226001372/0000950142-26-001372.txt
HERSHEY TRUST CO TRUSTEE IN TRUST FOR MILTON HERSHEY SCHOOL,,2026-05-12,2026-05-13,5038,191.7512,966042.55,D,S,1659737,True,False,False,0000950142-26-001372,https://www.sec.gov/Archives/edgar/data/47111/000095014226001372/0000950142-26-001372.txt
HERSHEY TRUST CO TRUSTEE IN TRUST FOR MILTON HERSHEY SCHOOL,,2026-05-12,2026-05-13,3618,192.2569,695585.46,D,S,1656119,True,False,False,0000950142-26-001372,https://www.sec.gov/Archives/edgar/data/47111/000095014226001372/0000950142-26-001372.txt
HERSHEY TRUST CO TRUSTEE IN TRUST FOR MILTON HERSHEY SCHOOL,,2026-05-11,2026-05-13,181,184.7428,33438.45,D,S,1675938,True,False,False,0000950142-26-001372,https://www.sec.gov/Archives/edgar/data/47111/000095014226001372/0000950142-26-001372.txt
HERSHEY TRUST CO TRUSTEE IN TRUST FOR MILTON HERSHEY SCHOOL,,2026-05-11,2026-05-13,1308,185.7182,242919.41,D,S,1674630,True,False,False,0000950142-26-001372,https://www.sec.gov/Archives/edgar/data/47111/000095014226001372/0000950142-26-001372.txt
HERSHEY TRUST CO TRUSTEE IN TRUST FOR MILTON HERSHEY SCHOOL,,2026-05-11,2026-05-13,1931,186.4107,359959.06,D,S,1672699,True,False,False,0000950142-26-001372,https://www.sec.gov/Archives/edgar/data/47111/000095014226001372/0000950142-26-001372.txt
HERSHEY TRUST CO TRUSTEE IN TRUST FOR MILTON HERSHEY SCHOOL,,2026-05-11,2026-05-13,2137,187.3619,400392.38,D,S,1670562,True,False,False,0000950142-26-001372,https://www.sec.gov/Archives/edgar/data/47111/000095014226001372/0000950142-26-001372.txt
HERSHEY TRUST CO TRUSTEE IN TRUST FOR MILTON HERSHEY SCHOOL,,2026-05-11,2026-05-13,826,188.4294,155642.68,D,S,1669736,True,False,False,0000950142-26-001372,https://www.sec.gov/Archives/edgar/data/47111/000095014226001372/0000950142-26-001372.txt
HERSHEY TRUST CO TRUSTEE IN TRUST FOR MILTON HERSHEY SCHOOL,,2026-05-11,2026-05-13,3617,189.3107,684736.8,D,S,1666119,True,False,False,0000950142-26-001372,https://www.sec.gov/Archives/edgar/data/47111/000095014226001372/0000950142-26-001372.txt
HERSHEY TRUST CO TRUSTEE IN TRUST FOR MILTON HERSHEY SCHOOL,,2026-05-08,2026-05-11,240,184.9896,44397.5,D,S,1685879,True,False,False,0000950142-26-001344,https://www.sec.gov/Archives/edgar/data/47111/000095014226001344/0000950142-26-001344.txt
HERSHEY TRUST CO TRUSTEE IN TRUST FOR MILTON HERSHEY SCHOOL,,2026-05-08,2026-05-11,4747,185.7467,881739.58,D,S,1681132,True,False,False,0000950142-26-001344,https://www.sec.gov/Archives/edgar/data/47111/000095014226001344/0000950142-26-001344.txt
HERSHEY TRUST CO TRUSTEE IN TRUST FOR MILTON HERSHEY SCHOOL,,2026-05-08,2026-05-11,4925,186.3108,917580.69,D,S,1676207,True,False,False,0000950142-26-001344,https://www.sec.gov/Archives/edgar/data/47111/000095014226001344/0000950142-26-001344.txt
HERSHEY TRUST CO TRUSTEE IN TRUST FOR MILTON HERSHEY SCHOOL,,2026-05-08,2026-05-11,88,187.0,16456.0,D,S,1676119,True,False,False,0000950142-26-001344,https://www.sec.gov/Archives/edgar/data/47111/000095014226001344/0000950142-26-001344.txt
HERSHEY TRUST CO TRUSTEE IN TRUST FOR MILTON HERSHEY SCHOOL,,2026-05-07,2026-05-11,93,182.9848,17017.59,D,S,1696026,True,False,False,0000950142-26-001344,https://www.sec.gov/Archives/edgar/data/47111/000095014226001344/0000950142-26-001344.txt
HERSHEY TRUST CO TRUSTEE IN TRUST FOR MILTON HERSHEY SCHOOL,,2026-05-07,2026-05-11,1195,183.4175,219183.91,D,S,1694831,True,False,False,0000950142-26-001344,https://www.sec.gov/Archives/edgar/data/47111/000095014226001344/0000950142-26-001344.txt
HERSHEY TRUST CO TRUSTEE IN TRUST FOR MILTON HERSHEY SCHOOL,,2026-05-07,2026-05-11,1241,184.4347,228883.46,D,S,1693590,True,False,False,0000950142-26-001344,https://www.sec.gov/Archives/edgar/data/47111/000095014226001344/0000950142-26-001344.txt
HERSHEY TRUST CO TRUSTEE IN TRUST FOR MILTON HERSHEY SCHOOL,,2026-05-07,2026-05-11,1803,185.4926,334443.16,D,S,1691787,True,False,False,0000950142-26-001344,https://www.sec.gov/Archives/edgar/data/47111/000095014226001344/0000950142-26-001344.txt
HERSHEY TRUST CO TRUSTEE IN TRUST FOR MILTON HERSHEY SCHOOL,,2026-05-07,2026-05-11,2408,186.532,449169.06,D,S,1689379,True,False,False,0000950142-26-001344,https://www.sec.gov/Archives/edgar/data/47111/000095014226001344/0000950142-26-001344.txt
HERSHEY TRUST CO TRUSTEE IN TRUST FOR MILTON HERSHEY SCHOOL,,2026-05-07,2026-05-11,3260,187.0855,609898.73,D,S,1686119,True,False,False,0000950142-26-001344,https://www.sec.gov/Archives/edgar/data/47111/000095014226001344/0000950142-26-001344.txt
HERSHEY TRUST CO TRUSTEE IN TRUST FOR MILTON HERSHEY SCHOOL,,2026-05-06,2026-05-06,465,184.6802,85876.29,D,S,1705654,True,False,False,0000950142-26-001303,https://www.sec.gov/Archives/edgar/data/47111/000095014226001303/0000950142-26-001303.txt
HERSHEY TRUST CO TRUSTEE IN TRUST FOR MILTON HERSHEY SCHOOL,,2026-05-06,2026-05-06,1506,185.6726,279622.94,D,S,1704148,True,False,False,0000950142-26-001303,https://www.sec.gov/Archives/edgar/data/47111/000095014226001303/0000950142-26-001303.txt
HERSHEY TRUST CO TRUSTEE IN TRUST FOR MILTON HERSHEY SCHOOL,,2026-05-06,2026-05-06,7618,186.3845,1419877.12,D,S,1696530,True,False,False,0000950142-26-001303,https://www.sec.gov/Archives/edgar/data/47111/000095014226001303/0000950142-26-001303.txt
HERSHEY TRUST CO TRUSTEE IN TRUST FOR MILTON HERSHEY SCHOOL,,2026-05-06,2026-05-06,411,187.2093,76943.02,D,S,1696119,True,False,False,0000950142-26-001303,https://www.sec.gov/Archives/edgar/data/47111/000095014226001303/0000950142-26-001303.txt
HERSHEY TRUST CO TRUSTEE IN TRUST FOR MILTON HERSHEY SCHOOL,,2026-05-05,2026-05-06,147,181.7741,26720.79,D,S,1715972,True,False,False,0000950142-26-001303,https://www.sec.gov/Archives/edgar/data/47111/000095014226001303/0000950142-26-001303.txt
HERSHEY TRUST CO TRUSTEE IN TRUST FOR MILTON HERSHEY SCHOOL,,2026-05-05,2026-05-06,1211,182.6001,221128.72,D,S,1714761,True,False,False,0000950142-26-001303,https://www.sec.gov/Archives/edgar/data/47111/000095014226001303/0000950142-26-001303.txt
HERSHEY TRUST CO TRUSTEE IN TRUST FOR MILTON HERSHEY SCHOOL,,2026-05-05,2026-05-06,1717,183.5927,315228.67,D,S,1713044,True,False,False,0000950142-26-001303,https://www.sec.gov/Archives/edgar/data/47111/000095014226001303/0000950142-26-001303.txt
HERSHEY TRUST CO TRUSTEE IN TRUST FOR MILTON HERSHEY SCHOOL,,2026-05-05,2026-05-06,4585,184.6708,846715.62,D,S,1708459,True,False,False,0000950142-26-001303,https://www.sec.gov/Archives/edgar/data/47111/000095014226001303/0000950142-26-001303.txt
HERSHEY TRUST CO TRUSTEE IN TRUST FOR MILTON HERSHEY SCHOOL,,2026-05-05,2026-05-06,1600,185.6013,296962.08,D,S,1706859,True,False,False,0000950142-26-001303,https://www.sec.gov/Archives/edgar/data/47111/000095014226001303/0000950142-26-001303.txt
HERSHEY TRUST CO TRUSTEE IN TRUST FOR MILTON HERSHEY SCHOOL,,2026-05-05,2026-05-06,740,186.0955,137710.67,D,S,1706119,True,False,False,0000950142-26-001303,https://www.sec.gov/Archives/edgar/data/47111/000095014226001303/0000950142-26-001303.txt
HERSHEY TRUST CO TRUSTEE IN TRUST FOR MILTON HERSHEY SCHOOL,,2026-05-04,2026-05-06,2176,180.7602,393334.2,D,S,1723943,True,False,False,0000950142-26-001303,https://www.sec.gov/Archives/edgar/data/47111/000095014226001303/0000950142-26-001303.txt
HERSHEY TRUST CO TRUSTEE IN TRUST FOR MILTON HERSHEY SCHOOL,,2026-05-04,2026-05-06,4134,181.4713,750202.35,D,S,1719809,True,False,False,0000950142-26-001303,https://www.sec.gov/Archives/edgar/data/47111/000095014226001303/0000950142-26-001303.txt
HERSHEY TRUST CO TRUSTEE IN TRUST FOR MILTON HERSHEY SCHOOL,,2026-05-04,2026-05-06,3690,182.1631,672181.84,D,S,1716119,True,False,False,0000950142-26-001303,https://www.sec.gov/Archives/edgar/data/47111/000095014226001303/0000950142-26-001303.txt
HERSHEY TRUST CO TRUSTEE IN TRUST FOR MILTON HERSHEY SCHOOL,,2026-05-01,2026-05-04,422,180.5913,76209.53,D,S,1735697,True,False,False,0000950142-26-001262,https://www.sec.gov/Archives/edgar/data/47111/000095014226001262/0000950142-26-001262.txt
HERSHEY TRUST CO TRUSTEE IN TRUST FOR MILTON HERSHEY SCHOOL,,2026-05-01,2026-05-04,1691,181.6821,307224.43,D,S,1734006,True,False,False,0000950142-26-001262,https://www.sec.gov/Archives/edgar/data/47111/000095014226001262/0000950142-26-001262.txt
HERSHEY TRUST CO TRUSTEE IN TRUST FOR MILTON HERSHEY SCHOOL,,2026-05-01,2026-05-04,4266,182.4273,778234.86,D,S,1729740,True,False,False,0000950142-26-001262,https://www.sec.gov/Archives/edgar/data/47111/000095014226001262/0000950142-26-001262.txt
HERSHEY TRUST CO TRUSTEE IN TRUST FOR MILTON HERSHEY SCHOOL,,2026-05-01,2026-05-04,1692,183.4028,310317.54,D,S,1728048,True,False,False,0000950142-26-001262,https://www.sec.gov/Archives/edgar/data/47111/000095014226001262/0000950142-26-001262.txt
HERSHEY TRUST CO TRUSTEE IN TRUST FOR MILTON HERSHEY SCHOOL,,2026-05-01,2026-05-04,1104,184.3753,203550.33,D,S,1726944,True,False,False,0000950142-26-001262,https://www.sec.gov/Archives/edgar/data/47111/000095014226001262/0000950142-26-001262.txt
HERSHEY TRUST CO TRUSTEE IN TRUST FOR MILTON HERSHEY SCHOOL,,2026-05-01,2026-05-04,76,185.4919,14097.38,D,S,1726868,True,False,False,0000950142-26-001262,https://www.sec.gov/Archives/edgar/data/47111/000095014226001262/0000950142-26-001262.txt
HERSHEY TRUST CO TRUSTEE IN TRUST FOR MILTON HERSHEY SCHOOL,,2026-05-01,2026-05-04,749,186.5262,139708.12,D,S,1726119,True,False,False,0000950142-26-001262,https://www.sec.gov/Archives/edgar/data/47111/000095014226001262/0000950142-26-001262.txt
HERSHEY TRUST CO TRUSTEE IN TRUST FOR MILTON HERSHEY SCHOOL,,2026-04-30,2026-05-04,200,182.315,36463.0,D,S,1745919,True,False,False,0000950142-26-001262,https://www.sec.gov/Archives/edgar/data/47111/000095014226001262/0000950142-26-001262.txt
HERSHEY TRUST CO TRUSTEE IN TRUST FOR MILTON HERSHEY SCHOOL,,2026-04-30,2026-05-04,975,183.6077,179017.51,D,S,1744944,True,False,False,0000950142-26-001262,https://www.sec.gov/Archives/edgar/data/47111/000095014226001262/0000950142-26-001262.txt
HERSHEY TRUST CO TRUSTEE IN TRUST FOR MILTON HERSHEY SCHOOL,,2026-04-30,2026-05-04,1725,184.6151,318461.05,D,S,1743219,True,False,False,0000950142-26-001262,https://www.sec.gov/Archives/edgar/data/47111/000095014226001262/0000950142-26-001262.txt
HERSHEY TRUST CO TRUSTEE IN TRUST FOR MILTON HERSHEY SCHOOL,,2026-04-30,2026-05-04,4700,185.543,872052.1,D,S,1738519,True,False,False,0000950142-26-001262,https://www.sec.gov/Archives/edgar/data/47111/000095014226001262/0000950142-26-001262.txt
HERSHEY TRUST CO TRUSTEE IN TRUST FOR MILTON HERSHEY SCHOOL,,2026-04-30,2026-05-04,2400,186.4267,447424.08,D,S,1736119,True,False,False,0000950142-26-001262,https://www.sec.gov/Archives/edgar/data/47111/000095014226001262/0000950142-26-001262.txt
HERSHEY TRUST CO TRUSTEE IN TRUST FOR MILTON HERSHEY SCHOOL,,2026-04-29,2026-04-29,1877,187.661,352239.7,D,S,1754242,True,False,False,0000950142-26-001216,https://www.sec.gov/Archives/edgar/data/47111/000095014226001216/0000950142-26-001216.txt
HERSHEY TRUST CO TRUSTEE IN TRUST FOR MILTON HERSHEY SCHOOL,,2026-04-29,2026-04-29,4364,188.531,822749.28,D,S,1749878,True,False,False,0000950142-26-001216,https://www.sec.gov/Archives/edgar/data/47111/000095014226001216/0000950142-26-001216.txt
HERSHEY TRUST CO TRUSTEE IN TRUST FOR MILTON HERSHEY SCHOOL,,2026-04-29,2026-04-29,3752,189.2305,709992.84,D,S,1746126,True,False,False,0000950142-26-001216,https://www.sec.gov/Archives/edgar/data/47111/000095014226001216/0000950142-26-001216.txt
HERSHEY TRUST CO TRUSTEE IN TRUST FOR MILTON HERSHEY SCHOOL,,2026-04-29,2026-04-29,7,190.0361,1330.25,D,S,1746119,True,False,False,0000950142-26-001216,https://www.sec.gov/Archives/edgar/data/47111/000095014226001216/0000950142-26-001216.txt
HERSHEY TRUST CO TRUSTEE IN TRUST FOR MILTON HERSHEY SCHOOL,,2026-04-28,2026-04-29,46,186.9687,8600.56,D,S,1766073,True,False,False,0000950142-26-001216,https://www.sec.gov/Archives/edgar/data/47111/000095014226001216/0000950142-26-001216.txt
HERSHEY TRUST CO TRUSTEE IN TRUST FOR MILTON HERSHEY SCHOOL,,2026-04-28,2026-04-29,4686,187.6862,879497.53,D,S,1761387,True,False,False,0000950142-26-001216,https://www.sec.gov/Archives/edgar/data/47111/000095014226001216/0000950142-26-001216.txt
HERSHEY TRUST CO TRUSTEE IN TRUST FOR MILTON HERSHEY SCHOOL,,2026-04-28,2026-04-29,4868,188.3354,916816.73,D,S,1756519,True,False,False,0000950142-26-001216,https://www.sec.gov/Archives/edgar/data/47111/000095014226001216/0000950142-26-001216.txt
HERSHEY TRUST CO TRUSTEE IN TRUST FOR MILTON HERSHEY SCHOOL,,2026-04-28,2026-04-29,400,189.2681,75707.24,D,S,1756119,True,False,False,0000950142-26-001216,https://www.sec.gov/Archives/edgar/data/47111/000095014226001216/0000950142-26-001216.txt
HERSHEY TRUST CO TRUSTEE IN TRUST FOR MILTON HERSHEY SCHOOL,,2026-04-27,2026-04-29,3666,186.5913,684043.71,D,S,1772453,True,False,False,0000950142-26-001216,https://www.sec.gov/Archives/edgar/data/47111/000095014226001216/0000950142-26-001216.txt
HERSHEY TRUST CO TRUSTEE IN TRUST FOR MILTON HERSHEY SCHOOL,,2026-04-27,2026-04-29,1264,187.5431,237054.48,D,S,1771189,True,False,False,0000950142-26-001216,https://www.sec.gov/Archives/edgar/data/47111/000095014226001216/0000950142-26-001216.txt
HERSHEY TRUST CO TRUSTEE IN TRUST FOR MILTON HERSHEY SCHOOL,,2026-04-27,2026-04-29,1908,188.2113,359107.16,D,S,1769281,True,False,False,0000950142-26-001216,https://www.sec.gov/Archives/edgar/data/47111/000095014226001216/0000950142-26-001216.txt
HERSHEY TRUST CO TRUSTEE IN TRUST FOR MILTON HERSHEY SCHOOL,,2026-04-27,2026-04-29,235,189.53,44539.55,D,S,1769046,True,False,False,0000950142-26-001216,https://www.sec.gov/Archives/edgar/data/47111/000095014226001216/0000950142-26-001216.txt
HERSHEY TRUST CO TRUSTEE IN TRUST FOR MILTON HERSHEY SCHOOL,,2026-04-27,2026-04-29,1138,190.6181,216923.4,D,S,1767908,True,False,False,0000950142-26-001216,https://www.sec.gov/Archives/edgar/data/47111/000095014226001216/0000950142-26-001216.txt
HERSHEY TRUST CO TRUSTEE IN TRUST FOR MILTON HERSHEY SCHOOL,,2026-04-27,2026-04-29,1075,191.5742,205942.26,D,S,1766833,True,False,False,0000950142-26-001216,https://www.sec.gov/Archives/edgar/data/47111/000095014226001216/0000950142-26-001216.txt
HERSHEY TRUST CO TRUSTEE IN TRUST FOR MILTON HERSHEY SCHOOL,,2026-04-27,2026-04-29,714,192.3516,137339.04,D,S,1766119,True,False,False,0000950142-26-001216,https://www.sec.gov/Archives/edgar/data/47111/000095014226001216/0000950142-26-001216.txt
HERSHEY TRUST CO TRUSTEE IN TRUST FOR MILTON HERSHEY SCHOOL,,2026-04-24,2026-04-27,2250,190.635,428928.75,D,S,1783869,True,False,False,0000950142-26-001196,https://www.sec.gov/Archives/edgar/data/47111/000095014226001196/0000950142-26-001196.txt
HERSHEY TRUST CO TRUSTEE IN TRUST FOR MILTON HERSHEY SCHOOL,,2026-04-24,2026-04-27,5311,191.5024,1017069.25,D,S,1778558,True,False,False,0000950142-26-001196,https://www.sec.gov/Archives/edgar/data/47111/000095014226001196/0000950142-26-001196.txt
HERSHEY TRUST CO TRUSTEE IN TRUST FOR MILTON HERSHEY SCHOOL,,2026-04-24,2026-04-27,2439,192.4471,469378.48,D,S,1776119,True,False,False,0000950142-26-001196,https://www.sec.gov/Archives/edgar/data/47111/000095014226001196/0000950142-26-001196.txt
HERSHEY TRUST CO TRUSTEE IN TRUST FOR MILTON HERSHEY SCHOOL,,2026-04-23,2026-04-27,573,190.7432,109295.85,D,S,1795546,True,False,False,0000950142-26-001196,https://www.sec.gov/Archives/edgar/data/47111/000095014226001196/0000950142-26-001196.txt
HERSHEY TRUST CO TRUSTEE IN TRUST FOR MILTON HERSHEY SCHOOL,,2026-04-23,2026-04-27,754,191.6845,144530.11,D,S,1794792,True,False,False,0000950142-26-001196,https://www.sec.gov/Archives/edgar/data/47111/000095014226001196/0000950142-26-001196.txt
HERSHEY TRUST CO TRUSTEE IN TRUST FOR MILTON HERSHEY SCHOOL,,2026-04-23,2026-04-27,7075,192.3634,1360971.06,D,S,1787717,True,False,False,0000950142-26-001196,https://www.sec.gov/Archives/edgar/data/47111/000095014226001196/0000950142-26-001196.txt
HERSHEY TRUST CO TRUSTEE IN TRUST FOR MILTON HERSHEY SCHOOL,,2026-04-23,2026-04-27,1598,193.1494,308652.74,D,S,1786119,True,False,False,0000950142-26-001196,https://www.sec.gov/Archives/edgar/data/47111/000095014226001196/0000950142-26-001196.txt
HERSHEY TRUST CO TRUSTEE IN TRUST FOR MILTON HERSHEY SCHOOL,,2026-04-22,2026-04-22,260,187.9787,48874.46,D,S,1805859,True,False,False,0000950142-26-001162,https://www.sec.gov/Archives/edgar/data/47111/000095014226001162/0000950142-26-001162.txt
HERSHEY TRUST CO TRUSTEE IN TRUST FOR MILTON HERSHEY SCHOOL,,2026-04-22,2026-04-22,7017,188.5041,1322733.27,D,S,1798842,True,False,False,0000950142-26-001162,https://www.sec.gov/Archives/edgar/data/47111/000095014226001162/0000950142-26-001162.txt
HERSHEY TRUST CO TRUSTEE IN TRUST FOR MILTON HERSHEY SCHOOL,,2026-04-22,2026-04-22,2723,189.3318,515550.49,D,S,1796119,True,False,False,0000950142-26-001162,https://www.sec.gov/Archives/edgar/data/47111/000095014226001162/0000950142-26-001162.txt
HERSHEY TRUST CO TRUSTEE IN TRUST FOR MILTON HERSHEY SCHOOL,,2026-04-21,2026-04-22,3813,188.7383,719659.14,D,S,1812306,True,False,False,0000950142-26-001162,https://www.sec.gov/Archives/edgar/data/47111/000095014226001162/0000950142-26-001162.txt
HERSHEY TRUST CO TRUSTEE IN TRUST FOR MILTON HERSHEY SCHOOL,,2026-04-21,2026-04-22,2029,189.6576,384815.27,D,S,1810277,True,False,False,0000950142-26-001162,https://www.sec.gov/Archives/edgar/data/47111/000095014226001162/0000950142-26-001162.txt
HERSHEY TRUST CO TRUSTEE IN TRUST FOR MILTON HERSHEY SCHOOL,,2026-04-21,2026-04-22,3635,190.3658,691979.68,D,S,1806642,True,False,False,0000950142-26-001162,https://www.sec.gov/Archives/edgar/data/47111/000095014226001162/0000950142-26-001162.txt
HERSHEY TRUST CO TRUSTEE IN TRUST FOR MILTON HERSHEY SCHOOL,,2026-04-21,2026-04-22,523,191.3065,100053.3,D,S,1806119,True,False,False,0000950142-26-001162,https://www.sec.gov/Archives/edgar/data/47111/000095014226001162/0000950142-26-001162.txt
Voskuil Steven E,"SVP, Chief Financial Officer",2026-04-20,2026-04-21,1500,194.1,291150.0,D,S,57695,True,False,True,0000047111-26-000175,https://www.sec.gov/Archives/edgar/data/47111/000004711126000175/0000047111-26-000175.txt
HERSHEY TRUST CO TRUSTEE IN TRUST FOR MILTON HERSHEY SCHOOL,,2026-04-20,2026-04-22,2725,191.4732,521764.47,D,S,1823394,True,False,False,0000950142-26-001162,https://www.sec.gov/Archives/edgar/data/47111/000095014226001162/0000950142-26-001162.txt
HERSHEY TRUST CO TRUSTEE IN TRUST FOR MILTON HERSHEY SCHOOL,,2026-04-20,2026-04-22,181,192.4286,34829.58,D,S,1823213,True,False,False,0000950142-26-001162,https://www.sec.gov/Archives/edgar/data/47111/000095014226001162/0000950142-26-001162.txt
HERSHEY TRUST CO TRUSTEE IN TRUST FOR MILTON HERSHEY SCHOOL,,2026-04-20,2026-04-22,3257,193.5879,630515.79,D,S,1819956,True,False,False,0000950142-26-001162,https://www.sec.gov/Archives/edgar/data/47111/000095014226001162/0000950142-26-001162.txt
HERSHEY TRUST CO TRUSTEE IN TRUST FOR MILTON HERSHEY SCHOOL,,2026-04-20,2026-04-22,3093,194.4045,601293.12,D,S,1816863,True,False,False,0000950142-26-001162,https://www.sec.gov/Archives/edgar/data/47111/000095014226001162/0000950142-26-001162.txt
HERSHEY TRUST CO TRUSTEE IN TRUST FOR MILTON HERSHEY SCHOOL,,2026-04-20,2026-04-22,744,195.158,145197.55,D,S,1816119,True,False,False,0000950142-26-001162,https://www.sec.gov/Archives/edgar/data/47111/000095014226001162/0000950142-26-001162.txt
HERSHEY TRUST CO TRUSTEE IN TRUST FOR MILTON HERSHEY SCHOOL,,2026-04-17,2026-04-20,593,190.2791,112835.51,D,S,1835526,True,False,False,0000950142-26-001154,https://www.sec.gov/Archives/edgar/data/47111/000095014226001154/0000950142-26-001154.txt
HERSHEY TRUST CO TRUSTEE IN TRUST FOR MILTON HERSHEY SCHOOL,,2026-04-17,2026-04-20,206,191.2057,39388.37,D,S,1835320,True,False,False,0000950142-26-001154,https://www.sec.gov/Archives/edgar/data/47111/000095014226001154/0000950142-26-001154.txt
HERSHEY TRUST CO TRUSTEE IN TRUST FOR MILTON HERSHEY SCHOOL,,2026-04-17,2026-04-20,4463,192.6587,859835.78,D,S,1830857,True,False,False,0000950142-26-001154,https://www.sec.gov/Archives/edgar/data/47111/000095014226001154/0000950142-26-001154.txt
HERSHEY TRUST CO TRUSTEE IN TRUST FOR MILTON HERSHEY SCHOOL,,2026-04-17,2026-04-20,3501,193.5576,677645.16,D,S,1827356,True,False,False,0000950142-26-001154,https://www.sec.gov/Archives/edgar/data/47111/000095014226001154/0000950142-26-001154.txt
HERSHEY TRUST CO TRUSTEE IN TRUST FOR MILTON HERSHEY SCHOOL,,2026-04-17,2026-04-20,1237,194.1778,240197.94,D,S,1826119,True,False,False,0000950142-26-001154,https://www.sec.gov/Archives/edgar/data/47111/000095014226001154/0000950142-26-001154.txt
HERSHEY TRUST CO TRUSTEE IN TRUST FOR MILTON HERSHEY SCHOOL,,2026-04-16,2026-04-20,394,190.9522,75235.17,D,S,1845725,True,False,False,0000950142-26-001154,https://www.sec.gov/Archives/edgar/data/47111/000095014226001154/0000950142-26-001154.txt
HERSHEY TRUST CO TRUSTEE IN TRUST FOR MILTON HERSHEY SCHOOL,,2026-04-16,2026-04-20,7868,191.3595,1505616.55,D,S,1837857,True,False,False,0000950142-26-001154,https://www.sec.gov/Archives/edgar/data/47111/000095014226001154/0000950142-26-001154.txt
HERSHEY TRUST CO TRUSTEE IN TRUST FOR MILTON HERSHEY SCHOOL,,2026-04-16,2026-04-20,1648,192.5003,317240.49,D,S,1836209,True,False,False,0000950142-26-001154,https://www.sec.gov/Archives/edgar/data/47111/000095014226001154/0000950142-26-001154.txt
HERSHEY TRUST CO TRUSTEE IN TRUST FOR MILTON HERSHEY SCHOOL,,2026-04-16,2026-04-20,90,193.2078,17388.7,D,S,1836119,True,False,False,0000950142-26-001154,https://www.sec.gov/Archives/edgar/data/47111/000095014226001154/0000950142-26-001154.txt
HERSHEY TRUST CO TRUSTEE IN TRUST FOR MILTON HERSHEY SCHOOL,,2026-04-15,2026-04-16,1848,191.8897,354612.17,D,S,1854271,True,False,False,0000950142-26-001145,https://www.sec.gov/Archives/edgar/data/47111/000095014226001145/0000950142-26-001145.txt
HERSHEY TRUST CO TRUSTEE IN TRUST FOR MILTON HERSHEY SCHOOL,,2026-04-15,2026-04-16,3333,192.564,641815.81,D,S,1850938,True,False,False,0000950142-26-001145,https://www.sec.gov/Archives/edgar/data/47111/000095014226001145/0000950142-26-001145.txt
HERSHEY TRUST CO TRUSTEE IN TRUST FOR MILTON HERSHEY SCHOOL,,2026-04-15,2026-04-16,4314,193.3861,834267.64,D,S,1846624,True,False,False,0000950142-26-001145,https://www.sec.gov/Archives/edgar/data/47111/000095014226001145/0000950142-26-001145.txt
HERSHEY TRUST CO TRUSTEE IN TRUST FOR MILTON HERSHEY SCHOOL,,2026-04-15,2026-04-16,81,194.355,15742.75,D,S,1846543,True,False,False,0000950142-26-001145,https://www.sec.gov/Archives/edgar/data/47111/000095014226001145/0000950142-26-001145.txt
HERSHEY TRUST CO TRUSTEE IN TRUST FOR MILTON HERSHEY SCHOOL,,2026-04-15,2026-04-16,243,195.2133,47436.83,D,S,1846300,True,False,False,0000950142-26-001145,https://www.sec.gov/Archives/edgar/data/47111/000095014226001145/0000950142-26-001145.txt
HERSHEY TRUST CO TRUSTEE IN TRUST FOR MILTON HERSHEY SCHOOL,,2026-04-15,2026-04-16,100,196.67,19667.0,D,S,1846200,True,False,False,0000950142-26-001145,https://www.sec.gov/Archives/edgar/data/47111/000095014226001145/0000950142-26-001145.txt
HERSHEY TRUST CO TRUSTEE IN TRUST FOR MILTON HERSHEY SCHOOL,,2026-04-15,2026-04-16,81,197.0282,15959.28,D,S,1846119,True,False,False,0000950142-26-001145,https://www.sec.gov/Archives/edgar/data/47111/000095014226001145/0000950142-26-001145.txt
HERSHEY TRUST CO TRUSTEE IN TRUST FOR MILTON HERSHEY SCHOOL,,2026-04-14,2026-04-16,300,194.3667,58310.01,D,S,1865819,True,False,False,0000950142-26-001145,https://www.sec.gov/Archives/edgar/data/47111/000095014226001145/0000950142-26-001145.txt
HERSHEY TRUST CO TRUSTEE IN TRUST FOR MILTON HERSHEY SCHOOL,,2026-04-14,2026-04-16,256,195.5612,50063.67,D,S,1865563,True,False,False,0000950142-26-001145,https://www.sec.gov/Archives/edgar/data/47111/000095014226001145/0000950142-26-001145.txt
HERSHEY TRUST CO TRUSTEE IN TRUST FOR MILTON HERSHEY SCHOOL,,2026-04-14,2026-04-16,826,196.5334,162336.59,D,S,1864737,True,False,False,0000950142-26-001145,https://www.sec.gov/Archives/edgar/data/47111/000095014226001145/0000950142-26-001145.txt
HERSHEY TRUST CO TRUSTEE IN TRUST FOR MILTON HERSHEY SCHOOL,,2026-04-14,2026-04-16,3718,197.6918,735018.11,D,S,1861019,True,False,False,0000950142-26-001145,https://www.sec.gov/Archives/edgar/data/47111/000095014226001145/0000950142-26-001145.txt
HERSHEY TRUST CO TRUSTEE IN TRUST FOR MILTON HERSHEY SCHOOL,,2026-04-14,2026-04-16,902,198.3477,178909.63,D,S,1860117,True,False,False,0000950142-26-001145,https://www.sec.gov/Archives/edgar/data/47111/000095014226001145/0000950142-26-001145.txt
HERSHEY TRUST CO TRUSTEE IN TRUST FOR MILTON HERSHEY SCHOOL,,2026-04-14,2026-04-16,3325,199.4921,663311.23,D,S,1856792,True,False,False,0000950142-26-001145,https://www.sec.gov/Archives/edgar/data/47111/000095014226001145/0000950142-26-001145.txt
HERSHEY TRUST CO TRUSTEE IN TRUST FOR MILTON HERSHEY SCHOOL,,2026-04-14,2026-04-16,673,200.1245,134683.79,D,S,1856119,True,False,False,0000950142-26-001145,https://www.sec.gov/Archives/edgar/data/47111/000095014226001145/0000950142-26-001145.txt
HERSHEY TRUST CO TRUSTEE IN TRUST FOR MILTON HERSHEY SCHOOL,,2026-04-13,2026-04-16,4743,197.6478,937443.52,D,S,1871376,True,False,False,0000950142-26-001145,https://www.sec.gov/Archives/edgar/data/47111/000095014226001145/0000950142-26-001145.txt
HERSHEY TRUST CO TRUSTEE IN TRUST FOR MILTON HERSHEY SCHOOL,,2026-04-13,2026-04-16,3701,198.2885,733865.74,D,S,1867675,True,False,False,0000950142-26-001145,https://www.sec.gov/Archives/edgar/data/47111/000095014226001145/0000950142-26-001145.txt
HERSHEY TRUST CO TRUSTEE IN TRUST FOR MILTON HERSHEY SCHOOL,,2026-04-13,2026-04-16,1476,199.4746,294424.51,D,S,1866199,True,False,False,0000950142-26-001145,https://www.sec.gov/Archives/edgar/data/47111/000095014226001145/0000950142-26-001145.txt
HERSHEY TRUST CO TRUSTEE IN TRUST FOR MILTON HERSHEY SCHOOL,,2026-04-13,2026-04-16,80,200.24,16019.2,D,S,1866119,True,False,False,0000950142-26-001145,https://www.sec.gov/Archives/edgar/data/47111/000095014226001145/0000950142-26-001145.txt
HERSHEY TRUST CO TRUSTEE IN TRUST FOR MILTON HERSHEY SCHOOL,,2026-04-10,2026-04-13,3765,202.4527,762234.42,D,S,1882354,True,False,False,0000950142-26-001114,https://www.sec.gov/Archives/edgar/data/47111/000095014226001114/0000950142-26-001114.txt
HERSHEY TRUST CO TRUSTEE IN TRUST FOR MILTON HERSHEY SCHOOL,,2026-04-10,2026-04-13,531,203.457,108035.67,D,S,1881823,True,False,False,0000950142-26-001114,https://www.sec.gov/Archives/edgar/data/47111/000095014226001114/0000950142-26-001114.txt
HERSHEY TRUST CO TRUSTEE IN TRUST FOR MILTON HERSHEY SCHOOL,,2026-04-10,2026-04-13,734,204.6319,150199.81,D,S,1881089,True,False,False,0000950142-26-001114,https://www.sec.gov/Archives/edgar/data/47111/000095014226001114/0000950142-26-001114.txt
HERSHEY TRUST CO TRUSTEE IN TRUST FOR MILTON HERSHEY SCHOOL,,2026-04-10,2026-04-13,2178,205.6473,447899.82,D,S,1878911,True,False,False,0000950142-26-001114,https://www.sec.gov/Archives/edgar/data/47111/000095014226001114/0000950142-26-001114.txt
HERSHEY TRUST CO TRUSTEE IN TRUST FOR MILTON HERSHEY SCHOOL,,2026-04-10,2026-04-13,1630,206.3807,336400.54,D,S,1877281,True,False,False,0000950142-26-001114,https://www.sec.gov/Archives/edgar/data/47111/000095014226001114/0000950142-26-001114.txt
HERSHEY TRUST CO TRUSTEE IN TRUST FOR MILTON HERSHEY SCHOOL,,2026-04-10,2026-04-13,853,207.8119,177263.55,D,S,1876428,True,False,False,0000950142-26-001114,https://www.sec.gov/Archives/edgar/data/47111/000095014226001114/0000950142-26-001114.txt
HERSHEY TRUST CO TRUSTEE IN TRUST FOR MILTON HERSHEY SCHOOL,,2026-04-10,2026-04-13,26,208.3294,5416.56,D,S,1876402,True,False,False,0000950142-26-001114,https://www.sec.gov/Archives/edgar/data/47111/000095014226001114/0000950142-26-001114.txt
HERSHEY TRUST CO TRUSTEE IN TRUST FOR MILTON HERSHEY SCHOOL,,2026-04-10,2026-04-13,283,210.4967,59570.57,D,S,1876119,True,False,False,0000950142-26-001114,https://www.sec.gov/Archives/edgar/data/47111/000095014226001114/0000950142-26-001114.txt
HERSHEY TRUST CO TRUSTEE IN TRUST FOR MILTON HERSHEY SCHOOL,,2026-04-09,2026-04-13,82,207.6,17023.2,D,S,1896037,True,False,False,0000950142-26-001114,https://www.sec.gov/Archives/edgar/data/47111/000095014226001114/0000950142-26-001114.txt
HERSHEY TRUST CO TRUSTEE IN TRUST FOR MILTON HERSHEY SCHOOL,,2026-04-09,2026-04-13,125,208.9462,26118.28,D,S,1895912,True,False,False,0000950142-26-001114,https://www.sec.gov/Archives/edgar/data/47111/000095014226001114/0000950142-26-001114.txt
HERSHEY TRUST CO TRUSTEE IN TRUST FOR MILTON HERSHEY SCHOOL,,2026-04-09,2026-04-13,2531,209.4443,530103.52,D,S,1893381,True,False,False,0000950142-26-001114,https://www.sec.gov/Archives/edgar/data/47111/000095014226001114/0000950142-26-001114.txt
HERSHEY TRUST CO TRUSTEE IN TRUST FOR MILTON HERSHEY SCHOOL,,2026-04-09,2026-04-13,7262,210.5392,1528935.67,D,S,1886119,True,False,False,0000950142-26-001114,https://www.sec.gov/Archives/edgar/data/47111/000095014226001114/0000950142-26-001114.txt
HERSHEY TRUST CO TRUSTEE IN TRUST FOR MILTON HERSHEY SCHOOL,,2026-04-08,2026-04-08,416,206.7712,86016.82,D,S,1905703,True,False,False,0000950142-26-001086,https://www.sec.gov/Archives/edgar/data/47111/000095014226001086/0000950142-26-001086.txt
HERSHEY TRUST CO TRUSTEE IN TRUST FOR MILTON HERSHEY SCHOOL,,2026-04-08,2026-04-08,2142,207.6307,444744.96,D,S,1903561,True,False,False,0000950142-26-001086,https://www.sec.gov/Archives/edgar/data/47111/000095014226001086/0000950142-26-001086.txt
HERSHEY TRUST CO TRUSTEE IN TRUST FOR MILTON HERSHEY SCHOOL,,2026-04-08,2026-04-08,7442,208.5732,1552201.75,D,S,1896119,True,False,False,0000950142-26-001086,https://www.sec.gov/Archives/edgar/data/47111/000095014226001086/0000950142-26-001086.txt
HERSHEY TRUST CO TRUSTEE IN TRUST FOR MILTON HERSHEY SCHOOL,,2026-04-07,2026-04-08,17,205.9756,3501.59,D,S,1916102,True,False,False,0000950142-26-001086,https://www.sec.gov/Archives/edgar/data/47111/000095014226001086/0000950142-26-001086.txt
HERSHEY TRUST CO TRUSTEE IN TRUST FOR MILTON HERSHEY SCHOOL,,2026-04-07,2026-04-08,4514,206.706,933070.88,D,S,1911588,True,False,False,0000950142-26-001086,https://www.sec.gov/Archives/edgar/data/47111/000095014226001086/0000950142-26-001086.txt
HERSHEY TRUST CO TRUSTEE IN TRUST FOR MILTON HERSHEY SCHOOL,,2026-04-07,2026-04-08,4006,207.5193,831322.32,D,S,1907582,True,False,False,0000950142-26-001086,https://www.sec.gov/Archives/edgar/data/47111/000095014226001086/0000950142-26-001086.txt
HERSHEY TRUST CO TRUSTEE IN TRUST FOR MILTON HERSHEY SCHOOL,,2026-04-07,2026-04-08,1463,208.4068,304899.15,D,S,1906119,True,False,False,0000950142-26-001086,https://www.sec.gov/Archives/edgar/data/47111/000095014226001086/0000950142-26-001086.txt
HERSHEY TRUST CO TRUSTEE IN TRUST FOR MILTON HERSHEY SCHOOL,,2026-04-06,2026-04-08,85,205.45,17463.25,D,S,1926034,True,False,False,0000950142-26-001086,https://www.sec.gov/Archives/edgar/data/47111/000095014226001086/0000950142-26-001086.txt
HERSHEY TRUST CO TRUSTEE IN TRUST FOR MILTON HERSHEY SCHOOL,,2026-04-06,2026-04-08,500,206.632,103316.0,D,S,1925534,True,False,False,0000950142-26-001086,https://www.sec.gov/Archives/edgar/data/47111/000095014226001086/0000950142-26-001086.txt
HERSHEY TRUST CO TRUSTEE IN TRUST FOR MILTON HERSHEY SCHOOL,,2026-04-06,2026-04-08,7681,207.6825,1595209.28,D,S,1917853,True,False,False,0000950142-26-001086,https://www.sec.gov/Archives/edgar/data/47111/000095014226001086/0000950142-26-001086.txt
HERSHEY TRUST CO TRUSTEE IN TRUST FOR MILTON HERSHEY SCHOOL,,2026-04-06,2026-04-08,1734,208.2652,361131.86,D,S,1916119,True,False,False,0000950142-26-001086,https://www.sec.gov/Archives/edgar/data/47111/000095014226001086/0000950142-26-001086.txt
Robbin-Coker Cordel,,2026-04-02,2026-04-03,129,202.8,26161.2,D,S,1507,True,True,False,0000047111-26-000172,https://www.sec.gov/Archives/edgar/data/47111/000004711126000172/0000047111-26-000172.txt
HERSHEY TRUST CO TRUSTEE IN TRUST FOR MILTON HERSHEY SCHOOL,,2026-04-02,2026-04-06,46,200.97,9244.62,D,S,1936073,True,False,False,0000950142-26-001069,https://www.sec.gov/Archives/edgar/data/47111/000095014226001069/0000950142-26-001069.txt
HERSHEY TRUST CO TRUSTEE IN TRUST FOR MILTON HERSHEY SCHOOL,,2026-04-02,2026-04-06,357,201.4323,71911.33,D,S,1935716,True,False,False,0000950142-26-001069,https://www.sec.gov/Archives/edgar/data/47111/000095014226001069/0000950142-26-001069.txt
HERSHEY TRUST CO TRUSTEE IN TRUST FOR MILTON HERSHEY SCHOOL,,2026-04-02,2026-04-06,1662,202.5763,336681.81,D,S,1934054,True,False,False,0000950142-26-001069,https://www.sec.gov/Archives/edgar/data/47111/000095014226001069/0000950142-26-001069.txt
HERSHEY TRUST CO TRUSTEE IN TRUST FOR MILTON HERSHEY SCHOOL,,2026-04-02,2026-04-06,1864,203.5156,379353.08,D,S,1932190,True,False,False,0000950142-26-001069,https://www.sec.gov/Archives/edgar/data/47111/000095014226001069/0000950142-26-001069.txt
HERSHEY TRUST CO TRUSTEE IN TRUST FOR MILTON HERSHEY SCHOOL,,2026-04-02,2026-04-06,1729,204.4998,353580.15,D,S,1930461,True,False,False,0000950142-26-001069,https://www.sec.gov/Archives/edgar/data/47111/000095014226001069/0000950142-26-001069.txt
HERSHEY TRUST CO TRUSTEE IN TRUST FOR MILTON HERSHEY SCHOOL,,2026-04-02,2026-04-06,1848,205.6385,380019.95,D,S,1928613,True,False,False,0000950142-26-001069,https://www.sec.gov/Archives/edgar/data/47111/000095014226001069/0000950142-26-001069.txt
HERSHEY TRUST CO TRUSTEE IN TRUST FOR MILTON HERSHEY SCHOOL,,2026-04-02,2026-04-06,2494,206.217,514305.2,D,S,1926119,True,False,False,0000950142-26-001069,https://www.sec.gov/Archives/edgar/data/47111/000095014226001069/0000950142-26-001069.txt
Singleton Harold III,,2026-04-01,2026-04-03,221,0.0,0.0,A,A,1102,False,True,False,0000047111-26-000168,https://www.sec.gov/Archives/edgar/data/47111/000004711126000168/0000047111-26-000168.txt
Robbin-Coker Cordel,,2026-04-01,2026-04-03,221,0.0,0.0,A,A,1636,False,True,False,0000047111-26-000170,https://www.sec.gov/Archives/edgar/data/47111/000004711126000170/0000047111-26-000170.txt
Quintero-Johnson Marie,,2026-04-01,2026-04-03,221,0.0,0.0,A,A,1102,False,True,False,0000047111-26-000166,https://www.sec.gov/Archives/edgar/data/47111/000004711126000166/0000047111-26-000166.txt
OZAN KEVIN M,,2026-04-01,2026-04-03,221,0.0,0.0,A,A,2082,False,True,False,0000047111-26-000164,https://www.sec.gov/Archives/edgar/data/47111/000004711126000164/0000047111-26-000164.txt
Nalebuff Barry James,,2026-04-01,2026-04-03,221,0.0,0.0,A,A,1600,False,True,False,0000047111-26-000162,https://www.sec.gov/Archives/edgar/data/47111/000004711126000162/0000047111-26-000162.txt
Mahlan Deirdre,,2026-04-01,2026-04-03,221,0.0,0.0,A,A,1102,False,True,False,0000047111-26-000160,https://www.sec.gov/Archives/edgar/data/47111/000004711126000160/0000047111-26-000160.txt
Kraus Maria T,,2026-04-01,2026-04-03,221,0.0,0.0,A,A,2876,False,True,False,0000047111-26-000158,https://www.sec.gov/Archives/edgar/data/47111/000004711126000158/0000047111-26-000158.txt
HERSHEY TRUST CO TRUSTEE IN TRUST FOR MILTON HERSHEY SCHOOL,,2026-04-01,2026-04-01,64,200.7672,12849.1,D,S,1946055,True,False,False,0000950142-26-001020,https://www.sec.gov/Archives/edgar/data/47111/000095014226001020/0000950142-26-001020.txt
HERSHEY TRUST CO TRUSTEE IN TRUST FOR MILTON HERSHEY SCHOOL,,2026-04-01,2026-04-01,264,201.5895,53219.63,D,S,1945791,True,False,False,0000950142-26-001020,https://www.sec.gov/Archives/edgar/data/47111/000095014226001020/0000950142-26-001020.txt
HERSHEY TRUST CO TRUSTEE IN TRUST FOR MILTON HERSHEY SCHOOL,,2026-04-01,2026-04-01,3658,202.701,741480.26,D,S,1942133,True,False,False,0000950142-26-001020,https://www.sec.gov/Archives/edgar/data/47111/000095014226001020/0000950142-26-001020.txt
HERSHEY TRUST CO TRUSTEE IN TRUST FOR MILTON HERSHEY SCHOOL,,2026-04-01,2026-04-01,3303,203.5553,672343.16,D,S,1938830,True,False,False,0000950142-26-001020,https://www.sec.gov/Archives/edgar/data/47111/000095014226001020/0000950142-26-001020.txt
HERSHEY TRUST CO TRUSTEE IN TRUST FOR MILTON HERSHEY SCHOOL,,2026-04-01,2026-04-01,2630,204.3373,537407.1,D,S,1936200,True,False,False,0000950142-26-001020,https://www.sec.gov/Archives/edgar/data/47111/000095014226001020/0000950142-26-001020.txt
HERSHEY TRUST CO TRUSTEE IN TRUST FOR MILTON HERSHEY SCHOOL,,2026-04-01,2026-04-01,81,205.0554,16609.49,D,S,1936119,True,False,False,0000950142-26-001020,https://www.sec.gov/Archives/edgar/data/47111/000095014226001020/0000950142-26-001020.txt
HABEN MARY KAY,,2026-04-01,2026-04-03,85,0.0,0.0,A,A,17515,False,True,False,0000047111-26-000156,https://www.sec.gov/Archives/edgar/data/47111/000004711126000156/0000047111-26-000156.txt
Curoe Timothy William,,2026-04-01,2026-04-03,221,0.0,0.0,A,A,1600,False,True,False,0000047111-26-000154,https://www.sec.gov/Archives/edgar/data/47111/000004711126000154/0000047111-26-000154.txt
Brandt Christopher W,,2026-04-01,2026-04-03,221,0.0,0.0,A,A,900,False,True,False,0000047111-26-000152,https://www.sec.gov/Archives/edgar/data/47111/000004711126000152/0000047111-26-000152.txt
HERSHEY TRUST CO TRUSTEE IN TRUST FOR MILTON HERSHEY SCHOOL,,2026-03-31,2026-04-01,37,205.927,7619.3,D,S,1956082,True,False,False,0000950142-26-001020,https://www.sec.gov/Archives/edgar/data/47111/000095014226001020/0000950142-26-001020.txt
HERSHEY TRUST CO TRUSTEE IN TRUST FOR MILTON HERSHEY SCHOOL,,2026-03-31,2026-04-01,1286,206.4435,265486.34,D,S,1954796,True,False,False,0000950142-26-001020,https://www.sec.gov/Archives/edgar/data/47111/000095014226001020/0000950142-26-001020.txt
HERSHEY TRUST CO TRUSTEE IN TRUST FOR MILTON HERSHEY SCHOOL,,2026-03-31,2026-04-01,5399,207.7324,1121547.23,D,S,1949397,True,False,False,0000950142-26-001020,https://www.sec.gov/Archives/edgar/data/47111/000095014226001020/0000950142-26-001020.txt
HERSHEY TRUST CO TRUSTEE IN TRUST FOR MILTON HERSHEY SCHOOL,,2026-03-31,2026-04-01,721,208.4364,150282.64,D,S,1948676,True,False,False,0000950142-26-001020,https://www.sec.gov/Archives/edgar/data/47111/000095014226001020/0000950142-26-001020.txt
HERSHEY TRUST CO TRUSTEE IN TRUST FOR MILTON HERSHEY SCHOOL,,2026-03-31,2026-04-01,110,209.1238,23003.62,D,S,1948566,True,False,False,0000950142-26-001020,https://www.sec.gov/Archives/edgar/data/47111/000095014226001020/0000950142-26-001020.txt
HERSHEY TRUST CO TRUSTEE IN TRUST FOR MILTON HERSHEY SCHOOL,,2026-03-31,2026-04-01,351,210.4493,73867.7,D,S,1948215,True,False,False,0000950142-26-001020,https://www.sec.gov/Archives/edgar/data/47111/000095014226001020/0000950142-26-001020.txt
HERSHEY TRUST CO TRUSTEE IN TRUST FOR MILTON HERSHEY SCHOOL,,2026-03-31,2026-04-01,952,211.3859,201239.38,D,S,1947263,True,False,False,0000950142-26-001020,https://www.sec.gov/Archives/edgar/data/47111/000095014226001020/0000950142-26-001020.txt
HERSHEY TRUST CO TRUSTEE IN TRUST FOR MILTON HERSHEY SCHOOL,,2026-03-31,2026-04-01,244,212.2128,51779.92,D,S,1947019,True,False,False,0000950142-26-001020,https://www.sec.gov/Archives/edgar/data/47111/000095014226001020/0000950142-26-001020.txt
HERSHEY TRUST CO TRUSTEE IN TRUST FOR MILTON HERSHEY SCHOOL,,2026-03-31,2026-04-01,531,213.5121,113374.93,D,S,1946488,True,False,False,0000950142-26-001020,https://www.sec.gov/Archives/edgar/data/47111/000095014226001020/0000950142-26-001020.txt
HERSHEY TRUST CO TRUSTEE IN TRUST FOR MILTON HERSHEY SCHOOL,,2026-03-31,2026-04-01,259,214.463,55545.92,D,S,1946229,True,False,False,0000950142-26-001020,https://www.sec.gov/Archives/edgar/data/47111/000095014226001020/0000950142-26-001020.txt
HERSHEY TRUST CO TRUSTEE IN TRUST FOR MILTON HERSHEY SCHOOL,,2026-03-31,2026-04-01,110,215.0655,23657.2,D,S,1946119,True,False,False,0000950142-26-001020,https://www.sec.gov/Archives/edgar/data/47111/000095014226001020/0000950142-26-001020.txt
HERSHEY TRUST CO TRUSTEE IN TRUST FOR MILTON HERSHEY SCHOOL,,2026-03-30,2026-04-01,46,211.9374,9749.12,D,S,1966073,True,False,False,0000950142-26-001020,https://www.sec.gov/Archives/edgar/data/47111/000095014226001020/0000950142-26-001020.txt
HERSHEY TRUST CO TRUSTEE IN TRUST FOR MILTON HERSHEY SCHOOL,,2026-03-30,2026-04-01,415,212.6634,88255.31,D,S,1965658,True,False,False,0000950142-26-001020,https://www.sec.gov/Archives/edgar/data/47111/000095014226001020/0000950142-26-001020.txt
HERSHEY TRUST CO TRUSTEE IN TRUST FOR MILTON HERSHEY SCHOOL,,2026-03-30,2026-04-01,7231,213.5724,1544342.02,D,S,1958427,True,False,False,0000950142-26-001020,https://www.sec.gov/Archives/edgar/data/47111/000095014226001020/0000950142-26-001020.txt
HERSHEY TRUST CO TRUSTEE IN TRUST FOR MILTON HERSHEY SCHOOL,,2026-03-30,2026-04-01,2274,214.2219,487140.6,D,S,1956153,True,False,False,0000950142-26-001020,https://www.sec.gov/Archives/edgar/data/47111/000095014226001020/0000950142-26-001020.txt
HERSHEY TRUST CO TRUSTEE IN TRUST FOR MILTON HERSHEY SCHOOL,,2026-03-30,2026-04-01,34,215.0586,7311.99,D,S,1956119,True,False,False,0000950142-26-001020,https://www.sec.gov/Archives/edgar/data/47111/000095014226001020/0000950142-26-001020.txt
HERSHEY TRUST CO TRUSTEE IN TRUST FOR MILTON HERSHEY SCHOOL,,2026-03-27,2026-03-27,254,210.6252,53498.8,D,S,1975865,True,False,False,0000950142-26-000895,https://www.sec.gov/Archives/edgar/data/47111/000095014226000895/0000950142-26-000895.txt
HERSHEY TRUST CO TRUSTEE IN TRUST FOR MILTON HERSHEY SCHOOL,,2026-03-27,2026-03-27,91,211.6069,19256.23,D,S,1975774,True,False,False,0000950142-26-000895,https://www.sec.gov/Archives/edgar/data/47111/000095014226000895/0000950142-26-000895.txt
HERSHEY TRUST CO TRUSTEE IN TRUST FOR MILTON HERSHEY SCHOOL,,2026-03-27,2026-03-27,1437,212.7623,305739.43,D,S,1974337,True,False,False,0000950142-26-000895,https://www.sec.gov/Archives/edgar/data/47111/000095014226000895/0000950142-26-000895.txt
HERSHEY TRUST CO TRUSTEE IN TRUST FOR MILTON HERSHEY SCHOOL,,2026-03-27,2026-03-27,4194,213.5951,895817.85,D,S,1970143,True,False,False,0000950142-26-000895,https://www.sec.gov/Archives/edgar/data/47111/000095014226000895/0000950142-26-000895.txt
HERSHEY TRUST CO TRUSTEE IN TRUST FOR MILTON HERSHEY SCHOOL,,2026-03-27,2026-03-27,2873,214.5348,616358.48,D,S,1967270,True,False,False,0000950142-26-000895,https://www.sec.gov/Archives/edgar/data/47111/000095014226000895/0000950142-26-000895.txt
HERSHEY TRUST CO TRUSTEE IN TRUST FOR MILTON HERSHEY SCHOOL,,2026-03-27,2026-03-27,1151,215.2431,247744.81,D,S,1966119,True,False,False,0000950142-26-000895,https://www.sec.gov/Archives/edgar/data/47111/000095014226000895/0000950142-26-000895.txt
HERSHEY TRUST CO TRUSTEE IN TRUST FOR MILTON HERSHEY SCHOOL,,2026-03-26,2026-03-27,20,209.98,4199.6,D,S,1986099,True,False,False,0000950142-26-000895,https://www.sec.gov/Archives/edgar/data/47111/000095014226000895/0000950142-26-000895.txt
HERSHEY TRUST CO TRUSTEE IN TRUST FOR MILTON HERSHEY SCHOOL,,2026-03-26,2026-03-27,3759,210.4749,791175.15,D,S,1982340,True,False,False,0000950142-26-000895,https://www.sec.gov/Archives/edgar/data/47111/000095014226000895/0000950142-26-000895.txt
HERSHEY TRUST CO TRUSTEE IN TRUST FOR MILTON HERSHEY SCHOOL,,2026-03-26,2026-03-27,1810,211.341,382527.21,D,S,1980530,True,False,False,0000950142-26-000895,https://www.sec.gov/Archives/edgar/data/47111/000095014226000895/0000950142-26-000895.txt
HERSHEY TRUST CO TRUSTEE IN TRUST FOR MILTON HERSHEY SCHOOL,,2026-03-26,2026-03-27,1511,212.5063,321097.02,D,S,1979019,True,False,False,0000950142-26-000895,https://www.sec.gov/Archives/edgar/data/47111/000095014226000895/0000950142-26-000895.txt
HERSHEY TRUST CO TRUSTEE IN TRUST FOR MILTON HERSHEY SCHOOL,,2026-03-26,2026-03-27,903,213.1924,192512.74,D,S,1978116,True,False,False,0000950142-26-000895,https://www.sec.gov/Archives/edgar/data/47111/000095014226000895/0000950142-26-000895.txt
HERSHEY TRUST CO TRUSTEE IN TRUST FOR MILTON HERSHEY SCHOOL,,2026-03-26,2026-03-27,860,215.6644,185471.38,D,S,1977256,True,False,False,0000950142-26-000895,https://www.sec.gov/Archives/edgar/data/47111/000095014226000895/0000950142-26-000895.txt
HERSHEY TRUST CO TRUSTEE IN TRUST FOR MILTON HERSHEY SCHOOL,,2026-03-26,2026-03-27,1136,216.3939,245823.47,D,S,1976120,True,False,False,0000950142-26-000895,https://www.sec.gov/Archives/edgar/data/47111/000095014226000895/0000950142-26-000895.txt
HERSHEY TRUST CO TRUSTEE IN TRUST FOR MILTON HERSHEY SCHOOL,,2026-03-26,2026-03-27,1,217.01,217.01,D,S,1976119,True,False,False,0000950142-26-000895,https://www.sec.gov/Archives/edgar/data/47111/000095014226000895/0000950142-26-000895.txt
HERSHEY TRUST CO TRUSTEE IN TRUST FOR MILTON HERSHEY SCHOOL,,2026-03-25,2026-03-27,300,212.6387,63791.61,D,S,1995819,True,False,False,0000950142-26-000895,https://www.sec.gov/Archives/edgar/data/47111/000095014226000895/0000950142-26-000895.txt
HERSHEY TRUST CO TRUSTEE IN TRUST FOR MILTON HERSHEY SCHOOL,,2026-03-25,2026-03-27,600,213.4164,128049.84,D,S,1995219,True,False,False,0000950142-26-000895,https://www.sec.gov/Archives/edgar/data/47111/000095014226000895/0000950142-26-000895.txt
HERSHEY TRUST CO TRUSTEE IN TRUST FOR MILTON HERSHEY SCHOOL,,2026-03-25,2026-03-27,700,214.6774,150274.18,D,S,1994519,True,False,False,0000950142-26-000895,https://www.sec.gov/Archives/edgar/data/47111/000095014226000895/0000950142-26-000895.txt
HERSHEY TRUST CO TRUSTEE IN TRUST FOR MILTON HERSHEY SCHOOL,,2026-03-25,2026-03-27,1675,215.5373,361024.98,D,S,1992844,True,False,False,0000950142-26-000895,https://www.sec.gov/Archives/edgar/data/47111/000095014226000895/0000950142-26-000895.txt
HERSHEY TRUST CO TRUSTEE IN TRUST FOR MILTON HERSHEY SCHOOL,,2026-03-25,2026-03-27,1185,216.5819,256649.55,D,S,1991659,True,False,False,0000950142-26-000895,https://www.sec.gov/Archives/edgar/data/47111/000095014226000895/0000950142-26-000895.txt
HERSHEY TRUST CO TRUSTEE IN TRUST FOR MILTON HERSHEY SCHOOL,,2026-03-25,2026-03-27,5540,217.0948,1202705.19,D,S,1986119,True,False,False,0000950142-26-000895,https://www.sec.gov/Archives/edgar/data/47111/000095014226000895/0000950142-26-000895.txt
HERSHEY TRUST CO TRUSTEE IN TRUST FOR MILTON HERSHEY SCHOOL,,2026-03-24,2026-03-25,451,213.6674,96364.0,D,S,2005668,True,False,False,0000950142-26-000842,https://www.sec.gov/Archives/edgar/data/47111/000095014226000842/0000950142-26-000842.txt
HERSHEY TRUST CO TRUSTEE IN TRUST FOR MILTON HERSHEY SCHOOL,,2026-03-24,2026-03-25,713,214.4196,152881.17,D,S,2004955,True,False,False,0000950142-26-000842,https://www.sec.gov/Archives/edgar/data/47111/000095014226000842/0000950142-26-000842.txt
HERSHEY TRUST CO TRUSTEE IN TRUST FOR MILTON HERSHEY SCHOOL,,2026-03-24,2026-03-25,4247,215.386,914744.34,D,S,2000708,True,False,False,0000950142-26-000842,https://www.sec.gov/Archives/edgar/data/47111/000095014226000842/0000950142-26-000842.txt
HERSHEY TRUST CO TRUSTEE IN TRUST FOR MILTON HERSHEY SCHOOL,,2026-03-24,2026-03-25,4192,216.5671,907849.28,D,S,1996516,True,False,False,0000950142-26-000842,https://www.sec.gov/Archives/edgar/data/47111/000095014226000842/0000950142-26-000842.txt
HERSHEY TRUST CO TRUSTEE IN TRUST FOR MILTON HERSHEY SCHOOL,,2026-03-24,2026-03-25,397,217.0683,86176.12,D,S,1996119,True,False,False,0000950142-26-000842,https://www.sec.gov/Archives/edgar/data/47111/000095014226000842/0000950142-26-000842.txt
HERSHEY TRUST CO TRUSTEE IN TRUST FOR MILTON HERSHEY SCHOOL,,2026-03-23,2026-03-25,146,210.7621,30771.27,D,S,2015973,True,False,False,0000950142-26-000842,https://www.sec.gov/Archives/edgar/data/47111/000095014226000842/0000950142-26-000842.txt
HERSHEY TRUST CO TRUSTEE IN TRUST FOR MILTON HERSHEY SCHOOL,,2026-03-23,2026-03-25,248,211.4102,52429.73,D,S,2015725,True,False,False,0000950142-26-000842,https://www.sec.gov/Archives/edgar/data/47111/000095014226000842/0000950142-26-000842.txt
HERSHEY TRUST CO TRUSTEE IN TRUST FOR MILTON HERSHEY SCHOOL,,2026-03-23,2026-03-25,263,212.5024,55888.13,D,S,2015462,True,False,False,0000950142-26-000842,https://www.sec.gov/Archives/edgar/data/47111/000095014226000842/0000950142-26-000842.txt
HERSHEY TRUST CO TRUSTEE IN TRUST FOR MILTON HERSHEY SCHOOL,,2026-03-23,2026-03-25,517,213.6101,110436.42,D,S,2014945,True,False,False,0000950142-26-000842,https://www.sec.gov/Archives/edgar/data/47111/000095014226000842/0000950142-26-000842.txt
HERSHEY TRUST CO TRUSTEE IN TRUST FOR MILTON HERSHEY SCHOOL,,2026-03-23,2026-03-25,2266,214.5993,486282.01,D,S,2012679,True,False,False,0000950142-26-000842,https://www.sec.gov/Archives/edgar/data/47111/000095014226000842/0000950142-26-000842.txt
HERSHEY TRUST CO TRUSTEE IN TRUST FOR MILTON HERSHEY SCHOOL,,2026-03-23,2026-03-25,6150,215.3591,1324458.47,D,S,2006529,True,False,False,0000950142-26-000842,https://www.sec.gov/Archives/edgar/data/47111/000095014226000842/0000950142-26-000842.txt
HERSHEY TRUST CO TRUSTEE IN TRUST FOR MILTON HERSHEY SCHOOL,,2026-03-23,2026-03-25,410,216.1361,88615.8,D,S,2006119,True,False,False,0000950142-26-000842,https://www.sec.gov/Archives/edgar/data/47111/000095014226000842/0000950142-26-000842.txt
HERSHEY TRUST CO TRUSTEE IN TRUST FOR MILTON HERSHEY SCHOOL,,2026-03-20,2026-03-20,571,209.6439,119706.67,D,S,2025548,True,False,False,0000950142-26-000797,https://www.sec.gov/Archives/edgar/data/47111/000095014226000797/0000950142-26-000797.txt
HERSHEY TRUST CO TRUSTEE IN TRUST FOR MILTON HERSHEY SCHOOL,,2026-03-20,2026-03-20,7110,210.212,1494607.32,D,S,2018438,True,False,False,0000950142-26-000797,https://www.sec.gov/Archives/edgar/data/47111/000095014226000797/0000950142-26-000797.txt
HERSHEY TRUST CO TRUSTEE IN TRUST FOR MILTON HERSHEY SCHOOL,,2026-03-20,2026-03-20,2268,211.5831,479870.47,D,S,2016170,True,False,False,0000950142-26-000797,https://www.sec.gov/Archives/edgar/data/47111/000095014226000797/0000950142-26-000797.txt
HERSHEY TRUST CO TRUSTEE IN TRUST FOR MILTON HERSHEY SCHOOL,,2026-03-20,2026-03-20,51,212.0913,10816.66,D,S,2016119,True,False,False,0000950142-26-000797,https://www.sec.gov/Archives/edgar/data/47111/000095014226000797/0000950142-26-000797.txt
Voskuil Steven E,"SVP, Chief Financial Officer",2026-03-19,2026-03-23,674,210.58,141930.92,D,F,59195,False,False,True,0000047111-26-000139,https://www.sec.gov/Archives/edgar/data/47111/000004711126000139/0000047111-26-000139.txt
Villasenor Vero,"President, Salty Snacks",2026-03-19,2026-03-23,132,210.58,27796.56,D,F,21418,False,False,True,0000047111-26-000137,https://www.sec.gov/Archives/edgar/data/47111/000004711126000137/0000047111-26-000137.txt
Turoff James,"SVP, GC & Secretary",2026-03-19,2026-03-23,407,210.58,85706.06,D,F,30520,False,False,True,0000047111-26-000135,https://www.sec.gov/Archives/edgar/data/47111/000004711126000135/0000047111-26-000135.txt
Reiman Jason,SVP Chief Supply Chain Officer,2026-03-19,2026-03-23,503,210.58,105921.74,D,F,47567,False,False,True,0000047111-26-000133,https://www.sec.gov/Archives/edgar/data/47111/000004711126000133/0000047111-26-000133.txt
McCalman Jennifer,"VP, Chief Accounting Officer",2026-03-19,2026-03-23,82,210.58,17267.56,D,F,4296,False,False,True,0000047111-26-000131,https://www.sec.gov/Archives/edgar/data/47111/000004711126000131/0000047111-26-000131.txt
HERSHEY TRUST CO TRUSTEE IN TRUST FOR MILTON HERSHEY SCHOOL,,2026-03-19,2026-03-20,919,209.5141,192543.46,D,S,2035200,True,False,False,0000950142-26-000797,https://www.sec.gov/Archives/edgar/data/47111/000095014226000797/0000950142-26-000797.txt
HERSHEY TRUST CO TRUSTEE IN TRUST FOR MILTON HERSHEY SCHOOL,,2026-03-19,2026-03-20,4918,210.6382,1035918.67,D,S,2030282,True,False,False,0000950142-26-000797,https://www.sec.gov/Archives/edgar/data/47111/000095014226000797/0000950142-26-000797.txt
HERSHEY TRUST CO TRUSTEE IN TRUST FOR MILTON HERSHEY SCHOOL,,2026-03-19,2026-03-20,3754,211.4595,793818.96,D,S,2026528,True,False,False,0000950142-26-000797,https://www.sec.gov/Archives/edgar/data/47111/000095014226000797/0000950142-26-000797.txt
HERSHEY TRUST CO TRUSTEE IN TRUST FOR MILTON HERSHEY SCHOOL,,2026-03-19,2026-03-20,409,212.0929,86746.0,D,S,2026119,True,False,False,0000950142-26-000797,https://www.sec.gov/Archives/edgar/data/47111/000095014226000797/0000950142-26-000797.txt
Bhatia Deepak,"SVP, Chief Technology Officer",2026-03-19,2026-03-23,508,210.58,106974.64,D,F,49645,False,False,True,0000047111-26-000129,https://www.sec.gov/Archives/edgar/data/47111/000004711126000129/0000047111-26-000129.txt
Archambault Matthew Andrew,"President, U.S. Confection",2026-03-19,2026-03-23,3318,210.58,698704.44,D,F,48132,False,False,True,0000047111-26-000127,https://www.sec.gov/Archives/edgar/data/47111/000004711126000127/0000047111-26-000127.txt
Voskuil Steven E,"SVP, Chief Financial Officer",2026-03-18,2026-03-19,1500,216.71,325065.0,D,S,59869,True,False,True,0000047111-26-000118,https://www.sec.gov/Archives/edgar/data/47111/000004711126000118/0000047111-26-000118.txt
HERSHEY TRUST CO TRUSTEE IN TRUST FOR MILTON HERSHEY SCHOOL,,2026-03-18,2026-03-20,3703,212.6412,787410.36,D,S,2042416,True,False,False,0000950142-26-000797,https://www.sec.gov/Archives/edgar/data/47111/000095014226000797/0000950142-26-000797.txt
HERSHEY TRUST CO TRUSTEE IN TRUST FOR MILTON HERSHEY SCHOOL,,2026-03-18,2026-03-20,1102,213.3039,235060.9,D,S,2041314,True,False,False,0000950142-26-000797,https://www.sec.gov/Archives/edgar/data/47111/000095014226000797/0000950142-26-000797.txt
HERSHEY TRUST CO TRUSTEE IN TRUST FOR MILTON HERSHEY SCHOOL,,2026-03-18,2026-03-20,1039,214.5707,222938.96,D,S,2040275,True,False,False,0000950142-26-000797,https://www.sec.gov/Archives/edgar/data/47111/000095014226000797/0000950142-26-000797.txt
HERSHEY TRUST CO TRUSTEE IN TRUST FOR MILTON HERSHEY SCHOOL,,2026-03-18,2026-03-20,1714,215.5782,369501.03,D,S,2038561,True,False,False,0000950142-26-000797,https://www.sec.gov/Archives/edgar/data/47111/000095014226000797/0000950142-26-000797.txt
HERSHEY TRUST CO TRUSTEE IN TRUST FOR MILTON HERSHEY SCHOOL,,2026-03-18,2026-03-20,2421,216.4291,523974.85,D,S,2036140,True,False,False,0000950142-26-000797,https://www.sec.gov/Archives/edgar/data/47111/000095014226000797/0000950142-26-000797.txt
HERSHEY TRUST CO TRUSTEE IN TRUST FOR MILTON HERSHEY SCHOOL,,2026-03-18,2026-03-20,21,217.1248,4559.62,D,S,2036119,True,False,False,0000950142-26-000797,https://www.sec.gov/Archives/edgar/data/47111/000095014226000797/0000950142-26-000797.txt
HERSHEY TRUST CO TRUSTEE IN TRUST FOR MILTON HERSHEY SCHOOL,,2026-03-17,2026-03-18,543,215.5715,117055.32,D,S,2055576,True,False,False,0000950142-26-000773,https://www.sec.gov/Archives/edgar/data/47111/000095014226000773/0000950142-26-000773.txt
HERSHEY TRUST CO TRUSTEE IN TRUST FOR MILTON HERSHEY SCHOOL,,2026-03-17,2026-03-18,2214,216.7372,479856.16,D,S,2053362,True,False,False,0000950142-26-000773,https://www.sec.gov/Archives/edgar/data/47111/000095014226000773/0000950142-26-000773.txt
HERSHEY TRUST CO TRUSTEE IN TRUST FOR MILTON HERSHEY SCHOOL,,2026-03-17,2026-03-18,7068,217.5071,1537340.18,D,S,2046294,True,False,False,0000950142-26-000773,https://www.sec.gov/Archives/edgar/data/47111/000095014226000773/0000950142-26-000773.txt
HERSHEY TRUST CO TRUSTEE IN TRUST FOR MILTON HERSHEY SCHOOL,,2026-03-17,2026-03-18,51,218.6541,11151.36,D,S,2046243,True,False,False,0000950142-26-000773,https://www.sec.gov/Archives/edgar/data/47111/000095014226000773/0000950142-26-000773.txt
HERSHEY TRUST CO TRUSTEE IN TRUST FOR MILTON HERSHEY SCHOOL,,2026-03-17,2026-03-18,10,219.3951,2193.95,D,S,2046233,True,False,False,0000950142-26-000773,https://www.sec.gov/Archives/edgar/data/47111/000095014226000773/0000950142-26-000773.txt
HERSHEY TRUST CO TRUSTEE IN TRUST FOR MILTON HERSHEY SCHOOL,,2026-03-17,2026-03-18,114,220.7327,25163.53,D,S,2046119,True,False,False,0000950142-26-000773,https://www.sec.gov/Archives/edgar/data/47111/000095014226000773/0000950142-26-000773.txt
Nalebuff Barry James,,2026-03-16,2026-03-18,119,220.11,26193.09,A,A,1371,False,True,False,0000047111-26-000115,https://www.sec.gov/Archives/edgar/data/47111/000004711126000115/0000047111-26-000115.txt
HERSHEY TRUST CO TRUSTEE IN TRUST FOR MILTON HERSHEY SCHOOL,,2026-03-16,2026-03-18,470,218.5417,102714.6,D,S,2065649,True,False,False,0000950142-26-000773,https://www.sec.gov/Archives/edgar/data/47111/000095014226000773/0000950142-26-000773.txt
HERSHEY TRUST CO TRUSTEE IN TRUST FOR MILTON HERSHEY SCHOOL,,2026-03-16,2026-03-18,4592,219.5859,1008338.45,D,S,2061057,True,False,False,0000950142-26-000773,https://www.sec.gov/Archives/edgar/data/47111/000095014226000773/0000950142-26-000773.txt
HERSHEY TRUST CO TRUSTEE IN TRUST FOR MILTON HERSHEY SCHOOL,,2026-03-16,2026-03-18,4700,220.2355,1035106.85,D,S,2056357,True,False,False,0000950142-26-000773,https://www.sec.gov/Archives/edgar/data/47111/000095014226000773/0000950142-26-000773.txt
HERSHEY TRUST CO TRUSTEE IN TRUST FOR MILTON HERSHEY SCHOOL,,2026-03-16,2026-03-18,238,221.2604,52659.98,D,S,2056119,True,False,False,0000950142-26-000773,https://www.sec.gov/Archives/edgar/data/47111/000095014226000773/0000950142-26-000773.txt
Curoe Timothy William,,2026-03-16,2026-03-18,119,220.11,26193.09,A,A,1371,False,True,False,0000047111-26-000113,https://www.sec.gov/Archives/edgar/data/47111/000004711126000113/0000047111-26-000113.txt
Brandt Christopher W,,2026-03-16,2026-03-18,59,220.11,12986.49,A,A,675,False,True,False,0000047111-26-000111,https://www.sec.gov/Archives/edgar/data/47111/000004711126000111/0000047111-26-000111.txt
Voskuil Steven E,"SVP, Chief Financial Officer",2026-02-25,2026-02-27,11309,0.0,0.0,A,A,61502,False,False,True,0000047111-26-000106,https://www.sec.gov/Archives/edgar/data/47111/000004711126000106/0000047111-26-000106.txt
Voskuil Steven E,"SVP, Chief Financial Officer",2026-02-25,2026-02-27,133,229.64,30542.12,D,F,61369,False,False,True,0000047111-26-000106,https://www.sec.gov/Archives/edgar/data/47111/000004711126000106/0000047111-26-000106.txt
Villasenor Vero,"President, Salty Snacks",2026-02-25,2026-02-27,2605,0.0,0.0,A,A,21652,False,False,True,0000047111-26-000104,https://www.sec.gov/Archives/edgar/data/47111/000004711126000104/0000047111-26-000104.txt
Villasenor Vero,"President, Salty Snacks",2026-02-25,2026-02-27,102,229.64,23423.28,D,F,21550,False,False,True,0000047111-26-000104,https://www.sec.gov/Archives/edgar/data/47111/000004711126000104/0000047111-26-000104.txt
Turoff James,"SVP, GC & Secretary",2026-02-25,2026-02-27,6600,0.0,0.0,A,A,31536,False,False,True,0000047111-26-000102,https://www.sec.gov/Archives/edgar/data/47111/000004711126000102/0000047111-26-000102.txt
Turoff James,"SVP, GC & Secretary",2026-02-25,2026-02-27,609,229.64,139850.76,D,F,30927,False,False,True,0000047111-26-000102,https://www.sec.gov/Archives/edgar/data/47111/000004711126000102/0000047111-26-000102.txt
Tanner Kirk,President and CEO,2026-02-25,2026-02-27,18988,0.0,0.0,A,A,66848,False,True,True,0000047111-26-000086,https://www.sec.gov/Archives/edgar/data/47111/000004711126000086/0000047111-26-000086.txt
Taffet Stacy,Chief Growth Officer,2026-02-25,2026-02-27,4027,0.0,0.0,A,A,13398,False,False,True,0000047111-26-000100,https://www.sec.gov/Archives/edgar/data/47111/000004711126000100/0000047111-26-000100.txt
Schechtman Natalie,SVP and CHRO,2026-02-25,2026-02-27,3059,0.0,0.0,A,A,4326,False,False,True,0000047111-26-000098,https://www.sec.gov/Archives/edgar/data/47111/000004711126000098/0000047111-26-000098.txt
Reiman Jason,SVP Chief Supply Chain Officer,2026-02-25,2026-02-27,7811,0.0,0.0,A,A,48847,False,False,True,0000047111-26-000096,https://www.sec.gov/Archives/edgar/data/47111/000004711126000096/0000047111-26-000096.txt
Reiman Jason,SVP Chief Supply Chain Officer,2026-02-25,2026-02-27,777,229.64,178430.28,D,F,48070,False,False,True,0000047111-26-000096,https://www.sec.gov/Archives/edgar/data/47111/000004711126000096/0000047111-26-000096.txt
McCalman Jennifer,"VP, Chief Accounting Officer",2026-02-25,2026-02-27,1626,0.0,0.0,A,A,4508,False,False,True,0000047111-26-000094,https://www.sec.gov/Archives/edgar/data/47111/000004711126000094/0000047111-26-000094.txt
McCalman Jennifer,"VP, Chief Accounting Officer",2026-02-25,2026-02-27,130,229.64,29853.2,D,F,4378,False,False,True,0000047111-26-000094,https://www.sec.gov/Archives/edgar/data/47111/000004711126000094/0000047111-26-000094.txt
Grover Rohit,"President, International",2026-02-25,2026-02-27,6128,0.0,0.0,A,A,40696,False,False,True,0000047111-26-000092,https://www.sec.gov/Archives/edgar/data/47111/000004711126000092/0000047111-26-000092.txt
Bhatia Deepak,"SVP, Chief Technology Officer",2026-02-25,2026-02-27,10319,0.0,0.0,A,A,51422,False,False,True,0000047111-26-000090,https://www.sec.gov/Archives/edgar/data/47111/000004711126000090/0000047111-26-000090.txt
Bhatia Deepak,"SVP, Chief Technology Officer",2026-02-25,2026-02-27,1269,229.64,291413.16,D,F,50153,False,False,True,0000047111-26-000090,https://www.sec.gov/Archives/edgar/data/47111/000004711126000090/0000047111-26-000090.txt
Archambault Matthew Andrew,"President, U.S. Confection",2026-02-25,2026-02-27,7093,0.0,0.0,A,A,51450,False,False,True,0000047111-26-000088,https://www.sec.gov/Archives/edgar/data/47111/000004711126000088/0000047111-26-000088.txt
Reiman Jason,SVP Chief Supply Chain Officer,2026-02-24,2026-02-26,1000,226.07,226070.0,D,S,42036,True,False,True,0000047111-26-000071,https://www.sec.gov/Archives/edgar/data/47111/000004711126000071/0000047111-26-000071.txt
Reiman Jason,SVP Chief Supply Chain Officer,2026-02-24,2026-02-26,1000,226.07,226070.0,D,S,41036,True,False,True,0000047111-26-000071,https://www.sec.gov/Archives/edgar/data/47111/000004711126000071/0000047111-26-000071.txt
Grover Rohit,"President, International",2026-02-24,2026-02-26,1750,226.07,395622.5,D,S,36318,True,False,True,0000047111-26-000073,https://www.sec.gov/Archives/edgar/data/47111/000004711126000073/0000047111-26-000073.txt
Grover Rohit,"President, International",2026-02-24,2026-02-26,1750,226.07,395622.5,D,S,34568,True,False,True,0000047111-26-000073,https://www.sec.gov/Archives/edgar/data/47111/000004711126000073/0000047111-26-000073.txt
Voskuil Steven E,"SVP, Chief Financial Officer",2026-02-23,2026-02-25,626,226.07,141519.82,D,F,50193,False,False,True,0000047111-26-000066,https://www.sec.gov/Archives/edgar/data/47111/000004711126000066/0000047111-26-000066.txt
Villasenor Vero,"President, Salty Snacks",2026-02-23,2026-02-25,127,226.07,28710.89,D,F,19047,False,False,True,0000047111-26-000067,https://www.sec.gov/Archives/edgar/data/47111/000004711126000067/0000047111-26-000067.txt
Turoff James,"SVP, GC & Secretary",2026-02-23,2026-02-25,385,226.07,87036.95,D,F,24936,False,False,True,0000047111-26-000063,https://www.sec.gov/Archives/edgar/data/47111/000004711126000063/0000047111-26-000063.txt
Reiman Jason,SVP Chief Supply Chain Officer,2026-02-23,2026-02-25,496,226.07,112130.72,D,F,43036,False,False,True,0000047111-26-000061,https://www.sec.gov/Archives/edgar/data/47111/000004711126000061/0000047111-26-000061.txt
McCalman Jennifer,"VP, Chief Accounting Officer",2026-02-23,2026-02-25,112,226.07,25319.84,D,F,2882,False,False,True,0000047111-26-000059,https://www.sec.gov/Archives/edgar/data/47111/000004711126000059/0000047111-26-000059.txt
Bhatia Deepak,"SVP, Chief Technology Officer",2026-02-23,2026-02-25,293,226.07,66238.51,D,F,41103,False,False,True,0000047111-26-000057,https://www.sec.gov/Archives/edgar/data/47111/000004711126000057/0000047111-26-000057.txt
Voskuil Steven E,"SVP, Chief Financial Officer",2026-02-18,2026-02-19,1500,219.66,329490.0,D,S,50819,True,False,True,0000047111-26-000043,https://www.sec.gov/Archives/edgar/data/47111/000004711126000043/0000047111-26-000043.txt
Voskuil Steven E,"SVP, Chief Financial Officer",2026-01-20,2026-01-22,1500,198.67,298005.0,D,S,52319,True,False,True,0000047111-26-000040,https://www.sec.gov/Archives/edgar/data/47111/000004711126000040/0000047111-26-000040.txt
