insider,title,transaction_date,filing_date,shares,price,value_usd,acquired_disposed,transaction_code,shares_owned_after,is_10b5_1,is_director,is_officer,accession,source_path
Moore Alexander D.,,2026-07-15,2026-07-17,11800,133.7505,1578255.9,D,S,1099295,True,True,False,0001823952-26-000018,https://www.sec.gov/Archives/edgar/data/1321655/000182395226000018/0001823952-26-000018.txt
Moore Alexander D.,,2026-07-15,2026-07-17,3100,134.5549,417120.19,D,S,1096195,True,True,False,0001823952-26-000018,https://www.sec.gov/Archives/edgar/data/1321655/000182395226000018/0001823952-26-000018.txt
Moore Alexander D.,,2026-07-15,2026-07-17,1000,135.715,135715.0,D,S,1095195,True,True,False,0001823952-26-000018,https://www.sec.gov/Archives/edgar/data/1321655/000182395226000018/0001823952-26-000018.txt
Moore Alexander D.,,2026-07-15,2026-07-17,100,136.79,13679.0,D,S,1095095,True,True,False,0001823952-26-000018,https://www.sec.gov/Archives/edgar/data/1321655/000182395226000018/0001823952-26-000018.txt
Sankar Shyam,See Remarks,2026-07-02,2026-07-07,35000,0.0,0.0,A,C,677786,True,False,True,0001824159-26-000009,https://www.sec.gov/Archives/edgar/data/1321655/000182415926000009/0001824159-26-000009.txt
Sankar Shyam,See Remarks,2026-07-02,2026-07-07,35000,130.0,4550000.0,D,S,642786,True,False,True,0001824159-26-000009,https://www.sec.gov/Archives/edgar/data/1321655/000182415926000009/0001824159-26-000009.txt
Sankar Shyam,See Remarks,2026-07-02,2026-07-07,150000,130.0,19500000.0,D,S,599899,True,False,True,0001824159-26-000009,https://www.sec.gov/Archives/edgar/data/1321655/000182415926000009/0001824159-26-000009.txt
Moore Alexander D.,,2026-06-15,2026-06-17,900,130.4783,117430.47,D,S,1126195,True,True,False,0001823952-26-000016,https://www.sec.gov/Archives/edgar/data/1321655/000182395226000016/0001823952-26-000016.txt
Moore Alexander D.,,2026-06-15,2026-06-17,3600,131.5443,473559.48,D,S,1122595,True,True,False,0001823952-26-000016,https://www.sec.gov/Archives/edgar/data/1321655/000182395226000016/0001823952-26-000016.txt
Moore Alexander D.,,2026-06-15,2026-06-17,500,132.548,66274.0,D,S,1122095,True,True,False,0001823952-26-000016,https://www.sec.gov/Archives/edgar/data/1321655/000182395226000016/0001823952-26-000016.txt
Moore Alexander D.,,2026-06-15,2026-06-17,4000,133.8146,535258.4,D,S,1118095,True,True,False,0001823952-26-000016,https://www.sec.gov/Archives/edgar/data/1321655/000182395226000016/0001823952-26-000016.txt
Moore Alexander D.,,2026-06-15,2026-06-17,7000,134.4404,941082.8,D,S,1111095,True,True,False,0001823952-26-000016,https://www.sec.gov/Archives/edgar/data/1321655/000182395226000016/0001823952-26-000016.txt
Buckley Jeffrey,See Remarks,2026-06-11,2026-06-15,1481,128.8,190752.8,D,S,60226,True,False,True,0001705189-26-000011,https://www.sec.gov/Archives/edgar/data/1321655/000170518926000011/0001705189-26-000011.txt
Woersching Eric H.,,2026-06-04,2026-06-08,2118,0.0,0.0,A,A,4466,False,True,False,0001930526-26-000007,https://www.sec.gov/Archives/edgar/data/1321655/000193052626000007/0001930526-26-000007.txt
Stat Lauren Elaina Friedman,,2026-06-04,2026-06-08,2118,0.0,0.0,A,A,57140,False,True,False,0001840244-26-000012,https://www.sec.gov/Archives/edgar/data/1321655/000184024426000012/0001840244-26-000012.txt
Schiff Alexandra W.,,2026-06-04,2026-06-08,2118,0.0,0.0,A,A,189083,False,True,False,0001823944-26-000007,https://www.sec.gov/Archives/edgar/data/1321655/000182394426000007/0001823944-26-000007.txt
Moore Alexander D.,,2026-06-04,2026-06-08,2118,0.0,0.0,A,A,1127096,False,True,False,0001823952-26-000014,https://www.sec.gov/Archives/edgar/data/1321655/000182395226000014/0001823952-26-000014.txt
Stat Lauren Elaina Friedman,,2026-06-01,2026-06-02,1598,160.0,255680.0,D,S,55022,True,True,False,0001840244-26-000010,https://www.sec.gov/Archives/edgar/data/1321655/000184024426000010/0001840244-26-000010.txt
Stat Lauren Elaina Friedman,,2026-05-29,2026-06-02,1667,150.0,250050.0,D,S,56620,True,True,False,0001840244-26-000010,https://www.sec.gov/Archives/edgar/data/1321655/000184024426000010/0001840244-26-000010.txt
Buckley Jeffrey,See Remarks,2026-05-22,2026-05-22,830,137.41,114050.3,D,S,61707,True,False,True,0001705189-26-000009,https://www.sec.gov/Archives/edgar/data/1321655/000170518926000009/0001705189-26-000009.txt
Taylor Ryan D.,See Remarks,2026-05-20,2026-05-22,328,132.9528,43608.52,D,S,219093,False,False,True,0001823923-26-000009,https://www.sec.gov/Archives/edgar/data/1321655/000182392326000009/0001823923-26-000009.txt
Taylor Ryan D.,See Remarks,2026-05-20,2026-05-22,856,134.2027,114877.51,D,S,218237,False,False,True,0001823923-26-000009,https://www.sec.gov/Archives/edgar/data/1321655/000182392326000009/0001823923-26-000009.txt
Taylor Ryan D.,See Remarks,2026-05-20,2026-05-22,1364,135.0886,184260.85,D,S,216873,False,False,True,0001823923-26-000009,https://www.sec.gov/Archives/edgar/data/1321655/000182392326000009/0001823923-26-000009.txt
Taylor Ryan D.,See Remarks,2026-05-20,2026-05-22,11074,136.0811,1506962.1,D,S,205799,False,False,True,0001823923-26-000009,https://www.sec.gov/Archives/edgar/data/1321655/000182392326000009/0001823923-26-000009.txt
Taylor Ryan D.,See Remarks,2026-05-20,2026-05-22,6040,136.6143,825150.37,D,S,199759,False,False,True,0001823923-26-000009,https://www.sec.gov/Archives/edgar/data/1321655/000182392326000009/0001823923-26-000009.txt
Sankar Shyam,See Remarks,2026-05-20,2026-05-22,165514,0.0,0.0,A,C,808300,False,False,True,0001824159-26-000007,https://www.sec.gov/Archives/edgar/data/1321655/000182415926000007/0001824159-26-000007.txt
Sankar Shyam,See Remarks,2026-05-20,2026-05-22,2761,132.9528,367082.68,D,S,805539,False,False,True,0001824159-26-000007,https://www.sec.gov/Archives/edgar/data/1321655/000182415926000007/0001824159-26-000007.txt
Sankar Shyam,See Remarks,2026-05-20,2026-05-22,7203,134.2027,966662.05,D,S,798336,False,False,True,0001824159-26-000007,https://www.sec.gov/Archives/edgar/data/1321655/000182415926000007/0001824159-26-000007.txt
Sankar Shyam,See Remarks,2026-05-20,2026-05-22,11483,135.0886,1551222.39,D,S,786853,False,False,True,0001824159-26-000007,https://www.sec.gov/Archives/edgar/data/1321655/000182415926000007/0001824159-26-000007.txt
Sankar Shyam,See Remarks,2026-05-20,2026-05-22,93218,136.0811,12685207.98,D,S,693635,False,False,True,0001824159-26-000007,https://www.sec.gov/Archives/edgar/data/1321655/000182415926000007/0001824159-26-000007.txt
Sankar Shyam,See Remarks,2026-05-20,2026-05-22,50849,136.6143,6946700.54,D,S,642786,False,False,True,0001824159-26-000007,https://www.sec.gov/Archives/edgar/data/1321655/000182415926000007/0001824159-26-000007.txt
Karp Alexander C.,See Remarks,2026-05-20,2026-05-22,397744,0.0,0.0,A,C,6830002,False,True,True,0001823951-26-000007,https://www.sec.gov/Archives/edgar/data/1321655/000182395126000007/0001823951-26-000007.txt
Karp Alexander C.,See Remarks,2026-05-20,2026-05-22,6635,132.9528,882141.83,D,S,6823367,False,True,True,0001823951-26-000007,https://www.sec.gov/Archives/edgar/data/1321655/000182395126000007/0001823951-26-000007.txt
Karp Alexander C.,See Remarks,2026-05-20,2026-05-22,17310,134.2027,2323048.74,D,S,6806057,False,True,True,0001823951-26-000007,https://www.sec.gov/Archives/edgar/data/1321655/000182395126000007/0001823951-26-000007.txt
Karp Alexander C.,See Remarks,2026-05-20,2026-05-22,27595,135.0886,3727769.92,D,S,6778462,False,True,True,0001823951-26-000007,https://www.sec.gov/Archives/edgar/data/1321655/000182395126000007/0001823951-26-000007.txt
Karp Alexander C.,See Remarks,2026-05-20,2026-05-22,224009,136.0811,30483391.13,D,S,6554453,False,True,True,0001823951-26-000007,https://www.sec.gov/Archives/edgar/data/1321655/000182395126000007/0001823951-26-000007.txt
Karp Alexander C.,See Remarks,2026-05-20,2026-05-22,122195,136.6143,16693584.39,D,S,6432258,False,True,True,0001823951-26-000007,https://www.sec.gov/Archives/edgar/data/1321655/000182395126000007/0001823951-26-000007.txt
Glazer David A.,See Remarks,2026-05-20,2026-05-22,286,132.9528,38024.5,D,S,392084,False,False,True,0001823940-26-000008,https://www.sec.gov/Archives/edgar/data/1321655/000182394026000008/0001823940-26-000008.txt
Glazer David A.,See Remarks,2026-05-20,2026-05-22,745,134.2027,99981.01,D,S,391339,False,False,True,0001823940-26-000008,https://www.sec.gov/Archives/edgar/data/1321655/000182394026000008/0001823940-26-000008.txt
Glazer David A.,See Remarks,2026-05-20,2026-05-22,1188,135.0886,160485.26,D,S,390151,False,False,True,0001823940-26-000008,https://www.sec.gov/Archives/edgar/data/1321655/000182394026000008/0001823940-26-000008.txt
Glazer David A.,See Remarks,2026-05-20,2026-05-22,9647,136.0811,1312774.37,D,S,380504,False,False,True,0001823940-26-000008,https://www.sec.gov/Archives/edgar/data/1321655/000182394026000008/0001823940-26-000008.txt
Glazer David A.,See Remarks,2026-05-20,2026-05-22,5262,136.6143,718864.45,D,S,375242,False,False,True,0001823940-26-000008,https://www.sec.gov/Archives/edgar/data/1321655/000182394026000008/0001823940-26-000008.txt
Cohen Stephen Andrew,See Remarks,2026-05-20,2026-05-22,319934,0.0,0.0,A,C,320526,False,True,True,0001823920-26-000007,https://www.sec.gov/Archives/edgar/data/1321655/000182392026000007/0001823920-26-000007.txt
Cohen Stephen Andrew,See Remarks,2026-05-20,2026-05-22,5337,132.9528,709569.09,D,S,315189,False,True,True,0001823920-26-000007,https://www.sec.gov/Archives/edgar/data/1321655/000182392026000007/0001823920-26-000007.txt
Cohen Stephen Andrew,See Remarks,2026-05-20,2026-05-22,13923,134.2027,1868504.19,D,S,301266,False,True,True,0001823920-26-000007,https://www.sec.gov/Archives/edgar/data/1321655/000182392026000007/0001823920-26-000007.txt
Cohen Stephen Andrew,See Remarks,2026-05-20,2026-05-22,22196,135.0886,2998426.57,D,S,279070,False,True,True,0001823920-26-000007,https://www.sec.gov/Archives/edgar/data/1321655/000182392026000007/0001823920-26-000007.txt
Cohen Stephen Andrew,See Remarks,2026-05-20,2026-05-22,180187,136.0811,24520045.17,D,S,98883,False,True,True,0001823920-26-000007,https://www.sec.gov/Archives/edgar/data/1321655/000182392026000007/0001823920-26-000007.txt
Cohen Stephen Andrew,See Remarks,2026-05-20,2026-05-22,98291,136.6143,13427956.16,D,S,592,False,True,True,0001823920-26-000007,https://www.sec.gov/Archives/edgar/data/1321655/000182392026000007/0001823920-26-000007.txt
Buckley Jeffrey,See Remarks,2026-05-20,2026-05-22,29,132.9528,3855.63,D,S,64220,True,False,True,0001705189-26-000009,https://www.sec.gov/Archives/edgar/data/1321655/000170518926000009/0001705189-26-000009.txt
Buckley Jeffrey,See Remarks,2026-05-20,2026-05-22,74,134.2027,9931.0,D,S,64146,True,False,True,0001705189-26-000009,https://www.sec.gov/Archives/edgar/data/1321655/000170518926000009/0001705189-26-000009.txt
Buckley Jeffrey,See Remarks,2026-05-20,2026-05-22,119,135.0886,16075.54,D,S,64027,True,False,True,0001705189-26-000009,https://www.sec.gov/Archives/edgar/data/1321655/000170518926000009/0001705189-26-000009.txt
Buckley Jeffrey,See Remarks,2026-05-20,2026-05-22,964,136.0811,131182.18,D,S,63063,True,False,True,0001705189-26-000009,https://www.sec.gov/Archives/edgar/data/1321655/000170518926000009/0001705189-26-000009.txt
Buckley Jeffrey,See Remarks,2026-05-20,2026-05-22,526,136.6143,71859.12,D,S,62537,True,False,True,0001705189-26-000009,https://www.sec.gov/Archives/edgar/data/1321655/000170518926000009/0001705189-26-000009.txt
Moore Alexander D.,,2026-05-15,2026-05-19,2100,133.0538,279412.98,D,S,1138878,True,True,False,0001823952-26-000012,https://www.sec.gov/Archives/edgar/data/1321655/000182395226000012/0001823952-26-000012.txt
Moore Alexander D.,,2026-05-15,2026-05-19,10800,133.9692,1446867.36,D,S,1128078,True,True,False,0001823952-26-000012,https://www.sec.gov/Archives/edgar/data/1321655/000182395226000012/0001823952-26-000012.txt
Moore Alexander D.,,2026-05-15,2026-05-19,3000,134.9457,404837.1,D,S,1125078,True,True,False,0001823952-26-000012,https://www.sec.gov/Archives/edgar/data/1321655/000182395226000012/0001823952-26-000012.txt
Moore Alexander D.,,2026-05-15,2026-05-19,100,135.455,13545.5,D,S,1124978,True,True,False,0001823952-26-000012,https://www.sec.gov/Archives/edgar/data/1321655/000182395226000012/0001823952-26-000012.txt
Buckley Jeffrey,See Remarks,2026-04-26,2026-04-28,21141,0.0,0.0,A,A,64249,False,False,True,0001705189-26-000008,https://www.sec.gov/Archives/edgar/data/1321655/000170518926000008/0001705189-26-000008.txt
Moore Alexander D.,,2026-04-15,2026-04-17,500,135.704,67852.0,D,S,1156478,True,True,False,0001823952-26-000010,https://www.sec.gov/Archives/edgar/data/1321655/000182395226000010/0001823952-26-000010.txt
Moore Alexander D.,,2026-04-15,2026-04-17,1037,136.6768,141733.84,D,S,1155441,True,True,False,0001823952-26-000010,https://www.sec.gov/Archives/edgar/data/1321655/000182395226000010/0001823952-26-000010.txt
Moore Alexander D.,,2026-04-15,2026-04-17,3603,137.8116,496535.19,D,S,1151838,True,True,False,0001823952-26-000010,https://www.sec.gov/Archives/edgar/data/1321655/000182395226000010/0001823952-26-000010.txt
Moore Alexander D.,,2026-04-15,2026-04-17,2353,138.734,326441.1,D,S,1149485,True,True,False,0001823952-26-000010,https://www.sec.gov/Archives/edgar/data/1321655/000182395226000010/0001823952-26-000010.txt
Moore Alexander D.,,2026-04-15,2026-04-17,3353,139.732,468521.4,D,S,1146132,True,True,False,0001823952-26-000010,https://www.sec.gov/Archives/edgar/data/1321655/000182395226000010/0001823952-26-000010.txt
Moore Alexander D.,,2026-04-15,2026-04-17,1596,140.4554,224166.82,D,S,1144536,True,True,False,0001823952-26-000010,https://www.sec.gov/Archives/edgar/data/1321655/000182395226000010/0001823952-26-000010.txt
Moore Alexander D.,,2026-04-15,2026-04-17,3342,142.0014,474568.68,D,S,1141194,True,True,False,0001823952-26-000010,https://www.sec.gov/Archives/edgar/data/1321655/000182395226000010/0001823952-26-000010.txt
Moore Alexander D.,,2026-04-15,2026-04-17,216,142.414,30761.42,D,S,1140978,True,True,False,0001823952-26-000010,https://www.sec.gov/Archives/edgar/data/1321655/000182395226000010/0001823952-26-000010.txt
Moore Alexander D.,,2026-03-16,2026-03-18,7045,151.9934,1070793.5,D,S,1165933,True,True,False,0001823952-26-000009,https://www.sec.gov/Archives/edgar/data/1321655/000182395226000009/0001823952-26-000009.txt
Moore Alexander D.,,2026-03-16,2026-03-18,8655,152.7181,1321775.16,D,S,1157278,True,True,False,0001823952-26-000009,https://www.sec.gov/Archives/edgar/data/1321655/000182395226000009/0001823952-26-000009.txt
Moore Alexander D.,,2026-03-16,2026-03-18,300,153.5133,46053.99,D,S,1156978,True,True,False,0001823952-26-000009,https://www.sec.gov/Archives/edgar/data/1321655/000182395226000009/0001823952-26-000009.txt
THIEL PETER,,2026-03-02,2026-03-04,50026,140.9739,7052360.32,D,S,15683599,True,False,False,0001211060-26-000007,https://www.sec.gov/Archives/edgar/data/1321655/000121106026000007/0001211060-26-000007.txt
THIEL PETER,,2026-03-02,2026-03-04,46722,142.2131,6644480.46,D,S,15636877,True,False,False,0001211060-26-000007,https://www.sec.gov/Archives/edgar/data/1321655/000121106026000007/0001211060-26-000007.txt
THIEL PETER,,2026-03-02,2026-03-04,222837,143.2751,31926993.46,D,S,15414040,True,False,False,0001211060-26-000007,https://www.sec.gov/Archives/edgar/data/1321655/000121106026000007/0001211060-26-000007.txt
THIEL PETER,,2026-03-02,2026-03-04,419113,144.1774,60426622.65,D,S,14994927,True,False,False,0001211060-26-000007,https://www.sec.gov/Archives/edgar/data/1321655/000121106026000007/0001211060-26-000007.txt
THIEL PETER,,2026-03-02,2026-03-04,721136,145.1654,104683995.89,D,S,14273791,True,False,False,0001211060-26-000007,https://www.sec.gov/Archives/edgar/data/1321655/000121106026000007/0001211060-26-000007.txt
THIEL PETER,,2026-03-02,2026-03-04,488783,146.1385,71430014.45,D,S,13785008,True,False,False,0001211060-26-000007,https://www.sec.gov/Archives/edgar/data/1321655/000121106026000007/0001211060-26-000007.txt
THIEL PETER,,2026-03-02,2026-03-04,51383,146.8003,7543039.81,D,S,13733625,True,False,False,0001211060-26-000007,https://www.sec.gov/Archives/edgar/data/1321655/000121106026000007/0001211060-26-000007.txt
Stat Lauren Elaina Friedman,,2026-02-26,2026-03-02,7000,0.0,0.0,D,G,43794,False,True,False,0001840244-26-000008,https://www.sec.gov/Archives/edgar/data/1321655/000184024426000008/0001840244-26-000008.txt
Buckley Jeffrey,See Remarks,2026-02-24,2026-02-24,1232,129.08,159026.56,D,S,43108,True,False,True,0001705189-26-000006,https://www.sec.gov/Archives/edgar/data/1321655/000170518926000006/0001705189-26-000006.txt
Taylor Ryan D.,See Remarks,2026-02-20,2026-02-24,1978,132.0346,261164.44,D,S,237431,False,False,True,0001823923-26-000008,https://www.sec.gov/Archives/edgar/data/1321655/000182392326000008/0001823923-26-000008.txt
Taylor Ryan D.,See Remarks,2026-02-20,2026-02-24,6167,132.862,819359.95,D,S,231264,False,False,True,0001823923-26-000008,https://www.sec.gov/Archives/edgar/data/1321655/000182392326000008/0001823923-26-000008.txt
Taylor Ryan D.,See Remarks,2026-02-20,2026-02-24,5197,133.7565,695132.53,D,S,226067,False,False,True,0001823923-26-000008,https://www.sec.gov/Archives/edgar/data/1321655/000182392326000008/0001823923-26-000008.txt
Taylor Ryan D.,See Remarks,2026-02-20,2026-02-24,5495,134.8296,740888.65,D,S,220572,False,False,True,0001823923-26-000008,https://www.sec.gov/Archives/edgar/data/1321655/000182392326000008/0001823923-26-000008.txt
Taylor Ryan D.,See Remarks,2026-02-20,2026-02-24,1151,135.7252,156219.71,D,S,219421,False,False,True,0001823923-26-000008,https://www.sec.gov/Archives/edgar/data/1321655/000182392326000008/0001823923-26-000008.txt
Sankar Shyam,See Remarks,2026-02-20,2026-02-24,168004,0.0,0.0,A,C,810790,False,False,True,0001824159-26-000006,https://www.sec.gov/Archives/edgar/data/1321655/000182415926000006/0001824159-26-000006.txt
Sankar Shyam,See Remarks,2026-02-20,2026-02-24,16630,132.0346,2195735.4,D,S,794160,False,False,True,0001824159-26-000006,https://www.sec.gov/Archives/edgar/data/1321655/000182415926000006/0001824159-26-000006.txt
Sankar Shyam,See Remarks,2026-02-20,2026-02-24,51831,132.862,6886370.32,D,S,742329,False,False,True,0001824159-26-000006,https://www.sec.gov/Archives/edgar/data/1321655/000182415926000006/0001824159-26-000006.txt
Sankar Shyam,See Remarks,2026-02-20,2026-02-24,43685,133.7565,5843152.7,D,S,698644,False,False,True,0001824159-26-000006,https://www.sec.gov/Archives/edgar/data/1321655/000182415926000006/0001824159-26-000006.txt
Sankar Shyam,See Remarks,2026-02-20,2026-02-24,46188,134.8296,6227509.56,D,S,652456,False,False,True,0001824159-26-000006,https://www.sec.gov/Archives/edgar/data/1321655/000182415926000006/0001824159-26-000006.txt
Sankar Shyam,See Remarks,2026-02-20,2026-02-24,9670,135.7252,1312462.68,D,S,642786,False,False,True,0001824159-26-000006,https://www.sec.gov/Archives/edgar/data/1321655/000182415926000006/0001824159-26-000006.txt
Karp Alexander C.,See Remarks,2026-02-20,2026-02-24,403025,0.0,0.0,A,C,6835283,True,True,True,0001823951-26-000006,https://www.sec.gov/Archives/edgar/data/1321655/000182395126000006/0001823951-26-000006.txt
Karp Alexander C.,See Remarks,2026-02-20,2026-02-24,39893,132.0346,5267256.3,D,S,6795390,True,True,True,0001823951-26-000006,https://www.sec.gov/Archives/edgar/data/1321655/000182395126000006/0001823951-26-000006.txt
Karp Alexander C.,See Remarks,2026-02-20,2026-02-24,124338,132.862,16519795.36,D,S,6671052,True,True,True,0001823951-26-000006,https://www.sec.gov/Archives/edgar/data/1321655/000182395126000006/0001823951-26-000006.txt
Karp Alexander C.,See Remarks,2026-02-20,2026-02-24,104796,133.7565,14017146.17,D,S,6566256,True,True,True,0001823951-26-000006,https://www.sec.gov/Archives/edgar/data/1321655/000182395126000006/0001823951-26-000006.txt
Karp Alexander C.,See Remarks,2026-02-20,2026-02-24,110800,134.8296,14939119.68,D,S,6455456,True,True,True,0001823951-26-000006,https://www.sec.gov/Archives/edgar/data/1321655/000182395126000006/0001823951-26-000006.txt
Karp Alexander C.,See Remarks,2026-02-20,2026-02-24,23198,135.7252,3148553.19,D,S,6432258,True,True,True,0001823951-26-000006,https://www.sec.gov/Archives/edgar/data/1321655/000182395126000006/0001823951-26-000006.txt
Karp Alexander C.,See Remarks,2026-02-20,2026-02-24,90000,0.0,0.0,A,C,6522258,True,True,True,0001823951-26-000006,https://www.sec.gov/Archives/edgar/data/1321655/000182395126000006/0001823951-26-000006.txt
Karp Alexander C.,See Remarks,2026-02-20,2026-02-24,6180,132.0131,815840.96,D,S,6516078,True,True,True,0001823951-26-000006,https://www.sec.gov/Archives/edgar/data/1321655/000182395126000006/0001823951-26-000006.txt
Karp Alexander C.,See Remarks,2026-02-20,2026-02-24,20259,132.8166,2690731.5,D,S,6495819,True,True,True,0001823951-26-000006,https://www.sec.gov/Archives/edgar/data/1321655/000182395126000006/0001823951-26-000006.txt
Karp Alexander C.,See Remarks,2026-02-20,2026-02-24,19309,133.7332,2582254.36,D,S,6476510,True,True,True,0001823951-26-000006,https://www.sec.gov/Archives/edgar/data/1321655/000182395126000006/0001823951-26-000006.txt
Karp Alexander C.,See Remarks,2026-02-20,2026-02-24,35656,134.8733,4809042.38,D,S,6440854,True,True,True,0001823951-26-000006,https://www.sec.gov/Archives/edgar/data/1321655/000182395126000006/0001823951-26-000006.txt
Karp Alexander C.,See Remarks,2026-02-20,2026-02-24,8596,135.6733,1166247.69,D,S,6432258,True,True,True,0001823951-26-000006,https://www.sec.gov/Archives/edgar/data/1321655/000182395126000006/0001823951-26-000006.txt
Glazer David A.,See Remarks,2026-02-20,2026-02-24,1726,132.0346,227891.72,D,S,408082,False,False,True,0001823940-26-000007,https://www.sec.gov/Archives/edgar/data/1321655/000182394026000007/0001823940-26-000007.txt
Glazer David A.,See Remarks,2026-02-20,2026-02-24,5380,132.862,714797.56,D,S,402702,False,False,True,0001823940-26-000007,https://www.sec.gov/Archives/edgar/data/1321655/000182394026000007/0001823940-26-000007.txt
Glazer David A.,See Remarks,2026-02-20,2026-02-24,4534,133.7565,606451.97,D,S,398168,False,False,True,0001823940-26-000007,https://www.sec.gov/Archives/edgar/data/1321655/000182394026000007/0001823940-26-000007.txt
Glazer David A.,See Remarks,2026-02-20,2026-02-24,4794,134.8296,646373.1,D,S,393374,False,False,True,0001823940-26-000007,https://www.sec.gov/Archives/edgar/data/1321655/000182394026000007/0001823940-26-000007.txt
Glazer David A.,See Remarks,2026-02-20,2026-02-24,1004,135.7252,136268.1,D,S,392370,False,False,True,0001823940-26-000007,https://www.sec.gov/Archives/edgar/data/1321655/000182394026000007/0001823940-26-000007.txt
Cohen Stephen Andrew,See Remarks,2026-02-20,2026-02-24,327088,0.0,0.0,A,C,327680,False,True,True,0001823920-26-000006,https://www.sec.gov/Archives/edgar/data/1321655/000182392026000006/0001823920-26-000006.txt
Cohen Stephen Andrew,See Remarks,2026-02-20,2026-02-24,32376,132.0346,4274752.21,D,S,295304,False,True,True,0001823920-26-000006,https://www.sec.gov/Archives/edgar/data/1321655/000182392026000006/0001823920-26-000006.txt
Cohen Stephen Andrew,See Remarks,2026-02-20,2026-02-24,100910,132.862,13407104.42,D,S,194394,False,True,True,0001823920-26-000006,https://www.sec.gov/Archives/edgar/data/1321655/000182392026000006/0001823920-26-000006.txt
Cohen Stephen Andrew,See Remarks,2026-02-20,2026-02-24,85051,133.7565,11376124.08,D,S,109343,False,True,True,0001823920-26-000006,https://www.sec.gov/Archives/edgar/data/1321655/000182392026000006/0001823920-26-000006.txt
Cohen Stephen Andrew,See Remarks,2026-02-20,2026-02-24,89924,134.8296,12124416.95,D,S,19419,False,True,True,0001823920-26-000006,https://www.sec.gov/Archives/edgar/data/1321655/000182392026000006/0001823920-26-000006.txt
Cohen Stephen Andrew,See Remarks,2026-02-20,2026-02-24,18827,135.7252,2555298.34,D,S,592,False,True,True,0001823920-26-000006,https://www.sec.gov/Archives/edgar/data/1321655/000182392026000006/0001823920-26-000006.txt
Buckley Jeffrey,See Remarks,2026-02-20,2026-02-24,268,132.0346,35385.27,D,S,46776,True,False,True,0001705189-26-000006,https://www.sec.gov/Archives/edgar/data/1321655/000170518926000006/0001705189-26-000006.txt
Buckley Jeffrey,See Remarks,2026-02-20,2026-02-24,834,132.862,110806.91,D,S,45942,True,False,True,0001705189-26-000006,https://www.sec.gov/Archives/edgar/data/1321655/000170518926000006/0001705189-26-000006.txt
Buckley Jeffrey,See Remarks,2026-02-20,2026-02-24,703,133.7565,94030.82,D,S,45239,True,False,True,0001705189-26-000006,https://www.sec.gov/Archives/edgar/data/1321655/000170518926000006/0001705189-26-000006.txt
Buckley Jeffrey,See Remarks,2026-02-20,2026-02-24,743,134.8296,100178.39,D,S,44496,True,False,True,0001705189-26-000006,https://www.sec.gov/Archives/edgar/data/1321655/000170518926000006/0001705189-26-000006.txt
Buckley Jeffrey,See Remarks,2026-02-20,2026-02-24,156,135.7252,21173.13,D,S,44340,True,False,True,0001705189-26-000006,https://www.sec.gov/Archives/edgar/data/1321655/000170518926000006/0001705189-26-000006.txt
Stat Lauren Elaina Friedman,,2026-02-02,2026-02-04,400,151.14,60456.0,D,S,58287,True,True,False,0001840244-26-000005,https://www.sec.gov/Archives/edgar/data/1321655/000184024426000005/0001840244-26-000005.txt
Moore Alexander D.,,2026-02-02,2026-02-04,720,147.4522,106165.58,D,S,1192258,True,True,False,0001823952-26-000005,https://www.sec.gov/Archives/edgar/data/1321655/000182395226000005/0001823952-26-000005.txt
Moore Alexander D.,,2026-02-02,2026-02-04,2525,148.304,374467.6,D,S,1189733,True,True,False,0001823952-26-000005,https://www.sec.gov/Archives/edgar/data/1321655/000182395226000005/0001823952-26-000005.txt
Moore Alexander D.,,2026-02-02,2026-02-04,6310,149.3397,942333.51,D,S,1183423,True,True,False,0001823952-26-000005,https://www.sec.gov/Archives/edgar/data/1321655/000182395226000005/0001823952-26-000005.txt
Moore Alexander D.,,2026-02-02,2026-02-04,9212,150.2316,1383933.5,D,S,1174211,True,True,False,0001823952-26-000005,https://www.sec.gov/Archives/edgar/data/1321655/000182395226000005/0001823952-26-000005.txt
Moore Alexander D.,,2026-02-02,2026-02-04,1233,150.9194,186083.62,D,S,1172978,True,True,False,0001823952-26-000005,https://www.sec.gov/Archives/edgar/data/1321655/000182395226000005/0001823952-26-000005.txt
Taylor Ryan D.,See Remarks,2026-01-02,2026-01-06,12000,181.35,2176200.0,D,S,239409,True,False,True,0001823923-26-000001,https://www.sec.gov/Archives/edgar/data/1321655/000182392326000001/0001823923-26-000001.txt
Stat Lauren Elaina Friedman,,2026-01-02,2026-01-06,3400,181.35,616590.0,D,S,58687,True,True,False,0001840244-26-000001,https://www.sec.gov/Archives/edgar/data/1321655/000184024426000001/0001840244-26-000001.txt
Moore Alexander D.,,2026-01-02,2026-01-06,1308,167.2982,218826.05,D,S,1211670,True,True,False,0001823952-26-000001,https://www.sec.gov/Archives/edgar/data/1321655/000182395226000001/0001823952-26-000001.txt
Moore Alexander D.,,2026-01-02,2026-01-06,3908,168.3534,657925.09,D,S,1207762,True,True,False,0001823952-26-000001,https://www.sec.gov/Archives/edgar/data/1321655/000182395226000001/0001823952-26-000001.txt
Moore Alexander D.,,2026-01-02,2026-01-06,387,169.1184,65448.82,D,S,1207375,True,True,False,0001823952-26-000001,https://www.sec.gov/Archives/edgar/data/1321655/000182395226000001/0001823952-26-000001.txt
Moore Alexander D.,,2026-01-02,2026-01-06,2319,170.1562,394592.23,D,S,1205056,True,True,False,0001823952-26-000001,https://www.sec.gov/Archives/edgar/data/1321655/000182395226000001/0001823952-26-000001.txt
Moore Alexander D.,,2026-01-02,2026-01-06,1489,171.5653,255460.73,D,S,1203567,True,True,False,0001823952-26-000001,https://www.sec.gov/Archives/edgar/data/1321655/000182395226000001/0001823952-26-000001.txt
Moore Alexander D.,,2026-01-02,2026-01-06,1323,172.3551,228025.8,D,S,1202244,True,True,False,0001823952-26-000001,https://www.sec.gov/Archives/edgar/data/1321655/000182395226000001/0001823952-26-000001.txt
Moore Alexander D.,,2026-01-02,2026-01-06,1013,174.0735,176336.46,D,S,1201231,True,True,False,0001823952-26-000001,https://www.sec.gov/Archives/edgar/data/1321655/000182395226000001/0001823952-26-000001.txt
Moore Alexander D.,,2026-01-02,2026-01-06,1143,174.8975,199907.84,D,S,1200088,True,True,False,0001823952-26-000001,https://www.sec.gov/Archives/edgar/data/1321655/000182395226000001/0001823952-26-000001.txt
Moore Alexander D.,,2026-01-02,2026-01-06,1666,176.0353,293274.81,D,S,1198422,True,True,False,0001823952-26-000001,https://www.sec.gov/Archives/edgar/data/1321655/000182395226000001/0001823952-26-000001.txt
Moore Alexander D.,,2026-01-02,2026-01-06,2821,177.2646,500063.44,D,S,1195601,True,True,False,0001823952-26-000001,https://www.sec.gov/Archives/edgar/data/1321655/000182395226000001/0001823952-26-000001.txt
Moore Alexander D.,,2026-01-02,2026-01-06,1533,178.4366,273543.31,D,S,1194068,True,True,False,0001823952-26-000001,https://www.sec.gov/Archives/edgar/data/1321655/000182395226000001/0001823952-26-000001.txt
Moore Alexander D.,,2026-01-02,2026-01-06,788,179.6136,141535.52,D,S,1193280,True,True,False,0001823952-26-000001,https://www.sec.gov/Archives/edgar/data/1321655/000182395226000001/0001823952-26-000001.txt
Moore Alexander D.,,2026-01-02,2026-01-06,302,181.0421,54674.71,D,S,1192978,True,True,False,0001823952-26-000001,https://www.sec.gov/Archives/edgar/data/1321655/000182395226000001/0001823952-26-000001.txt
Glazer David A.,See Remarks,2025-12-12,2025-12-16,9000,4.72,42480.0,A,M,422639,True,False,True,0001823940-25-000004,https://www.sec.gov/Archives/edgar/data/1321655/000182394025000004/0001823940-25-000004.txt
Glazer David A.,See Remarks,2025-12-12,2025-12-16,9000,185.91,1673190.0,D,S,413639,True,False,True,0001823940-25-000004,https://www.sec.gov/Archives/edgar/data/1321655/000182394025000004/0001823940-25-000004.txt
Glazer David A.,See Remarks,2025-12-12,2025-12-16,3831,0.0,0.0,D,G,409808,True,False,True,0001823940-25-000004,https://www.sec.gov/Archives/edgar/data/1321655/000182394025000004/0001823940-25-000004.txt
Moore Alexander D.,,2025-12-01,2025-12-03,1121,164.0851,183939.4,D,S,1231857,True,True,False,0001823952-25-000007,https://www.sec.gov/Archives/edgar/data/1321655/000182395225000007/0001823952-25-000007.txt
Moore Alexander D.,,2025-12-01,2025-12-03,1466,164.923,241777.12,D,S,1230391,True,True,False,0001823952-25-000007,https://www.sec.gov/Archives/edgar/data/1321655/000182395225000007/0001823952-25-000007.txt
Moore Alexander D.,,2025-12-01,2025-12-03,2791,166.5501,464841.33,D,S,1227600,True,True,False,0001823952-25-000007,https://www.sec.gov/Archives/edgar/data/1321655/000182395225000007/0001823952-25-000007.txt
Moore Alexander D.,,2025-12-01,2025-12-03,9048,167.4025,1514657.82,D,S,1218552,True,True,False,0001823952-25-000007,https://www.sec.gov/Archives/edgar/data/1321655/000182395225000007/0001823952-25-000007.txt
Moore Alexander D.,,2025-12-01,2025-12-03,5574,168.3921,938617.57,D,S,1212978,True,True,False,0001823952-25-000007,https://www.sec.gov/Archives/edgar/data/1321655/000182395225000007/0001823952-25-000007.txt
Taylor Ryan D.,See Remarks,2025-11-24,2025-11-24,1800,157.76,283968.0,D,S,285657,True,False,True,0001823923-25-000007,https://www.sec.gov/Archives/edgar/data/1321655/000182392325000007/0001823923-25-000007.txt
Taylor Ryan D.,See Remarks,2025-11-24,2025-11-24,2300,158.59,364757.0,D,S,283357,True,False,True,0001823923-25-000007,https://www.sec.gov/Archives/edgar/data/1321655/000182392325000007/0001823923-25-000007.txt
Taylor Ryan D.,See Remarks,2025-11-24,2025-11-24,1974,159.7017,315251.16,D,S,281383,True,False,True,0001823923-25-000007,https://www.sec.gov/Archives/edgar/data/1321655/000182392325000007/0001823923-25-000007.txt
Taylor Ryan D.,See Remarks,2025-11-24,2025-11-24,4309,160.7836,692816.53,D,S,277074,True,False,True,0001823923-25-000007,https://www.sec.gov/Archives/edgar/data/1321655/000182392325000007/0001823923-25-000007.txt
Taylor Ryan D.,See Remarks,2025-11-24,2025-11-24,4393,161.7513,710573.46,D,S,272681,True,False,True,0001823923-25-000007,https://www.sec.gov/Archives/edgar/data/1321655/000182392325000007/0001823923-25-000007.txt
Taylor Ryan D.,See Remarks,2025-11-24,2025-11-24,6900,162.6896,1122558.24,D,S,265781,True,False,True,0001823923-25-000007,https://www.sec.gov/Archives/edgar/data/1321655/000182392325000007/0001823923-25-000007.txt
Taylor Ryan D.,See Remarks,2025-11-24,2025-11-24,6016,164.0388,986857.42,D,S,259765,True,False,True,0001823923-25-000007,https://www.sec.gov/Archives/edgar/data/1321655/000182392325000007/0001823923-25-000007.txt
Taylor Ryan D.,See Remarks,2025-11-24,2025-11-24,8356,164.6724,1376002.57,D,S,251409,True,False,True,0001823923-25-000007,https://www.sec.gov/Archives/edgar/data/1321655/000182392325000007/0001823923-25-000007.txt
Buckley Jeffrey,See Remarks,2025-11-24,2025-11-24,1252,157.5,197190.0,D,S,47044,True,False,True,0001705189-25-000004,https://www.sec.gov/Archives/edgar/data/1321655/000170518925000004/0001705189-25-000004.txt
Taylor Ryan D.,See Remarks,2025-11-21,2025-11-24,21,153.4295,3222.02,D,S,289688,True,False,True,0001823923-25-000007,https://www.sec.gov/Archives/edgar/data/1321655/000182392325000007/0001823923-25-000007.txt
Taylor Ryan D.,See Remarks,2025-11-21,2025-11-24,2204,156.2601,344397.26,D,S,287484,True,False,True,0001823923-25-000007,https://www.sec.gov/Archives/edgar/data/1321655/000182392325000007/0001823923-25-000007.txt
Taylor Ryan D.,See Remarks,2025-11-21,2025-11-24,27,157.7397,4258.97,D,S,287457,True,False,True,0001823923-25-000007,https://www.sec.gov/Archives/edgar/data/1321655/000182392325000007/0001823923-25-000007.txt
Sankar Shyam,See Remarks,2025-11-21,2025-11-24,19004,0.0,0.0,A,C,661790,False,False,True,0001824159-25-000003,https://www.sec.gov/Archives/edgar/data/1321655/000182415925000003/0001824159-25-000003.txt
Sankar Shyam,See Remarks,2025-11-21,2025-11-24,177,153.4295,27157.02,D,S,661613,False,False,True,0001824159-25-000003,https://www.sec.gov/Archives/edgar/data/1321655/000182415925000003/0001824159-25-000003.txt
Sankar Shyam,See Remarks,2025-11-21,2025-11-24,18600,156.2601,2906437.86,D,S,643013,False,False,True,0001824159-25-000003,https://www.sec.gov/Archives/edgar/data/1321655/000182415925000003/0001824159-25-000003.txt
Sankar Shyam,See Remarks,2025-11-21,2025-11-24,227,157.7397,35806.91,D,S,642786,False,False,True,0001824159-25-000003,https://www.sec.gov/Archives/edgar/data/1321655/000182415925000003/0001824159-25-000003.txt
Karp Alexander C.,See Remarks,2025-11-21,2025-11-24,45564,0.0,0.0,A,C,6477822,False,True,True,0001823951-25-000002,https://www.sec.gov/Archives/edgar/data/1321655/000182395125000002/0001823951-25-000002.txt
Karp Alexander C.,See Remarks,2025-11-21,2025-11-24,426,153.4295,65360.97,D,S,6477396,False,True,True,0001823951-25-000002,https://www.sec.gov/Archives/edgar/data/1321655/000182395125000002/0001823951-25-000002.txt
Karp Alexander C.,See Remarks,2025-11-21,2025-11-24,44593,156.2601,6968106.64,D,S,6432803,False,True,True,0001823951-25-000002,https://www.sec.gov/Archives/edgar/data/1321655/000182395125000002/0001823951-25-000002.txt
Karp Alexander C.,See Remarks,2025-11-21,2025-11-24,545,157.7397,85968.14,D,S,6432258,False,True,True,0001823951-25-000002,https://www.sec.gov/Archives/edgar/data/1321655/000182395125000002/0001823951-25-000002.txt
Glazer David A.,See Remarks,2025-11-21,2025-11-24,18,153.4295,2761.73,D,S,415594,False,False,True,0001823940-25-000003,https://www.sec.gov/Archives/edgar/data/1321655/000182394025000003/0001823940-25-000003.txt
Glazer David A.,See Remarks,2025-11-21,2025-11-24,1931,156.2601,301738.25,D,S,413663,False,False,True,0001823940-25-000003,https://www.sec.gov/Archives/edgar/data/1321655/000182394025000003/0001823940-25-000003.txt
Glazer David A.,See Remarks,2025-11-21,2025-11-24,24,157.7397,3785.75,D,S,413639,False,False,True,0001823940-25-000003,https://www.sec.gov/Archives/edgar/data/1321655/000182394025000003/0001823940-25-000003.txt
Cohen Stephen Andrew,See Remarks,2025-11-21,2025-11-24,39136,0.0,0.0,A,C,39728,False,True,True,0001823920-25-000002,https://www.sec.gov/Archives/edgar/data/1321655/000182392025000002/0001823920-25-000002.txt
Cohen Stephen Andrew,See Remarks,2025-11-21,2025-11-24,365,153.4295,56001.77,D,S,39363,False,True,True,0001823920-25-000002,https://www.sec.gov/Archives/edgar/data/1321655/000182392025000002/0001823920-25-000002.txt
Cohen Stephen Andrew,See Remarks,2025-11-21,2025-11-24,38303,156.2601,5985230.61,D,S,1060,False,True,True,0001823920-25-000002,https://www.sec.gov/Archives/edgar/data/1321655/000182392025000002/0001823920-25-000002.txt
Cohen Stephen Andrew,See Remarks,2025-11-21,2025-11-24,468,157.7397,73822.18,D,S,592,False,True,True,0001823920-25-000002,https://www.sec.gov/Archives/edgar/data/1321655/000182392025000002/0001823920-25-000002.txt
Buckley Jeffrey,See Remarks,2025-11-21,2025-11-24,3,153.4295,460.29,D,S,48593,True,False,True,0001705189-25-000004,https://www.sec.gov/Archives/edgar/data/1321655/000170518925000004/0001705189-25-000004.txt
Buckley Jeffrey,See Remarks,2025-11-21,2025-11-24,293,156.2601,45784.21,D,S,48300,True,False,True,0001705189-25-000004,https://www.sec.gov/Archives/edgar/data/1321655/000170518925000004/0001705189-25-000004.txt
Buckley Jeffrey,See Remarks,2025-11-21,2025-11-24,4,157.7397,630.96,D,S,48296,True,False,True,0001705189-25-000004,https://www.sec.gov/Archives/edgar/data/1321655/000170518925000004/0001705189-25-000004.txt
Taylor Ryan D.,See Remarks,2025-11-20,2025-11-24,1097,155.3089,170373.86,D,S,306373,True,False,True,0001823923-25-000007,https://www.sec.gov/Archives/edgar/data/1321655/000182392325000007/0001823923-25-000007.txt
Taylor Ryan D.,See Remarks,2025-11-20,2025-11-24,1055,156.1858,164776.02,D,S,305318,True,False,True,0001823923-25-000007,https://www.sec.gov/Archives/edgar/data/1321655/000182392325000007/0001823923-25-000007.txt
Taylor Ryan D.,See Remarks,2025-11-20,2025-11-24,2208,157.251,347210.21,D,S,303110,True,False,True,0001823923-25-000007,https://www.sec.gov/Archives/edgar/data/1321655/000182392325000007/0001823923-25-000007.txt
Taylor Ryan D.,See Remarks,2025-11-20,2025-11-24,2154,158.1365,340626.02,D,S,300956,True,False,True,0001823923-25-000007,https://www.sec.gov/Archives/edgar/data/1321655/000182392325000007/0001823923-25-000007.txt
Taylor Ryan D.,See Remarks,2025-11-20,2025-11-24,1002,159.0786,159396.76,D,S,299954,True,False,True,0001823923-25-000007,https://www.sec.gov/Archives/edgar/data/1321655/000182392325000007/0001823923-25-000007.txt
Taylor Ryan D.,See Remarks,2025-11-20,2025-11-24,858,160.1615,137418.57,D,S,299096,True,False,True,0001823923-25-000007,https://www.sec.gov/Archives/edgar/data/1321655/000182392325000007/0001823923-25-000007.txt
Taylor Ryan D.,See Remarks,2025-11-20,2025-11-24,636,161.1557,102495.03,D,S,298460,True,False,True,0001823923-25-000007,https://www.sec.gov/Archives/edgar/data/1321655/000182392325000007/0001823923-25-000007.txt
Taylor Ryan D.,See Remarks,2025-11-20,2025-11-24,147,161.8464,23791.42,D,S,298313,True,False,True,0001823923-25-000007,https://www.sec.gov/Archives/edgar/data/1321655/000182392325000007/0001823923-25-000007.txt
Taylor Ryan D.,See Remarks,2025-11-20,2025-11-24,513,163.3663,83806.91,D,S,297800,True,False,True,0001823923-25-000007,https://www.sec.gov/Archives/edgar/data/1321655/000182392325000007/0001823923-25-000007.txt
Taylor Ryan D.,See Remarks,2025-11-20,2025-11-24,308,164.0484,50526.91,D,S,297492,True,False,True,0001823923-25-000007,https://www.sec.gov/Archives/edgar/data/1321655/000182392325000007/0001823923-25-000007.txt
Taylor Ryan D.,See Remarks,2025-11-20,2025-11-24,238,165.945,39494.91,D,S,297254,True,False,True,0001823923-25-000007,https://www.sec.gov/Archives/edgar/data/1321655/000182392325000007/0001823923-25-000007.txt
Taylor Ryan D.,See Remarks,2025-11-20,2025-11-24,388,166.7259,64689.65,D,S,296866,True,False,True,0001823923-25-000007,https://www.sec.gov/Archives/edgar/data/1321655/000182392325000007/0001823923-25-000007.txt
Taylor Ryan D.,See Remarks,2025-11-20,2025-11-24,329,167.933,55249.96,D,S,296537,True,False,True,0001823923-25-000007,https://www.sec.gov/Archives/edgar/data/1321655/000182392325000007/0001823923-25-000007.txt
Taylor Ryan D.,See Remarks,2025-11-20,2025-11-24,270,168.9044,45604.19,D,S,296267,True,False,True,0001823923-25-000007,https://www.sec.gov/Archives/edgar/data/1321655/000182392325000007/0001823923-25-000007.txt
Taylor Ryan D.,See Remarks,2025-11-20,2025-11-24,510,169.9372,86667.97,D,S,295757,True,False,True,0001823923-25-000007,https://www.sec.gov/Archives/edgar/data/1321655/000182392325000007/0001823923-25-000007.txt
Taylor Ryan D.,See Remarks,2025-11-20,2025-11-24,1667,170.9118,284909.97,D,S,294090,True,False,True,0001823923-25-000007,https://www.sec.gov/Archives/edgar/data/1321655/000182392325000007/0001823923-25-000007.txt
Taylor Ryan D.,See Remarks,2025-11-20,2025-11-24,1957,171.9968,336597.74,D,S,292133,True,False,True,0001823923-25-000007,https://www.sec.gov/Archives/edgar/data/1321655/000182392325000007/0001823923-25-000007.txt
Taylor Ryan D.,See Remarks,2025-11-20,2025-11-24,2219,172.7717,383380.4,D,S,289914,True,False,True,0001823923-25-000007,https://www.sec.gov/Archives/edgar/data/1321655/000182392325000007/0001823923-25-000007.txt
Taylor Ryan D.,See Remarks,2025-11-20,2025-11-24,205,173.4115,35549.36,D,S,289709,True,False,True,0001823923-25-000007,https://www.sec.gov/Archives/edgar/data/1321655/000182392325000007/0001823923-25-000007.txt
Sankar Shyam,See Remarks,2025-11-20,2025-11-24,149872,0.0,0.0,A,C,792658,False,False,True,0001824159-25-000003,https://www.sec.gov/Archives/edgar/data/1321655/000182415925000003/0001824159-25-000003.txt
Sankar Shyam,See Remarks,2025-11-20,2025-11-24,9259,155.3089,1438005.11,D,S,783399,False,False,True,0001824159-25-000003,https://www.sec.gov/Archives/edgar/data/1321655/000182415925000003/0001824159-25-000003.txt
Sankar Shyam,See Remarks,2025-11-20,2025-11-24,8900,156.1858,1390053.62,D,S,774499,False,False,True,0001824159-25-000003,https://www.sec.gov/Archives/edgar/data/1321655/000182415925000003/0001824159-25-000003.txt
Sankar Shyam,See Remarks,2025-11-20,2025-11-24,18631,157.251,2929743.38,D,S,755868,False,False,True,0001824159-25-000003,https://www.sec.gov/Archives/edgar/data/1321655/000182415925000003/0001824159-25-000003.txt
Sankar Shyam,See Remarks,2025-11-20,2025-11-24,18178,158.1365,2874605.3,D,S,737690,False,False,True,0001824159-25-000003,https://www.sec.gov/Archives/edgar/data/1321655/000182415925000003/0001824159-25-000003.txt
Sankar Shyam,See Remarks,2025-11-20,2025-11-24,8457,159.0786,1345327.72,D,S,729233,False,False,True,0001824159-25-000003,https://www.sec.gov/Archives/edgar/data/1321655/000182415925000003/0001824159-25-000003.txt
Sankar Shyam,See Remarks,2025-11-20,2025-11-24,7243,160.1615,1160049.74,D,S,721990,False,False,True,0001824159-25-000003,https://www.sec.gov/Archives/edgar/data/1321655/000182415925000003/0001824159-25-000003.txt
Sankar Shyam,See Remarks,2025-11-20,2025-11-24,5367,161.1557,864922.64,D,S,716623,False,False,True,0001824159-25-000003,https://www.sec.gov/Archives/edgar/data/1321655/000182415925000003/0001824159-25-000003.txt
Sankar Shyam,See Remarks,2025-11-20,2025-11-24,1238,161.8464,200365.84,D,S,715385,False,False,True,0001824159-25-000003,https://www.sec.gov/Archives/edgar/data/1321655/000182415925000003/0001824159-25-000003.txt
Sankar Shyam,See Remarks,2025-11-20,2025-11-24,4332,163.3663,707702.81,D,S,711053,False,False,True,0001824159-25-000003,https://www.sec.gov/Archives/edgar/data/1321655/000182415925000003/0001824159-25-000003.txt
Sankar Shyam,See Remarks,2025-11-20,2025-11-24,2598,164.0484,426197.74,D,S,708455,False,False,True,0001824159-25-000003,https://www.sec.gov/Archives/edgar/data/1321655/000182415925000003/0001824159-25-000003.txt
Sankar Shyam,See Remarks,2025-11-20,2025-11-24,2010,165.945,333549.45,D,S,706445,False,False,True,0001824159-25-000003,https://www.sec.gov/Archives/edgar/data/1321655/000182415925000003/0001824159-25-000003.txt
Sankar Shyam,See Remarks,2025-11-20,2025-11-24,3277,166.7259,546360.77,D,S,703168,False,False,True,0001824159-25-000003,https://www.sec.gov/Archives/edgar/data/1321655/000182415925000003/0001824159-25-000003.txt
Sankar Shyam,See Remarks,2025-11-20,2025-11-24,2777,167.933,466349.94,D,S,700391,False,False,True,0001824159-25-000003,https://www.sec.gov/Archives/edgar/data/1321655/000182415925000003/0001824159-25-000003.txt
Sankar Shyam,See Remarks,2025-11-20,2025-11-24,2275,168.9044,384257.51,D,S,698116,False,False,True,0001824159-25-000003,https://www.sec.gov/Archives/edgar/data/1321655/000182415925000003/0001824159-25-000003.txt
Sankar Shyam,See Remarks,2025-11-20,2025-11-24,4304,169.9372,731409.71,D,S,693812,False,False,True,0001824159-25-000003,https://www.sec.gov/Archives/edgar/data/1321655/000182415925000003/0001824159-25-000003.txt
Sankar Shyam,See Remarks,2025-11-20,2025-11-24,14065,170.9118,2403874.47,D,S,679747,False,False,True,0001824159-25-000003,https://www.sec.gov/Archives/edgar/data/1321655/000182415925000003/0001824159-25-000003.txt
Sankar Shyam,See Remarks,2025-11-20,2025-11-24,16512,171.9968,2840011.16,D,S,663235,False,False,True,0001824159-25-000003,https://www.sec.gov/Archives/edgar/data/1321655/000182415925000003/0001824159-25-000003.txt
Sankar Shyam,See Remarks,2025-11-20,2025-11-24,18720,172.7717,3234286.22,D,S,644515,False,False,True,0001824159-25-000003,https://www.sec.gov/Archives/edgar/data/1321655/000182415925000003/0001824159-25-000003.txt
Sankar Shyam,See Remarks,2025-11-20,2025-11-24,1729,173.4115,299828.48,D,S,642786,False,False,True,0001824159-25-000003,https://www.sec.gov/Archives/edgar/data/1321655/000182415925000003/0001824159-25-000003.txt
Karp Alexander C.,See Remarks,2025-11-20,2025-11-24,359325,0.0,0.0,A,C,6791583,False,True,True,0001823951-25-000002,https://www.sec.gov/Archives/edgar/data/1321655/000182395125000002/0001823951-25-000002.txt
Karp Alexander C.,See Remarks,2025-11-20,2025-11-24,22200,155.3089,3447857.58,D,S,6769383,False,True,True,0001823951-25-000002,https://www.sec.gov/Archives/edgar/data/1321655/000182395125000002/0001823951-25-000002.txt
Karp Alexander C.,See Remarks,2025-11-20,2025-11-24,21338,156.1858,3332692.6,D,S,6748045,False,True,True,0001823951-25-000002,https://www.sec.gov/Archives/edgar/data/1321655/000182395125000002/0001823951-25-000002.txt
Karp Alexander C.,See Remarks,2025-11-20,2025-11-24,44669,157.251,7024244.92,D,S,6703376,False,True,True,0001823951-25-000002,https://www.sec.gov/Archives/edgar/data/1321655/000182395125000002/0001823951-25-000002.txt
Karp Alexander C.,See Remarks,2025-11-20,2025-11-24,43582,158.1365,6891904.94,D,S,6659794,False,True,True,0001823951-25-000002,https://www.sec.gov/Archives/edgar/data/1321655/000182395125000002/0001823951-25-000002.txt
Karp Alexander C.,See Remarks,2025-11-20,2025-11-24,20275,159.0786,3225318.61,D,S,6639519,False,True,True,0001823951-25-000002,https://www.sec.gov/Archives/edgar/data/1321655/000182395125000002/0001823951-25-000002.txt
Karp Alexander C.,See Remarks,2025-11-20,2025-11-24,17365,160.1615,2781204.45,D,S,6622154,False,True,True,0001823951-25-000002,https://www.sec.gov/Archives/edgar/data/1321655/000182395125000002/0001823951-25-000002.txt
Karp Alexander C.,See Remarks,2025-11-20,2025-11-24,12867,161.1557,2073590.39,D,S,6609287,False,True,True,0001823951-25-000002,https://www.sec.gov/Archives/edgar/data/1321655/000182395125000002/0001823951-25-000002.txt
Karp Alexander C.,See Remarks,2025-11-20,2025-11-24,2968,161.8464,480360.12,D,S,6606319,False,True,True,0001823951-25-000002,https://www.sec.gov/Archives/edgar/data/1321655/000182395125000002/0001823951-25-000002.txt
Karp Alexander C.,See Remarks,2025-11-20,2025-11-24,10387,163.3663,1696885.76,D,S,6595932,False,True,True,0001823951-25-000002,https://www.sec.gov/Archives/edgar/data/1321655/000182395125000002/0001823951-25-000002.txt
Karp Alexander C.,See Remarks,2025-11-20,2025-11-24,6228,164.0484,1021693.44,D,S,6589704,False,True,True,0001823951-25-000002,https://www.sec.gov/Archives/edgar/data/1321655/000182395125000002/0001823951-25-000002.txt
Karp Alexander C.,See Remarks,2025-11-20,2025-11-24,4819,165.945,799688.95,D,S,6584885,False,True,True,0001823951-25-000002,https://www.sec.gov/Archives/edgar/data/1321655/000182395125000002/0001823951-25-000002.txt
Karp Alexander C.,See Remarks,2025-11-20,2025-11-24,7857,166.7259,1309965.4,D,S,6577028,False,True,True,0001823951-25-000002,https://www.sec.gov/Archives/edgar/data/1321655/000182395125000002/0001823951-25-000002.txt
Karp Alexander C.,See Remarks,2025-11-20,2025-11-24,6657,167.933,1117929.98,D,S,6570371,False,True,True,0001823951-25-000002,https://www.sec.gov/Archives/edgar/data/1321655/000182395125000002/0001823951-25-000002.txt
Karp Alexander C.,See Remarks,2025-11-20,2025-11-24,5454,168.9044,921204.6,D,S,6564917,False,True,True,0001823951-25-000002,https://www.sec.gov/Archives/edgar/data/1321655/000182395125000002/0001823951-25-000002.txt
Karp Alexander C.,See Remarks,2025-11-20,2025-11-24,10320,169.9372,1753751.9,D,S,6554597,False,True,True,0001823951-25-000002,https://www.sec.gov/Archives/edgar/data/1321655/000182395125000002/0001823951-25-000002.txt
Karp Alexander C.,See Remarks,2025-11-20,2025-11-24,33722,170.9118,5763487.72,D,S,6520875,False,True,True,0001823951-25-000002,https://www.sec.gov/Archives/edgar/data/1321655/000182395125000002/0001823951-25-000002.txt
Karp Alexander C.,See Remarks,2025-11-20,2025-11-24,39589,171.9968,6809181.32,D,S,6481286,False,True,True,0001823951-25-000002,https://www.sec.gov/Archives/edgar/data/1321655/000182395125000002/0001823951-25-000002.txt
Karp Alexander C.,See Remarks,2025-11-20,2025-11-24,44883,172.7717,7754512.21,D,S,6436403,False,True,True,0001823951-25-000002,https://www.sec.gov/Archives/edgar/data/1321655/000182395125000002/0001823951-25-000002.txt
Karp Alexander C.,See Remarks,2025-11-20,2025-11-24,4145,173.4115,718790.67,D,S,6432258,False,True,True,0001823951-25-000002,https://www.sec.gov/Archives/edgar/data/1321655/000182395125000002/0001823951-25-000002.txt
Glazer David A.,See Remarks,2025-11-20,2025-11-24,961,155.3089,149251.85,D,S,430208,False,False,True,0001823940-25-000003,https://www.sec.gov/Archives/edgar/data/1321655/000182394025000003/0001823940-25-000003.txt
Glazer David A.,See Remarks,2025-11-20,2025-11-24,924,156.1858,144315.68,D,S,429284,False,False,True,0001823940-25-000003,https://www.sec.gov/Archives/edgar/data/1321655/000182394025000003/0001823940-25-000003.txt
Glazer David A.,See Remarks,2025-11-20,2025-11-24,1934,157.251,304123.43,D,S,427350,False,False,True,0001823940-25-000003,https://www.sec.gov/Archives/edgar/data/1321655/000182394025000003/0001823940-25-000003.txt
Glazer David A.,See Remarks,2025-11-20,2025-11-24,1887,158.1365,298403.58,D,S,425463,False,False,True,0001823940-25-000003,https://www.sec.gov/Archives/edgar/data/1321655/000182394025000003/0001823940-25-000003.txt
Glazer David A.,See Remarks,2025-11-20,2025-11-24,878,159.0786,139671.01,D,S,424585,False,False,True,0001823940-25-000003,https://www.sec.gov/Archives/edgar/data/1321655/000182394025000003/0001823940-25-000003.txt
Glazer David A.,See Remarks,2025-11-20,2025-11-24,752,160.1615,120441.45,D,S,423833,False,False,True,0001823940-25-000003,https://www.sec.gov/Archives/edgar/data/1321655/000182394025000003/0001823940-25-000003.txt
Glazer David A.,See Remarks,2025-11-20,2025-11-24,557,161.1557,89763.72,D,S,423276,False,False,True,0001823940-25-000003,https://www.sec.gov/Archives/edgar/data/1321655/000182394025000003/0001823940-25-000003.txt
Glazer David A.,See Remarks,2025-11-20,2025-11-24,128,161.8464,20716.34,D,S,423148,False,False,True,0001823940-25-000003,https://www.sec.gov/Archives/edgar/data/1321655/000182394025000003/0001823940-25-000003.txt
Glazer David A.,See Remarks,2025-11-20,2025-11-24,450,163.3663,73514.83,D,S,422698,False,False,True,0001823940-25-000003,https://www.sec.gov/Archives/edgar/data/1321655/000182394025000003/0001823940-25-000003.txt
Glazer David A.,See Remarks,2025-11-20,2025-11-24,270,164.0484,44293.07,D,S,422428,False,False,True,0001823940-25-000003,https://www.sec.gov/Archives/edgar/data/1321655/000182394025000003/0001823940-25-000003.txt
Glazer David A.,See Remarks,2025-11-20,2025-11-24,209,165.945,34682.5,D,S,422219,False,False,True,0001823940-25-000003,https://www.sec.gov/Archives/edgar/data/1321655/000182394025000003/0001823940-25-000003.txt
Glazer David A.,See Remarks,2025-11-20,2025-11-24,340,166.7259,56686.81,D,S,421879,False,False,True,0001823940-25-000003,https://www.sec.gov/Archives/edgar/data/1321655/000182394025000003/0001823940-25-000003.txt
Glazer David A.,See Remarks,2025-11-20,2025-11-24,288,167.933,48364.7,D,S,421591,False,False,True,0001823940-25-000003,https://www.sec.gov/Archives/edgar/data/1321655/000182394025000003/0001823940-25-000003.txt
Glazer David A.,See Remarks,2025-11-20,2025-11-24,236,168.9044,39861.44,D,S,421355,False,False,True,0001823940-25-000003,https://www.sec.gov/Archives/edgar/data/1321655/000182394025000003/0001823940-25-000003.txt
Glazer David A.,See Remarks,2025-11-20,2025-11-24,447,169.9372,75961.93,D,S,420908,False,False,True,0001823940-25-000003,https://www.sec.gov/Archives/edgar/data/1321655/000182394025000003/0001823940-25-000003.txt
Glazer David A.,See Remarks,2025-11-20,2025-11-24,1460,170.9118,249531.23,D,S,419448,False,False,True,0001823940-25-000003,https://www.sec.gov/Archives/edgar/data/1321655/000182394025000003/0001823940-25-000003.txt
Glazer David A.,See Remarks,2025-11-20,2025-11-24,1714,171.9968,294802.52,D,S,417734,False,False,True,0001823940-25-000003,https://www.sec.gov/Archives/edgar/data/1321655/000182394025000003/0001823940-25-000003.txt
Glazer David A.,See Remarks,2025-11-20,2025-11-24,1943,172.7717,335695.41,D,S,415791,False,False,True,0001823940-25-000003,https://www.sec.gov/Archives/edgar/data/1321655/000182394025000003/0001823940-25-000003.txt
Glazer David A.,See Remarks,2025-11-20,2025-11-24,179,173.4115,31040.66,D,S,415612,False,False,True,0001823940-25-000003,https://www.sec.gov/Archives/edgar/data/1321655/000182394025000003/0001823940-25-000003.txt
Cohen Stephen Andrew,See Remarks,2025-11-20,2025-11-24,308635,0.0,0.0,A,C,309227,False,True,True,0001823920-25-000002,https://www.sec.gov/Archives/edgar/data/1321655/000182392025000002/0001823920-25-000002.txt
Cohen Stephen Andrew,See Remarks,2025-11-20,2025-11-24,19068,155.3089,2961430.11,D,S,290159,False,True,True,0001823920-25-000002,https://www.sec.gov/Archives/edgar/data/1321655/000182392025000002/0001823920-25-000002.txt
Cohen Stephen Andrew,See Remarks,2025-11-20,2025-11-24,18328,156.1858,2862573.34,D,S,271831,False,True,True,0001823920-25-000002,https://www.sec.gov/Archives/edgar/data/1321655/000182392025000002/0001823920-25-000002.txt
Cohen Stephen Andrew,See Remarks,2025-11-20,2025-11-24,38368,157.251,6033406.37,D,S,233463,False,True,True,0001823920-25-000002,https://www.sec.gov/Archives/edgar/data/1321655/000182392025000002/0001823920-25-000002.txt
Cohen Stephen Andrew,See Remarks,2025-11-20,2025-11-24,37434,158.1365,5919681.74,D,S,196029,False,True,True,0001823920-25-000002,https://www.sec.gov/Archives/edgar/data/1321655/000182392025000002/0001823920-25-000002.txt
Cohen Stephen Andrew,See Remarks,2025-11-20,2025-11-24,17415,159.0786,2770353.82,D,S,178614,False,True,True,0001823920-25-000002,https://www.sec.gov/Archives/edgar/data/1321655/000182392025000002/0001823920-25-000002.txt
Cohen Stephen Andrew,See Remarks,2025-11-20,2025-11-24,14916,160.1615,2388968.93,D,S,163698,False,True,True,0001823920-25-000002,https://www.sec.gov/Archives/edgar/data/1321655/000182392025000002/0001823920-25-000002.txt
Cohen Stephen Andrew,See Remarks,2025-11-20,2025-11-24,11052,161.1557,1781092.8,D,S,152646,False,True,True,0001823920-25-000002,https://www.sec.gov/Archives/edgar/data/1321655/000182392025000002/0001823920-25-000002.txt
Cohen Stephen Andrew,See Remarks,2025-11-20,2025-11-24,2549,161.8464,412546.47,D,S,150097,False,True,True,0001823920-25-000002,https://www.sec.gov/Archives/edgar/data/1321655/000182392025000002/0001823920-25-000002.txt
Cohen Stephen Andrew,See Remarks,2025-11-20,2025-11-24,8921,163.3663,1457390.76,D,S,141176,False,True,True,0001823920-25-000002,https://www.sec.gov/Archives/edgar/data/1321655/000182392025000002/0001823920-25-000002.txt
Cohen Stephen Andrew,See Remarks,2025-11-20,2025-11-24,5349,164.0484,877494.89,D,S,135827,False,True,True,0001823920-25-000002,https://www.sec.gov/Archives/edgar/data/1321655/000182392025000002/0001823920-25-000002.txt
Cohen Stephen Andrew,See Remarks,2025-11-20,2025-11-24,4139,165.945,686846.35,D,S,131688,False,True,True,0001823920-25-000002,https://www.sec.gov/Archives/edgar/data/1321655/000182392025000002/0001823920-25-000002.txt
Cohen Stephen Andrew,See Remarks,2025-11-20,2025-11-24,6749,166.7259,1125233.1,D,S,124939,False,True,True,0001823920-25-000002,https://www.sec.gov/Archives/edgar/data/1321655/000182392025000002/0001823920-25-000002.txt
Cohen Stephen Andrew,See Remarks,2025-11-20,2025-11-24,5718,167.933,960240.89,D,S,119221,False,True,True,0001823920-25-000002,https://www.sec.gov/Archives/edgar/data/1321655/000182392025000002/0001823920-25-000002.txt
Cohen Stephen Andrew,See Remarks,2025-11-20,2025-11-24,4684,168.9044,791148.21,D,S,114537,False,True,True,0001823920-25-000002,https://www.sec.gov/Archives/edgar/data/1321655/000182392025000002/0001823920-25-000002.txt
Cohen Stephen Andrew,See Remarks,2025-11-20,2025-11-24,8864,169.9372,1506323.34,D,S,105673,False,True,True,0001823920-25-000002,https://www.sec.gov/Archives/edgar/data/1321655/000182392025000002/0001823920-25-000002.txt
Cohen Stephen Andrew,See Remarks,2025-11-20,2025-11-24,28965,170.9118,4950460.29,D,S,76708,False,True,True,0001823920-25-000002,https://www.sec.gov/Archives/edgar/data/1321655/000182392025000002/0001823920-25-000002.txt
Cohen Stephen Andrew,See Remarks,2025-11-20,2025-11-24,34005,171.9968,5848751.18,D,S,42703,False,True,True,0001823920-25-000002,https://www.sec.gov/Archives/edgar/data/1321655/000182392025000002/0001823920-25-000002.txt
Cohen Stephen Andrew,See Remarks,2025-11-20,2025-11-24,38551,172.7717,6660521.81,D,S,4152,False,True,True,0001823920-25-000002,https://www.sec.gov/Archives/edgar/data/1321655/000182392025000002/0001823920-25-000002.txt
Cohen Stephen Andrew,See Remarks,2025-11-20,2025-11-24,3560,173.4115,617344.94,D,S,592,False,True,True,0001823920-25-000002,https://www.sec.gov/Archives/edgar/data/1321655/000182392025000002/0001823920-25-000002.txt
Buckley Jeffrey,See Remarks,2025-11-20,2025-11-24,146,155.3089,22675.1,D,S,50815,True,False,True,0001705189-25-000004,https://www.sec.gov/Archives/edgar/data/1321655/000170518925000004/0001705189-25-000004.txt
Buckley Jeffrey,See Remarks,2025-11-20,2025-11-24,140,156.1858,21866.01,D,S,50675,True,False,True,0001705189-25-000004,https://www.sec.gov/Archives/edgar/data/1321655/000170518925000004/0001705189-25-000004.txt
Buckley Jeffrey,See Remarks,2025-11-20,2025-11-24,294,157.251,46231.79,D,S,50381,True,False,True,0001705189-25-000004,https://www.sec.gov/Archives/edgar/data/1321655/000170518925000004/0001705189-25-000004.txt
Buckley Jeffrey,See Remarks,2025-11-20,2025-11-24,287,158.1365,45385.18,D,S,50094,True,False,True,0001705189-25-000004,https://www.sec.gov/Archives/edgar/data/1321655/000170518925000004/0001705189-25-000004.txt
Buckley Jeffrey,See Remarks,2025-11-20,2025-11-24,133,159.0786,21157.45,D,S,49961,True,False,True,0001705189-25-000004,https://www.sec.gov/Archives/edgar/data/1321655/000170518925000004/0001705189-25-000004.txt
Buckley Jeffrey,See Remarks,2025-11-20,2025-11-24,114,160.1615,18258.41,D,S,49847,True,False,True,0001705189-25-000004,https://www.sec.gov/Archives/edgar/data/1321655/000170518925000004/0001705189-25-000004.txt
Buckley Jeffrey,See Remarks,2025-11-20,2025-11-24,85,161.1557,13698.23,D,S,49762,True,False,True,0001705189-25-000004,https://www.sec.gov/Archives/edgar/data/1321655/000170518925000004/0001705189-25-000004.txt
Buckley Jeffrey,See Remarks,2025-11-20,2025-11-24,20,161.8464,3236.93,D,S,49742,True,False,True,0001705189-25-000004,https://www.sec.gov/Archives/edgar/data/1321655/000170518925000004/0001705189-25-000004.txt
Buckley Jeffrey,See Remarks,2025-11-20,2025-11-24,68,163.3663,11108.91,D,S,49674,True,False,True,0001705189-25-000004,https://www.sec.gov/Archives/edgar/data/1321655/000170518925000004/0001705189-25-000004.txt
Buckley Jeffrey,See Remarks,2025-11-20,2025-11-24,41,164.0484,6725.98,D,S,49633,True,False,True,0001705189-25-000004,https://www.sec.gov/Archives/edgar/data/1321655/000170518925000004/0001705189-25-000004.txt
Buckley Jeffrey,See Remarks,2025-11-20,2025-11-24,32,165.945,5310.24,D,S,49601,True,False,True,0001705189-25-000004,https://www.sec.gov/Archives/edgar/data/1321655/000170518925000004/0001705189-25-000004.txt
Buckley Jeffrey,See Remarks,2025-11-20,2025-11-24,52,166.7259,8669.75,D,S,49549,True,False,True,0001705189-25-000004,https://www.sec.gov/Archives/edgar/data/1321655/000170518925000004/0001705189-25-000004.txt
Buckley Jeffrey,See Remarks,2025-11-20,2025-11-24,44,167.933,7389.05,D,S,49505,True,False,True,0001705189-25-000004,https://www.sec.gov/Archives/edgar/data/1321655/000170518925000004/0001705189-25-000004.txt
Buckley Jeffrey,See Remarks,2025-11-20,2025-11-24,36,168.9044,6080.56,D,S,49469,True,False,True,0001705189-25-000004,https://www.sec.gov/Archives/edgar/data/1321655/000170518925000004/0001705189-25-000004.txt
Buckley Jeffrey,See Remarks,2025-11-20,2025-11-24,68,169.9372,11555.73,D,S,49401,True,False,True,0001705189-25-000004,https://www.sec.gov/Archives/edgar/data/1321655/000170518925000004/0001705189-25-000004.txt
Buckley Jeffrey,See Remarks,2025-11-20,2025-11-24,222,170.9118,37942.42,D,S,49179,True,False,True,0001705189-25-000004,https://www.sec.gov/Archives/edgar/data/1321655/000170518925000004/0001705189-25-000004.txt
Buckley Jeffrey,See Remarks,2025-11-20,2025-11-24,261,171.9968,44891.16,D,S,48918,True,False,True,0001705189-25-000004,https://www.sec.gov/Archives/edgar/data/1321655/000170518925000004/0001705189-25-000004.txt
Buckley Jeffrey,See Remarks,2025-11-20,2025-11-24,295,172.7717,50967.65,D,S,48623,True,False,True,0001705189-25-000004,https://www.sec.gov/Archives/edgar/data/1321655/000170518925000004/0001705189-25-000004.txt
Buckley Jeffrey,See Remarks,2025-11-20,2025-11-24,27,173.4115,4682.11,D,S,48596,True,False,True,0001705189-25-000004,https://www.sec.gov/Archives/edgar/data/1321655/000170518925000004/0001705189-25-000004.txt
Moore Alexander D.,,2025-11-03,2025-11-05,2305,202.6273,467055.93,D,S,1250673,True,True,False,0001823952-25-000006,https://www.sec.gov/Archives/edgar/data/1321655/000182395225000006/0001823952-25-000006.txt
Moore Alexander D.,,2025-11-03,2025-11-05,6202,203.4624,1261873.8,D,S,1244471,True,True,False,0001823952-25-000006,https://www.sec.gov/Archives/edgar/data/1321655/000182395225000006/0001823952-25-000006.txt
Moore Alexander D.,,2025-11-03,2025-11-05,3667,204.559,750117.85,D,S,1240804,True,True,False,0001823952-25-000006,https://www.sec.gov/Archives/edgar/data/1321655/000182395225000006/0001823952-25-000006.txt
Moore Alexander D.,,2025-11-03,2025-11-05,3992,205.3429,819728.86,D,S,1236812,True,True,False,0001823952-25-000006,https://www.sec.gov/Archives/edgar/data/1321655/000182395225000006/0001823952-25-000006.txt
Moore Alexander D.,,2025-11-03,2025-11-05,3834,206.6015,792110.15,D,S,1232978,True,True,False,0001823952-25-000006,https://www.sec.gov/Archives/edgar/data/1321655/000182395225000006/0001823952-25-000006.txt
Stat Lauren Elaina Friedman,,2025-10-03,2025-10-07,800,186.39,149112.0,D,S,62087,True,True,False,0001840244-25-000005,https://www.sec.gov/Archives/edgar/data/1321655/000184024425000005/0001840244-25-000005.txt
Moore Alexander D.,,2025-10-01,2025-10-03,1300,180.4306,234559.78,D,S,1271678,True,True,False,0001823952-25-000004,https://www.sec.gov/Archives/edgar/data/1321655/000182395225000004/0001823952-25-000004.txt
Moore Alexander D.,,2025-10-01,2025-10-03,1095,181.695,198956.02,D,S,1270583,True,True,False,0001823952-25-000004,https://www.sec.gov/Archives/edgar/data/1321655/000182395225000004/0001823952-25-000004.txt
Moore Alexander D.,,2025-10-01,2025-10-03,1805,182.5459,329495.35,D,S,1268778,True,True,False,0001823952-25-000004,https://www.sec.gov/Archives/edgar/data/1321655/000182395225000004/0001823952-25-000004.txt
Moore Alexander D.,,2025-10-01,2025-10-03,4500,183.8931,827518.95,D,S,1264278,True,True,False,0001823952-25-000004,https://www.sec.gov/Archives/edgar/data/1321655/000182395225000004/0001823952-25-000004.txt
Moore Alexander D.,,2025-10-01,2025-10-03,9800,184.8064,1811102.72,D,S,1254478,True,True,False,0001823952-25-000004,https://www.sec.gov/Archives/edgar/data/1321655/000182395225000004/0001823952-25-000004.txt
Moore Alexander D.,,2025-10-01,2025-10-03,1400,185.6893,259965.02,D,S,1253078,True,True,False,0001823952-25-000004,https://www.sec.gov/Archives/edgar/data/1321655/000182395225000004/0001823952-25-000004.txt
Moore Alexander D.,,2025-10-01,2025-10-03,100,186.27,18627.0,D,S,1252978,True,True,False,0001823952-25-000004,https://www.sec.gov/Archives/edgar/data/1321655/000182395225000004/0001823952-25-000004.txt
Stat Lauren Elaina Friedman,,2025-09-18,2025-09-22,9000,177.6,1598400.0,D,S,50794,True,True,False,0001840244-25-000004,https://www.sec.gov/Archives/edgar/data/1321655/000184024425000004/0001840244-25-000004.txt
Stat Lauren Elaina Friedman,,2025-09-11,2025-09-15,1673,164.2626,274811.33,D,S,79121,True,True,False,0001840244-25-000003,https://www.sec.gov/Archives/edgar/data/1321655/000184024425000003/0001840244-25-000003.txt
Stat Lauren Elaina Friedman,,2025-09-11,2025-09-15,7936,164.9899,1309359.85,D,S,71185,True,True,False,0001840244-25-000003,https://www.sec.gov/Archives/edgar/data/1321655/000184024425000003/0001840244-25-000003.txt
Stat Lauren Elaina Friedman,,2025-09-11,2025-09-15,3391,165.9378,562695.08,D,S,67794,True,True,False,0001840244-25-000003,https://www.sec.gov/Archives/edgar/data/1321655/000184024425000003/0001840244-25-000003.txt
Stat Lauren Elaina Friedman,,2025-09-11,2025-09-15,8000,167.25,1338000.0,D,S,59794,True,True,False,0001840244-25-000003,https://www.sec.gov/Archives/edgar/data/1321655/000184024425000003/0001840244-25-000003.txt
Taylor Ryan D.,See Remarks,2025-09-05,2025-09-09,36048,158.346,5708056.61,D,S,307470,True,False,True,0001823923-25-000006,https://www.sec.gov/Archives/edgar/data/1321655/000182392325000006/0001823923-25-000006.txt
Sankar Shyam,See Remarks,2025-09-04,2025-09-08,60000,0.0,0.0,D,G,642786,False,False,True,0001321655-25-000122,https://www.sec.gov/Archives/edgar/data/1321655/000132165525000122/0001321655-25-000122.txt
Moore Alexander D.,,2025-09-02,2025-09-04,600,151.5567,90934.02,D,S,1292378,True,True,False,0001321655-25-000121,https://www.sec.gov/Archives/edgar/data/1321655/000132165525000121/0001321655-25-000121.txt
Moore Alexander D.,,2025-09-02,2025-09-04,900,152.8592,137573.28,D,S,1291478,True,True,False,0001321655-25-000121,https://www.sec.gov/Archives/edgar/data/1321655/000132165525000121/0001321655-25-000121.txt
Moore Alexander D.,,2025-09-02,2025-09-04,500,153.884,76942.0,D,S,1290978,True,True,False,0001321655-25-000121,https://www.sec.gov/Archives/edgar/data/1321655/000132165525000121/0001321655-25-000121.txt
Moore Alexander D.,,2025-09-02,2025-09-04,1199,155.0515,185906.75,D,S,1289779,True,True,False,0001321655-25-000121,https://www.sec.gov/Archives/edgar/data/1321655/000132165525000121/0001321655-25-000121.txt
Moore Alexander D.,,2025-09-02,2025-09-04,4001,155.9526,623966.35,D,S,1285778,True,True,False,0001321655-25-000121,https://www.sec.gov/Archives/edgar/data/1321655/000132165525000121/0001321655-25-000121.txt
Moore Alexander D.,,2025-09-02,2025-09-04,9500,157.1196,1492636.2,D,S,1276278,True,True,False,0001321655-25-000121,https://www.sec.gov/Archives/edgar/data/1321655/000132165525000121/0001321655-25-000121.txt
Moore Alexander D.,,2025-09-02,2025-09-04,3300,157.6846,520359.18,D,S,1272978,True,True,False,0001321655-25-000121,https://www.sec.gov/Archives/edgar/data/1321655/000132165525000121/0001321655-25-000121.txt
Glazer David A.,See Remarks,2025-09-02,2025-09-04,26513,4.72,125141.36,A,M,500912,True,False,True,0001321655-25-000120,https://www.sec.gov/Archives/edgar/data/1321655/000132165525000120/0001321655-25-000120.txt
Glazer David A.,See Remarks,2025-09-02,2025-09-04,11257,4.72,53133.04,A,M,512169,True,False,True,0001321655-25-000120,https://www.sec.gov/Archives/edgar/data/1321655/000132165525000120/0001321655-25-000120.txt
Glazer David A.,See Remarks,2025-09-02,2025-09-04,200,150.85,30170.0,D,S,511969,True,False,True,0001321655-25-000120,https://www.sec.gov/Archives/edgar/data/1321655/000132165525000120/0001321655-25-000120.txt
Glazer David A.,See Remarks,2025-09-02,2025-09-04,27500,152.1807,4184969.25,D,S,484469,True,False,True,0001321655-25-000120,https://www.sec.gov/Archives/edgar/data/1321655/000132165525000120/0001321655-25-000120.txt
Glazer David A.,See Remarks,2025-09-02,2025-09-04,700,153.2229,107256.03,D,S,483769,True,False,True,0001321655-25-000120,https://www.sec.gov/Archives/edgar/data/1321655/000132165525000120/0001321655-25-000120.txt
Glazer David A.,See Remarks,2025-09-02,2025-09-04,500,154.322,77161.0,D,S,483269,True,False,True,0001321655-25-000120,https://www.sec.gov/Archives/edgar/data/1321655/000132165525000120/0001321655-25-000120.txt
Glazer David A.,See Remarks,2025-09-02,2025-09-04,38500,155.2068,5975461.8,D,S,444769,True,False,True,0001321655-25-000120,https://www.sec.gov/Archives/edgar/data/1321655/000132165525000120/0001321655-25-000120.txt
Glazer David A.,See Remarks,2025-09-02,2025-09-04,4631,156.5673,725063.17,D,S,440138,True,False,True,0001321655-25-000120,https://www.sec.gov/Archives/edgar/data/1321655/000132165525000120/0001321655-25-000120.txt
Glazer David A.,See Remarks,2025-09-02,2025-09-04,8569,157.3661,1348470.11,D,S,431569,True,False,True,0001321655-25-000120,https://www.sec.gov/Archives/edgar/data/1321655/000132165525000120/0001321655-25-000120.txt
Glazer David A.,See Remarks,2025-09-02,2025-09-04,400,158.0775,63231.0,D,S,431169,True,False,True,0001321655-25-000120,https://www.sec.gov/Archives/edgar/data/1321655/000132165525000120/0001321655-25-000120.txt
Buckley Jeffrey,See Remarks,2025-08-29,2025-09-03,2803,157.0,440071.0,D,S,50961,True,False,True,0001321655-25-000119,https://www.sec.gov/Archives/edgar/data/1321655/000132165525000119/0001321655-25-000119.txt
Sankar Shyam,See Remarks,2025-08-22,2025-08-22,30000,0.0,0.0,A,C,732786,True,False,True,0001321655-25-000115,https://www.sec.gov/Archives/edgar/data/1321655/000132165525000115/0001321655-25-000115.txt
Sankar Shyam,See Remarks,2025-08-22,2025-08-22,2137,154.756,330713.57,D,S,730649,True,False,True,0001321655-25-000115,https://www.sec.gov/Archives/edgar/data/1321655/000132165525000115/0001321655-25-000115.txt
Sankar Shyam,See Remarks,2025-08-22,2025-08-22,3275,157.717,516523.18,D,S,727374,True,False,True,0001321655-25-000115,https://www.sec.gov/Archives/edgar/data/1321655/000132165525000115/0001321655-25-000115.txt
Sankar Shyam,See Remarks,2025-08-22,2025-08-22,6773,158.8415,1075833.48,D,S,720601,True,False,True,0001321655-25-000115,https://www.sec.gov/Archives/edgar/data/1321655/000132165525000115/0001321655-25-000115.txt
Sankar Shyam,See Remarks,2025-08-22,2025-08-22,4526,159.7436,722999.53,D,S,716075,True,False,True,0001321655-25-000115,https://www.sec.gov/Archives/edgar/data/1321655/000132165525000115/0001321655-25-000115.txt
Sankar Shyam,See Remarks,2025-08-22,2025-08-22,8764,160.6094,1407580.78,D,S,707311,True,False,True,0001321655-25-000115,https://www.sec.gov/Archives/edgar/data/1321655/000132165525000115/0001321655-25-000115.txt
Sankar Shyam,See Remarks,2025-08-22,2025-08-22,2779,161.5627,448982.74,D,S,704532,True,False,True,0001321655-25-000115,https://www.sec.gov/Archives/edgar/data/1321655/000132165525000115/0001321655-25-000115.txt
Sankar Shyam,See Remarks,2025-08-22,2025-08-22,1746,162.5565,283823.65,D,S,702786,True,False,True,0001321655-25-000115,https://www.sec.gov/Archives/edgar/data/1321655/000132165525000115/0001321655-25-000115.txt
Taylor Ryan D.,See Remarks,2025-08-21,2025-08-22,476,154.5119,73547.66,D,S,352253,False,False,True,0001321655-25-000117,https://www.sec.gov/Archives/edgar/data/1321655/000132165525000117/0001321655-25-000117.txt
Taylor Ryan D.,See Remarks,2025-08-21,2025-08-22,4763,155.5261,740770.81,D,S,347490,False,False,True,0001321655-25-000117,https://www.sec.gov/Archives/edgar/data/1321655/000132165525000117/0001321655-25-000117.txt
Taylor Ryan D.,See Remarks,2025-08-21,2025-08-22,3880,156.1518,605868.98,D,S,343610,False,False,True,0001321655-25-000117,https://www.sec.gov/Archives/edgar/data/1321655/000132165525000117/0001321655-25-000117.txt
Taylor Ryan D.,See Remarks,2025-08-21,2025-08-22,92,157.175,14460.1,D,S,343518,False,False,True,0001321655-25-000117,https://www.sec.gov/Archives/edgar/data/1321655/000132165525000117/0001321655-25-000117.txt
Sankar Shyam,See Remarks,2025-08-21,2025-08-22,77769,0.0,0.0,A,C,780555,True,False,True,0001321655-25-000115,https://www.sec.gov/Archives/edgar/data/1321655/000132165525000115/0001321655-25-000115.txt
Sankar Shyam,See Remarks,2025-08-21,2025-08-22,4015,154.5119,620365.28,D,S,776540,True,False,True,0001321655-25-000115,https://www.sec.gov/Archives/edgar/data/1321655/000132165525000115/0001321655-25-000115.txt
Sankar Shyam,See Remarks,2025-08-21,2025-08-22,40216,155.5261,6254637.64,D,S,736324,True,False,True,0001321655-25-000115,https://www.sec.gov/Archives/edgar/data/1321655/000132165525000115/0001321655-25-000115.txt
Sankar Shyam,See Remarks,2025-08-21,2025-08-22,32763,156.1518,5116001.42,D,S,703561,True,False,True,0001321655-25-000115,https://www.sec.gov/Archives/edgar/data/1321655/000132165525000115/0001321655-25-000115.txt
Sankar Shyam,See Remarks,2025-08-21,2025-08-22,775,157.175,121810.63,D,S,702786,True,False,True,0001321655-25-000115,https://www.sec.gov/Archives/edgar/data/1321655/000132165525000115/0001321655-25-000115.txt
Karp Alexander C.,See Remarks,2025-08-21,2025-08-22,186194,0.0,0.0,A,C,6618452,False,True,True,0001321655-25-000112,https://www.sec.gov/Archives/edgar/data/1321655/000132165525000112/0001321655-25-000112.txt
Karp Alexander C.,See Remarks,2025-08-21,2025-08-22,9614,154.5119,1485477.41,D,S,6608838,False,True,True,0001321655-25-000112,https://www.sec.gov/Archives/edgar/data/1321655/000132165525000112/0001321655-25-000112.txt
Karp Alexander C.,See Remarks,2025-08-21,2025-08-22,96285,155.5261,14974830.54,D,S,6512553,False,True,True,0001321655-25-000112,https://www.sec.gov/Archives/edgar/data/1321655/000132165525000112/0001321655-25-000112.txt
Karp Alexander C.,See Remarks,2025-08-21,2025-08-22,78440,156.1518,12248547.19,D,S,6434113,False,True,True,0001321655-25-000112,https://www.sec.gov/Archives/edgar/data/1321655/000132165525000112/0001321655-25-000112.txt
Karp Alexander C.,See Remarks,2025-08-21,2025-08-22,1855,157.175,291559.62,D,S,6432258,False,True,True,0001321655-25-000112,https://www.sec.gov/Archives/edgar/data/1321655/000132165525000112/0001321655-25-000112.txt
Glazer David A.,See Remarks,2025-08-21,2025-08-22,416,154.5119,64276.95,D,S,482030,False,False,True,0001321655-25-000116,https://www.sec.gov/Archives/edgar/data/1321655/000132165525000116/0001321655-25-000116.txt
Glazer David A.,See Remarks,2025-08-21,2025-08-22,4161,155.5261,647144.1,D,S,477869,False,False,True,0001321655-25-000116,https://www.sec.gov/Archives/edgar/data/1321655/000132165525000116/0001321655-25-000116.txt
Glazer David A.,See Remarks,2025-08-21,2025-08-22,3390,156.1518,529354.6,D,S,474479,False,False,True,0001321655-25-000116,https://www.sec.gov/Archives/edgar/data/1321655/000132165525000116/0001321655-25-000116.txt
Glazer David A.,See Remarks,2025-08-21,2025-08-22,80,157.175,12574.0,D,S,474399,False,False,True,0001321655-25-000116,https://www.sec.gov/Archives/edgar/data/1321655/000132165525000116/0001321655-25-000116.txt
Cohen Stephen Andrew,See Remarks,2025-08-21,2025-08-22,160164,0.0,0.0,A,C,160756,False,True,True,0001321655-25-000113,https://www.sec.gov/Archives/edgar/data/1321655/000132165525000113/0001321655-25-000113.txt
Cohen Stephen Andrew,See Remarks,2025-08-21,2025-08-22,8270,154.5119,1277813.41,D,S,152486,False,True,True,0001321655-25-000113,https://www.sec.gov/Archives/edgar/data/1321655/000132165525000113/0001321655-25-000113.txt
Cohen Stephen Andrew,See Remarks,2025-08-21,2025-08-22,82824,155.5261,12881293.71,D,S,69662,False,True,True,0001321655-25-000113,https://www.sec.gov/Archives/edgar/data/1321655/000132165525000113/0001321655-25-000113.txt
Cohen Stephen Andrew,See Remarks,2025-08-21,2025-08-22,67474,156.1518,10536186.55,D,S,2188,False,True,True,0001321655-25-000113,https://www.sec.gov/Archives/edgar/data/1321655/000132165525000113/0001321655-25-000113.txt
Cohen Stephen Andrew,See Remarks,2025-08-21,2025-08-22,1596,157.175,250851.3,D,S,592,False,True,True,0001321655-25-000113,https://www.sec.gov/Archives/edgar/data/1321655/000132165525000113/0001321655-25-000113.txt
Buckley Jeffrey,See Remarks,2025-08-21,2025-08-22,55,154.5119,8498.15,D,S,54785,False,False,True,0001321655-25-000118,https://www.sec.gov/Archives/edgar/data/1321655/000132165525000118/0001321655-25-000118.txt
Buckley Jeffrey,See Remarks,2025-08-21,2025-08-22,557,155.5261,86628.04,D,S,54228,False,False,True,0001321655-25-000118,https://www.sec.gov/Archives/edgar/data/1321655/000132165525000118/0001321655-25-000118.txt
Buckley Jeffrey,See Remarks,2025-08-21,2025-08-22,453,156.1518,70736.77,D,S,53775,False,False,True,0001321655-25-000118,https://www.sec.gov/Archives/edgar/data/1321655/000132165525000118/0001321655-25-000118.txt
Buckley Jeffrey,See Remarks,2025-08-21,2025-08-22,11,157.175,1728.93,D,S,53764,False,False,True,0001321655-25-000118,https://www.sec.gov/Archives/edgar/data/1321655/000132165525000118/0001321655-25-000118.txt
Taylor Ryan D.,See Remarks,2025-08-20,2025-08-22,372,143.123,53241.76,D,S,363383,False,False,True,0001321655-25-000117,https://www.sec.gov/Archives/edgar/data/1321655/000132165525000117/0001321655-25-000117.txt
Taylor Ryan D.,See Remarks,2025-08-20,2025-08-22,312,143.8084,44868.22,D,S,363071,False,False,True,0001321655-25-000117,https://www.sec.gov/Archives/edgar/data/1321655/000132165525000117/0001321655-25-000117.txt
Taylor Ryan D.,See Remarks,2025-08-20,2025-08-22,313,144.8738,45345.5,D,S,362758,False,False,True,0001321655-25-000117,https://www.sec.gov/Archives/edgar/data/1321655/000132165525000117/0001321655-25-000117.txt
Taylor Ryan D.,See Remarks,2025-08-20,2025-08-22,869,146.0497,126917.19,D,S,361889,False,False,True,0001321655-25-000117,https://www.sec.gov/Archives/edgar/data/1321655/000132165525000117/0001321655-25-000117.txt
Taylor Ryan D.,See Remarks,2025-08-20,2025-08-22,471,146.926,69202.15,D,S,361418,False,False,True,0001321655-25-000117,https://www.sec.gov/Archives/edgar/data/1321655/000132165525000117/0001321655-25-000117.txt
Taylor Ryan D.,See Remarks,2025-08-20,2025-08-22,285,148.0661,42198.84,D,S,361133,False,False,True,0001321655-25-000117,https://www.sec.gov/Archives/edgar/data/1321655/000132165525000117/0001321655-25-000117.txt
Taylor Ryan D.,See Remarks,2025-08-20,2025-08-22,714,149.0415,106415.63,D,S,360419,False,False,True,0001321655-25-000117,https://www.sec.gov/Archives/edgar/data/1321655/000132165525000117/0001321655-25-000117.txt
Taylor Ryan D.,See Remarks,2025-08-20,2025-08-22,795,149.9274,119192.28,D,S,359624,False,False,True,0001321655-25-000117,https://www.sec.gov/Archives/edgar/data/1321655/000132165525000117/0001321655-25-000117.txt
Taylor Ryan D.,See Remarks,2025-08-20,2025-08-22,228,151.0535,34440.2,D,S,359396,False,False,True,0001321655-25-000117,https://www.sec.gov/Archives/edgar/data/1321655/000132165525000117/0001321655-25-000117.txt
Taylor Ryan D.,See Remarks,2025-08-20,2025-08-22,635,152.0545,96554.61,D,S,358761,False,False,True,0001321655-25-000117,https://www.sec.gov/Archives/edgar/data/1321655/000132165525000117/0001321655-25-000117.txt
Taylor Ryan D.,See Remarks,2025-08-20,2025-08-22,1494,153.1201,228761.43,D,S,357267,False,False,True,0001321655-25-000117,https://www.sec.gov/Archives/edgar/data/1321655/000132165525000117/0001321655-25-000117.txt
Taylor Ryan D.,See Remarks,2025-08-20,2025-08-22,2502,154.1581,385703.57,D,S,354765,False,False,True,0001321655-25-000117,https://www.sec.gov/Archives/edgar/data/1321655/000132165525000117/0001321655-25-000117.txt
Taylor Ryan D.,See Remarks,2025-08-20,2025-08-22,1404,154.8895,217464.86,D,S,353361,False,False,True,0001321655-25-000117,https://www.sec.gov/Archives/edgar/data/1321655/000132165525000117/0001321655-25-000117.txt
Taylor Ryan D.,See Remarks,2025-08-20,2025-08-22,632,156.1132,98663.54,D,S,352729,False,False,True,0001321655-25-000117,https://www.sec.gov/Archives/edgar/data/1321655/000132165525000117/0001321655-25-000117.txt
Sankar Shyam,See Remarks,2025-08-20,2025-08-22,93092,0.0,0.0,A,C,795878,True,False,True,0001321655-25-000115,https://www.sec.gov/Archives/edgar/data/1321655/000132165525000115/0001321655-25-000115.txt
Sankar Shyam,See Remarks,2025-08-20,2025-08-22,3142,143.123,449692.47,D,S,792736,True,False,True,0001321655-25-000115,https://www.sec.gov/Archives/edgar/data/1321655/000132165525000115/0001321655-25-000115.txt
Sankar Shyam,See Remarks,2025-08-20,2025-08-22,2631,143.8084,378359.9,D,S,790105,True,False,True,0001321655-25-000115,https://www.sec.gov/Archives/edgar/data/1321655/000132165525000115/0001321655-25-000115.txt
Sankar Shyam,See Remarks,2025-08-20,2025-08-22,2643,144.8738,382901.45,D,S,787462,True,False,True,0001321655-25-000115,https://www.sec.gov/Archives/edgar/data/1321655/000132165525000115/0001321655-25-000115.txt
Sankar Shyam,See Remarks,2025-08-20,2025-08-22,7340,146.0497,1072004.8,D,S,780122,True,False,True,0001321655-25-000115,https://www.sec.gov/Archives/edgar/data/1321655/000132165525000115/0001321655-25-000115.txt
Sankar Shyam,See Remarks,2025-08-20,2025-08-22,3979,146.926,584618.55,D,S,776143,True,False,True,0001321655-25-000115,https://www.sec.gov/Archives/edgar/data/1321655/000132165525000115/0001321655-25-000115.txt
Sankar Shyam,See Remarks,2025-08-20,2025-08-22,2406,148.0661,356247.04,D,S,773737,True,False,True,0001321655-25-000115,https://www.sec.gov/Archives/edgar/data/1321655/000132165525000115/0001321655-25-000115.txt
Sankar Shyam,See Remarks,2025-08-20,2025-08-22,6031,149.0415,898869.29,D,S,767706,True,False,True,0001321655-25-000115,https://www.sec.gov/Archives/edgar/data/1321655/000132165525000115/0001321655-25-000115.txt
Sankar Shyam,See Remarks,2025-08-20,2025-08-22,6712,149.9274,1006312.71,D,S,760994,True,False,True,0001321655-25-000115,https://www.sec.gov/Archives/edgar/data/1321655/000132165525000115/0001321655-25-000115.txt
Sankar Shyam,See Remarks,2025-08-20,2025-08-22,1929,151.0535,291382.2,D,S,759065,True,False,True,0001321655-25-000115,https://www.sec.gov/Archives/edgar/data/1321655/000132165525000115/0001321655-25-000115.txt
Sankar Shyam,See Remarks,2025-08-20,2025-08-22,5362,152.0545,815316.23,D,S,753703,True,False,True,0001321655-25-000115,https://www.sec.gov/Archives/edgar/data/1321655/000132165525000115/0001321655-25-000115.txt
Sankar Shyam,See Remarks,2025-08-20,2025-08-22,12611,153.1201,1930997.58,D,S,741092,True,False,True,0001321655-25-000115,https://www.sec.gov/Archives/edgar/data/1321655/000132165525000115/0001321655-25-000115.txt
Sankar Shyam,See Remarks,2025-08-20,2025-08-22,21121,154.1581,3255973.23,D,S,719971,True,False,True,0001321655-25-000115,https://www.sec.gov/Archives/edgar/data/1321655/000132165525000115/0001321655-25-000115.txt
Sankar Shyam,See Remarks,2025-08-20,2025-08-22,11853,154.8895,1835905.24,D,S,708118,True,False,True,0001321655-25-000115,https://www.sec.gov/Archives/edgar/data/1321655/000132165525000115/0001321655-25-000115.txt
Sankar Shyam,See Remarks,2025-08-20,2025-08-22,5332,156.1132,832395.58,D,S,702786,True,False,True,0001321655-25-000115,https://www.sec.gov/Archives/edgar/data/1321655/000132165525000115/0001321655-25-000115.txt
Sankar Shyam,See Remarks,2025-08-20,2025-08-22,375000,0.0,0.0,A,C,1077786,True,False,True,0001321655-25-000114,https://www.sec.gov/Archives/edgar/data/1321655/000132165525000114/0001321655-25-000114.txt
Sankar Shyam,See Remarks,2025-08-20,2025-08-22,13109,143.0363,1875062.86,D,S,1064677,True,False,True,0001321655-25-000114,https://www.sec.gov/Archives/edgar/data/1321655/000132165525000114/0001321655-25-000114.txt
Sankar Shyam,See Remarks,2025-08-20,2025-08-22,10596,143.7488,1523162.28,D,S,1054081,True,False,True,0001321655-25-000114,https://www.sec.gov/Archives/edgar/data/1321655/000132165525000114/0001321655-25-000114.txt
Sankar Shyam,See Remarks,2025-08-20,2025-08-22,14530,144.937,2105934.61,D,S,1039551,True,False,True,0001321655-25-000114,https://www.sec.gov/Archives/edgar/data/1321655/000132165525000114/0001321655-25-000114.txt
Sankar Shyam,See Remarks,2025-08-20,2025-08-22,31141,146.0975,4549622.25,D,S,1008410,True,False,True,0001321655-25-000114,https://www.sec.gov/Archives/edgar/data/1321655/000132165525000114/0001321655-25-000114.txt
Sankar Shyam,See Remarks,2025-08-20,2025-08-22,16974,147.0062,2495283.24,D,S,991436,True,False,True,0001321655-25-000114,https://www.sec.gov/Archives/edgar/data/1321655/000132165525000114/0001321655-25-000114.txt
Sankar Shyam,See Remarks,2025-08-20,2025-08-22,12721,148.18,1884997.78,D,S,978715,True,False,True,0001321655-25-000114,https://www.sec.gov/Archives/edgar/data/1321655/000132165525000114/0001321655-25-000114.txt
Sankar Shyam,See Remarks,2025-08-20,2025-08-22,21753,149.0863,3243074.28,D,S,956962,True,False,True,0001321655-25-000114,https://www.sec.gov/Archives/edgar/data/1321655/000132165525000114/0001321655-25-000114.txt
Sankar Shyam,See Remarks,2025-08-20,2025-08-22,31587,149.9403,4736164.26,D,S,925375,True,False,True,0001321655-25-000114,https://www.sec.gov/Archives/edgar/data/1321655/000132165525000114/0001321655-25-000114.txt
Sankar Shyam,See Remarks,2025-08-20,2025-08-22,9370,151.1049,1415852.91,D,S,916005,True,False,True,0001321655-25-000114,https://www.sec.gov/Archives/edgar/data/1321655/000132165525000114/0001321655-25-000114.txt
Sankar Shyam,See Remarks,2025-08-20,2025-08-22,27628,152.1536,4203699.66,D,S,888377,True,False,True,0001321655-25-000114,https://www.sec.gov/Archives/edgar/data/1321655/000132165525000114/0001321655-25-000114.txt
Sankar Shyam,See Remarks,2025-08-20,2025-08-22,53219,153.1427,8150101.35,D,S,835158,True,False,True,0001321655-25-000114,https://www.sec.gov/Archives/edgar/data/1321655/000132165525000114/0001321655-25-000114.txt
Sankar Shyam,See Remarks,2025-08-20,2025-08-22,58739,154.1659,9055550.8,D,S,776419,True,False,True,0001321655-25-000114,https://www.sec.gov/Archives/edgar/data/1321655/000132165525000114/0001321655-25-000114.txt
Sankar Shyam,See Remarks,2025-08-20,2025-08-22,28360,155.0686,4397745.5,D,S,748059,True,False,True,0001321655-25-000114,https://www.sec.gov/Archives/edgar/data/1321655/000132165525000114/0001321655-25-000114.txt
Sankar Shyam,See Remarks,2025-08-20,2025-08-22,45273,156.0178,7063393.86,D,S,702786,True,False,True,0001321655-25-000114,https://www.sec.gov/Archives/edgar/data/1321655/000132165525000114/0001321655-25-000114.txt
Karp Alexander C.,See Remarks,2025-08-20,2025-08-22,222878,0.0,0.0,A,C,6655136,False,True,True,0001321655-25-000112,https://www.sec.gov/Archives/edgar/data/1321655/000132165525000112/0001321655-25-000112.txt
Karp Alexander C.,See Remarks,2025-08-20,2025-08-22,7521,143.123,1076428.08,D,S,6647615,False,True,True,0001321655-25-000112,https://www.sec.gov/Archives/edgar/data/1321655/000132165525000112/0001321655-25-000112.txt
Karp Alexander C.,See Remarks,2025-08-20,2025-08-22,6298,143.8084,905705.3,D,S,6641317,False,True,True,0001321655-25-000112,https://www.sec.gov/Archives/edgar/data/1321655/000132165525000112/0001321655-25-000112.txt
Karp Alexander C.,See Remarks,2025-08-20,2025-08-22,6327,144.8738,916616.53,D,S,6634990,False,True,True,0001321655-25-000112,https://www.sec.gov/Archives/edgar/data/1321655/000132165525000112/0001321655-25-000112.txt
Karp Alexander C.,See Remarks,2025-08-20,2025-08-22,17574,146.0497,2566677.43,D,S,6617416,False,True,True,0001321655-25-000112,https://www.sec.gov/Archives/edgar/data/1321655/000132165525000112/0001321655-25-000112.txt
Karp Alexander C.,See Remarks,2025-08-20,2025-08-22,9527,146.926,1399764.0,D,S,6607889,False,True,True,0001321655-25-000112,https://www.sec.gov/Archives/edgar/data/1321655/000132165525000112/0001321655-25-000112.txt
Karp Alexander C.,See Remarks,2025-08-20,2025-08-22,5761,148.0661,853008.8,D,S,6602128,False,True,True,0001321655-25-000112,https://www.sec.gov/Archives/edgar/data/1321655/000132165525000112/0001321655-25-000112.txt
Karp Alexander C.,See Remarks,2025-08-20,2025-08-22,14439,149.0415,2152010.22,D,S,6587689,False,True,True,0001321655-25-000112,https://www.sec.gov/Archives/edgar/data/1321655/000132165525000112/0001321655-25-000112.txt
Karp Alexander C.,See Remarks,2025-08-20,2025-08-22,16069,149.9274,2409183.39,D,S,6571620,False,True,True,0001321655-25-000112,https://www.sec.gov/Archives/edgar/data/1321655/000132165525000112/0001321655-25-000112.txt
Karp Alexander C.,See Remarks,2025-08-20,2025-08-22,4619,151.0535,697716.12,D,S,6567001,False,True,True,0001321655-25-000112,https://www.sec.gov/Archives/edgar/data/1321655/000132165525000112/0001321655-25-000112.txt
Karp Alexander C.,See Remarks,2025-08-20,2025-08-22,12837,152.0545,1951923.62,D,S,6554164,False,True,True,0001321655-25-000112,https://www.sec.gov/Archives/edgar/data/1321655/000132165525000112/0001321655-25-000112.txt
Karp Alexander C.,See Remarks,2025-08-20,2025-08-22,30194,153.1201,4623308.3,D,S,6523970,False,True,True,0001321655-25-000112,https://www.sec.gov/Archives/edgar/data/1321655/000132165525000112/0001321655-25-000112.txt
Karp Alexander C.,See Remarks,2025-08-20,2025-08-22,50567,154.1581,7795312.64,D,S,6473403,False,True,True,0001321655-25-000112,https://www.sec.gov/Archives/edgar/data/1321655/000132165525000112/0001321655-25-000112.txt
Karp Alexander C.,See Remarks,2025-08-20,2025-08-22,28379,154.8895,4395609.12,D,S,6445024,False,True,True,0001321655-25-000112,https://www.sec.gov/Archives/edgar/data/1321655/000132165525000112/0001321655-25-000112.txt
Karp Alexander C.,See Remarks,2025-08-20,2025-08-22,12766,156.1132,1992941.11,D,S,6432258,False,True,True,0001321655-25-000112,https://www.sec.gov/Archives/edgar/data/1321655/000132165525000112/0001321655-25-000112.txt
Glazer David A.,See Remarks,2025-08-20,2025-08-22,325,143.123,46514.97,D,S,491754,False,False,True,0001321655-25-000116,https://www.sec.gov/Archives/edgar/data/1321655/000132165525000116/0001321655-25-000116.txt
Glazer David A.,See Remarks,2025-08-20,2025-08-22,272,143.8084,39115.88,D,S,491482,False,False,True,0001321655-25-000116,https://www.sec.gov/Archives/edgar/data/1321655/000132165525000116/0001321655-25-000116.txt
Glazer David A.,See Remarks,2025-08-20,2025-08-22,273,144.8738,39550.55,D,S,491209,False,False,True,0001321655-25-000116,https://www.sec.gov/Archives/edgar/data/1321655/000132165525000116/0001321655-25-000116.txt
Glazer David A.,See Remarks,2025-08-20,2025-08-22,760,146.0497,110997.77,D,S,490449,False,False,True,0001321655-25-000116,https://www.sec.gov/Archives/edgar/data/1321655/000132165525000116/0001321655-25-000116.txt
Glazer David A.,See Remarks,2025-08-20,2025-08-22,412,146.926,60533.51,D,S,490037,False,False,True,0001321655-25-000116,https://www.sec.gov/Archives/edgar/data/1321655/000132165525000116/0001321655-25-000116.txt
Glazer David A.,See Remarks,2025-08-20,2025-08-22,249,148.0661,36868.46,D,S,489788,False,False,True,0001321655-25-000116,https://www.sec.gov/Archives/edgar/data/1321655/000132165525000116/0001321655-25-000116.txt
Glazer David A.,See Remarks,2025-08-20,2025-08-22,624,149.0415,93001.9,D,S,489164,False,False,True,0001321655-25-000116,https://www.sec.gov/Archives/edgar/data/1321655/000132165525000116/0001321655-25-000116.txt
Glazer David A.,See Remarks,2025-08-20,2025-08-22,694,149.9274,104049.62,D,S,488470,False,False,True,0001321655-25-000116,https://www.sec.gov/Archives/edgar/data/1321655/000132165525000116/0001321655-25-000116.txt
Glazer David A.,See Remarks,2025-08-20,2025-08-22,200,151.0535,30210.7,D,S,488270,False,False,True,0001321655-25-000116,https://www.sec.gov/Archives/edgar/data/1321655/000132165525000116/0001321655-25-000116.txt
Glazer David A.,See Remarks,2025-08-20,2025-08-22,555,152.0545,84390.25,D,S,487715,False,False,True,0001321655-25-000116,https://www.sec.gov/Archives/edgar/data/1321655/000132165525000116/0001321655-25-000116.txt
Glazer David A.,See Remarks,2025-08-20,2025-08-22,1305,153.1201,199821.73,D,S,486410,False,False,True,0001321655-25-000116,https://www.sec.gov/Archives/edgar/data/1321655/000132165525000116/0001321655-25-000116.txt
Glazer David A.,See Remarks,2025-08-20,2025-08-22,2185,154.1581,336835.45,D,S,484225,False,False,True,0001321655-25-000116,https://www.sec.gov/Archives/edgar/data/1321655/000132165525000116/0001321655-25-000116.txt
Glazer David A.,See Remarks,2025-08-20,2025-08-22,1227,154.8895,190049.42,D,S,482998,False,False,True,0001321655-25-000116,https://www.sec.gov/Archives/edgar/data/1321655/000132165525000116/0001321655-25-000116.txt
Glazer David A.,See Remarks,2025-08-20,2025-08-22,552,156.1132,86174.49,D,S,482446,False,False,True,0001321655-25-000116,https://www.sec.gov/Archives/edgar/data/1321655/000132165525000116/0001321655-25-000116.txt
Cohen Stephen Andrew,See Remarks,2025-08-20,2025-08-22,191720,0.0,0.0,A,C,192312,False,True,True,0001321655-25-000113,https://www.sec.gov/Archives/edgar/data/1321655/000132165525000113/0001321655-25-000113.txt
Cohen Stephen Andrew,See Remarks,2025-08-20,2025-08-22,6470,143.123,926005.81,D,S,185842,False,True,True,0001321655-25-000113,https://www.sec.gov/Archives/edgar/data/1321655/000132165525000113/0001321655-25-000113.txt
Cohen Stephen Andrew,See Remarks,2025-08-20,2025-08-22,5418,143.8084,779153.91,D,S,180424,False,True,True,0001321655-25-000113,https://www.sec.gov/Archives/edgar/data/1321655/000132165525000113/0001321655-25-000113.txt
Cohen Stephen Andrew,See Remarks,2025-08-20,2025-08-22,5443,144.8738,788548.09,D,S,174981,False,True,True,0001321655-25-000113,https://www.sec.gov/Archives/edgar/data/1321655/000132165525000113/0001321655-25-000113.txt
Cohen Stephen Andrew,See Remarks,2025-08-20,2025-08-22,15117,146.0497,2207833.31,D,S,159864,False,True,True,0001321655-25-000113,https://www.sec.gov/Archives/edgar/data/1321655/000132165525000113/0001321655-25-000113.txt
Cohen Stephen Andrew,See Remarks,2025-08-20,2025-08-22,8195,146.926,1204058.57,D,S,151669,False,True,True,0001321655-25-000113,https://www.sec.gov/Archives/edgar/data/1321655/000132165525000113/0001321655-25-000113.txt
Cohen Stephen Andrew,See Remarks,2025-08-20,2025-08-22,4956,148.0661,733815.59,D,S,146713,False,True,True,0001321655-25-000113,https://www.sec.gov/Archives/edgar/data/1321655/000132165525000113/0001321655-25-000113.txt
Cohen Stephen Andrew,See Remarks,2025-08-20,2025-08-22,12420,149.0415,1851095.43,D,S,134293,False,True,True,0001321655-25-000113,https://www.sec.gov/Archives/edgar/data/1321655/000132165525000113/0001321655-25-000113.txt
Cohen Stephen Andrew,See Remarks,2025-08-20,2025-08-22,13823,149.9274,2072446.45,D,S,120470,False,True,True,0001321655-25-000113,https://www.sec.gov/Archives/edgar/data/1321655/000132165525000113/0001321655-25-000113.txt
Cohen Stephen Andrew,See Remarks,2025-08-20,2025-08-22,3973,151.0535,600135.56,D,S,116497,False,True,True,0001321655-25-000113,https://www.sec.gov/Archives/edgar/data/1321655/000132165525000113/0001321655-25-000113.txt
Cohen Stephen Andrew,See Remarks,2025-08-20,2025-08-22,11043,152.0545,1679137.84,D,S,105454,False,True,True,0001321655-25-000113,https://www.sec.gov/Archives/edgar/data/1321655/000132165525000113/0001321655-25-000113.txt
Cohen Stephen Andrew,See Remarks,2025-08-20,2025-08-22,25972,153.1201,3976835.24,D,S,79482,False,True,True,0001321655-25-000113,https://www.sec.gov/Archives/edgar/data/1321655/000132165525000113/0001321655-25-000113.txt
Cohen Stephen Andrew,See Remarks,2025-08-20,2025-08-22,43497,154.1581,6705414.88,D,S,35985,False,True,True,0001321655-25-000113,https://www.sec.gov/Archives/edgar/data/1321655/000132165525000113/0001321655-25-000113.txt
Cohen Stephen Andrew,See Remarks,2025-08-20,2025-08-22,24411,154.8895,3781007.58,D,S,11574,False,True,True,0001321655-25-000113,https://www.sec.gov/Archives/edgar/data/1321655/000132165525000113/0001321655-25-000113.txt
Cohen Stephen Andrew,See Remarks,2025-08-20,2025-08-22,10982,156.1132,1714435.16,D,S,592,False,True,True,0001321655-25-000113,https://www.sec.gov/Archives/edgar/data/1321655/000132165525000113/0001321655-25-000113.txt
Buckley Jeffrey,See Remarks,2025-08-20,2025-08-22,43,143.123,6154.29,D,S,56086,False,False,True,0001321655-25-000118,https://www.sec.gov/Archives/edgar/data/1321655/000132165525000118/0001321655-25-000118.txt
Buckley Jeffrey,See Remarks,2025-08-20,2025-08-22,37,143.8084,5320.91,D,S,56049,False,False,True,0001321655-25-000118,https://www.sec.gov/Archives/edgar/data/1321655/000132165525000118/0001321655-25-000118.txt
Buckley Jeffrey,See Remarks,2025-08-20,2025-08-22,37,144.8738,5360.33,D,S,56012,False,False,True,0001321655-25-000118,https://www.sec.gov/Archives/edgar/data/1321655/000132165525000118/0001321655-25-000118.txt
Buckley Jeffrey,See Remarks,2025-08-20,2025-08-22,102,146.0497,14897.07,D,S,55910,False,False,True,0001321655-25-000118,https://www.sec.gov/Archives/edgar/data/1321655/000132165525000118/0001321655-25-000118.txt
Buckley Jeffrey,See Remarks,2025-08-20,2025-08-22,55,146.926,8080.93,D,S,55855,False,False,True,0001321655-25-000118,https://www.sec.gov/Archives/edgar/data/1321655/000132165525000118/0001321655-25-000118.txt
Buckley Jeffrey,See Remarks,2025-08-20,2025-08-22,33,148.0661,4886.18,D,S,55822,False,False,True,0001321655-25-000118,https://www.sec.gov/Archives/edgar/data/1321655/000132165525000118/0001321655-25-000118.txt
Buckley Jeffrey,See Remarks,2025-08-20,2025-08-22,83,149.0415,12370.44,D,S,55739,False,False,True,0001321655-25-000118,https://www.sec.gov/Archives/edgar/data/1321655/000132165525000118/0001321655-25-000118.txt
Buckley Jeffrey,See Remarks,2025-08-20,2025-08-22,93,149.9274,13943.25,D,S,55646,False,False,True,0001321655-25-000118,https://www.sec.gov/Archives/edgar/data/1321655/000132165525000118/0001321655-25-000118.txt
Buckley Jeffrey,See Remarks,2025-08-20,2025-08-22,27,151.0535,4078.44,D,S,55619,False,False,True,0001321655-25-000118,https://www.sec.gov/Archives/edgar/data/1321655/000132165525000118/0001321655-25-000118.txt
Buckley Jeffrey,See Remarks,2025-08-20,2025-08-22,74,152.0545,11252.03,D,S,55545,False,False,True,0001321655-25-000118,https://www.sec.gov/Archives/edgar/data/1321655/000132165525000118/0001321655-25-000118.txt
Buckley Jeffrey,See Remarks,2025-08-20,2025-08-22,175,153.1201,26796.02,D,S,55370,False,False,True,0001321655-25-000118,https://www.sec.gov/Archives/edgar/data/1321655/000132165525000118/0001321655-25-000118.txt
Buckley Jeffrey,See Remarks,2025-08-20,2025-08-22,292,154.1581,45014.17,D,S,55078,False,False,True,0001321655-25-000118,https://www.sec.gov/Archives/edgar/data/1321655/000132165525000118/0001321655-25-000118.txt
Buckley Jeffrey,See Remarks,2025-08-20,2025-08-22,164,154.8895,25401.88,D,S,54914,False,False,True,0001321655-25-000118,https://www.sec.gov/Archives/edgar/data/1321655/000132165525000118/0001321655-25-000118.txt
Buckley Jeffrey,See Remarks,2025-08-20,2025-08-22,74,156.1132,11552.38,D,S,54840,False,False,True,0001321655-25-000118,https://www.sec.gov/Archives/edgar/data/1321655/000132165525000118/0001321655-25-000118.txt
Taylor Ryan D.,See Remarks,2025-08-05,2025-08-07,30000,0.0,0.0,A,M,393755,True,False,True,0001321655-25-000110,https://www.sec.gov/Archives/edgar/data/1321655/000132165525000110/0001321655-25-000110.txt
Taylor Ryan D.,See Remarks,2025-08-05,2025-08-07,30000,175.0,5250000.0,D,S,363755,True,False,True,0001321655-25-000110,https://www.sec.gov/Archives/edgar/data/1321655/000132165525000110/0001321655-25-000110.txt
Moore Alexander D.,,2025-08-01,2025-08-05,1804,151.7799,273810.94,D,S,1311174,True,True,False,0001321655-25-000109,https://www.sec.gov/Archives/edgar/data/1321655/000132165525000109/0001321655-25-000109.txt
Moore Alexander D.,,2025-08-01,2025-08-05,2803,152.8192,428352.22,D,S,1308371,True,True,False,0001321655-25-000109,https://www.sec.gov/Archives/edgar/data/1321655/000132165525000109/0001321655-25-000109.txt
Moore Alexander D.,,2025-08-01,2025-08-05,2213,153.9338,340655.5,D,S,1306158,True,True,False,0001321655-25-000109,https://www.sec.gov/Archives/edgar/data/1321655/000132165525000109/0001321655-25-000109.txt
Moore Alexander D.,,2025-08-01,2025-08-05,6634,154.8592,1027335.93,D,S,1299524,True,True,False,0001321655-25-000109,https://www.sec.gov/Archives/edgar/data/1321655/000132165525000109/0001321655-25-000109.txt
Moore Alexander D.,,2025-08-01,2025-08-05,3431,155.8735,534801.98,D,S,1296093,True,True,False,0001321655-25-000109,https://www.sec.gov/Archives/edgar/data/1321655/000132165525000109/0001321655-25-000109.txt
Moore Alexander D.,,2025-08-01,2025-08-05,2109,156.8982,330898.3,D,S,1293984,True,True,False,0001321655-25-000109,https://www.sec.gov/Archives/edgar/data/1321655/000132165525000109/0001321655-25-000109.txt
Moore Alexander D.,,2025-08-01,2025-08-05,1006,157.7219,158668.23,D,S,1292978,True,True,False,0001321655-25-000109,https://www.sec.gov/Archives/edgar/data/1321655/000132165525000109/0001321655-25-000109.txt
