insider,title,transaction_date,filing_date,shares,price,value_usd,acquired_disposed,transaction_code,shares_owned_after,is_10b5_1,is_director,is_officer,accession,source_path
Howley W Nicholas,,2026-07-20,2026-07-21,10132,66.47,673474.04,A,M,31679,False,False,False,0001352573-26-000012,https://www.sec.gov/Archives/edgar/data/1260221/000135257326000012/0001352573-26-000012.txt
Howley W Nicholas,,2026-07-20,2026-07-21,570,1210.3242,689884.79,D,S,31109,False,False,False,0001352573-26-000012,https://www.sec.gov/Archives/edgar/data/1260221/000135257326000012/0001352573-26-000012.txt
Howley W Nicholas,,2026-07-20,2026-07-21,240,1211.4575,290749.8,D,S,30869,False,False,False,0001352573-26-000012,https://www.sec.gov/Archives/edgar/data/1260221/000135257326000012/0001352573-26-000012.txt
Howley W Nicholas,,2026-07-20,2026-07-21,1720,1212.7312,2085897.66,D,S,29149,False,False,False,0001352573-26-000012,https://www.sec.gov/Archives/edgar/data/1260221/000135257326000012/0001352573-26-000012.txt
Howley W Nicholas,,2026-07-20,2026-07-21,1437,1213.8797,1744345.13,D,S,27712,False,False,False,0001352573-26-000012,https://www.sec.gov/Archives/edgar/data/1260221/000135257326000012/0001352573-26-000012.txt
Howley W Nicholas,,2026-07-20,2026-07-21,1561,1214.7437,1896214.92,D,S,26151,False,False,False,0001352573-26-000012,https://www.sec.gov/Archives/edgar/data/1260221/000135257326000012/0001352573-26-000012.txt
Howley W Nicholas,,2026-07-20,2026-07-21,260,1215.6154,316060.0,D,S,25891,False,False,False,0001352573-26-000012,https://www.sec.gov/Archives/edgar/data/1260221/000135257326000012/0001352573-26-000012.txt
Howley W Nicholas,,2026-07-20,2026-07-21,603,1217.0088,733856.31,D,S,25288,False,False,False,0001352573-26-000012,https://www.sec.gov/Archives/edgar/data/1260221/000135257326000012/0001352573-26-000012.txt
Howley W Nicholas,,2026-07-20,2026-07-21,1463,1218.5833,1782787.37,D,S,23825,False,False,False,0001352573-26-000012,https://www.sec.gov/Archives/edgar/data/1260221/000135257326000012/0001352573-26-000012.txt
Howley W Nicholas,,2026-07-20,2026-07-21,1243,1219.4848,1515819.61,D,S,22582,False,False,False,0001352573-26-000012,https://www.sec.gov/Archives/edgar/data/1260221/000135257326000012/0001352573-26-000012.txt
Howley W Nicholas,,2026-07-20,2026-07-21,130,1220.5662,158673.61,D,S,22452,False,False,False,0001352573-26-000012,https://www.sec.gov/Archives/edgar/data/1260221/000135257326000012/0001352573-26-000012.txt
Howley W Nicholas,,2026-07-20,2026-07-21,465,1222.3182,568377.96,D,S,21987,False,False,False,0001352573-26-000012,https://www.sec.gov/Archives/edgar/data/1260221/000135257326000012/0001352573-26-000012.txt
Howley W Nicholas,,2026-07-20,2026-07-21,440,1224.1377,538620.59,D,S,21547,False,False,False,0001352573-26-000012,https://www.sec.gov/Archives/edgar/data/1260221/000135257326000012/0001352573-26-000012.txt
Reiss Joel,Co-Chief Operating Officer,2026-07-15,2026-07-17,190,1230.0563,233710.7,D,S,3824,False,False,False,0001656109-26-000005,https://www.sec.gov/Archives/edgar/data/1260221/000165610926000005/0001656109-26-000005.txt
Reiss Joel,Co-Chief Operating Officer,2026-07-15,2026-07-17,70,1231.0943,86176.6,D,S,3754,False,False,False,0001656109-26-000005,https://www.sec.gov/Archives/edgar/data/1260221/000165610926000005/0001656109-26-000005.txt
Reiss Joel,Co-Chief Operating Officer,2026-07-15,2026-07-17,144,1232.3369,177456.51,D,S,3610,False,False,False,0001656109-26-000005,https://www.sec.gov/Archives/edgar/data/1260221/000165610926000005/0001656109-26-000005.txt
Reiss Joel,Co-Chief Operating Officer,2026-07-15,2026-07-17,10,1233.38,12333.8,D,S,3600,False,False,False,0001656109-26-000005,https://www.sec.gov/Archives/edgar/data/1260221/000165610926000005/0001656109-26-000005.txt
Reiss Joel,Co-Chief Operating Officer,2026-07-15,2026-07-17,3900,284.97,1111383.0,A,M,7500,False,False,False,0001656109-26-000004,https://www.sec.gov/Archives/edgar/data/1260221/000165610926000004/0001656109-26-000004.txt
Reiss Joel,Co-Chief Operating Officer,2026-07-15,2026-07-17,10,1195.204,11952.04,D,S,7490,False,False,False,0001656109-26-000004,https://www.sec.gov/Archives/edgar/data/1260221/000165610926000004/0001656109-26-000004.txt
Reiss Joel,Co-Chief Operating Officer,2026-07-15,2026-07-17,70,1197.851,83849.57,D,S,7420,False,False,False,0001656109-26-000004,https://www.sec.gov/Archives/edgar/data/1260221/000165610926000004/0001656109-26-000004.txt
Reiss Joel,Co-Chief Operating Officer,2026-07-15,2026-07-17,80,1198.795,95903.6,D,S,7340,False,False,False,0001656109-26-000004,https://www.sec.gov/Archives/edgar/data/1260221/000165610926000004/0001656109-26-000004.txt
Reiss Joel,Co-Chief Operating Officer,2026-07-15,2026-07-17,156,1200.1437,187222.42,D,S,7184,False,False,False,0001656109-26-000004,https://www.sec.gov/Archives/edgar/data/1260221/000165610926000004/0001656109-26-000004.txt
Reiss Joel,Co-Chief Operating Officer,2026-07-15,2026-07-17,160,1201.3181,192210.9,D,S,7024,False,False,False,0001656109-26-000004,https://www.sec.gov/Archives/edgar/data/1260221/000165610926000004/0001656109-26-000004.txt
Reiss Joel,Co-Chief Operating Officer,2026-07-15,2026-07-17,116,1202.4405,139483.1,D,S,6908,False,False,False,0001656109-26-000004,https://www.sec.gov/Archives/edgar/data/1260221/000165610926000004/0001656109-26-000004.txt
Reiss Joel,Co-Chief Operating Officer,2026-07-15,2026-07-17,74,1203.8026,89081.39,D,S,6834,False,False,False,0001656109-26-000004,https://www.sec.gov/Archives/edgar/data/1260221/000165610926000004/0001656109-26-000004.txt
Reiss Joel,Co-Chief Operating Officer,2026-07-15,2026-07-17,10,1204.6,12046.0,D,S,6824,False,False,False,0001656109-26-000004,https://www.sec.gov/Archives/edgar/data/1260221/000165610926000004/0001656109-26-000004.txt
Reiss Joel,Co-Chief Operating Officer,2026-07-15,2026-07-17,30,1206.69,36200.7,D,S,6794,False,False,False,0001656109-26-000004,https://www.sec.gov/Archives/edgar/data/1260221/000165610926000004/0001656109-26-000004.txt
Reiss Joel,Co-Chief Operating Officer,2026-07-15,2026-07-17,60,1208.5072,72510.43,D,S,6734,False,False,False,0001656109-26-000004,https://www.sec.gov/Archives/edgar/data/1260221/000165610926000004/0001656109-26-000004.txt
Reiss Joel,Co-Chief Operating Officer,2026-07-15,2026-07-17,80,1209.1975,96735.8,D,S,6654,False,False,False,0001656109-26-000004,https://www.sec.gov/Archives/edgar/data/1260221/000165610926000004/0001656109-26-000004.txt
Reiss Joel,Co-Chief Operating Officer,2026-07-15,2026-07-17,30,1210.3053,36309.16,D,S,6624,False,False,False,0001656109-26-000004,https://www.sec.gov/Archives/edgar/data/1260221/000165610926000004/0001656109-26-000004.txt
Reiss Joel,Co-Chief Operating Officer,2026-07-15,2026-07-17,90,1211.5011,109035.1,D,S,6534,False,False,False,0001656109-26-000004,https://www.sec.gov/Archives/edgar/data/1260221/000165610926000004/0001656109-26-000004.txt
Reiss Joel,Co-Chief Operating Officer,2026-07-15,2026-07-17,110,1212.5936,133385.3,D,S,6424,False,False,False,0001656109-26-000004,https://www.sec.gov/Archives/edgar/data/1260221/000165610926000004/0001656109-26-000004.txt
Reiss Joel,Co-Chief Operating Officer,2026-07-15,2026-07-17,170,1213.7275,206333.67,D,S,6254,False,False,False,0001656109-26-000004,https://www.sec.gov/Archives/edgar/data/1260221/000165610926000004/0001656109-26-000004.txt
Reiss Joel,Co-Chief Operating Officer,2026-07-15,2026-07-17,211,1215.1264,256391.67,D,S,6043,False,False,False,0001656109-26-000004,https://www.sec.gov/Archives/edgar/data/1260221/000165610926000004/0001656109-26-000004.txt
Reiss Joel,Co-Chief Operating Officer,2026-07-15,2026-07-17,239,1216.2243,290677.61,D,S,5804,False,False,False,0001656109-26-000004,https://www.sec.gov/Archives/edgar/data/1260221/000165610926000004/0001656109-26-000004.txt
Reiss Joel,Co-Chief Operating Officer,2026-07-15,2026-07-17,60,1217.2467,73034.8,D,S,5744,False,False,False,0001656109-26-000004,https://www.sec.gov/Archives/edgar/data/1260221/000165610926000004/0001656109-26-000004.txt
Reiss Joel,Co-Chief Operating Officer,2026-07-15,2026-07-17,90,1218.22,109639.8,D,S,5654,False,False,False,0001656109-26-000004,https://www.sec.gov/Archives/edgar/data/1260221/000165610926000004/0001656109-26-000004.txt
Reiss Joel,Co-Chief Operating Officer,2026-07-15,2026-07-17,90,1219.2991,109736.92,D,S,5564,False,False,False,0001656109-26-000004,https://www.sec.gov/Archives/edgar/data/1260221/000165610926000004/0001656109-26-000004.txt
Reiss Joel,Co-Chief Operating Officer,2026-07-15,2026-07-17,140,1220.4962,170869.47,D,S,5424,False,False,False,0001656109-26-000004,https://www.sec.gov/Archives/edgar/data/1260221/000165610926000004/0001656109-26-000004.txt
Reiss Joel,Co-Chief Operating Officer,2026-07-15,2026-07-17,210,1221.5297,256521.24,D,S,5214,False,False,False,0001656109-26-000004,https://www.sec.gov/Archives/edgar/data/1260221/000165610926000004/0001656109-26-000004.txt
Reiss Joel,Co-Chief Operating Officer,2026-07-15,2026-07-17,60,1222.5986,73355.92,D,S,5154,False,False,False,0001656109-26-000004,https://www.sec.gov/Archives/edgar/data/1260221/000165610926000004/0001656109-26-000004.txt
Reiss Joel,Co-Chief Operating Officer,2026-07-15,2026-07-17,138,1223.512,168844.66,D,S,5016,False,False,False,0001656109-26-000004,https://www.sec.gov/Archives/edgar/data/1260221/000165610926000004/0001656109-26-000004.txt
Reiss Joel,Co-Chief Operating Officer,2026-07-15,2026-07-17,509,1224.6206,623331.89,D,S,4507,False,False,False,0001656109-26-000004,https://www.sec.gov/Archives/edgar/data/1260221/000165610926000004/0001656109-26-000004.txt
Reiss Joel,Co-Chief Operating Officer,2026-07-15,2026-07-17,153,1225.6161,187519.26,D,S,4354,False,False,False,0001656109-26-000004,https://www.sec.gov/Archives/edgar/data/1260221/000165610926000004/0001656109-26-000004.txt
Reiss Joel,Co-Chief Operating Officer,2026-07-15,2026-07-17,40,1226.9825,49079.3,D,S,4314,False,False,False,0001656109-26-000004,https://www.sec.gov/Archives/edgar/data/1260221/000165610926000004/0001656109-26-000004.txt
Reiss Joel,Co-Chief Operating Officer,2026-07-15,2026-07-17,210,1227.8195,257842.1,D,S,4104,False,False,False,0001656109-26-000004,https://www.sec.gov/Archives/edgar/data/1260221/000165610926000004/0001656109-26-000004.txt
Reiss Joel,Co-Chief Operating Officer,2026-07-15,2026-07-17,90,1228.79,110591.1,D,S,4014,False,False,False,0001656109-26-000004,https://www.sec.gov/Archives/edgar/data/1260221/000165610926000004/0001656109-26-000004.txt
Howley W Nicholas,,2026-06-18,2026-06-24,0,0.0,0.0,D,J,21547,False,False,False,0001352573-26-000011,https://www.sec.gov/Archives/edgar/data/1260221/000135257326000011/0001352573-26-000011.txt
Howley W Nicholas,,2026-06-18,2026-06-22,10132,66.47,673474.04,A,M,31679,False,False,False,0001352573-26-000010,https://www.sec.gov/Archives/edgar/data/1260221/000135257326000010/0001352573-26-000010.txt
Howley W Nicholas,,2026-06-18,2026-06-22,112,1305.1903,146181.31,D,S,31567,False,False,False,0001352573-26-000010,https://www.sec.gov/Archives/edgar/data/1260221/000135257326000010/0001352573-26-000010.txt
Howley W Nicholas,,2026-06-18,2026-06-22,97,1308.0466,126880.52,D,S,31470,False,False,False,0001352573-26-000010,https://www.sec.gov/Archives/edgar/data/1260221/000135257326000010/0001352573-26-000010.txt
Howley W Nicholas,,2026-06-18,2026-06-22,115,1308.9183,150525.6,D,S,31355,False,False,False,0001352573-26-000010,https://www.sec.gov/Archives/edgar/data/1260221/000135257326000010/0001352573-26-000010.txt
Howley W Nicholas,,2026-06-18,2026-06-22,160,1310.455,209672.8,D,S,31195,False,False,False,0001352573-26-000010,https://www.sec.gov/Archives/edgar/data/1260221/000135257326000010/0001352573-26-000010.txt
Howley W Nicholas,,2026-06-18,2026-06-22,964,1314.604,1267278.26,D,S,30231,False,False,False,0001352573-26-000010,https://www.sec.gov/Archives/edgar/data/1260221/000135257326000010/0001352573-26-000010.txt
Howley W Nicholas,,2026-06-18,2026-06-22,745,1315.7106,980204.4,D,S,29486,False,False,False,0001352573-26-000010,https://www.sec.gov/Archives/edgar/data/1260221/000135257326000010/0001352573-26-000010.txt
Howley W Nicholas,,2026-06-18,2026-06-22,1376,1316.8556,1811993.31,D,S,28110,False,False,False,0001352573-26-000010,https://www.sec.gov/Archives/edgar/data/1260221/000135257326000010/0001352573-26-000010.txt
Howley W Nicholas,,2026-06-18,2026-06-22,893,1317.7524,1176752.89,D,S,27217,False,False,False,0001352573-26-000010,https://www.sec.gov/Archives/edgar/data/1260221/000135257326000010/0001352573-26-000010.txt
Howley W Nicholas,,2026-06-18,2026-06-22,1925,1318.8441,2538774.89,D,S,25292,False,False,False,0001352573-26-000010,https://www.sec.gov/Archives/edgar/data/1260221/000135257326000010/0001352573-26-000010.txt
Howley W Nicholas,,2026-06-18,2026-06-22,827,1319.8993,1091556.72,D,S,24465,False,False,False,0001352573-26-000010,https://www.sec.gov/Archives/edgar/data/1260221/000135257326000010/0001352573-26-000010.txt
Howley W Nicholas,,2026-06-18,2026-06-22,268,1321.1328,354063.59,D,S,24197,False,False,False,0001352573-26-000010,https://www.sec.gov/Archives/edgar/data/1260221/000135257326000010/0001352573-26-000010.txt
Howley W Nicholas,,2026-06-18,2026-06-22,305,1321.9143,403183.86,D,S,23892,False,False,False,0001352573-26-000010,https://www.sec.gov/Archives/edgar/data/1260221/000135257326000010/0001352573-26-000010.txt
Howley W Nicholas,,2026-06-18,2026-06-22,677,1323.2652,895850.54,D,S,23215,False,False,False,0001352573-26-000010,https://www.sec.gov/Archives/edgar/data/1260221/000135257326000010/0001352573-26-000010.txt
Howley W Nicholas,,2026-06-18,2026-06-22,377,1324.303,499262.23,D,S,22838,False,False,False,0001352573-26-000010,https://www.sec.gov/Archives/edgar/data/1260221/000135257326000010/0001352573-26-000010.txt
Howley W Nicholas,,2026-06-18,2026-06-22,257,1325.6253,340685.7,D,S,22581,False,False,False,0001352573-26-000010,https://www.sec.gov/Archives/edgar/data/1260221/000135257326000010/0001352573-26-000010.txt
Howley W Nicholas,,2026-06-18,2026-06-22,200,1326.7989,265359.78,D,S,22381,False,False,False,0001352573-26-000010,https://www.sec.gov/Archives/edgar/data/1260221/000135257326000010/0001352573-26-000010.txt
Howley W Nicholas,,2026-06-18,2026-06-22,245,1328.4611,325472.97,D,S,22136,False,False,False,0001352573-26-000010,https://www.sec.gov/Archives/edgar/data/1260221/000135257326000010/0001352573-26-000010.txt
Howley W Nicholas,,2026-06-18,2026-06-22,47,1330.5002,62533.51,D,S,22089,False,False,False,0001352573-26-000010,https://www.sec.gov/Archives/edgar/data/1260221/000135257326000010/0001352573-26-000010.txt
Howley W Nicholas,,2026-06-18,2026-06-22,13,1331.735,17312.56,D,S,22076,False,False,False,0001352573-26-000010,https://www.sec.gov/Archives/edgar/data/1260221/000135257326000010/0001352573-26-000010.txt
Howley W Nicholas,,2026-06-18,2026-06-22,275,1333.6249,366746.85,D,S,21801,False,False,False,0001352573-26-000010,https://www.sec.gov/Archives/edgar/data/1260221/000135257326000010/0001352573-26-000010.txt
Howley W Nicholas,,2026-06-18,2026-06-22,78,1334.7157,104107.82,D,S,21723,False,False,False,0001352573-26-000010,https://www.sec.gov/Archives/edgar/data/1260221/000135257326000010/0001352573-26-000010.txt
Howley W Nicholas,,2026-06-18,2026-06-22,176,1337.0455,235320.01,D,S,21547,False,False,False,0001352573-26-000010,https://www.sec.gov/Archives/edgar/data/1260221/000135257326000010/0001352573-26-000010.txt
Howley W Nicholas,,2026-06-18,2026-06-22,10132,66.47,673474.04,A,M,31679,False,False,False,0001352573-26-000009,https://www.sec.gov/Archives/edgar/data/1260221/000135257326000009/0001352573-26-000009.txt
Howley W Nicholas,,2026-06-18,2026-06-22,112,1305.1903,146181.31,D,S,31567,False,False,False,0001352573-26-000009,https://www.sec.gov/Archives/edgar/data/1260221/000135257326000009/0001352573-26-000009.txt
Howley W Nicholas,,2026-06-18,2026-06-22,97,1308.0466,126880.52,D,S,31470,False,False,False,0001352573-26-000009,https://www.sec.gov/Archives/edgar/data/1260221/000135257326000009/0001352573-26-000009.txt
Howley W Nicholas,,2026-06-18,2026-06-22,115,1308.9183,150525.6,D,S,31355,False,False,False,0001352573-26-000009,https://www.sec.gov/Archives/edgar/data/1260221/000135257326000009/0001352573-26-000009.txt
Howley W Nicholas,,2026-06-18,2026-06-22,160,1310.455,209672.8,D,S,31195,False,False,False,0001352573-26-000009,https://www.sec.gov/Archives/edgar/data/1260221/000135257326000009/0001352573-26-000009.txt
Howley W Nicholas,,2026-06-18,2026-06-22,964,1314.604,1267278.26,D,S,30231,False,False,False,0001352573-26-000009,https://www.sec.gov/Archives/edgar/data/1260221/000135257326000009/0001352573-26-000009.txt
Howley W Nicholas,,2026-06-18,2026-06-22,745,1315.7106,980204.4,D,S,29486,False,False,False,0001352573-26-000009,https://www.sec.gov/Archives/edgar/data/1260221/000135257326000009/0001352573-26-000009.txt
Howley W Nicholas,,2026-06-18,2026-06-22,1376,1316.8556,1811993.31,D,S,28110,False,False,False,0001352573-26-000009,https://www.sec.gov/Archives/edgar/data/1260221/000135257326000009/0001352573-26-000009.txt
Howley W Nicholas,,2026-06-18,2026-06-22,893,1317.7524,1176752.89,D,S,27217,False,False,False,0001352573-26-000009,https://www.sec.gov/Archives/edgar/data/1260221/000135257326000009/0001352573-26-000009.txt
Howley W Nicholas,,2026-06-18,2026-06-22,1925,1318.8441,2538774.89,D,S,25292,False,False,False,0001352573-26-000009,https://www.sec.gov/Archives/edgar/data/1260221/000135257326000009/0001352573-26-000009.txt
Howley W Nicholas,,2026-06-18,2026-06-22,827,1319.8993,1091556.72,D,S,24465,False,False,False,0001352573-26-000009,https://www.sec.gov/Archives/edgar/data/1260221/000135257326000009/0001352573-26-000009.txt
Howley W Nicholas,,2026-06-18,2026-06-22,268,1321.1328,354063.59,D,S,24197,False,False,False,0001352573-26-000009,https://www.sec.gov/Archives/edgar/data/1260221/000135257326000009/0001352573-26-000009.txt
Howley W Nicholas,,2026-06-18,2026-06-22,305,1321.9143,403183.86,D,S,23892,False,False,False,0001352573-26-000009,https://www.sec.gov/Archives/edgar/data/1260221/000135257326000009/0001352573-26-000009.txt
Howley W Nicholas,,2026-06-18,2026-06-22,677,1323.2652,895850.54,D,S,23215,False,False,False,0001352573-26-000009,https://www.sec.gov/Archives/edgar/data/1260221/000135257326000009/0001352573-26-000009.txt
Howley W Nicholas,,2026-06-18,2026-06-22,377,1324.303,499262.23,D,S,22838,False,False,False,0001352573-26-000009,https://www.sec.gov/Archives/edgar/data/1260221/000135257326000009/0001352573-26-000009.txt
Howley W Nicholas,,2026-06-18,2026-06-22,257,1325.6253,340685.7,D,S,22581,False,False,False,0001352573-26-000009,https://www.sec.gov/Archives/edgar/data/1260221/000135257326000009/0001352573-26-000009.txt
Howley W Nicholas,,2026-06-18,2026-06-22,200,1326.7989,265359.78,D,S,22381,False,False,False,0001352573-26-000009,https://www.sec.gov/Archives/edgar/data/1260221/000135257326000009/0001352573-26-000009.txt
Howley W Nicholas,,2026-06-18,2026-06-22,245,1328.4611,325472.97,D,S,22136,False,False,False,0001352573-26-000009,https://www.sec.gov/Archives/edgar/data/1260221/000135257326000009/0001352573-26-000009.txt
Howley W Nicholas,,2026-06-18,2026-06-22,47,1330.5002,62533.51,D,S,22089,False,False,False,0001352573-26-000009,https://www.sec.gov/Archives/edgar/data/1260221/000135257326000009/0001352573-26-000009.txt
Howley W Nicholas,,2026-06-18,2026-06-22,13,1331.735,17312.56,D,S,22076,False,False,False,0001352573-26-000009,https://www.sec.gov/Archives/edgar/data/1260221/000135257326000009/0001352573-26-000009.txt
Howley W Nicholas,,2026-06-18,2026-06-22,275,1333.6249,366746.85,D,S,21801,False,False,False,0001352573-26-000009,https://www.sec.gov/Archives/edgar/data/1260221/000135257326000009/0001352573-26-000009.txt
Howley W Nicholas,,2026-06-18,2026-06-22,78,1334.7157,104107.82,D,S,21723,False,False,False,0001352573-26-000009,https://www.sec.gov/Archives/edgar/data/1260221/000135257326000009/0001352573-26-000009.txt
Howley W Nicholas,,2026-06-18,2026-06-22,176,1337.0455,235320.01,D,S,21547,False,False,False,0001352573-26-000009,https://www.sec.gov/Archives/edgar/data/1260221/000135257326000009/0001352573-26-000009.txt
Howley W Nicholas,,2026-06-18,2026-06-22,10132,66.47,673474.04,A,M,31679,False,False,False,0001352573-26-000008,https://www.sec.gov/Archives/edgar/data/1260221/000135257326000008/0001352573-26-000008.txt
Howley W Nicholas,,2026-06-18,2026-06-22,112,1305.1903,146181.31,D,S,31567,False,False,False,0001352573-26-000008,https://www.sec.gov/Archives/edgar/data/1260221/000135257326000008/0001352573-26-000008.txt
Howley W Nicholas,,2026-06-18,2026-06-22,97,1308.0466,126880.52,D,S,31470,False,False,False,0001352573-26-000008,https://www.sec.gov/Archives/edgar/data/1260221/000135257326000008/0001352573-26-000008.txt
Howley W Nicholas,,2026-06-18,2026-06-22,115,1308.9183,150525.6,D,S,31355,False,False,False,0001352573-26-000008,https://www.sec.gov/Archives/edgar/data/1260221/000135257326000008/0001352573-26-000008.txt
Howley W Nicholas,,2026-06-18,2026-06-22,160,1310.455,209672.8,D,S,31195,False,False,False,0001352573-26-000008,https://www.sec.gov/Archives/edgar/data/1260221/000135257326000008/0001352573-26-000008.txt
Howley W Nicholas,,2026-06-18,2026-06-22,964,1314.604,1267278.26,D,S,30231,False,False,False,0001352573-26-000008,https://www.sec.gov/Archives/edgar/data/1260221/000135257326000008/0001352573-26-000008.txt
Howley W Nicholas,,2026-06-18,2026-06-22,745,1315.7106,980204.4,D,S,29486,False,False,False,0001352573-26-000008,https://www.sec.gov/Archives/edgar/data/1260221/000135257326000008/0001352573-26-000008.txt
Howley W Nicholas,,2026-06-18,2026-06-22,1376,1316.8556,1811993.31,D,S,28110,False,False,False,0001352573-26-000008,https://www.sec.gov/Archives/edgar/data/1260221/000135257326000008/0001352573-26-000008.txt
Howley W Nicholas,,2026-06-18,2026-06-22,893,1317.7524,1176752.89,D,S,27217,False,False,False,0001352573-26-000008,https://www.sec.gov/Archives/edgar/data/1260221/000135257326000008/0001352573-26-000008.txt
Howley W Nicholas,,2026-06-18,2026-06-22,1925,1318.8441,2538774.89,D,S,25292,False,False,False,0001352573-26-000008,https://www.sec.gov/Archives/edgar/data/1260221/000135257326000008/0001352573-26-000008.txt
Howley W Nicholas,,2026-06-18,2026-06-22,827,1319.8993,1091556.72,D,S,24465,False,False,False,0001352573-26-000008,https://www.sec.gov/Archives/edgar/data/1260221/000135257326000008/0001352573-26-000008.txt
Howley W Nicholas,,2026-06-18,2026-06-22,268,1321.1328,354063.59,D,S,24197,False,False,False,0001352573-26-000008,https://www.sec.gov/Archives/edgar/data/1260221/000135257326000008/0001352573-26-000008.txt
Howley W Nicholas,,2026-06-18,2026-06-22,305,1321.9143,403183.86,D,S,23892,False,False,False,0001352573-26-000008,https://www.sec.gov/Archives/edgar/data/1260221/000135257326000008/0001352573-26-000008.txt
Howley W Nicholas,,2026-06-18,2026-06-22,677,1323.2652,895850.54,D,S,23215,False,False,False,0001352573-26-000008,https://www.sec.gov/Archives/edgar/data/1260221/000135257326000008/0001352573-26-000008.txt
Howley W Nicholas,,2026-06-18,2026-06-22,377,1324.303,499262.23,D,S,22838,False,False,False,0001352573-26-000008,https://www.sec.gov/Archives/edgar/data/1260221/000135257326000008/0001352573-26-000008.txt
Howley W Nicholas,,2026-06-18,2026-06-22,257,1325.6253,340685.7,D,S,22581,False,False,False,0001352573-26-000008,https://www.sec.gov/Archives/edgar/data/1260221/000135257326000008/0001352573-26-000008.txt
Howley W Nicholas,,2026-06-18,2026-06-22,200,1326.7989,265359.78,D,S,22381,False,False,False,0001352573-26-000008,https://www.sec.gov/Archives/edgar/data/1260221/000135257326000008/0001352573-26-000008.txt
Howley W Nicholas,,2026-06-18,2026-06-22,245,1328.4611,325472.97,D,S,22136,False,False,False,0001352573-26-000008,https://www.sec.gov/Archives/edgar/data/1260221/000135257326000008/0001352573-26-000008.txt
Howley W Nicholas,,2026-06-18,2026-06-22,47,1330.5002,62533.51,D,S,22089,False,False,False,0001352573-26-000008,https://www.sec.gov/Archives/edgar/data/1260221/000135257326000008/0001352573-26-000008.txt
Howley W Nicholas,,2026-06-18,2026-06-22,13,1331.735,17312.56,D,S,22076,False,False,False,0001352573-26-000008,https://www.sec.gov/Archives/edgar/data/1260221/000135257326000008/0001352573-26-000008.txt
Howley W Nicholas,,2026-06-18,2026-06-22,275,1333.6249,366746.85,D,S,21801,False,False,False,0001352573-26-000008,https://www.sec.gov/Archives/edgar/data/1260221/000135257326000008/0001352573-26-000008.txt
Howley W Nicholas,,2026-06-18,2026-06-22,78,1334.7157,104107.82,D,S,21723,False,False,False,0001352573-26-000008,https://www.sec.gov/Archives/edgar/data/1260221/000135257326000008/0001352573-26-000008.txt
Howley W Nicholas,,2026-06-18,2026-06-22,176,1337.0455,235320.01,D,S,21547,False,False,False,0001352573-26-000008,https://www.sec.gov/Archives/edgar/data/1260221/000135257326000008/0001352573-26-000008.txt
Reiss Joel,Co-Chief Operating Officer,2026-06-15,2026-06-16,3900,284.97,1111383.0,A,M,7500,False,False,False,0001656109-26-000003,https://www.sec.gov/Archives/edgar/data/1260221/000165610926000003/0001656109-26-000003.txt
Reiss Joel,Co-Chief Operating Officer,2026-06-15,2026-06-16,32,1268.8672,40603.75,D,S,7468,False,False,False,0001656109-26-000003,https://www.sec.gov/Archives/edgar/data/1260221/000165610926000003/0001656109-26-000003.txt
Reiss Joel,Co-Chief Operating Officer,2026-06-15,2026-06-16,58,1270.0216,73661.25,D,S,7410,False,False,False,0001656109-26-000003,https://www.sec.gov/Archives/edgar/data/1260221/000165610926000003/0001656109-26-000003.txt
Reiss Joel,Co-Chief Operating Officer,2026-06-15,2026-06-16,146,1271.2884,185608.11,D,S,7264,False,False,False,0001656109-26-000003,https://www.sec.gov/Archives/edgar/data/1260221/000165610926000003/0001656109-26-000003.txt
Reiss Joel,Co-Chief Operating Officer,2026-06-15,2026-06-16,174,1272.381,221394.29,D,S,7090,False,False,False,0001656109-26-000003,https://www.sec.gov/Archives/edgar/data/1260221/000165610926000003/0001656109-26-000003.txt
Reiss Joel,Co-Chief Operating Officer,2026-06-15,2026-06-16,300,1273.3296,381998.88,D,S,6790,False,False,False,0001656109-26-000003,https://www.sec.gov/Archives/edgar/data/1260221/000165610926000003/0001656109-26-000003.txt
Reiss Joel,Co-Chief Operating Officer,2026-06-15,2026-06-16,600,1274.3513,764610.78,D,S,6190,False,False,False,0001656109-26-000003,https://www.sec.gov/Archives/edgar/data/1260221/000165610926000003/0001656109-26-000003.txt
Reiss Joel,Co-Chief Operating Officer,2026-06-15,2026-06-16,502,1275.3522,640226.8,D,S,5688,False,False,False,0001656109-26-000003,https://www.sec.gov/Archives/edgar/data/1260221/000165610926000003/0001656109-26-000003.txt
Reiss Joel,Co-Chief Operating Officer,2026-06-15,2026-06-16,428,1276.4231,546309.09,D,S,5260,False,False,False,0001656109-26-000003,https://www.sec.gov/Archives/edgar/data/1260221/000165610926000003/0001656109-26-000003.txt
Reiss Joel,Co-Chief Operating Officer,2026-06-15,2026-06-16,494,1277.4302,631050.52,D,S,4766,False,False,False,0001656109-26-000003,https://www.sec.gov/Archives/edgar/data/1260221/000165610926000003/0001656109-26-000003.txt
Reiss Joel,Co-Chief Operating Officer,2026-06-15,2026-06-16,316,1278.5335,404016.59,D,S,4450,False,False,False,0001656109-26-000003,https://www.sec.gov/Archives/edgar/data/1260221/000165610926000003/0001656109-26-000003.txt
Reiss Joel,Co-Chief Operating Officer,2026-06-15,2026-06-16,158,1279.5528,202169.34,D,S,4292,False,False,False,0001656109-26-000003,https://www.sec.gov/Archives/edgar/data/1260221/000165610926000003/0001656109-26-000003.txt
Reiss Joel,Co-Chief Operating Officer,2026-06-15,2026-06-16,152,1280.4969,194635.53,D,S,4140,False,False,False,0001656109-26-000003,https://www.sec.gov/Archives/edgar/data/1260221/000165610926000003/0001656109-26-000003.txt
Reiss Joel,Co-Chief Operating Officer,2026-06-15,2026-06-16,150,1281.8413,192276.2,D,S,3990,False,False,False,0001656109-26-000003,https://www.sec.gov/Archives/edgar/data/1260221/000165610926000003/0001656109-26-000003.txt
Reiss Joel,Co-Chief Operating Officer,2026-06-15,2026-06-16,90,1282.6004,115434.04,D,S,3900,False,False,False,0001656109-26-000003,https://www.sec.gov/Archives/edgar/data/1260221/000165610926000003/0001656109-26-000003.txt
Reiss Joel,Co-Chief Operating Officer,2026-06-15,2026-06-16,136,1283.7266,174586.82,D,S,3764,False,False,False,0001656109-26-000003,https://www.sec.gov/Archives/edgar/data/1260221/000165610926000003/0001656109-26-000003.txt
Reiss Joel,Co-Chief Operating Officer,2026-06-15,2026-06-16,74,1285.0378,95092.8,D,S,3690,False,False,False,0001656109-26-000003,https://www.sec.gov/Archives/edgar/data/1260221/000165610926000003/0001656109-26-000003.txt
Reiss Joel,Co-Chief Operating Officer,2026-06-15,2026-06-16,60,1285.9033,77154.2,D,S,3630,False,False,False,0001656109-26-000003,https://www.sec.gov/Archives/edgar/data/1260221/000165610926000003/0001656109-26-000003.txt
Reiss Joel,Co-Chief Operating Officer,2026-06-15,2026-06-16,30,1287.5867,38627.6,D,S,3600,False,False,False,0001656109-26-000003,https://www.sec.gov/Archives/edgar/data/1260221/000165610926000003/0001656109-26-000003.txt
Howley W Nicholas,,2026-05-18,2026-05-19,10132,66.47,673474.04,A,M,31679,False,False,False,0001352573-26-000007,https://www.sec.gov/Archives/edgar/data/1260221/000135257326000007/0001352573-26-000007.txt
Howley W Nicholas,,2026-05-18,2026-05-19,40,1145.16,45806.4,D,S,31639,False,False,False,0001352573-26-000007,https://www.sec.gov/Archives/edgar/data/1260221/000135257326000007/0001352573-26-000007.txt
Howley W Nicholas,,2026-05-18,2026-05-19,60,1146.4167,68785.0,D,S,31579,False,False,False,0001352573-26-000007,https://www.sec.gov/Archives/edgar/data/1260221/000135257326000007/0001352573-26-000007.txt
Howley W Nicholas,,2026-05-18,2026-05-19,80,1150.1738,92013.9,D,S,31499,False,False,False,0001352573-26-000007,https://www.sec.gov/Archives/edgar/data/1260221/000135257326000007/0001352573-26-000007.txt
Howley W Nicholas,,2026-05-18,2026-05-19,80,1160.0,92800.0,D,S,31419,False,False,False,0001352573-26-000007,https://www.sec.gov/Archives/edgar/data/1260221/000135257326000007/0001352573-26-000007.txt
Howley W Nicholas,,2026-05-18,2026-05-19,50,1162.945,58147.25,D,S,31369,False,False,False,0001352573-26-000007,https://www.sec.gov/Archives/edgar/data/1260221/000135257326000007/0001352573-26-000007.txt
Howley W Nicholas,,2026-05-18,2026-05-19,23,1163.98,26771.54,D,S,31346,False,False,False,0001352573-26-000007,https://www.sec.gov/Archives/edgar/data/1260221/000135257326000007/0001352573-26-000007.txt
Howley W Nicholas,,2026-05-18,2026-05-19,110,1165.5077,128205.85,D,S,31236,False,False,False,0001352573-26-000007,https://www.sec.gov/Archives/edgar/data/1260221/000135257326000007/0001352573-26-000007.txt
Howley W Nicholas,,2026-05-18,2026-05-19,586,1167.0476,683889.89,D,S,30650,False,False,False,0001352573-26-000007,https://www.sec.gov/Archives/edgar/data/1260221/000135257326000007/0001352573-26-000007.txt
Howley W Nicholas,,2026-05-18,2026-05-19,463,1168.325,540934.47,D,S,30187,False,False,False,0001352573-26-000007,https://www.sec.gov/Archives/edgar/data/1260221/000135257326000007/0001352573-26-000007.txt
Howley W Nicholas,,2026-05-18,2026-05-19,390,1169.2421,456004.42,D,S,29797,False,False,False,0001352573-26-000007,https://www.sec.gov/Archives/edgar/data/1260221/000135257326000007/0001352573-26-000007.txt
Howley W Nicholas,,2026-05-18,2026-05-19,60,1170.38,70222.8,D,S,29737,False,False,False,0001352573-26-000007,https://www.sec.gov/Archives/edgar/data/1260221/000135257326000007/0001352573-26-000007.txt
Howley W Nicholas,,2026-05-18,2026-05-19,220,1172.3109,257908.4,D,S,29517,False,False,False,0001352573-26-000007,https://www.sec.gov/Archives/edgar/data/1260221/000135257326000007/0001352573-26-000007.txt
Howley W Nicholas,,2026-05-18,2026-05-19,685,1174.1654,804303.3,D,S,28832,False,False,False,0001352573-26-000007,https://www.sec.gov/Archives/edgar/data/1260221/000135257326000007/0001352573-26-000007.txt
Howley W Nicholas,,2026-05-18,2026-05-19,313,1175.9556,368074.1,D,S,28519,False,False,False,0001352573-26-000007,https://www.sec.gov/Archives/edgar/data/1260221/000135257326000007/0001352573-26-000007.txt
Howley W Nicholas,,2026-05-18,2026-05-19,40,1176.675,47067.0,D,S,28479,False,False,False,0001352573-26-000007,https://www.sec.gov/Archives/edgar/data/1260221/000135257326000007/0001352573-26-000007.txt
Howley W Nicholas,,2026-05-18,2026-05-19,140,1178.1414,164939.8,D,S,28339,False,False,False,0001352573-26-000007,https://www.sec.gov/Archives/edgar/data/1260221/000135257326000007/0001352573-26-000007.txt
Howley W Nicholas,,2026-05-18,2026-05-19,250,1179.672,294918.0,D,S,28089,False,False,False,0001352573-26-000007,https://www.sec.gov/Archives/edgar/data/1260221/000135257326000007/0001352573-26-000007.txt
Howley W Nicholas,,2026-05-18,2026-05-19,437,1180.969,516083.45,D,S,27652,False,False,False,0001352573-26-000007,https://www.sec.gov/Archives/edgar/data/1260221/000135257326000007/0001352573-26-000007.txt
Howley W Nicholas,,2026-05-18,2026-05-19,290,1182.8062,343013.8,D,S,27362,False,False,False,0001352573-26-000007,https://www.sec.gov/Archives/edgar/data/1260221/000135257326000007/0001352573-26-000007.txt
Howley W Nicholas,,2026-05-18,2026-05-19,87,1183.8559,102995.46,D,S,27275,False,False,False,0001352573-26-000007,https://www.sec.gov/Archives/edgar/data/1260221/000135257326000007/0001352573-26-000007.txt
Howley W Nicholas,,2026-05-18,2026-05-19,1075,1185.0532,1273932.19,D,S,26200,False,False,False,0001352573-26-000007,https://www.sec.gov/Archives/edgar/data/1260221/000135257326000007/0001352573-26-000007.txt
Howley W Nicholas,,2026-05-18,2026-05-19,448,1185.9748,531316.71,D,S,25752,False,False,False,0001352573-26-000007,https://www.sec.gov/Archives/edgar/data/1260221/000135257326000007/0001352573-26-000007.txt
Howley W Nicholas,,2026-05-18,2026-05-19,272,1187.1123,322894.55,D,S,25480,False,False,False,0001352573-26-000007,https://www.sec.gov/Archives/edgar/data/1260221/000135257326000007/0001352573-26-000007.txt
Howley W Nicholas,,2026-05-18,2026-05-19,3801,1188.1284,4516076.05,D,S,21679,False,False,False,0001352573-26-000007,https://www.sec.gov/Archives/edgar/data/1260221/000135257326000007/0001352573-26-000007.txt
Howley W Nicholas,,2026-05-18,2026-05-19,132,1189.0162,156950.14,D,S,21547,False,False,False,0001352573-26-000007,https://www.sec.gov/Archives/edgar/data/1260221/000135257326000007/0001352573-26-000007.txt
Reiss Joel,Co-Chief Operating Officer,2026-05-15,2026-05-18,3900,284.97,1111383.0,A,M,7500,False,False,False,0001656109-26-000001,https://www.sec.gov/Archives/edgar/data/1260221/000165610926000001/0001656109-26-000001.txt
Reiss Joel,Co-Chief Operating Officer,2026-05-15,2026-05-18,71,1144.4338,81254.8,D,S,7429,False,False,False,0001656109-26-000001,https://www.sec.gov/Archives/edgar/data/1260221/000165610926000001/0001656109-26-000001.txt
Reiss Joel,Co-Chief Operating Officer,2026-05-15,2026-05-18,259,1145.3653,296649.61,D,S,7170,False,False,False,0001656109-26-000001,https://www.sec.gov/Archives/edgar/data/1260221/000165610926000001/0001656109-26-000001.txt
Reiss Joel,Co-Chief Operating Officer,2026-05-15,2026-05-18,120,1146.1718,137540.62,D,S,7050,False,False,False,0001656109-26-000001,https://www.sec.gov/Archives/edgar/data/1260221/000165610926000001/0001656109-26-000001.txt
Reiss Joel,Co-Chief Operating Officer,2026-05-15,2026-05-18,462,1147.5165,530152.62,D,S,6588,False,False,False,0001656109-26-000001,https://www.sec.gov/Archives/edgar/data/1260221/000165610926000001/0001656109-26-000001.txt
Reiss Joel,Co-Chief Operating Officer,2026-05-15,2026-05-18,775,1148.2491,889893.05,D,S,5813,False,False,False,0001656109-26-000001,https://www.sec.gov/Archives/edgar/data/1260221/000165610926000001/0001656109-26-000001.txt
Reiss Joel,Co-Chief Operating Officer,2026-05-15,2026-05-18,463,1149.3275,532138.63,D,S,5350,False,False,False,0001656109-26-000001,https://www.sec.gov/Archives/edgar/data/1260221/000165610926000001/0001656109-26-000001.txt
Reiss Joel,Co-Chief Operating Officer,2026-05-15,2026-05-18,119,1150.3329,136889.62,D,S,5231,False,False,False,0001656109-26-000001,https://www.sec.gov/Archives/edgar/data/1260221/000165610926000001/0001656109-26-000001.txt
Reiss Joel,Co-Chief Operating Officer,2026-05-15,2026-05-18,151,1151.4868,173874.51,D,S,5080,False,False,False,0001656109-26-000001,https://www.sec.gov/Archives/edgar/data/1260221/000165610926000001/0001656109-26-000001.txt
Reiss Joel,Co-Chief Operating Officer,2026-05-15,2026-05-18,50,1152.2792,57613.96,D,S,5030,False,False,False,0001656109-26-000001,https://www.sec.gov/Archives/edgar/data/1260221/000165610926000001/0001656109-26-000001.txt
Reiss Joel,Co-Chief Operating Officer,2026-05-15,2026-05-18,130,1153.7114,149982.48,D,S,4900,False,False,False,0001656109-26-000001,https://www.sec.gov/Archives/edgar/data/1260221/000165610926000001/0001656109-26-000001.txt
Reiss Joel,Co-Chief Operating Officer,2026-05-15,2026-05-18,70,1154.7831,80834.82,D,S,4830,False,False,False,0001656109-26-000001,https://www.sec.gov/Archives/edgar/data/1260221/000165610926000001/0001656109-26-000001.txt
Reiss Joel,Co-Chief Operating Officer,2026-05-15,2026-05-18,50,1156.0676,57803.38,D,S,4780,False,False,False,0001656109-26-000001,https://www.sec.gov/Archives/edgar/data/1260221/000165610926000001/0001656109-26-000001.txt
Reiss Joel,Co-Chief Operating Officer,2026-05-15,2026-05-18,45,1158.6191,52137.86,D,S,4735,False,False,False,0001656109-26-000001,https://www.sec.gov/Archives/edgar/data/1260221/000165610926000001/0001656109-26-000001.txt
Reiss Joel,Co-Chief Operating Officer,2026-05-15,2026-05-18,95,1159.69,110170.55,D,S,4640,False,False,False,0001656109-26-000001,https://www.sec.gov/Archives/edgar/data/1260221/000165610926000001/0001656109-26-000001.txt
Reiss Joel,Co-Chief Operating Officer,2026-05-15,2026-05-18,70,1160.33,81223.1,D,S,4570,False,False,False,0001656109-26-000001,https://www.sec.gov/Archives/edgar/data/1260221/000165610926000001/0001656109-26-000001.txt
Reiss Joel,Co-Chief Operating Officer,2026-05-15,2026-05-18,110,1162.6451,127890.96,D,S,4460,False,False,False,0001656109-26-000001,https://www.sec.gov/Archives/edgar/data/1260221/000165610926000001/0001656109-26-000001.txt
Reiss Joel,Co-Chief Operating Officer,2026-05-15,2026-05-18,10,1163.19,11631.9,D,S,4450,False,False,False,0001656109-26-000001,https://www.sec.gov/Archives/edgar/data/1260221/000165610926000001/0001656109-26-000001.txt
Reiss Joel,Co-Chief Operating Officer,2026-05-15,2026-05-18,76,1164.9372,88535.23,D,S,4374,False,False,False,0001656109-26-000001,https://www.sec.gov/Archives/edgar/data/1260221/000165610926000001/0001656109-26-000001.txt
Reiss Joel,Co-Chief Operating Officer,2026-05-15,2026-05-18,177,1165.9361,206370.69,D,S,4197,False,False,False,0001656109-26-000001,https://www.sec.gov/Archives/edgar/data/1260221/000165610926000001/0001656109-26-000001.txt
Reiss Joel,Co-Chief Operating Officer,2026-05-15,2026-05-18,121,1167.0179,141209.17,D,S,4076,False,False,False,0001656109-26-000001,https://www.sec.gov/Archives/edgar/data/1260221/000165610926000001/0001656109-26-000001.txt
Reiss Joel,Co-Chief Operating Officer,2026-05-15,2026-05-18,186,1168.1335,217272.83,D,S,3890,False,False,False,0001656109-26-000001,https://www.sec.gov/Archives/edgar/data/1260221/000165610926000001/0001656109-26-000001.txt
Reiss Joel,Co-Chief Operating Officer,2026-05-15,2026-05-18,81,1169.1335,94699.81,D,S,3809,False,False,False,0001656109-26-000001,https://www.sec.gov/Archives/edgar/data/1260221/000165610926000001/0001656109-26-000001.txt
Reiss Joel,Co-Chief Operating Officer,2026-05-15,2026-05-18,26,1170.5381,30433.99,D,S,3783,False,False,False,0001656109-26-000001,https://www.sec.gov/Archives/edgar/data/1260221/000165610926000001/0001656109-26-000001.txt
Reiss Joel,Co-Chief Operating Officer,2026-05-15,2026-05-18,43,1172.0467,50398.01,D,S,3740,False,False,False,0001656109-26-000001,https://www.sec.gov/Archives/edgar/data/1260221/000165610926000001/0001656109-26-000001.txt
Reiss Joel,Co-Chief Operating Officer,2026-05-15,2026-05-18,63,1172.6867,73879.26,D,S,3677,False,False,False,0001656109-26-000001,https://www.sec.gov/Archives/edgar/data/1260221/000165610926000001/0001656109-26-000001.txt
Reiss Joel,Co-Chief Operating Officer,2026-05-15,2026-05-18,30,1174.387,35231.61,D,S,3647,False,False,False,0001656109-26-000001,https://www.sec.gov/Archives/edgar/data/1260221/000165610926000001/0001656109-26-000001.txt
Reiss Joel,Co-Chief Operating Officer,2026-05-15,2026-05-18,47,1175.2791,55238.12,D,S,3600,False,False,False,0001656109-26-000001,https://www.sec.gov/Archives/edgar/data/1260221/000165610926000001/0001656109-26-000001.txt
Howley W Nicholas,,2026-04-20,2026-04-21,9789,50.92,498455.88,A,M,31336,False,False,False,0001193125-26-167008,https://www.sec.gov/Archives/edgar/data/1260221/000119312526167008/0001193125-26-167008.txt
Howley W Nicholas,,2026-04-20,2026-04-21,343,66.47,22799.21,A,M,31679,False,False,False,0001193125-26-167008,https://www.sec.gov/Archives/edgar/data/1260221/000119312526167008/0001193125-26-167008.txt
Howley W Nicholas,,2026-04-20,2026-04-21,60,1260.3385,75620.31,D,S,31619,False,False,False,0001193125-26-167008,https://www.sec.gov/Archives/edgar/data/1260221/000119312526167008/0001193125-26-167008.txt
Howley W Nicholas,,2026-04-20,2026-04-21,1035,1261.6428,1305800.3,D,S,30584,False,False,False,0001193125-26-167008,https://www.sec.gov/Archives/edgar/data/1260221/000119312526167008/0001193125-26-167008.txt
Howley W Nicholas,,2026-04-20,2026-04-21,3077,1262.6557,3885191.59,D,S,27507,False,False,False,0001193125-26-167008,https://www.sec.gov/Archives/edgar/data/1260221/000119312526167008/0001193125-26-167008.txt
Howley W Nicholas,,2026-04-20,2026-04-21,589,1263.811,744384.68,D,S,26918,False,False,False,0001193125-26-167008,https://www.sec.gov/Archives/edgar/data/1260221/000119312526167008/0001193125-26-167008.txt
Howley W Nicholas,,2026-04-20,2026-04-21,694,1264.9493,877874.81,D,S,26224,False,False,False,0001193125-26-167008,https://www.sec.gov/Archives/edgar/data/1260221/000119312526167008/0001193125-26-167008.txt
Howley W Nicholas,,2026-04-20,2026-04-21,1304,1266.133,1651037.43,D,S,24920,False,False,False,0001193125-26-167008,https://www.sec.gov/Archives/edgar/data/1260221/000119312526167008/0001193125-26-167008.txt
Howley W Nicholas,,2026-04-20,2026-04-21,1673,1267.1369,2119920.03,D,S,23247,False,False,False,0001193125-26-167008,https://www.sec.gov/Archives/edgar/data/1260221/000119312526167008/0001193125-26-167008.txt
Howley W Nicholas,,2026-04-20,2026-04-21,940,1268.4574,1192349.96,D,S,22307,False,False,False,0001193125-26-167008,https://www.sec.gov/Archives/edgar/data/1260221/000119312526167008/0001193125-26-167008.txt
Howley W Nicholas,,2026-04-20,2026-04-21,270,1269.6204,342797.51,D,S,22037,False,False,False,0001193125-26-167008,https://www.sec.gov/Archives/edgar/data/1260221/000119312526167008/0001193125-26-167008.txt
Howley W Nicholas,,2026-04-20,2026-04-21,430,1270.4586,546297.2,D,S,21607,False,False,False,0001193125-26-167008,https://www.sec.gov/Archives/edgar/data/1260221/000119312526167008/0001193125-26-167008.txt
Howley W Nicholas,,2026-04-20,2026-04-21,60,1271.63,76297.8,D,S,21547,False,False,False,0001193125-26-167008,https://www.sec.gov/Archives/edgar/data/1260221/000119312526167008/0001193125-26-167008.txt
Reiss Joel,Co-Chief Operating Officer,2026-04-15,2026-04-16,3900,284.97,1111383.0,A,M,7500,False,False,False,0001193125-26-159236,https://www.sec.gov/Archives/edgar/data/1260221/000119312526159236/0001193125-26-159236.txt
Reiss Joel,Co-Chief Operating Officer,2026-04-15,2026-04-16,233,1274.5734,296975.6,D,S,7267,False,False,False,0001193125-26-159236,https://www.sec.gov/Archives/edgar/data/1260221/000119312526159236/0001193125-26-159236.txt
Reiss Joel,Co-Chief Operating Officer,2026-04-15,2026-04-16,120,1275.1864,153022.37,D,S,7147,False,False,False,0001193125-26-159236,https://www.sec.gov/Archives/edgar/data/1260221/000119312526159236/0001193125-26-159236.txt
Reiss Joel,Co-Chief Operating Officer,2026-04-15,2026-04-16,383,1276.488,488894.9,D,S,6764,False,False,False,0001193125-26-159236,https://www.sec.gov/Archives/edgar/data/1260221/000119312526159236/0001193125-26-159236.txt
Reiss Joel,Co-Chief Operating Officer,2026-04-15,2026-04-16,203,1277.2264,259276.96,D,S,6561,False,False,False,0001193125-26-159236,https://www.sec.gov/Archives/edgar/data/1260221/000119312526159236/0001193125-26-159236.txt
Reiss Joel,Co-Chief Operating Officer,2026-04-15,2026-04-16,390,1278.4101,498579.94,D,S,6171,False,False,False,0001193125-26-159236,https://www.sec.gov/Archives/edgar/data/1260221/000119312526159236/0001193125-26-159236.txt
Reiss Joel,Co-Chief Operating Officer,2026-04-15,2026-04-16,519,1279.3857,664001.18,D,S,5652,False,False,False,0001193125-26-159236,https://www.sec.gov/Archives/edgar/data/1260221/000119312526159236/0001193125-26-159236.txt
Reiss Joel,Co-Chief Operating Officer,2026-04-15,2026-04-16,574,1280.4109,734955.86,D,S,5078,False,False,False,0001193125-26-159236,https://www.sec.gov/Archives/edgar/data/1260221/000119312526159236/0001193125-26-159236.txt
Reiss Joel,Co-Chief Operating Officer,2026-04-15,2026-04-16,377,1281.5819,483156.38,D,S,4701,False,False,False,0001193125-26-159236,https://www.sec.gov/Archives/edgar/data/1260221/000119312526159236/0001193125-26-159236.txt
Reiss Joel,Co-Chief Operating Officer,2026-04-15,2026-04-16,308,1282.3706,394970.14,D,S,4393,False,False,False,0001193125-26-159236,https://www.sec.gov/Archives/edgar/data/1260221/000119312526159236/0001193125-26-159236.txt
Reiss Joel,Co-Chief Operating Officer,2026-04-15,2026-04-16,326,1283.5465,418436.16,D,S,4067,False,False,False,0001193125-26-159236,https://www.sec.gov/Archives/edgar/data/1260221/000119312526159236/0001193125-26-159236.txt
Reiss Joel,Co-Chief Operating Officer,2026-04-15,2026-04-16,165,1284.5919,211957.66,D,S,3902,False,False,False,0001193125-26-159236,https://www.sec.gov/Archives/edgar/data/1260221/000119312526159236/0001193125-26-159236.txt
Reiss Joel,Co-Chief Operating Officer,2026-04-15,2026-04-16,32,1285.3288,41130.52,D,S,3870,False,False,False,0001193125-26-159236,https://www.sec.gov/Archives/edgar/data/1260221/000119312526159236/0001193125-26-159236.txt
Reiss Joel,Co-Chief Operating Officer,2026-04-15,2026-04-16,100,1286.567,128656.7,D,S,3770,False,False,False,0001193125-26-159236,https://www.sec.gov/Archives/edgar/data/1260221/000119312526159236/0001193125-26-159236.txt
Reiss Joel,Co-Chief Operating Officer,2026-04-15,2026-04-16,10,1289.245,12892.45,D,S,3760,False,False,False,0001193125-26-159236,https://www.sec.gov/Archives/edgar/data/1260221/000119312526159236/0001193125-26-159236.txt
Reiss Joel,Co-Chief Operating Officer,2026-04-15,2026-04-16,57,1291.763,73630.49,D,S,3703,False,False,False,0001193125-26-159236,https://www.sec.gov/Archives/edgar/data/1260221/000119312526159236/0001193125-26-159236.txt
Reiss Joel,Co-Chief Operating Officer,2026-04-15,2026-04-16,53,1292.6636,68511.17,D,S,3650,False,False,False,0001193125-26-159236,https://www.sec.gov/Archives/edgar/data/1260221/000119312526159236/0001193125-26-159236.txt
Reiss Joel,Co-Chief Operating Officer,2026-04-15,2026-04-16,50,1294.772,64738.6,D,S,3600,False,False,False,0001193125-26-159236,https://www.sec.gov/Archives/edgar/data/1260221/000119312526159236/0001193125-26-159236.txt
Santana Michele,,2026-03-20,2026-03-23,30,1214.66,36439.8,A,A,771,False,False,False,0001193125-26-119761,https://www.sec.gov/Archives/edgar/data/1260221/000119312526119761/0001193125-26-119761.txt
Palmer Peter,,2026-03-20,2026-03-23,30,1214.66,36439.8,A,A,4030,False,False,False,0001193125-26-119840,https://www.sec.gov/Archives/edgar/data/1260221/000119312526119840/0001193125-26-119840.txt
MCCULLOUGH GARY E,,2026-03-20,2026-03-23,37,1214.66,44942.42,A,A,952,False,False,False,0001193125-26-119776,https://www.sec.gov/Archives/edgar/data/1260221/000119312526119776/0001193125-26-119776.txt
Howley W Nicholas,,2026-03-20,2026-03-23,113,1214.66,137256.58,A,A,113,False,False,False,0001193125-26-119726,https://www.sec.gov/Archives/edgar/data/1260221/000119312526119726/0001193125-26-119726.txt
HENNESSY SEAN P,,2026-03-20,2026-03-23,41,1214.66,49801.06,A,A,33790,False,False,False,0001193125-26-119790,https://www.sec.gov/Archives/edgar/data/1260221/000119312526119790/0001193125-26-119790.txt
Graff Michael,,2026-03-20,2026-03-23,30,1214.66,36439.8,A,A,1683,False,False,False,0001193125-26-119738,https://www.sec.gov/Archives/edgar/data/1260221/000119312526119738/0001193125-26-119738.txt
CRONIN JANE M.,,2026-03-20,2026-03-23,30,1214.66,36439.8,A,A,699,False,False,False,0001193125-26-119805,https://www.sec.gov/Archives/edgar/data/1260221/000119312526119805/0001193125-26-119805.txt
BARR DAVID,,2026-03-20,2026-03-23,41,1214.66,49801.06,A,A,32179,False,False,False,0001193125-26-119748,https://www.sec.gov/Archives/edgar/data/1260221/000119312526119748/0001193125-26-119748.txt
Howley W Nicholas,,2026-03-18,2026-03-19,10132,50.92,515921.44,A,M,31679,False,False,False,0001193125-26-116079,https://www.sec.gov/Archives/edgar/data/1260221/000119312526116079/0001193125-26-116079.txt
Howley W Nicholas,,2026-03-18,2026-03-19,202,1205.4151,243493.85,D,S,31477,False,False,False,0001193125-26-116079,https://www.sec.gov/Archives/edgar/data/1260221/000119312526116079/0001193125-26-116079.txt
Howley W Nicholas,,2026-03-18,2026-03-19,507,1206.0476,611466.13,D,S,30970,False,False,False,0001193125-26-116079,https://www.sec.gov/Archives/edgar/data/1260221/000119312526116079/0001193125-26-116079.txt
Howley W Nicholas,,2026-03-18,2026-03-19,91,1207.3797,109871.55,D,S,30879,False,False,False,0001193125-26-116079,https://www.sec.gov/Archives/edgar/data/1260221/000119312526116079/0001193125-26-116079.txt
Howley W Nicholas,,2026-03-18,2026-03-19,324,1208.5556,391572.01,D,S,30555,False,False,False,0001193125-26-116079,https://www.sec.gov/Archives/edgar/data/1260221/000119312526116079/0001193125-26-116079.txt
Howley W Nicholas,,2026-03-18,2026-03-19,1246,1209.5195,1507061.3,D,S,29309,False,False,False,0001193125-26-116079,https://www.sec.gov/Archives/edgar/data/1260221/000119312526116079/0001193125-26-116079.txt
Howley W Nicholas,,2026-03-18,2026-03-19,1376,1210.3896,1665496.09,D,S,27933,False,False,False,0001193125-26-116079,https://www.sec.gov/Archives/edgar/data/1260221/000119312526116079/0001193125-26-116079.txt
Howley W Nicholas,,2026-03-18,2026-03-19,1182,1211.4645,1431951.04,D,S,26751,False,False,False,0001193125-26-116079,https://www.sec.gov/Archives/edgar/data/1260221/000119312526116079/0001193125-26-116079.txt
Howley W Nicholas,,2026-03-18,2026-03-19,2025,1212.5717,2455457.69,D,S,24726,False,False,False,0001193125-26-116079,https://www.sec.gov/Archives/edgar/data/1260221/000119312526116079/0001193125-26-116079.txt
Howley W Nicholas,,2026-03-18,2026-03-19,1159,1213.4477,1406385.88,D,S,23567,False,False,False,0001193125-26-116079,https://www.sec.gov/Archives/edgar/data/1260221/000119312526116079/0001193125-26-116079.txt
Howley W Nicholas,,2026-03-18,2026-03-19,552,1214.4038,670350.9,D,S,23015,False,False,False,0001193125-26-116079,https://www.sec.gov/Archives/edgar/data/1260221/000119312526116079/0001193125-26-116079.txt
Howley W Nicholas,,2026-03-18,2026-03-19,125,1215.5071,151938.39,D,S,22890,False,False,False,0001193125-26-116079,https://www.sec.gov/Archives/edgar/data/1260221/000119312526116079/0001193125-26-116079.txt
Howley W Nicholas,,2026-03-18,2026-03-19,188,1216.6339,228727.17,D,S,22702,False,False,False,0001193125-26-116079,https://www.sec.gov/Archives/edgar/data/1260221/000119312526116079/0001193125-26-116079.txt
Howley W Nicholas,,2026-03-18,2026-03-19,80,1217.5738,97405.9,D,S,22622,False,False,False,0001193125-26-116079,https://www.sec.gov/Archives/edgar/data/1260221/000119312526116079/0001193125-26-116079.txt
Howley W Nicholas,,2026-03-18,2026-03-19,49,1218.7978,59721.09,D,S,22573,False,False,False,0001193125-26-116079,https://www.sec.gov/Archives/edgar/data/1260221/000119312526116079/0001193125-26-116079.txt
Howley W Nicholas,,2026-03-18,2026-03-19,90,1220.6083,109854.75,D,S,22483,False,False,False,0001193125-26-116079,https://www.sec.gov/Archives/edgar/data/1260221/000119312526116079/0001193125-26-116079.txt
Howley W Nicholas,,2026-03-18,2026-03-19,40,1221.4388,48857.55,D,S,22443,False,False,False,0001193125-26-116079,https://www.sec.gov/Archives/edgar/data/1260221/000119312526116079/0001193125-26-116079.txt
Howley W Nicholas,,2026-03-18,2026-03-19,29,1222.3797,35449.01,D,S,22414,False,False,False,0001193125-26-116079,https://www.sec.gov/Archives/edgar/data/1260221/000119312526116079/0001193125-26-116079.txt
Howley W Nicholas,,2026-03-18,2026-03-19,10,1223.795,12237.95,D,S,22404,False,False,False,0001193125-26-116079,https://www.sec.gov/Archives/edgar/data/1260221/000119312526116079/0001193125-26-116079.txt
Howley W Nicholas,,2026-03-18,2026-03-19,70,1225.0971,85756.8,D,S,22334,False,False,False,0001193125-26-116079,https://www.sec.gov/Archives/edgar/data/1260221/000119312526116079/0001193125-26-116079.txt
Howley W Nicholas,,2026-03-18,2026-03-19,38,1226.44,46604.72,D,S,22296,False,False,False,0001193125-26-116079,https://www.sec.gov/Archives/edgar/data/1260221/000119312526116079/0001193125-26-116079.txt
Howley W Nicholas,,2026-03-18,2026-03-19,120,1228.436,147412.32,D,S,22176,False,False,False,0001193125-26-116079,https://www.sec.gov/Archives/edgar/data/1260221/000119312526116079/0001193125-26-116079.txt
Howley W Nicholas,,2026-03-18,2026-03-19,521,1229.5063,640572.78,D,S,21655,False,False,False,0001193125-26-116079,https://www.sec.gov/Archives/edgar/data/1260221/000119312526116079/0001193125-26-116079.txt
Howley W Nicholas,,2026-03-18,2026-03-19,108,1231.3415,132984.88,D,S,21547,False,False,False,0001193125-26-116079,https://www.sec.gov/Archives/edgar/data/1260221/000119312526116079/0001193125-26-116079.txt
Reiss Joel,Co-Chief Operating Officer,2026-03-16,2026-03-17,3900,284.97,1111383.0,A,M,7500,False,False,False,0001193125-26-110760,https://www.sec.gov/Archives/edgar/data/1260221/000119312526110760/0001193125-26-110760.txt
Reiss Joel,Co-Chief Operating Officer,2026-03-16,2026-03-17,20,1222.87,24457.4,D,S,7480,False,False,False,0001193125-26-110760,https://www.sec.gov/Archives/edgar/data/1260221/000119312526110760/0001193125-26-110760.txt
Reiss Joel,Co-Chief Operating Officer,2026-03-16,2026-03-17,70,1231.6886,86218.2,D,S,7410,False,False,False,0001193125-26-110760,https://www.sec.gov/Archives/edgar/data/1260221/000119312526110760/0001193125-26-110760.txt
Reiss Joel,Co-Chief Operating Officer,2026-03-16,2026-03-17,60,1232.5712,73954.27,D,S,7350,False,False,False,0001193125-26-110760,https://www.sec.gov/Archives/edgar/data/1260221/000119312526110760/0001193125-26-110760.txt
Reiss Joel,Co-Chief Operating Officer,2026-03-16,2026-03-17,50,1233.618,61680.9,D,S,7300,False,False,False,0001193125-26-110760,https://www.sec.gov/Archives/edgar/data/1260221/000119312526110760/0001193125-26-110760.txt
Reiss Joel,Co-Chief Operating Officer,2026-03-16,2026-03-17,40,1235.125,49405.0,D,S,7260,False,False,False,0001193125-26-110760,https://www.sec.gov/Archives/edgar/data/1260221/000119312526110760/0001193125-26-110760.txt
Reiss Joel,Co-Chief Operating Officer,2026-03-16,2026-03-17,56,1236.312,69233.47,D,S,7204,False,False,False,0001193125-26-110760,https://www.sec.gov/Archives/edgar/data/1260221/000119312526110760/0001193125-26-110760.txt
Reiss Joel,Co-Chief Operating Officer,2026-03-16,2026-03-17,134,1237.746,165857.96,D,S,7070,False,False,False,0001193125-26-110760,https://www.sec.gov/Archives/edgar/data/1260221/000119312526110760/0001193125-26-110760.txt
Reiss Joel,Co-Chief Operating Officer,2026-03-16,2026-03-17,160,1238.5745,198171.92,D,S,6910,False,False,False,0001193125-26-110760,https://www.sec.gov/Archives/edgar/data/1260221/000119312526110760/0001193125-26-110760.txt
Reiss Joel,Co-Chief Operating Officer,2026-03-16,2026-03-17,260,1239.9445,322385.57,D,S,6650,False,False,False,0001193125-26-110760,https://www.sec.gov/Archives/edgar/data/1260221/000119312526110760/0001193125-26-110760.txt
Reiss Joel,Co-Chief Operating Officer,2026-03-16,2026-03-17,420,1240.917,521185.14,D,S,6230,False,False,False,0001193125-26-110760,https://www.sec.gov/Archives/edgar/data/1260221/000119312526110760/0001193125-26-110760.txt
Reiss Joel,Co-Chief Operating Officer,2026-03-16,2026-03-17,320,1241.985,397435.2,D,S,5910,False,False,False,0001193125-26-110760,https://www.sec.gov/Archives/edgar/data/1260221/000119312526110760/0001193125-26-110760.txt
Reiss Joel,Co-Chief Operating Officer,2026-03-16,2026-03-17,350,1242.9959,435048.56,D,S,5560,False,False,False,0001193125-26-110760,https://www.sec.gov/Archives/edgar/data/1260221/000119312526110760/0001193125-26-110760.txt
Reiss Joel,Co-Chief Operating Officer,2026-03-16,2026-03-17,120,1244.0865,149290.38,D,S,5440,False,False,False,0001193125-26-110760,https://www.sec.gov/Archives/edgar/data/1260221/000119312526110760/0001193125-26-110760.txt
Reiss Joel,Co-Chief Operating Officer,2026-03-16,2026-03-17,90,1245.1022,112059.2,D,S,5350,False,False,False,0001193125-26-110760,https://www.sec.gov/Archives/edgar/data/1260221/000119312526110760/0001193125-26-110760.txt
Reiss Joel,Co-Chief Operating Officer,2026-03-16,2026-03-17,227,1246.2083,282889.28,D,S,5123,False,False,False,0001193125-26-110760,https://www.sec.gov/Archives/edgar/data/1260221/000119312526110760/0001193125-26-110760.txt
Reiss Joel,Co-Chief Operating Officer,2026-03-16,2026-03-17,531,1247.0797,662199.32,D,S,4592,False,False,False,0001193125-26-110760,https://www.sec.gov/Archives/edgar/data/1260221/000119312526110760/0001193125-26-110760.txt
Reiss Joel,Co-Chief Operating Officer,2026-03-16,2026-03-17,490,1248.2365,611635.89,D,S,4102,False,False,False,0001193125-26-110760,https://www.sec.gov/Archives/edgar/data/1260221/000119312526110760/0001193125-26-110760.txt
Reiss Joel,Co-Chief Operating Officer,2026-03-16,2026-03-17,315,1249.2884,393525.85,D,S,3787,False,False,False,0001193125-26-110760,https://www.sec.gov/Archives/edgar/data/1260221/000119312526110760/0001193125-26-110760.txt
Reiss Joel,Co-Chief Operating Officer,2026-03-16,2026-03-17,187,1250.2542,233797.54,D,S,3600,False,False,False,0001193125-26-110760,https://www.sec.gov/Archives/edgar/data/1260221/000119312526110760/0001193125-26-110760.txt
SMALL ROBERT J,,2026-02-25,2026-02-27,1,1285.0,1285.0,A,P,366142,False,True,False,0000919574-26-001436,https://www.sec.gov/Archives/edgar/data/1260221/000091957426001436/0000919574-26-001436.txt
Murphy Patrick Joseph,Co-Chief Operating Officer,2026-02-24,2026-02-25,1160,269.42,312527.2,A,M,2215,False,False,False,0001193125-26-071661,https://www.sec.gov/Archives/edgar/data/1260221/000119312526071661/0001193125-26-071661.txt
Murphy Patrick Joseph,Co-Chief Operating Officer,2026-02-24,2026-02-25,300,347.17,104151.0,A,M,2515,False,False,False,0001193125-26-071661,https://www.sec.gov/Archives/edgar/data/1260221/000119312526071661/0001193125-26-071661.txt
Howley W Nicholas,,2026-02-18,2026-02-20,10168,50.92,517754.56,A,M,31715,False,False,False,0001193125-26-061380,https://www.sec.gov/Archives/edgar/data/1260221/000119312526061380/0001193125-26-061380.txt
Howley W Nicholas,,2026-02-18,2026-02-20,920,1299.3068,1195362.26,D,S,30795,False,False,False,0001193125-26-061380,https://www.sec.gov/Archives/edgar/data/1260221/000119312526061380/0001193125-26-061380.txt
Howley W Nicholas,,2026-02-18,2026-02-20,30,1300.3233,39009.7,D,S,30765,False,False,False,0001193125-26-061380,https://www.sec.gov/Archives/edgar/data/1260221/000119312526061380/0001193125-26-061380.txt
Howley W Nicholas,,2026-02-18,2026-02-20,190,1301.0902,247207.14,D,S,30575,False,False,False,0001193125-26-061380,https://www.sec.gov/Archives/edgar/data/1260221/000119312526061380/0001193125-26-061380.txt
Howley W Nicholas,,2026-02-18,2026-02-20,201,1302.4229,261787.0,D,S,30374,False,False,False,0001193125-26-061380,https://www.sec.gov/Archives/edgar/data/1260221/000119312526061380/0001193125-26-061380.txt
Howley W Nicholas,,2026-02-18,2026-02-20,560,1303.6371,730036.78,D,S,29814,False,False,False,0001193125-26-061380,https://www.sec.gov/Archives/edgar/data/1260221/000119312526061380/0001193125-26-061380.txt
Howley W Nicholas,,2026-02-18,2026-02-20,587,1304.4889,765734.98,D,S,29227,False,False,False,0001193125-26-061380,https://www.sec.gov/Archives/edgar/data/1260221/000119312526061380/0001193125-26-061380.txt
Howley W Nicholas,,2026-02-18,2026-02-20,425,1306.1675,555121.19,D,S,28802,False,False,False,0001193125-26-061380,https://www.sec.gov/Archives/edgar/data/1260221/000119312526061380/0001193125-26-061380.txt
Howley W Nicholas,,2026-02-18,2026-02-20,1050,1307.2281,1372589.51,D,S,27752,False,False,False,0001193125-26-061380,https://www.sec.gov/Archives/edgar/data/1260221/000119312526061380/0001193125-26-061380.txt
Howley W Nicholas,,2026-02-18,2026-02-20,973,1308.1379,1272818.18,D,S,26779,False,False,False,0001193125-26-061380,https://www.sec.gov/Archives/edgar/data/1260221/000119312526061380/0001193125-26-061380.txt
Howley W Nicholas,,2026-02-18,2026-02-20,1210,1309.2242,1584161.28,D,S,25569,False,False,False,0001193125-26-061380,https://www.sec.gov/Archives/edgar/data/1260221/000119312526061380/0001193125-26-061380.txt
Howley W Nicholas,,2026-02-18,2026-02-20,1154,1310.5826,1512412.32,D,S,24415,False,False,False,0001193125-26-061380,https://www.sec.gov/Archives/edgar/data/1260221/000119312526061380/0001193125-26-061380.txt
Howley W Nicholas,,2026-02-18,2026-02-20,2738,1311.0683,3589705.01,D,S,21677,False,False,False,0001193125-26-061380,https://www.sec.gov/Archives/edgar/data/1260221/000119312526061380/0001193125-26-061380.txt
Howley W Nicholas,,2026-02-18,2026-02-20,130,1312.0369,170564.8,D,S,21547,False,False,False,0001193125-26-061380,https://www.sec.gov/Archives/edgar/data/1260221/000119312526061380/0001193125-26-061380.txt
Reiss Joel,Co-Chief Operating Officer,2026-02-17,2026-02-18,3900,284.97,1111383.0,A,M,7500,False,False,False,0001193125-26-056993,https://www.sec.gov/Archives/edgar/data/1260221/000119312526056993/0001193125-26-056993.txt
Reiss Joel,Co-Chief Operating Officer,2026-02-17,2026-02-18,27,1279.6759,34551.25,D,S,7473,False,False,False,0001193125-26-056993,https://www.sec.gov/Archives/edgar/data/1260221/000119312526056993/0001193125-26-056993.txt
Reiss Joel,Co-Chief Operating Officer,2026-02-17,2026-02-18,113,1280.7198,144721.34,D,S,7360,False,False,False,0001193125-26-056993,https://www.sec.gov/Archives/edgar/data/1260221/000119312526056993/0001193125-26-056993.txt
Reiss Joel,Co-Chief Operating Officer,2026-02-17,2026-02-18,99,1282.4372,126961.28,D,S,7261,False,False,False,0001193125-26-056993,https://www.sec.gov/Archives/edgar/data/1260221/000119312526056993/0001193125-26-056993.txt
Reiss Joel,Co-Chief Operating Officer,2026-02-17,2026-02-18,71,1283.2217,91108.74,D,S,7190,False,False,False,0001193125-26-056993,https://www.sec.gov/Archives/edgar/data/1260221/000119312526056993/0001193125-26-056993.txt
Reiss Joel,Co-Chief Operating Officer,2026-02-17,2026-02-18,120,1284.7131,154165.57,D,S,7070,False,False,False,0001193125-26-056993,https://www.sec.gov/Archives/edgar/data/1260221/000119312526056993/0001193125-26-056993.txt
Reiss Joel,Co-Chief Operating Officer,2026-02-17,2026-02-18,120,1286.0584,154327.01,D,S,6950,False,False,False,0001193125-26-056993,https://www.sec.gov/Archives/edgar/data/1260221/000119312526056993/0001193125-26-056993.txt
Reiss Joel,Co-Chief Operating Officer,2026-02-17,2026-02-18,106,1287.1589,136438.84,D,S,6844,False,False,False,0001193125-26-056993,https://www.sec.gov/Archives/edgar/data/1260221/000119312526056993/0001193125-26-056993.txt
Reiss Joel,Co-Chief Operating Officer,2026-02-17,2026-02-18,104,1287.9878,133950.73,D,S,6740,False,False,False,0001193125-26-056993,https://www.sec.gov/Archives/edgar/data/1260221/000119312526056993/0001193125-26-056993.txt
Reiss Joel,Co-Chief Operating Officer,2026-02-17,2026-02-18,140,1289.1044,180474.62,D,S,6600,False,False,False,0001193125-26-056993,https://www.sec.gov/Archives/edgar/data/1260221/000119312526056993/0001193125-26-056993.txt
Reiss Joel,Co-Chief Operating Officer,2026-02-17,2026-02-18,140,1290.2191,180630.67,D,S,6460,False,False,False,0001193125-26-056993,https://www.sec.gov/Archives/edgar/data/1260221/000119312526056993/0001193125-26-056993.txt
Reiss Joel,Co-Chief Operating Officer,2026-02-17,2026-02-18,182,1291.1091,234981.86,D,S,6278,False,False,False,0001193125-26-056993,https://www.sec.gov/Archives/edgar/data/1260221/000119312526056993/0001193125-26-056993.txt
Reiss Joel,Co-Chief Operating Officer,2026-02-17,2026-02-18,214,1292.3522,276563.37,D,S,6064,False,False,False,0001193125-26-056993,https://www.sec.gov/Archives/edgar/data/1260221/000119312526056993/0001193125-26-056993.txt
Reiss Joel,Co-Chief Operating Officer,2026-02-17,2026-02-18,361,1293.2128,466849.82,D,S,5703,False,False,False,0001193125-26-056993,https://www.sec.gov/Archives/edgar/data/1260221/000119312526056993/0001193125-26-056993.txt
Reiss Joel,Co-Chief Operating Officer,2026-02-17,2026-02-18,172,1294.3065,222620.72,D,S,5531,False,False,False,0001193125-26-056993,https://www.sec.gov/Archives/edgar/data/1260221/000119312526056993/0001193125-26-056993.txt
Reiss Joel,Co-Chief Operating Officer,2026-02-17,2026-02-18,266,1295.5022,344603.59,D,S,5265,False,False,False,0001193125-26-056993,https://www.sec.gov/Archives/edgar/data/1260221/000119312526056993/0001193125-26-056993.txt
Reiss Joel,Co-Chief Operating Officer,2026-02-17,2026-02-18,248,1296.6274,321563.6,D,S,5017,False,False,False,0001193125-26-056993,https://www.sec.gov/Archives/edgar/data/1260221/000119312526056993/0001193125-26-056993.txt
Reiss Joel,Co-Chief Operating Officer,2026-02-17,2026-02-18,326,1297.4893,422981.51,D,S,4691,False,False,False,0001193125-26-056993,https://www.sec.gov/Archives/edgar/data/1260221/000119312526056993/0001193125-26-056993.txt
Reiss Joel,Co-Chief Operating Officer,2026-02-17,2026-02-18,392,1298.7391,509105.73,D,S,4299,False,False,False,0001193125-26-056993,https://www.sec.gov/Archives/edgar/data/1260221/000119312526056993/0001193125-26-056993.txt
Reiss Joel,Co-Chief Operating Officer,2026-02-17,2026-02-18,220,1299.5555,285902.21,D,S,4079,False,False,False,0001193125-26-056993,https://www.sec.gov/Archives/edgar/data/1260221/000119312526056993/0001193125-26-056993.txt
Reiss Joel,Co-Chief Operating Officer,2026-02-17,2026-02-18,330,1300.9067,429299.21,D,S,3749,False,False,False,0001193125-26-056993,https://www.sec.gov/Archives/edgar/data/1260221/000119312526056993/0001193125-26-056993.txt
Reiss Joel,Co-Chief Operating Officer,2026-02-17,2026-02-18,29,1302.4138,37770.0,D,S,3720,False,False,False,0001193125-26-056993,https://www.sec.gov/Archives/edgar/data/1260221/000119312526056993/0001193125-26-056993.txt
Reiss Joel,Co-Chief Operating Officer,2026-02-17,2026-02-18,50,1303.9852,65199.26,D,S,3670,False,False,False,0001193125-26-056993,https://www.sec.gov/Archives/edgar/data/1260221/000119312526056993/0001193125-26-056993.txt
Reiss Joel,Co-Chief Operating Officer,2026-02-17,2026-02-18,70,1305.2806,91369.64,D,S,3600,False,False,False,0001193125-26-056993,https://www.sec.gov/Archives/edgar/data/1260221/000119312526056993/0001193125-26-056993.txt
Lisman Michael,President & CEO,2026-02-06,2026-02-09,950,1284.2608,1220047.76,A,P,3259,False,False,False,0001193125-26-042891,https://www.sec.gov/Archives/edgar/data/1260221/000119312526042891/0001193125-26-042891.txt
Wynne Sarah,Chief Financial Officer,2026-02-05,2026-02-06,1494,559.78,836311.32,A,M,4894,False,False,False,0001193125-26-041335,https://www.sec.gov/Archives/edgar/data/1260221/000119312526041335/0001193125-26-041335.txt
Stein Kevin M,,2026-02-02,2026-02-03,1421,1431.4599,2034104.52,D,S,17812,False,False,False,0001193125-26-035726,https://www.sec.gov/Archives/edgar/data/1260221/000119312526035726/0001193125-26-035726.txt
Stein Kevin M,,2026-02-02,2026-02-03,1364,1432.5282,1953968.46,D,S,16448,False,False,False,0001193125-26-035726,https://www.sec.gov/Archives/edgar/data/1260221/000119312526035726/0001193125-26-035726.txt
Stein Kevin M,,2026-02-02,2026-02-03,3093,1433.4578,4433684.98,D,S,13355,False,False,False,0001193125-26-035726,https://www.sec.gov/Archives/edgar/data/1260221/000119312526035726/0001193125-26-035726.txt
Stein Kevin M,,2026-02-02,2026-02-03,1462,1434.6305,2097429.79,D,S,11893,False,False,False,0001193125-26-035726,https://www.sec.gov/Archives/edgar/data/1260221/000119312526035726/0001193125-26-035726.txt
Stein Kevin M,,2026-02-02,2026-02-03,810,1435.6275,1162858.28,D,S,11083,False,False,False,0001193125-26-035726,https://www.sec.gov/Archives/edgar/data/1260221/000119312526035726/0001193125-26-035726.txt
Stein Kevin M,,2026-02-02,2026-02-03,1497,1436.4265,2150330.47,D,S,9586,False,False,False,0001193125-26-035726,https://www.sec.gov/Archives/edgar/data/1260221/000119312526035726/0001193125-26-035726.txt
Stein Kevin M,,2026-02-02,2026-02-03,428,1437.3994,615206.94,D,S,9158,False,False,False,0001193125-26-035726,https://www.sec.gov/Archives/edgar/data/1260221/000119312526035726/0001193125-26-035726.txt
Stein Kevin M,,2026-02-02,2026-02-03,270,1438.9134,388506.62,D,S,8888,False,False,False,0001193125-26-035726,https://www.sec.gov/Archives/edgar/data/1260221/000119312526035726/0001193125-26-035726.txt
Stein Kevin M,,2026-02-02,2026-02-03,720,1439.5622,1036484.78,D,S,8168,False,False,False,0001193125-26-035726,https://www.sec.gov/Archives/edgar/data/1260221/000119312526035726/0001193125-26-035726.txt
Stein Kevin M,,2026-02-02,2026-02-03,10,1440.48,14404.8,D,S,8158,False,False,False,0001193125-26-035726,https://www.sec.gov/Archives/edgar/data/1260221/000119312526035726/0001193125-26-035726.txt
Stein Kevin M,,2026-02-02,2026-02-03,25000,341.28,8532000.0,A,M,33158,False,False,False,0001193125-26-035714,https://www.sec.gov/Archives/edgar/data/1260221/000119312526035714/0001193125-26-035714.txt
Stein Kevin M,,2026-02-02,2026-02-03,23000,342.31,7873130.0,A,M,56158,False,False,False,0001193125-26-035714,https://www.sec.gov/Archives/edgar/data/1260221/000119312526035714/0001193125-26-035714.txt
Stein Kevin M,,2026-02-02,2026-02-03,40,1404.68,56187.2,D,S,56118,False,False,False,0001193125-26-035714,https://www.sec.gov/Archives/edgar/data/1260221/000119312526035714/0001193125-26-035714.txt
Stein Kevin M,,2026-02-02,2026-02-03,218,1407.7647,306892.7,D,S,55900,False,False,False,0001193125-26-035714,https://www.sec.gov/Archives/edgar/data/1260221/000119312526035714/0001193125-26-035714.txt
Stein Kevin M,,2026-02-02,2026-02-03,2,1409.71,2819.42,D,S,55898,False,False,False,0001193125-26-035714,https://www.sec.gov/Archives/edgar/data/1260221/000119312526035714/0001193125-26-035714.txt
Stein Kevin M,,2026-02-02,2026-02-03,6,1410.98,8465.88,D,S,55892,False,False,False,0001193125-26-035714,https://www.sec.gov/Archives/edgar/data/1260221/000119312526035714/0001193125-26-035714.txt
Stein Kevin M,,2026-02-02,2026-02-03,1,1412.26,1412.26,D,S,55891,False,False,False,0001193125-26-035714,https://www.sec.gov/Archives/edgar/data/1260221/000119312526035714/0001193125-26-035714.txt
Stein Kevin M,,2026-02-02,2026-02-03,175,1414.0434,247457.6,D,S,55716,False,False,False,0001193125-26-035714,https://www.sec.gov/Archives/edgar/data/1260221/000119312526035714/0001193125-26-035714.txt
Stein Kevin M,,2026-02-02,2026-02-03,58,1414.3607,82032.92,D,S,55658,False,False,False,0001193125-26-035714,https://www.sec.gov/Archives/edgar/data/1260221/000119312526035714/0001193125-26-035714.txt
Stein Kevin M,,2026-02-02,2026-02-03,52,1415.633,73612.92,D,S,55606,False,False,False,0001193125-26-035714,https://www.sec.gov/Archives/edgar/data/1260221/000119312526035714/0001193125-26-035714.txt
Stein Kevin M,,2026-02-02,2026-02-03,2,1416.395,2832.79,D,S,55604,False,False,False,0001193125-26-035714,https://www.sec.gov/Archives/edgar/data/1260221/000119312526035714/0001193125-26-035714.txt
Stein Kevin M,,2026-02-02,2026-02-03,48,1417.4413,68037.18,D,S,55556,False,False,False,0001193125-26-035714,https://www.sec.gov/Archives/edgar/data/1260221/000119312526035714/0001193125-26-035714.txt
Stein Kevin M,,2026-02-02,2026-02-03,112,1419.432,158976.38,D,S,55444,False,False,False,0001193125-26-035714,https://www.sec.gov/Archives/edgar/data/1260221/000119312526035714/0001193125-26-035714.txt
Stein Kevin M,,2026-02-02,2026-02-03,223,1420.5097,316773.66,D,S,55221,False,False,False,0001193125-26-035714,https://www.sec.gov/Archives/edgar/data/1260221/000119312526035714/0001193125-26-035714.txt
Stein Kevin M,,2026-02-02,2026-02-03,861,1421.7299,1224109.44,D,S,54360,False,False,False,0001193125-26-035714,https://www.sec.gov/Archives/edgar/data/1260221/000119312526035714/0001193125-26-035714.txt
Stein Kevin M,,2026-02-02,2026-02-03,2141,1422.4759,3045520.9,D,S,52219,False,False,False,0001193125-26-035714,https://www.sec.gov/Archives/edgar/data/1260221/000119312526035714/0001193125-26-035714.txt
Stein Kevin M,,2026-02-02,2026-02-03,3997,1423.6631,5690381.41,D,S,48222,False,False,False,0001193125-26-035714,https://www.sec.gov/Archives/edgar/data/1260221/000119312526035714/0001193125-26-035714.txt
Stein Kevin M,,2026-02-02,2026-02-03,4859,1424.4675,6921487.58,D,S,43363,False,False,False,0001193125-26-035714,https://www.sec.gov/Archives/edgar/data/1260221/000119312526035714/0001193125-26-035714.txt
Stein Kevin M,,2026-02-02,2026-02-03,5906,1425.5736,8419437.68,D,S,37457,False,False,False,0001193125-26-035714,https://www.sec.gov/Archives/edgar/data/1260221/000119312526035714/0001193125-26-035714.txt
Stein Kevin M,,2026-02-02,2026-02-03,5665,1426.6062,8081724.12,D,S,31792,False,False,False,0001193125-26-035714,https://www.sec.gov/Archives/edgar/data/1260221/000119312526035714/0001193125-26-035714.txt
Stein Kevin M,,2026-02-02,2026-02-03,6665,1427.3841,9513515.03,D,S,25127,False,False,False,0001193125-26-035714,https://www.sec.gov/Archives/edgar/data/1260221/000119312526035714/0001193125-26-035714.txt
Stein Kevin M,,2026-02-02,2026-02-03,2067,1428.6442,2953007.56,D,S,23060,False,False,False,0001193125-26-035714,https://www.sec.gov/Archives/edgar/data/1260221/000119312526035714/0001193125-26-035714.txt
Stein Kevin M,,2026-02-02,2026-02-03,1810,1429.6133,2587600.07,D,S,21250,False,False,False,0001193125-26-035714,https://www.sec.gov/Archives/edgar/data/1260221/000119312526035714/0001193125-26-035714.txt
Stein Kevin M,,2026-02-02,2026-02-03,2017,1430.2632,2884840.87,D,S,19233,False,False,False,0001193125-26-035714,https://www.sec.gov/Archives/edgar/data/1260221/000119312526035714/0001193125-26-035714.txt
Murphy Patrick Joseph,Co-Chief Operating Officer,2026-02-02,2026-02-03,290,269.42,78131.8,A,M,1345,False,False,False,0001193125-26-035706,https://www.sec.gov/Archives/edgar/data/1260221/000119312526035706/0001193125-26-035706.txt
Murphy Patrick Joseph,Co-Chief Operating Officer,2026-02-02,2026-02-03,290,1430.1,414729.0,D,S,1055,False,False,False,0001193125-26-035706,https://www.sec.gov/Archives/edgar/data/1260221/000119312526035706/0001193125-26-035706.txt
Reiss Joel,Co-Chief Operating Officer,2026-01-15,2026-01-16,3900,284.97,1111383.0,A,M,7500,False,False,False,0001193125-26-015541,https://www.sec.gov/Archives/edgar/data/1260221/000119312526015541/0001193125-26-015541.txt
Reiss Joel,Co-Chief Operating Officer,2026-01-15,2026-01-16,44,1420.375,62496.5,D,S,7456,False,False,False,0001193125-26-015541,https://www.sec.gov/Archives/edgar/data/1260221/000119312526015541/0001193125-26-015541.txt
Reiss Joel,Co-Chief Operating Officer,2026-01-15,2026-01-16,67,1421.8916,95266.74,D,S,7389,False,False,False,0001193125-26-015541,https://www.sec.gov/Archives/edgar/data/1260221/000119312526015541/0001193125-26-015541.txt
Reiss Joel,Co-Chief Operating Officer,2026-01-15,2026-01-16,95,1422.628,135149.66,D,S,7294,False,False,False,0001193125-26-015541,https://www.sec.gov/Archives/edgar/data/1260221/000119312526015541/0001193125-26-015541.txt
Reiss Joel,Co-Chief Operating Officer,2026-01-15,2026-01-16,128,1423.8024,182246.71,D,S,7166,False,False,False,0001193125-26-015541,https://www.sec.gov/Archives/edgar/data/1260221/000119312526015541/0001193125-26-015541.txt
Reiss Joel,Co-Chief Operating Officer,2026-01-15,2026-01-16,90,1425.104,128259.36,D,S,7076,False,False,False,0001193125-26-015541,https://www.sec.gov/Archives/edgar/data/1260221/000119312526015541/0001193125-26-015541.txt
Reiss Joel,Co-Chief Operating Officer,2026-01-15,2026-01-16,245,1426.3497,349455.68,D,S,6831,False,False,False,0001193125-26-015541,https://www.sec.gov/Archives/edgar/data/1260221/000119312526015541/0001193125-26-015541.txt
Reiss Joel,Co-Chief Operating Officer,2026-01-15,2026-01-16,396,1427.2718,565199.63,D,S,6435,False,False,False,0001193125-26-015541,https://www.sec.gov/Archives/edgar/data/1260221/000119312526015541/0001193125-26-015541.txt
Reiss Joel,Co-Chief Operating Officer,2026-01-15,2026-01-16,477,1428.0254,681168.12,D,S,5958,False,False,False,0001193125-26-015541,https://www.sec.gov/Archives/edgar/data/1260221/000119312526015541/0001193125-26-015541.txt
Reiss Joel,Co-Chief Operating Officer,2026-01-15,2026-01-16,260,1429.1449,371577.67,D,S,5698,False,False,False,0001193125-26-015541,https://www.sec.gov/Archives/edgar/data/1260221/000119312526015541/0001193125-26-015541.txt
Reiss Joel,Co-Chief Operating Officer,2026-01-15,2026-01-16,372,1430.2077,532037.26,D,S,5326,False,False,False,0001193125-26-015541,https://www.sec.gov/Archives/edgar/data/1260221/000119312526015541/0001193125-26-015541.txt
Reiss Joel,Co-Chief Operating Officer,2026-01-15,2026-01-16,453,1431.2593,648360.46,D,S,4873,False,False,False,0001193125-26-015541,https://www.sec.gov/Archives/edgar/data/1260221/000119312526015541/0001193125-26-015541.txt
Reiss Joel,Co-Chief Operating Officer,2026-01-15,2026-01-16,257,1432.3994,368126.65,D,S,4616,False,False,False,0001193125-26-015541,https://www.sec.gov/Archives/edgar/data/1260221/000119312526015541/0001193125-26-015541.txt
Reiss Joel,Co-Chief Operating Officer,2026-01-15,2026-01-16,486,1433.3583,696612.13,D,S,4130,False,False,False,0001193125-26-015541,https://www.sec.gov/Archives/edgar/data/1260221/000119312526015541/0001193125-26-015541.txt
Reiss Joel,Co-Chief Operating Officer,2026-01-15,2026-01-16,200,1434.177,286835.4,D,S,3930,False,False,False,0001193125-26-015541,https://www.sec.gov/Archives/edgar/data/1260221/000119312526015541/0001193125-26-015541.txt
Reiss Joel,Co-Chief Operating Officer,2026-01-15,2026-01-16,205,1435.1371,294203.11,D,S,3725,False,False,False,0001193125-26-015541,https://www.sec.gov/Archives/edgar/data/1260221/000119312526015541/0001193125-26-015541.txt
Reiss Joel,Co-Chief Operating Officer,2026-01-15,2026-01-16,35,1436.1486,50265.2,D,S,3690,False,False,False,0001193125-26-015541,https://www.sec.gov/Archives/edgar/data/1260221/000119312526015541/0001193125-26-015541.txt
Reiss Joel,Co-Chief Operating Officer,2026-01-15,2026-01-16,50,1437.5608,71878.04,D,S,3640,False,False,False,0001193125-26-015541,https://www.sec.gov/Archives/edgar/data/1260221/000119312526015541/0001193125-26-015541.txt
Reiss Joel,Co-Chief Operating Officer,2026-01-15,2026-01-16,40,1438.9075,57556.3,D,S,3600,False,False,False,0001193125-26-015541,https://www.sec.gov/Archives/edgar/data/1260221/000119312526015541/0001193125-26-015541.txt
Stein Kevin M,,2026-01-14,2026-01-16,7627,342.31,2610798.37,A,M,15785,False,False,False,0001193125-26-015540,https://www.sec.gov/Archives/edgar/data/1260221/000119312526015540/0001193125-26-015540.txt
Stein Kevin M,,2026-01-14,2026-01-16,2141,1405.6379,3009470.74,D,S,13644,False,False,False,0001193125-26-015540,https://www.sec.gov/Archives/edgar/data/1260221/000119312526015540/0001193125-26-015540.txt
Stein Kevin M,,2026-01-14,2026-01-16,3964,1406.4099,5575008.84,D,S,9680,False,False,False,0001193125-26-015540,https://www.sec.gov/Archives/edgar/data/1260221/000119312526015540/0001193125-26-015540.txt
Stein Kevin M,,2026-01-14,2026-01-16,1522,1407.3422,2141974.83,D,S,8158,False,False,False,0001193125-26-015540,https://www.sec.gov/Archives/edgar/data/1260221/000119312526015540/0001193125-26-015540.txt
Stein Kevin M,,2026-01-08,2026-01-09,17373,342.31,5946951.63,A,M,25531,False,False,False,0001193125-26-008970,https://www.sec.gov/Archives/edgar/data/1260221/000119312526008970/0001193125-26-008970.txt
Stein Kevin M,,2026-01-08,2026-01-09,6384,1405.3006,8971439.03,D,S,19147,False,False,False,0001193125-26-008970,https://www.sec.gov/Archives/edgar/data/1260221/000119312526008970/0001193125-26-008970.txt
Stein Kevin M,,2026-01-08,2026-01-09,1278,1406.7156,1797782.54,D,S,17869,False,False,False,0001193125-26-008970,https://www.sec.gov/Archives/edgar/data/1260221/000119312526008970/0001193125-26-008970.txt
Stein Kevin M,,2026-01-08,2026-01-09,2722,1407.4564,3831096.32,D,S,15147,False,False,False,0001193125-26-008970,https://www.sec.gov/Archives/edgar/data/1260221/000119312526008970/0001193125-26-008970.txt
Stein Kevin M,,2026-01-08,2026-01-09,5239,1408.4395,7378814.54,D,S,9908,False,False,False,0001193125-26-008970,https://www.sec.gov/Archives/edgar/data/1260221/000119312526008970/0001193125-26-008970.txt
Stein Kevin M,,2026-01-08,2026-01-09,480,1409.5663,676591.82,D,S,9428,False,False,False,0001193125-26-008970,https://www.sec.gov/Archives/edgar/data/1260221/000119312526008970/0001193125-26-008970.txt
Stein Kevin M,,2026-01-08,2026-01-09,930,1410.6495,1311904.03,D,S,8498,False,False,False,0001193125-26-008970,https://www.sec.gov/Archives/edgar/data/1260221/000119312526008970/0001193125-26-008970.txt
Stein Kevin M,,2026-01-08,2026-01-09,340,1413.17,480477.8,D,S,8158,False,False,False,0001193125-26-008970,https://www.sec.gov/Archives/edgar/data/1260221/000119312526008970/0001193125-26-008970.txt
Stein Kevin M,,2026-01-05,2026-01-06,17940,105.88,1899487.2,A,M,26098,False,False,False,0001193125-26-004595,https://www.sec.gov/Archives/edgar/data/1260221/000119312526004595/0001193125-26-004595.txt
Stein Kevin M,,2026-01-05,2026-01-06,7060,341.28,2409436.8,A,M,33158,False,False,False,0001193125-26-004595,https://www.sec.gov/Archives/edgar/data/1260221/000119312526004595/0001193125-26-004595.txt
Stein Kevin M,,2026-01-05,2026-01-06,560,1361.59,762490.4,D,S,32598,False,False,False,0001193125-26-004595,https://www.sec.gov/Archives/edgar/data/1260221/000119312526004595/0001193125-26-004595.txt
Stein Kevin M,,2026-01-05,2026-01-06,20,1363.08,27261.6,D,S,32578,False,False,False,0001193125-26-004595,https://www.sec.gov/Archives/edgar/data/1260221/000119312526004595/0001193125-26-004595.txt
Stein Kevin M,,2026-01-05,2026-01-06,160,1364.5653,218330.45,D,S,32418,False,False,False,0001193125-26-004595,https://www.sec.gov/Archives/edgar/data/1260221/000119312526004595/0001193125-26-004595.txt
Stein Kevin M,,2026-01-05,2026-01-06,255,1367.1848,348632.12,D,S,32163,False,False,False,0001193125-26-004595,https://www.sec.gov/Archives/edgar/data/1260221/000119312526004595/0001193125-26-004595.txt
Stein Kevin M,,2026-01-05,2026-01-06,716,1368.1129,979568.84,D,S,31447,False,False,False,0001193125-26-004595,https://www.sec.gov/Archives/edgar/data/1260221/000119312526004595/0001193125-26-004595.txt
Stein Kevin M,,2026-01-05,2026-01-06,3956,1369.0453,5415943.21,D,S,27491,False,False,False,0001193125-26-004595,https://www.sec.gov/Archives/edgar/data/1260221/000119312526004595/0001193125-26-004595.txt
Stein Kevin M,,2026-01-05,2026-01-06,4457,1370.1206,6106627.51,D,S,23034,False,False,False,0001193125-26-004595,https://www.sec.gov/Archives/edgar/data/1260221/000119312526004595/0001193125-26-004595.txt
Stein Kevin M,,2026-01-05,2026-01-06,1777,1371.0914,2436429.42,D,S,21257,False,False,False,0001193125-26-004595,https://www.sec.gov/Archives/edgar/data/1260221/000119312526004595/0001193125-26-004595.txt
Stein Kevin M,,2026-01-05,2026-01-06,2084,1372.0398,2859330.94,D,S,19173,False,False,False,0001193125-26-004595,https://www.sec.gov/Archives/edgar/data/1260221/000119312526004595/0001193125-26-004595.txt
Stein Kevin M,,2026-01-05,2026-01-06,481,1373.0119,660418.72,D,S,18692,False,False,False,0001193125-26-004595,https://www.sec.gov/Archives/edgar/data/1260221/000119312526004595/0001193125-26-004595.txt
Stein Kevin M,,2026-01-05,2026-01-06,1020,1374.2481,1401733.06,D,S,17672,False,False,False,0001193125-26-004595,https://www.sec.gov/Archives/edgar/data/1260221/000119312526004595/0001193125-26-004595.txt
Stein Kevin M,,2026-01-05,2026-01-06,1338,1375.1611,1839965.55,D,S,16334,False,False,False,0001193125-26-004595,https://www.sec.gov/Archives/edgar/data/1260221/000119312526004595/0001193125-26-004595.txt
Stein Kevin M,,2026-01-05,2026-01-06,1587,1376.1458,2183943.38,D,S,14747,False,False,False,0001193125-26-004595,https://www.sec.gov/Archives/edgar/data/1260221/000119312526004595/0001193125-26-004595.txt
Stein Kevin M,,2026-01-05,2026-01-06,403,1377.2956,555050.13,D,S,14344,False,False,False,0001193125-26-004595,https://www.sec.gov/Archives/edgar/data/1260221/000119312526004595/0001193125-26-004595.txt
Stein Kevin M,,2026-01-05,2026-01-06,1239,1378.5069,1707970.05,D,S,13105,False,False,False,0001193125-26-004595,https://www.sec.gov/Archives/edgar/data/1260221/000119312526004595/0001193125-26-004595.txt
Stein Kevin M,,2026-01-05,2026-01-06,1218,1379.6401,1680401.64,D,S,11887,False,False,False,0001193125-26-004595,https://www.sec.gov/Archives/edgar/data/1260221/000119312526004595/0001193125-26-004595.txt
Stein Kevin M,,2026-01-05,2026-01-06,385,1380.5337,531505.47,D,S,11502,False,False,False,0001193125-26-004595,https://www.sec.gov/Archives/edgar/data/1260221/000119312526004595/0001193125-26-004595.txt
Stein Kevin M,,2026-01-05,2026-01-06,903,1381.5268,1247518.7,D,S,10599,False,False,False,0001193125-26-004595,https://www.sec.gov/Archives/edgar/data/1260221/000119312526004595/0001193125-26-004595.txt
Stein Kevin M,,2026-01-05,2026-01-06,1867,1382.6226,2581356.39,D,S,8732,False,False,False,0001193125-26-004595,https://www.sec.gov/Archives/edgar/data/1260221/000119312526004595/0001193125-26-004595.txt
Stein Kevin M,,2026-01-05,2026-01-06,274,1384.1186,379248.5,D,S,8458,False,False,False,0001193125-26-004595,https://www.sec.gov/Archives/edgar/data/1260221/000119312526004595/0001193125-26-004595.txt
Stein Kevin M,,2026-01-05,2026-01-06,300,1387.035,416110.5,D,S,8158,False,False,False,0001193125-26-004595,https://www.sec.gov/Archives/edgar/data/1260221/000119312526004595/0001193125-26-004595.txt
Murphy Patrick Joseph,Co-Chief Operating Officer,2026-01-02,2026-01-05,290,269.42,78131.8,A,M,1345,False,False,False,0001193125-26-002759,https://www.sec.gov/Archives/edgar/data/1260221/000119312526002759/0001193125-26-002759.txt
Murphy Patrick Joseph,Co-Chief Operating Officer,2026-01-02,2026-01-05,290,1329.03,385418.7,D,S,1055,False,False,False,0001193125-26-002759,https://www.sec.gov/Archives/edgar/data/1260221/000119312526002759/0001193125-26-002759.txt
Reiss Joel,Co-Chief Operating Officer,2025-12-15,2025-12-16,3900,284.97,1111383.0,A,M,7500,False,False,False,0001193125-25-320860,https://www.sec.gov/Archives/edgar/data/1260221/000119312525320860/0001193125-25-320860.txt
Reiss Joel,Co-Chief Operating Officer,2025-12-15,2025-12-16,80,1282.7296,102618.37,D,S,7420,False,False,False,0001193125-25-320860,https://www.sec.gov/Archives/edgar/data/1260221/000119312525320860/0001193125-25-320860.txt
Reiss Joel,Co-Chief Operating Officer,2025-12-15,2025-12-16,280,1283.702,359436.56,D,S,7140,False,False,False,0001193125-25-320860,https://www.sec.gov/Archives/edgar/data/1260221/000119312525320860/0001193125-25-320860.txt
Reiss Joel,Co-Chief Operating Officer,2025-12-15,2025-12-16,220,1284.7756,282650.63,D,S,6920,False,False,False,0001193125-25-320860,https://www.sec.gov/Archives/edgar/data/1260221/000119312525320860/0001193125-25-320860.txt
Reiss Joel,Co-Chief Operating Officer,2025-12-15,2025-12-16,220,1285.64,282840.8,D,S,6700,False,False,False,0001193125-25-320860,https://www.sec.gov/Archives/edgar/data/1260221/000119312525320860/0001193125-25-320860.txt
Reiss Joel,Co-Chief Operating Officer,2025-12-15,2025-12-16,262,1286.6977,337114.8,D,S,6438,False,False,False,0001193125-25-320860,https://www.sec.gov/Archives/edgar/data/1260221/000119312525320860/0001193125-25-320860.txt
Reiss Joel,Co-Chief Operating Officer,2025-12-15,2025-12-16,336,1287.6938,432665.12,D,S,6102,False,False,False,0001193125-25-320860,https://www.sec.gov/Archives/edgar/data/1260221/000119312525320860/0001193125-25-320860.txt
Reiss Joel,Co-Chief Operating Officer,2025-12-15,2025-12-16,536,1288.5358,690655.19,D,S,5566,False,False,False,0001193125-25-320860,https://www.sec.gov/Archives/edgar/data/1260221/000119312525320860/0001193125-25-320860.txt
Reiss Joel,Co-Chief Operating Officer,2025-12-15,2025-12-16,420,1289.8069,541718.9,D,S,5146,False,False,False,0001193125-25-320860,https://www.sec.gov/Archives/edgar/data/1260221/000119312525320860/0001193125-25-320860.txt
Reiss Joel,Co-Chief Operating Officer,2025-12-15,2025-12-16,220,1290.681,283949.82,D,S,4926,False,False,False,0001193125-25-320860,https://www.sec.gov/Archives/edgar/data/1260221/000119312525320860/0001193125-25-320860.txt
Reiss Joel,Co-Chief Operating Officer,2025-12-15,2025-12-16,418,1291.6778,539921.32,D,S,4508,False,False,False,0001193125-25-320860,https://www.sec.gov/Archives/edgar/data/1260221/000119312525320860/0001193125-25-320860.txt
Reiss Joel,Co-Chief Operating Officer,2025-12-15,2025-12-16,279,1292.6582,360651.64,D,S,4229,False,False,False,0001193125-25-320860,https://www.sec.gov/Archives/edgar/data/1260221/000119312525320860/0001193125-25-320860.txt
Reiss Joel,Co-Chief Operating Officer,2025-12-15,2025-12-16,61,1293.7603,78919.38,D,S,4168,False,False,False,0001193125-25-320860,https://www.sec.gov/Archives/edgar/data/1260221/000119312525320860/0001193125-25-320860.txt
Reiss Joel,Co-Chief Operating Officer,2025-12-15,2025-12-16,50,1294.897,64744.85,D,S,4118,False,False,False,0001193125-25-320860,https://www.sec.gov/Archives/edgar/data/1260221/000119312525320860/0001193125-25-320860.txt
Reiss Joel,Co-Chief Operating Officer,2025-12-15,2025-12-16,58,1296.1028,75173.96,D,S,4060,False,False,False,0001193125-25-320860,https://www.sec.gov/Archives/edgar/data/1260221/000119312525320860/0001193125-25-320860.txt
Reiss Joel,Co-Chief Operating Officer,2025-12-15,2025-12-16,32,1297.3191,41514.21,D,S,4028,False,False,False,0001193125-25-320860,https://www.sec.gov/Archives/edgar/data/1260221/000119312525320860/0001193125-25-320860.txt
Reiss Joel,Co-Chief Operating Officer,2025-12-15,2025-12-16,44,1298.1073,57116.72,D,S,3984,False,False,False,0001193125-25-320860,https://www.sec.gov/Archives/edgar/data/1260221/000119312525320860/0001193125-25-320860.txt
Reiss Joel,Co-Chief Operating Officer,2025-12-15,2025-12-16,12,1299.035,15588.42,D,S,3972,False,False,False,0001193125-25-320860,https://www.sec.gov/Archives/edgar/data/1260221/000119312525320860/0001193125-25-320860.txt
Reiss Joel,Co-Chief Operating Officer,2025-12-15,2025-12-16,25,1300.44,32511.0,D,S,3947,False,False,False,0001193125-25-320860,https://www.sec.gov/Archives/edgar/data/1260221/000119312525320860/0001193125-25-320860.txt
Reiss Joel,Co-Chief Operating Officer,2025-12-15,2025-12-16,14,1301.7814,18224.94,D,S,3933,False,False,False,0001193125-25-320860,https://www.sec.gov/Archives/edgar/data/1260221/000119312525320860/0001193125-25-320860.txt
Reiss Joel,Co-Chief Operating Officer,2025-12-15,2025-12-16,45,1303.1456,58641.55,D,S,3888,False,False,False,0001193125-25-320860,https://www.sec.gov/Archives/edgar/data/1260221/000119312525320860/0001193125-25-320860.txt
Reiss Joel,Co-Chief Operating Officer,2025-12-15,2025-12-16,60,1304.9026,78294.16,D,S,3828,False,False,False,0001193125-25-320860,https://www.sec.gov/Archives/edgar/data/1260221/000119312525320860/0001193125-25-320860.txt
Reiss Joel,Co-Chief Operating Officer,2025-12-15,2025-12-16,118,1305.9847,154106.19,D,S,3710,False,False,False,0001193125-25-320860,https://www.sec.gov/Archives/edgar/data/1260221/000119312525320860/0001193125-25-320860.txt
Reiss Joel,Co-Chief Operating Officer,2025-12-15,2025-12-16,20,1306.64,26132.8,D,S,3690,False,False,False,0001193125-25-320860,https://www.sec.gov/Archives/edgar/data/1260221/000119312525320860/0001193125-25-320860.txt
Reiss Joel,Co-Chief Operating Officer,2025-12-15,2025-12-16,40,1307.945,52317.8,D,S,3650,False,False,False,0001193125-25-320860,https://www.sec.gov/Archives/edgar/data/1260221/000119312525320860/0001193125-25-320860.txt
Reiss Joel,Co-Chief Operating Officer,2025-12-15,2025-12-16,20,1309.34,26186.8,D,S,3630,False,False,False,0001193125-25-320860,https://www.sec.gov/Archives/edgar/data/1260221/000119312525320860/0001193125-25-320860.txt
Reiss Joel,Co-Chief Operating Officer,2025-12-15,2025-12-16,30,1311.2467,39337.4,D,S,3600,False,False,False,0001193125-25-320860,https://www.sec.gov/Archives/edgar/data/1260221/000119312525320860/0001193125-25-320860.txt
SMALL ROBERT J,,2025-12-10,2025-12-11,4700,66.47,312409.0,A,M,10325,False,False,False,0001193125-25-315957,https://www.sec.gov/Archives/edgar/data/1260221/000119312525315957/0001193125-25-315957.txt
SMALL ROBERT J,,2025-12-10,2025-12-11,580,1289.3197,747805.43,D,S,9745,False,False,False,0001193125-25-315957,https://www.sec.gov/Archives/edgar/data/1260221/000119312525315957/0001193125-25-315957.txt
SMALL ROBERT J,,2025-12-10,2025-12-11,4046,1290.2959,5220537.21,D,S,5699,False,False,False,0001193125-25-315957,https://www.sec.gov/Archives/edgar/data/1260221/000119312525315957/0001193125-25-315957.txt
SMALL ROBERT J,,2025-12-10,2025-12-11,74,1291.0322,95536.38,D,S,5625,False,False,False,0001193125-25-315957,https://www.sec.gov/Archives/edgar/data/1260221/000119312525315957/0001193125-25-315957.txt
SMALL ROBERT J,,2025-12-09,2025-12-09,75673,1335.72,101077939.56,D,S,366141,False,True,False,0000919574-25-007305,https://www.sec.gov/Archives/edgar/data/1260221/000091957425007305/0000919574-25-007305.txt
SMALL ROBERT J,,2025-12-09,2025-12-09,15280,1335.72,20409801.6,D,S,68139,False,True,False,0000919574-25-007305,https://www.sec.gov/Archives/edgar/data/1260221/000091957425007305/0000919574-25-007305.txt
Stein Kevin M,,2025-12-04,2025-12-05,17526,105.88,1855652.88,A,M,25684,False,False,False,0001193125-25-309653,https://www.sec.gov/Archives/edgar/data/1260221/000119312525309653/0001193125-25-309653.txt
Stein Kevin M,,2025-12-04,2025-12-05,6910,1360.1483,9398624.75,D,S,18774,False,False,False,0001193125-25-309653,https://www.sec.gov/Archives/edgar/data/1260221/000119312525309653/0001193125-25-309653.txt
Stein Kevin M,,2025-12-04,2025-12-05,2081,1361.4284,2833132.5,D,S,16693,False,False,False,0001193125-25-309653,https://www.sec.gov/Archives/edgar/data/1260221/000119312525309653/0001193125-25-309653.txt
Stein Kevin M,,2025-12-04,2025-12-05,1794,1362.6281,2444554.81,D,S,14899,False,False,False,0001193125-25-309653,https://www.sec.gov/Archives/edgar/data/1260221/000119312525309653/0001193125-25-309653.txt
Stein Kevin M,,2025-12-04,2025-12-05,1397,1363.3925,1904659.32,D,S,13502,False,False,False,0001193125-25-309653,https://www.sec.gov/Archives/edgar/data/1260221/000119312525309653/0001193125-25-309653.txt
Stein Kevin M,,2025-12-04,2025-12-05,3139,1364.5755,4283402.49,D,S,10363,False,False,False,0001193125-25-309653,https://www.sec.gov/Archives/edgar/data/1260221/000119312525309653/0001193125-25-309653.txt
Stein Kevin M,,2025-12-04,2025-12-05,1680,1365.3326,2293758.77,D,S,8683,False,False,False,0001193125-25-309653,https://www.sec.gov/Archives/edgar/data/1260221/000119312525309653/0001193125-25-309653.txt
Stein Kevin M,,2025-12-04,2025-12-05,495,1366.1918,676264.94,D,S,8188,False,False,False,0001193125-25-309653,https://www.sec.gov/Archives/edgar/data/1260221/000119312525309653/0001193125-25-309653.txt
Stein Kevin M,,2025-12-04,2025-12-05,30,1367.2233,41016.7,D,S,8158,False,False,False,0001193125-25-309653,https://www.sec.gov/Archives/edgar/data/1260221/000119312525309653/0001193125-25-309653.txt
Murphy Patrick Joseph,Co-Chief Operating Officer,2025-12-01,2025-12-02,290,269.42,78131.8,A,M,1345,False,False,False,0001193125-25-305344,https://www.sec.gov/Archives/edgar/data/1260221/000119312525305344/0001193125-25-305344.txt
Murphy Patrick Joseph,Co-Chief Operating Officer,2025-12-01,2025-12-02,290,1351.06,391807.4,D,S,1055,False,False,False,0001193125-25-305344,https://www.sec.gov/Archives/edgar/data/1260221/000119312525305344/0001193125-25-305344.txt
Stein Kevin M,,2025-11-28,2025-12-01,4592,105.88,486200.96,A,M,12750,False,False,False,0001193125-25-303877,https://www.sec.gov/Archives/edgar/data/1260221/000119312525303877/0001193125-25-303877.txt
Stein Kevin M,,2025-11-28,2025-12-01,2997,1360.4385,4077234.18,D,S,9753,False,False,False,0001193125-25-303877,https://www.sec.gov/Archives/edgar/data/1260221/000119312525303877/0001193125-25-303877.txt
Stein Kevin M,,2025-11-28,2025-12-01,1545,1361.2498,2103130.94,D,S,8208,False,False,False,0001193125-25-303877,https://www.sec.gov/Archives/edgar/data/1260221/000119312525303877/0001193125-25-303877.txt
Stein Kevin M,,2025-11-28,2025-12-01,50,1362.431,68121.55,D,S,8158,False,False,False,0001193125-25-303877,https://www.sec.gov/Archives/edgar/data/1260221/000119312525303877/0001193125-25-303877.txt
Stein Kevin M,,2025-11-26,2025-11-26,30,105.88,3176.4,A,M,8188,False,False,False,0001193125-25-300705,https://www.sec.gov/Archives/edgar/data/1260221/000119312525300705/0001193125-25-300705.txt
Stein Kevin M,,2025-11-26,2025-11-26,30,1360.06,40801.8,D,S,8158,False,False,False,0001193125-25-300705,https://www.sec.gov/Archives/edgar/data/1260221/000119312525300705/0001193125-25-300705.txt
Stein Kevin M,,2025-11-25,2025-11-26,4187,105.88,443319.56,A,M,12345,False,False,False,0001193125-25-300705,https://www.sec.gov/Archives/edgar/data/1260221/000119312525300705/0001193125-25-300705.txt
Stein Kevin M,,2025-11-25,2025-11-26,4097,1360.5495,5574171.3,D,S,8248,False,False,False,0001193125-25-300705,https://www.sec.gov/Archives/edgar/data/1260221/000119312525300705/0001193125-25-300705.txt
Stein Kevin M,,2025-11-25,2025-11-26,90,1361.8702,122568.32,D,S,8158,False,False,False,0001193125-25-300705,https://www.sec.gov/Archives/edgar/data/1260221/000119312525300705/0001193125-25-300705.txt
Stein Kevin M,,2025-11-21,2025-11-24,230,105.88,24352.4,A,M,8388,False,False,False,0001193125-25-293691,https://www.sec.gov/Archives/edgar/data/1260221/000119312525293691/0001193125-25-293691.txt
Stein Kevin M,,2025-11-21,2025-11-24,230,1360.3096,312871.21,D,S,8158,False,False,False,0001193125-25-293691,https://www.sec.gov/Archives/edgar/data/1260221/000119312525293691/0001193125-25-293691.txt
Graff Michael,,2025-11-21,2025-11-25,340,0.0,0.0,D,G,1653,False,False,False,0001193125-25-297235,https://www.sec.gov/Archives/edgar/data/1260221/000119312525297235/0001193125-25-297235.txt
Stein Kevin M,,2025-11-20,2025-11-21,1104,105.88,116891.52,A,M,9262,False,False,False,0001193125-25-291380,https://www.sec.gov/Archives/edgar/data/1260221/000119312525291380/0001193125-25-291380.txt
Stein Kevin M,,2025-11-20,2025-11-21,655,1360.3298,891016.02,D,S,8607,False,False,False,0001193125-25-291380,https://www.sec.gov/Archives/edgar/data/1260221/000119312525291380/0001193125-25-291380.txt
Stein Kevin M,,2025-11-20,2025-11-21,400,1361.5239,544609.56,D,S,8207,False,False,False,0001193125-25-291380,https://www.sec.gov/Archives/edgar/data/1260221/000119312525291380/0001193125-25-291380.txt
Stein Kevin M,,2025-11-20,2025-11-21,49,1363.2231,66797.93,D,S,8158,False,False,False,0001193125-25-291380,https://www.sec.gov/Archives/edgar/data/1260221/000119312525291380/0001193125-25-291380.txt
Stein Kevin M,,2025-11-18,2025-11-19,7191,105.88,761383.08,A,M,15349,False,False,False,0001193125-25-288104,https://www.sec.gov/Archives/edgar/data/1260221/000119312525288104/0001193125-25-288104.txt
Stein Kevin M,,2025-11-18,2025-11-19,3580,1360.2775,4869793.45,D,S,11769,False,False,False,0001193125-25-288104,https://www.sec.gov/Archives/edgar/data/1260221/000119312525288104/0001193125-25-288104.txt
Stein Kevin M,,2025-11-18,2025-11-19,848,1361.8949,1154886.88,D,S,10921,False,False,False,0001193125-25-288104,https://www.sec.gov/Archives/edgar/data/1260221/000119312525288104/0001193125-25-288104.txt
Stein Kevin M,,2025-11-18,2025-11-19,1531,1362.6356,2086195.1,D,S,9390,False,False,False,0001193125-25-288104,https://www.sec.gov/Archives/edgar/data/1260221/000119312525288104/0001193125-25-288104.txt
Stein Kevin M,,2025-11-18,2025-11-19,1162,1363.7275,1584651.35,D,S,8228,False,False,False,0001193125-25-288104,https://www.sec.gov/Archives/edgar/data/1260221/000119312525288104/0001193125-25-288104.txt
Stein Kevin M,,2025-11-18,2025-11-19,70,1364.585,95520.95,D,S,8158,False,False,False,0001193125-25-288104,https://www.sec.gov/Archives/edgar/data/1260221/000119312525288104/0001193125-25-288104.txt
Reiss Joel,Co-Chief Operating Officer,2025-11-17,2025-11-18,3900,284.97,1111383.0,A,M,7500,False,False,False,0001193125-25-286326,https://www.sec.gov/Archives/edgar/data/1260221/000119312525286326/0001193125-25-286326.txt
Reiss Joel,Co-Chief Operating Officer,2025-11-17,2025-11-18,10,1326.21,13262.1,D,S,7490,False,False,False,0001193125-25-286326,https://www.sec.gov/Archives/edgar/data/1260221/000119312525286326/0001193125-25-286326.txt
Reiss Joel,Co-Chief Operating Officer,2025-11-17,2025-11-18,29,1329.0307,38541.89,D,S,7461,False,False,False,0001193125-25-286326,https://www.sec.gov/Archives/edgar/data/1260221/000119312525286326/0001193125-25-286326.txt
Reiss Joel,Co-Chief Operating Officer,2025-11-17,2025-11-18,31,1330.3248,41240.07,D,S,7430,False,False,False,0001193125-25-286326,https://www.sec.gov/Archives/edgar/data/1260221/000119312525286326/0001193125-25-286326.txt
Reiss Joel,Co-Chief Operating Officer,2025-11-17,2025-11-18,220,1331.5607,292943.35,D,S,7210,False,False,False,0001193125-25-286326,https://www.sec.gov/Archives/edgar/data/1260221/000119312525286326/0001193125-25-286326.txt
Reiss Joel,Co-Chief Operating Officer,2025-11-17,2025-11-18,136,1332.6193,181236.22,D,S,7074,False,False,False,0001193125-25-286326,https://www.sec.gov/Archives/edgar/data/1260221/000119312525286326/0001193125-25-286326.txt
Reiss Joel,Co-Chief Operating Officer,2025-11-17,2025-11-18,416,1333.7575,554843.12,D,S,6658,False,False,False,0001193125-25-286326,https://www.sec.gov/Archives/edgar/data/1260221/000119312525286326/0001193125-25-286326.txt
Reiss Joel,Co-Chief Operating Officer,2025-11-17,2025-11-18,195,1334.7149,260269.41,D,S,6463,False,False,False,0001193125-25-286326,https://www.sec.gov/Archives/edgar/data/1260221/000119312525286326/0001193125-25-286326.txt
Reiss Joel,Co-Chief Operating Officer,2025-11-17,2025-11-18,212,1335.4204,283109.12,D,S,6251,False,False,False,0001193125-25-286326,https://www.sec.gov/Archives/edgar/data/1260221/000119312525286326/0001193125-25-286326.txt
Reiss Joel,Co-Chief Operating Officer,2025-11-17,2025-11-18,290,1336.9276,387709.0,D,S,5961,False,False,False,0001193125-25-286326,https://www.sec.gov/Archives/edgar/data/1260221/000119312525286326/0001193125-25-286326.txt
Reiss Joel,Co-Chief Operating Officer,2025-11-17,2025-11-18,299,1338.3219,400158.25,D,S,5662,False,False,False,0001193125-25-286326,https://www.sec.gov/Archives/edgar/data/1260221/000119312525286326/0001193125-25-286326.txt
Reiss Joel,Co-Chief Operating Officer,2025-11-17,2025-11-18,256,1339.1319,342817.77,D,S,5406,False,False,False,0001193125-25-286326,https://www.sec.gov/Archives/edgar/data/1260221/000119312525286326/0001193125-25-286326.txt
Reiss Joel,Co-Chief Operating Officer,2025-11-17,2025-11-18,122,1340.275,163513.55,D,S,5284,False,False,False,0001193125-25-286326,https://www.sec.gov/Archives/edgar/data/1260221/000119312525286326/0001193125-25-286326.txt
Reiss Joel,Co-Chief Operating Officer,2025-11-17,2025-11-18,233,1341.1672,312491.96,D,S,5051,False,False,False,0001193125-25-286326,https://www.sec.gov/Archives/edgar/data/1260221/000119312525286326/0001193125-25-286326.txt
Reiss Joel,Co-Chief Operating Officer,2025-11-17,2025-11-18,200,1342.3491,268469.82,D,S,4851,False,False,False,0001193125-25-286326,https://www.sec.gov/Archives/edgar/data/1260221/000119312525286326/0001193125-25-286326.txt
Reiss Joel,Co-Chief Operating Officer,2025-11-17,2025-11-18,224,1343.206,300878.14,D,S,4627,False,False,False,0001193125-25-286326,https://www.sec.gov/Archives/edgar/data/1260221/000119312525286326/0001193125-25-286326.txt
Reiss Joel,Co-Chief Operating Officer,2025-11-17,2025-11-18,112,1344.5739,150592.28,D,S,4515,False,False,False,0001193125-25-286326,https://www.sec.gov/Archives/edgar/data/1260221/000119312525286326/0001193125-25-286326.txt
Reiss Joel,Co-Chief Operating Officer,2025-11-17,2025-11-18,255,1345.6832,343149.22,D,S,4260,False,False,False,0001193125-25-286326,https://www.sec.gov/Archives/edgar/data/1260221/000119312525286326/0001193125-25-286326.txt
Reiss Joel,Co-Chief Operating Officer,2025-11-17,2025-11-18,90,1346.721,121204.89,D,S,4170,False,False,False,0001193125-25-286326,https://www.sec.gov/Archives/edgar/data/1260221/000119312525286326/0001193125-25-286326.txt
Reiss Joel,Co-Chief Operating Officer,2025-11-17,2025-11-18,129,1347.8005,173866.26,D,S,4041,False,False,False,0001193125-25-286326,https://www.sec.gov/Archives/edgar/data/1260221/000119312525286326/0001193125-25-286326.txt
Reiss Joel,Co-Chief Operating Officer,2025-11-17,2025-11-18,108,1349.1058,145703.43,D,S,3933,False,False,False,0001193125-25-286326,https://www.sec.gov/Archives/edgar/data/1260221/000119312525286326/0001193125-25-286326.txt
Reiss Joel,Co-Chief Operating Officer,2025-11-17,2025-11-18,110,1349.8017,148478.19,D,S,3823,False,False,False,0001193125-25-286326,https://www.sec.gov/Archives/edgar/data/1260221/000119312525286326/0001193125-25-286326.txt
Reiss Joel,Co-Chief Operating Officer,2025-11-17,2025-11-18,73,1351.039,98625.85,D,S,3750,False,False,False,0001193125-25-286326,https://www.sec.gov/Archives/edgar/data/1260221/000119312525286326/0001193125-25-286326.txt
Reiss Joel,Co-Chief Operating Officer,2025-11-17,2025-11-18,80,1352.0136,108161.09,D,S,3670,False,False,False,0001193125-25-286326,https://www.sec.gov/Archives/edgar/data/1260221/000119312525286326/0001193125-25-286326.txt
Reiss Joel,Co-Chief Operating Officer,2025-11-17,2025-11-18,60,1353.0583,81183.5,D,S,3610,False,False,False,0001193125-25-286326,https://www.sec.gov/Archives/edgar/data/1260221/000119312525286326/0001193125-25-286326.txt
Reiss Joel,Co-Chief Operating Officer,2025-11-17,2025-11-18,10,1353.92,13539.2,D,S,3600,False,False,False,0001193125-25-286326,https://www.sec.gov/Archives/edgar/data/1260221/000119312525286326/0001193125-25-286326.txt
Howley W Nicholas,,2025-11-17,2025-11-17,2736,50.92,139317.12,A,M,24283,False,False,False,0001193125-25-284671,https://www.sec.gov/Archives/edgar/data/1260221/000119312525284671/0001193125-25-284671.txt
Howley W Nicholas,,2025-11-17,2025-11-17,10,1327.875,13278.75,D,S,24273,False,False,False,0001193125-25-284671,https://www.sec.gov/Archives/edgar/data/1260221/000119312525284671/0001193125-25-284671.txt
Howley W Nicholas,,2025-11-17,2025-11-17,105,1328.6,139503.0,D,S,24168,False,False,False,0001193125-25-284671,https://www.sec.gov/Archives/edgar/data/1260221/000119312525284671/0001193125-25-284671.txt
Howley W Nicholas,,2025-11-17,2025-11-17,610,1331.2715,812075.61,D,S,23558,False,False,False,0001193125-25-284671,https://www.sec.gov/Archives/edgar/data/1260221/000119312525284671/0001193125-25-284671.txt
Howley W Nicholas,,2025-11-17,2025-11-17,515,1333.6895,686850.09,D,S,23043,False,False,False,0001193125-25-284671,https://www.sec.gov/Archives/edgar/data/1260221/000119312525284671/0001193125-25-284671.txt
Howley W Nicholas,,2025-11-17,2025-11-17,1057,1334.8868,1410975.35,D,S,21986,False,False,False,0001193125-25-284671,https://www.sec.gov/Archives/edgar/data/1260221/000119312525284671/0001193125-25-284671.txt
Howley W Nicholas,,2025-11-17,2025-11-17,23,1335.6135,30719.11,D,S,21963,False,False,False,0001193125-25-284671,https://www.sec.gov/Archives/edgar/data/1260221/000119312525284671/0001193125-25-284671.txt
Howley W Nicholas,,2025-11-17,2025-11-17,41,1338.4922,54878.18,D,S,21922,False,False,False,0001193125-25-284671,https://www.sec.gov/Archives/edgar/data/1260221/000119312525284671/0001193125-25-284671.txt
Howley W Nicholas,,2025-11-17,2025-11-17,32,1339.1369,42852.38,D,S,21890,False,False,False,0001193125-25-284671,https://www.sec.gov/Archives/edgar/data/1260221/000119312525284671/0001193125-25-284671.txt
Howley W Nicholas,,2025-11-17,2025-11-17,36,1340.9578,48274.48,D,S,21854,False,False,False,0001193125-25-284671,https://www.sec.gov/Archives/edgar/data/1260221/000119312525284671/0001193125-25-284671.txt
Howley W Nicholas,,2025-11-17,2025-11-17,56,1341.9921,75151.56,D,S,21798,False,False,False,0001193125-25-284671,https://www.sec.gov/Archives/edgar/data/1260221/000119312525284671/0001193125-25-284671.txt
Howley W Nicholas,,2025-11-17,2025-11-17,61,1343.8248,81973.31,D,S,21737,False,False,False,0001193125-25-284671,https://www.sec.gov/Archives/edgar/data/1260221/000119312525284671/0001193125-25-284671.txt
Howley W Nicholas,,2025-11-17,2025-11-17,87,1344.7812,116995.96,D,S,21650,False,False,False,0001193125-25-284671,https://www.sec.gov/Archives/edgar/data/1260221/000119312525284671/0001193125-25-284671.txt
Howley W Nicholas,,2025-11-17,2025-11-17,83,1347.5263,111844.68,D,S,21567,False,False,False,0001193125-25-284671,https://www.sec.gov/Archives/edgar/data/1260221/000119312525284671/0001193125-25-284671.txt
Howley W Nicholas,,2025-11-17,2025-11-17,20,1348.072,26961.44,D,S,21547,False,False,False,0001193125-25-284671,https://www.sec.gov/Archives/edgar/data/1260221/000119312525284671/0001193125-25-284671.txt
Lisman Michael,President & CEO,2025-11-14,2025-11-17,600,1334.13,800478.0,A,P,600,False,False,False,0001193125-25-284678,https://www.sec.gov/Archives/edgar/data/1260221/000119312525284678/0001193125-25-284678.txt
Lisman Michael,President & CEO,2025-11-14,2025-11-17,55,1337.3825,73556.04,A,P,655,False,False,False,0001193125-25-284678,https://www.sec.gov/Archives/edgar/data/1260221/000119312525284678/0001193125-25-284678.txt
Lisman Michael,President & CEO,2025-11-14,2025-11-17,290,1338.5578,388181.76,A,P,945,False,False,False,0001193125-25-284678,https://www.sec.gov/Archives/edgar/data/1260221/000119312525284678/0001193125-25-284678.txt
Lisman Michael,President & CEO,2025-11-14,2025-11-17,521,1341.4904,698916.5,A,P,1466,False,False,False,0001193125-25-284678,https://www.sec.gov/Archives/edgar/data/1260221/000119312525284678/0001193125-25-284678.txt
Lisman Michael,President & CEO,2025-11-14,2025-11-17,384,1342.9335,515686.46,A,P,1850,False,False,False,0001193125-25-284678,https://www.sec.gov/Archives/edgar/data/1260221/000119312525284678/0001193125-25-284678.txt
Lisman Michael,President & CEO,2025-11-14,2025-11-17,104,1344.7603,139855.07,A,P,1954,False,False,False,0001193125-25-284678,https://www.sec.gov/Archives/edgar/data/1260221/000119312525284678/0001193125-25-284678.txt
Murphy Patrick Joseph,Co-Chief Operating Officer,2025-11-03,2025-11-04,290,269.42,78131.8,A,M,1345,False,False,False,0001193125-25-264768,https://www.sec.gov/Archives/edgar/data/1260221/000119312525264768/0001193125-25-264768.txt
Murphy Patrick Joseph,Co-Chief Operating Officer,2025-11-03,2025-11-04,290,1310.0,379900.0,D,S,1055,False,False,False,0001193125-25-264768,https://www.sec.gov/Archives/edgar/data/1260221/000119312525264768/0001193125-25-264768.txt
Stein Kevin M,,2025-10-27,2025-10-28,700,105.88,74116.0,A,M,8858,False,False,False,0001193125-25-253856,https://www.sec.gov/Archives/edgar/data/1260221/000119312525253856/0001193125-25-253856.txt
Stein Kevin M,,2025-10-27,2025-10-28,700,1360.0,952000.0,D,S,8158,False,False,False,0001193125-25-253856,https://www.sec.gov/Archives/edgar/data/1260221/000119312525253856/0001193125-25-253856.txt
Murphy Patrick Joseph,Co-Chief Operating Officer,2025-10-27,2025-10-28,580,269.42,156263.6,A,M,1635,False,False,False,0001193125-25-253835,https://www.sec.gov/Archives/edgar/data/1260221/000119312525253835/0001193125-25-253835.txt
Murphy Patrick Joseph,Co-Chief Operating Officer,2025-10-27,2025-10-28,580,1354.76,785760.8,D,S,1055,False,False,False,0001193125-25-253835,https://www.sec.gov/Archives/edgar/data/1260221/000119312525253835/0001193125-25-253835.txt
Reiss Joel,Co-Chief Operating Officer,2025-10-20,2025-10-21,3000,284.97,854910.0,A,M,6600,False,False,False,0001193125-25-245267,https://www.sec.gov/Archives/edgar/data/1260221/000119312525245267/0001193125-25-245267.txt
Reiss Joel,Co-Chief Operating Officer,2025-10-20,2025-10-21,42,1272.5781,53448.28,D,S,6558,False,False,False,0001193125-25-245267,https://www.sec.gov/Archives/edgar/data/1260221/000119312525245267/0001193125-25-245267.txt
Reiss Joel,Co-Chief Operating Officer,2025-10-20,2025-10-21,200,1273.3618,254672.36,D,S,6358,False,False,False,0001193125-25-245267,https://www.sec.gov/Archives/edgar/data/1260221/000119312525245267/0001193125-25-245267.txt
Reiss Joel,Co-Chief Operating Officer,2025-10-20,2025-10-21,100,1275.0,127500.0,D,S,6258,False,False,False,0001193125-25-245267,https://www.sec.gov/Archives/edgar/data/1260221/000119312525245267/0001193125-25-245267.txt
Reiss Joel,Co-Chief Operating Officer,2025-10-20,2025-10-21,308,1276.4675,393151.99,D,S,5950,False,False,False,0001193125-25-245267,https://www.sec.gov/Archives/edgar/data/1260221/000119312525245267/0001193125-25-245267.txt
Reiss Joel,Co-Chief Operating Officer,2025-10-20,2025-10-21,742,1278.0193,948290.32,D,S,5208,False,False,False,0001193125-25-245267,https://www.sec.gov/Archives/edgar/data/1260221/000119312525245267/0001193125-25-245267.txt
Reiss Joel,Co-Chief Operating Officer,2025-10-20,2025-10-21,524,1280.4205,670940.34,D,S,4684,False,False,False,0001193125-25-245267,https://www.sec.gov/Archives/edgar/data/1260221/000119312525245267/0001193125-25-245267.txt
Reiss Joel,Co-Chief Operating Officer,2025-10-20,2025-10-21,200,1281.07,256214.0,D,S,4484,False,False,False,0001193125-25-245267,https://www.sec.gov/Archives/edgar/data/1260221/000119312525245267/0001193125-25-245267.txt
Reiss Joel,Co-Chief Operating Officer,2025-10-20,2025-10-21,844,1283.3892,1083180.48,D,S,3640,False,False,False,0001193125-25-245267,https://www.sec.gov/Archives/edgar/data/1260221/000119312525245267/0001193125-25-245267.txt
Reiss Joel,Co-Chief Operating Officer,2025-10-20,2025-10-21,40,1283.99,51359.6,D,S,3600,False,False,False,0001193125-25-245267,https://www.sec.gov/Archives/edgar/data/1260221/000119312525245267/0001193125-25-245267.txt
Howley W Nicholas,,2025-10-15,2025-10-15,2736,50.92,139317.12,A,M,24283,False,False,False,0001193125-25-240361,https://www.sec.gov/Archives/edgar/data/1260221/000119312525240361/0001193125-25-240361.txt
Howley W Nicholas,,2025-10-15,2025-10-15,306,1291.8875,395317.58,D,S,23977,False,False,False,0001193125-25-240361,https://www.sec.gov/Archives/edgar/data/1260221/000119312525240361/0001193125-25-240361.txt
Howley W Nicholas,,2025-10-15,2025-10-15,425,1294.88,550324.0,D,S,23552,False,False,False,0001193125-25-240361,https://www.sec.gov/Archives/edgar/data/1260221/000119312525240361/0001193125-25-240361.txt
Howley W Nicholas,,2025-10-15,2025-10-15,264,1295.6895,342062.03,D,S,23288,False,False,False,0001193125-25-240361,https://www.sec.gov/Archives/edgar/data/1260221/000119312525240361/0001193125-25-240361.txt
Howley W Nicholas,,2025-10-15,2025-10-15,607,1296.7731,787141.27,D,S,22681,False,False,False,0001193125-25-240361,https://www.sec.gov/Archives/edgar/data/1260221/000119312525240361/0001193125-25-240361.txt
Howley W Nicholas,,2025-10-15,2025-10-15,100,1297.8,129780.0,D,S,22581,False,False,False,0001193125-25-240361,https://www.sec.gov/Archives/edgar/data/1260221/000119312525240361/0001193125-25-240361.txt
Howley W Nicholas,,2025-10-15,2025-10-15,102,1299.1056,132508.77,D,S,22479,False,False,False,0001193125-25-240361,https://www.sec.gov/Archives/edgar/data/1260221/000119312525240361/0001193125-25-240361.txt
Howley W Nicholas,,2025-10-15,2025-10-15,102,1301.2378,132726.26,D,S,22377,False,False,False,0001193125-25-240361,https://www.sec.gov/Archives/edgar/data/1260221/000119312525240361/0001193125-25-240361.txt
Howley W Nicholas,,2025-10-15,2025-10-15,302,1304.3379,393910.05,D,S,22075,False,False,False,0001193125-25-240361,https://www.sec.gov/Archives/edgar/data/1260221/000119312525240361/0001193125-25-240361.txt
Howley W Nicholas,,2025-10-15,2025-10-15,248,1305.6575,323803.06,D,S,21827,False,False,False,0001193125-25-240361,https://www.sec.gov/Archives/edgar/data/1260221/000119312525240361/0001193125-25-240361.txt
Howley W Nicholas,,2025-10-15,2025-10-15,80,1306.1975,104495.8,D,S,21747,False,False,False,0001193125-25-240361,https://www.sec.gov/Archives/edgar/data/1260221/000119312525240361/0001193125-25-240361.txt
Howley W Nicholas,,2025-10-15,2025-10-15,200,1308.24,261648.0,D,S,21547,False,False,False,0001193125-25-240361,https://www.sec.gov/Archives/edgar/data/1260221/000119312525240361/0001193125-25-240361.txt
Reiss Joel,Co-Chief Operating Officer,2025-09-22,2025-09-24,3000,284.97,854910.0,A,M,6600,False,False,False,0001193125-25-215615,https://www.sec.gov/Archives/edgar/data/1260221/000119312525215615/0001193125-25-215615.txt
Reiss Joel,Co-Chief Operating Officer,2025-09-22,2025-09-24,136,1270.1465,172739.92,D,S,6464,False,False,False,0001193125-25-215615,https://www.sec.gov/Archives/edgar/data/1260221/000119312525215615/0001193125-25-215615.txt
Reiss Joel,Co-Chief Operating Officer,2025-09-22,2025-09-24,122,1271.3634,155106.33,D,S,6342,False,False,False,0001193125-25-215615,https://www.sec.gov/Archives/edgar/data/1260221/000119312525215615/0001193125-25-215615.txt
Reiss Joel,Co-Chief Operating Officer,2025-09-22,2025-09-24,222,1272.7116,282541.98,D,S,6120,False,False,False,0001193125-25-215615,https://www.sec.gov/Archives/edgar/data/1260221/000119312525215615/0001193125-25-215615.txt
Reiss Joel,Co-Chief Operating Officer,2025-09-22,2025-09-24,120,1274.2938,152915.26,D,S,6000,False,False,False,0001193125-25-215615,https://www.sec.gov/Archives/edgar/data/1260221/000119312525215615/0001193125-25-215615.txt
Reiss Joel,Co-Chief Operating Officer,2025-09-22,2025-09-24,55,1274.8564,70117.1,D,S,5945,False,False,False,0001193125-25-215615,https://www.sec.gov/Archives/edgar/data/1260221/000119312525215615/0001193125-25-215615.txt
Reiss Joel,Co-Chief Operating Officer,2025-09-22,2025-09-24,1288,1276.0513,1643554.07,D,S,4657,False,False,False,0001193125-25-215615,https://www.sec.gov/Archives/edgar/data/1260221/000119312525215615/0001193125-25-215615.txt
Reiss Joel,Co-Chief Operating Officer,2025-09-22,2025-09-24,422,1277.1839,538971.61,D,S,4235,False,False,False,0001193125-25-215615,https://www.sec.gov/Archives/edgar/data/1260221/000119312525215615/0001193125-25-215615.txt
Reiss Joel,Co-Chief Operating Officer,2025-09-22,2025-09-24,635,1279.1467,812258.15,D,S,3600,False,False,False,0001193125-25-215615,https://www.sec.gov/Archives/edgar/data/1260221/000119312525215615/0001193125-25-215615.txt
Santana Michele,,2025-09-19,2025-09-22,29,1288.13,37355.77,A,A,741,False,False,False,0001193125-25-211502,https://www.sec.gov/Archives/edgar/data/1260221/000119312525211502/0001193125-25-211502.txt
SMALL ROBERT J,,2025-09-19,2025-09-22,44,1288.13,56677.72,A,A,15625,False,False,False,0001193125-25-211494,https://www.sec.gov/Archives/edgar/data/1260221/000119312525211494/0001193125-25-211494.txt
HENNESSY SEAN P,,2025-09-19,2025-09-22,36,1288.13,46372.68,A,A,33749,False,False,False,0001193125-25-211501,https://www.sec.gov/Archives/edgar/data/1260221/000119312525211501/0001193125-25-211501.txt
Graff Michael,,2025-09-19,2025-09-22,29,1288.13,37355.77,A,A,1993,False,False,False,0001193125-25-211499,https://www.sec.gov/Archives/edgar/data/1260221/000119312525211499/0001193125-25-211499.txt
CRONIN JANE M.,,2025-09-19,2025-09-22,29,1288.13,37355.77,A,A,669,False,False,False,0001193125-25-211498,https://www.sec.gov/Archives/edgar/data/1260221/000119312525211498/0001193125-25-211498.txt
BARR DAVID,,2025-09-19,2025-09-22,36,1288.13,46372.68,A,A,32138,False,False,False,0001193125-25-211496,https://www.sec.gov/Archives/edgar/data/1260221/000119312525211496/0001193125-25-211496.txt
SMALL ROBERT J,,2025-09-15,2025-09-16,10000,0.0,0.0,D,G,5581,False,True,False,0000919574-25-005699,https://www.sec.gov/Archives/edgar/data/1260221/000091957425005699/0000919574-25-005699.txt
Howley W Nicholas,,2025-09-15,2025-09-16,2736,50.92,139317.12,A,M,24283,False,False,False,0001193125-25-205264,https://www.sec.gov/Archives/edgar/data/1260221/000119312525205264/0001193125-25-205264.txt
Howley W Nicholas,,2025-09-15,2025-09-16,150,1273.9,191085.0,D,S,24133,False,False,False,0001193125-25-205264,https://www.sec.gov/Archives/edgar/data/1260221/000119312525205264/0001193125-25-205264.txt
Howley W Nicholas,,2025-09-15,2025-09-16,165,1276.4,210606.0,D,S,23968,False,False,False,0001193125-25-205264,https://www.sec.gov/Archives/edgar/data/1260221/000119312525205264/0001193125-25-205264.txt
Howley W Nicholas,,2025-09-15,2025-09-16,195,1277.7,249151.5,D,S,23773,False,False,False,0001193125-25-205264,https://www.sec.gov/Archives/edgar/data/1260221/000119312525205264/0001193125-25-205264.txt
Howley W Nicholas,,2025-09-15,2025-09-16,378,1278.72,483356.16,D,S,23395,False,False,False,0001193125-25-205264,https://www.sec.gov/Archives/edgar/data/1260221/000119312525205264/0001193125-25-205264.txt
Howley W Nicholas,,2025-09-15,2025-09-16,160,1280.74,204918.4,D,S,23235,False,False,False,0001193125-25-205264,https://www.sec.gov/Archives/edgar/data/1260221/000119312525205264/0001193125-25-205264.txt
Howley W Nicholas,,2025-09-15,2025-09-16,186,1282.68,238578.48,D,S,23049,False,False,False,0001193125-25-205264,https://www.sec.gov/Archives/edgar/data/1260221/000119312525205264/0001193125-25-205264.txt
Howley W Nicholas,,2025-09-15,2025-09-16,289,1284.1,371104.9,D,S,22760,False,False,False,0001193125-25-205264,https://www.sec.gov/Archives/edgar/data/1260221/000119312525205264/0001193125-25-205264.txt
Howley W Nicholas,,2025-09-15,2025-09-16,471,1285.07,605267.97,D,S,22289,False,False,False,0001193125-25-205264,https://www.sec.gov/Archives/edgar/data/1260221/000119312525205264/0001193125-25-205264.txt
Howley W Nicholas,,2025-09-15,2025-09-16,502,1286.19,645667.38,D,S,21787,False,False,False,0001193125-25-205264,https://www.sec.gov/Archives/edgar/data/1260221/000119312525205264/0001193125-25-205264.txt
Howley W Nicholas,,2025-09-15,2025-09-16,150,1287.6,193140.0,D,S,21637,False,False,False,0001193125-25-205264,https://www.sec.gov/Archives/edgar/data/1260221/000119312525205264/0001193125-25-205264.txt
Howley W Nicholas,,2025-09-15,2025-09-16,90,1288.54,115968.6,D,S,21547,False,False,False,0001193125-25-205264,https://www.sec.gov/Archives/edgar/data/1260221/000119312525205264/0001193125-25-205264.txt
SMALL ROBERT J,,2025-09-12,2025-09-16,403,1271.3896,512370.01,D,S,88016,False,True,False,0000919574-25-005699,https://www.sec.gov/Archives/edgar/data/1260221/000091957425005699/0000919574-25-005699.txt
SMALL ROBERT J,,2025-09-12,2025-09-16,256,1272.4503,325747.28,D,S,87760,False,True,False,0000919574-25-005699,https://www.sec.gov/Archives/edgar/data/1260221/000091957425005699/0000919574-25-005699.txt
SMALL ROBERT J,,2025-09-12,2025-09-16,261,1273.55,332396.55,D,S,87499,False,True,False,0000919574-25-005699,https://www.sec.gov/Archives/edgar/data/1260221/000091957425005699/0000919574-25-005699.txt
SMALL ROBERT J,,2025-09-12,2025-09-16,488,1274.216,621817.41,D,S,87011,False,True,False,0000919574-25-005699,https://www.sec.gov/Archives/edgar/data/1260221/000091957425005699/0000919574-25-005699.txt
SMALL ROBERT J,,2025-09-12,2025-09-16,597,1275.2307,761312.73,D,S,86414,False,True,False,0000919574-25-005699,https://www.sec.gov/Archives/edgar/data/1260221/000091957425005699/0000919574-25-005699.txt
SMALL ROBERT J,,2025-09-12,2025-09-16,504,1276.4083,643309.78,D,S,85910,False,True,False,0000919574-25-005699,https://www.sec.gov/Archives/edgar/data/1260221/000091957425005699/0000919574-25-005699.txt
SMALL ROBERT J,,2025-09-12,2025-09-16,521,1277.164,665402.44,D,S,85389,False,True,False,0000919574-25-005699,https://www.sec.gov/Archives/edgar/data/1260221/000091957425005699/0000919574-25-005699.txt
SMALL ROBERT J,,2025-09-12,2025-09-16,300,1278.3236,383497.08,D,S,85089,False,True,False,0000919574-25-005699,https://www.sec.gov/Archives/edgar/data/1260221/000091957425005699/0000919574-25-005699.txt
SMALL ROBERT J,,2025-09-12,2025-09-16,501,1279.1871,640872.74,D,S,84588,False,True,False,0000919574-25-005699,https://www.sec.gov/Archives/edgar/data/1260221/000091957425005699/0000919574-25-005699.txt
SMALL ROBERT J,,2025-09-12,2025-09-16,287,1280.5415,367515.41,D,S,84301,False,True,False,0000919574-25-005699,https://www.sec.gov/Archives/edgar/data/1260221/000091957425005699/0000919574-25-005699.txt
SMALL ROBERT J,,2025-09-12,2025-09-16,520,1281.2204,666234.61,D,S,83781,False,True,False,0000919574-25-005699,https://www.sec.gov/Archives/edgar/data/1260221/000091957425005699/0000919574-25-005699.txt
SMALL ROBERT J,,2025-09-12,2025-09-16,149,1282.6363,191112.81,D,S,83632,False,True,False,0000919574-25-005699,https://www.sec.gov/Archives/edgar/data/1260221/000091957425005699/0000919574-25-005699.txt
SMALL ROBERT J,,2025-09-12,2025-09-16,197,1283.1869,252787.82,D,S,83435,False,True,False,0000919574-25-005699,https://www.sec.gov/Archives/edgar/data/1260221/000091957425005699/0000919574-25-005699.txt
SMALL ROBERT J,,2025-09-12,2025-09-16,16,1284.1729,20546.77,D,S,83419,False,True,False,0000919574-25-005699,https://www.sec.gov/Archives/edgar/data/1260221/000091957425005699/0000919574-25-005699.txt
SMALL ROBERT J,,2025-09-02,2025-09-04,2318,0.0,0.0,D,J,441814,False,True,False,0000919574-25-005548,https://www.sec.gov/Archives/edgar/data/1260221/000091957425005548/0000919574-25-005548.txt
Graff Michael,,2025-08-26,2025-08-27,1760,156.47,275387.2,A,M,3724,False,False,False,0001299926-25-000004,https://www.sec.gov/Archives/edgar/data/1260221/000129992625000004/0001299926-25-000004.txt
Graff Michael,,2025-08-26,2025-08-27,172,1399.4357,240702.94,D,S,3552,False,False,False,0001299926-25-000004,https://www.sec.gov/Archives/edgar/data/1260221/000129992625000004/0001299926-25-000004.txt
Graff Michael,,2025-08-26,2025-08-27,228,1400.0324,319207.39,D,S,3324,False,False,False,0001299926-25-000004,https://www.sec.gov/Archives/edgar/data/1260221/000129992625000004/0001299926-25-000004.txt
Graff Michael,,2025-08-26,2025-08-27,400,1402.039,560815.6,D,S,2924,False,False,False,0001299926-25-000004,https://www.sec.gov/Archives/edgar/data/1260221/000129992625000004/0001299926-25-000004.txt
Graff Michael,,2025-08-26,2025-08-27,800,1402.8182,1122254.56,D,S,2124,False,False,False,0001299926-25-000004,https://www.sec.gov/Archives/edgar/data/1260221/000129992625000004/0001299926-25-000004.txt
Graff Michael,,2025-08-26,2025-08-27,160,1404.4181,224706.9,D,S,1964,False,False,False,0001299926-25-000004,https://www.sec.gov/Archives/edgar/data/1260221/000129992625000004/0001299926-25-000004.txt
Reiss Joel,Co-Chief Operating Officer,2025-08-20,2025-08-20,3000,284.97,854910.0,A,M,6600,False,False,False,0001656109-25-000004,https://www.sec.gov/Archives/edgar/data/1260221/000165610925000004/0001656109-25-000004.txt
Reiss Joel,Co-Chief Operating Officer,2025-08-20,2025-08-20,487,1399.6,681605.2,D,S,6113,False,False,False,0001656109-25-000004,https://www.sec.gov/Archives/edgar/data/1260221/000165610925000004/0001656109-25-000004.txt
Reiss Joel,Co-Chief Operating Officer,2025-08-20,2025-08-20,287,1401.01,402089.87,D,S,5826,False,False,False,0001656109-25-000004,https://www.sec.gov/Archives/edgar/data/1260221/000165610925000004/0001656109-25-000004.txt
Reiss Joel,Co-Chief Operating Officer,2025-08-20,2025-08-20,342,1403.59,480027.78,D,S,5484,False,False,False,0001656109-25-000004,https://www.sec.gov/Archives/edgar/data/1260221/000165610925000004/0001656109-25-000004.txt
Reiss Joel,Co-Chief Operating Officer,2025-08-20,2025-08-20,343,1404.5,481743.5,D,S,5141,False,False,False,0001656109-25-000004,https://www.sec.gov/Archives/edgar/data/1260221/000165610925000004/0001656109-25-000004.txt
Reiss Joel,Co-Chief Operating Officer,2025-08-20,2025-08-20,158,1405.68,222097.44,D,S,4983,False,False,False,0001656109-25-000004,https://www.sec.gov/Archives/edgar/data/1260221/000165610925000004/0001656109-25-000004.txt
Reiss Joel,Co-Chief Operating Officer,2025-08-20,2025-08-20,152,1406.58,213800.16,D,S,4831,False,False,False,0001656109-25-000004,https://www.sec.gov/Archives/edgar/data/1260221/000165610925000004/0001656109-25-000004.txt
Reiss Joel,Co-Chief Operating Officer,2025-08-20,2025-08-20,22,1407.09,30955.98,D,S,4809,False,False,False,0001656109-25-000004,https://www.sec.gov/Archives/edgar/data/1260221/000165610925000004/0001656109-25-000004.txt
Reiss Joel,Co-Chief Operating Officer,2025-08-20,2025-08-20,200,1408.62,281724.0,D,S,4609,False,False,False,0001656109-25-000004,https://www.sec.gov/Archives/edgar/data/1260221/000165610925000004/0001656109-25-000004.txt
Reiss Joel,Co-Chief Operating Officer,2025-08-20,2025-08-20,238,1410.29,335649.02,D,S,4371,False,False,False,0001656109-25-000004,https://www.sec.gov/Archives/edgar/data/1260221/000165610925000004/0001656109-25-000004.txt
Reiss Joel,Co-Chief Operating Officer,2025-08-20,2025-08-20,571,1411.41,805915.11,D,S,3800,False,False,False,0001656109-25-000004,https://www.sec.gov/Archives/edgar/data/1260221/000165610925000004/0001656109-25-000004.txt
Reiss Joel,Co-Chief Operating Officer,2025-08-20,2025-08-20,200,1413.0,282600.0,D,S,3600,False,False,False,0001656109-25-000004,https://www.sec.gov/Archives/edgar/data/1260221/000165610925000004/0001656109-25-000004.txt
Howley W Nicholas,,2025-08-15,2025-08-18,2736,140.92,385557.12,A,M,24283,False,False,False,0000950170-25-109726,https://www.sec.gov/Archives/edgar/data/1260221/000095017025109726/0000950170-25-109726.txt
Howley W Nicholas,,2025-08-15,2025-08-18,100,1391.7687,139176.87,D,S,24183,False,False,False,0000950170-25-109726,https://www.sec.gov/Archives/edgar/data/1260221/000095017025109726/0000950170-25-109726.txt
Howley W Nicholas,,2025-08-15,2025-08-18,400,1392.9375,557175.0,D,S,23783,False,False,False,0000950170-25-109726,https://www.sec.gov/Archives/edgar/data/1260221/000095017025109726/0000950170-25-109726.txt
Howley W Nicholas,,2025-08-15,2025-08-18,626,1393.9862,872635.36,D,S,23157,False,False,False,0000950170-25-109726,https://www.sec.gov/Archives/edgar/data/1260221/000095017025109726/0000950170-25-109726.txt
Howley W Nicholas,,2025-08-15,2025-08-18,400,1395.605,558242.0,D,S,22757,False,False,False,0000950170-25-109726,https://www.sec.gov/Archives/edgar/data/1260221/000095017025109726/0000950170-25-109726.txt
Howley W Nicholas,,2025-08-15,2025-08-18,487,1398.3296,680986.52,D,S,22270,False,False,False,0000950170-25-109726,https://www.sec.gov/Archives/edgar/data/1260221/000095017025109726/0000950170-25-109726.txt
Howley W Nicholas,,2025-08-15,2025-08-18,100,1399.81,139981.0,D,S,22170,False,False,False,0000950170-25-109726,https://www.sec.gov/Archives/edgar/data/1260221/000095017025109726/0000950170-25-109726.txt
Howley W Nicholas,,2025-08-15,2025-08-18,200,1402.5788,280515.76,D,S,21970,False,False,False,0000950170-25-109726,https://www.sec.gov/Archives/edgar/data/1260221/000095017025109726/0000950170-25-109726.txt
Howley W Nicholas,,2025-08-15,2025-08-18,247,1403.5166,346668.6,D,S,21723,False,False,False,0000950170-25-109726,https://www.sec.gov/Archives/edgar/data/1260221/000095017025109726/0000950170-25-109726.txt
Howley W Nicholas,,2025-08-15,2025-08-18,104,1404.9393,146113.69,D,S,21619,False,False,False,0000950170-25-109726,https://www.sec.gov/Archives/edgar/data/1260221/000095017025109726/0000950170-25-109726.txt
Howley W Nicholas,,2025-08-15,2025-08-18,66,1406.6302,92837.59,D,S,21553,False,False,False,0000950170-25-109726,https://www.sec.gov/Archives/edgar/data/1260221/000095017025109726/0000950170-25-109726.txt
Howley W Nicholas,,2025-08-15,2025-08-18,3,1407.41,4222.23,D,S,21550,False,False,False,0000950170-25-109726,https://www.sec.gov/Archives/edgar/data/1260221/000095017025109726/0000950170-25-109726.txt
Howley W Nicholas,,2025-08-15,2025-08-18,3,1412.81,4238.43,D,S,21547,False,False,False,0000950170-25-109726,https://www.sec.gov/Archives/edgar/data/1260221/000095017025109726/0000950170-25-109726.txt
