insider,title,transaction_date,filing_date,shares,price,value_usd,acquired_disposed,transaction_code,shares_owned_after,is_10b5_1,is_director,is_officer,accession,source_path
West Tony,See Remarks,2026-07-16,2026-07-20,1511,0.0,0.0,A,M,249131,False,False,False,0001626201-26-000018,https://www.sec.gov/Archives/edgar/data/1543151/000162620126000018/0001626201-26-000018.txt
West Tony,See Remarks,2026-07-16,2026-07-20,1282,0.0,0.0,A,M,250413,False,False,False,0001626201-26-000018,https://www.sec.gov/Archives/edgar/data/1543151/000162620126000018/0001626201-26-000018.txt
West Tony,See Remarks,2026-07-16,2026-07-20,1493,0.0,0.0,A,M,251906,False,False,False,0001626201-26-000018,https://www.sec.gov/Archives/edgar/data/1543151/000162620126000018/0001626201-26-000018.txt
West Tony,See Remarks,2026-07-16,2026-07-20,2910,0.0,0.0,A,M,254816,False,False,False,0001626201-26-000018,https://www.sec.gov/Archives/edgar/data/1543151/000162620126000018/0001626201-26-000018.txt
West Tony,See Remarks,2026-07-16,2026-07-20,750,74.04,55530.0,D,F,254066,False,False,False,0001626201-26-000018,https://www.sec.gov/Archives/edgar/data/1543151/000162620126000018/0001626201-26-000018.txt
West Tony,See Remarks,2026-07-16,2026-07-20,636,74.04,47089.44,D,F,253430,False,False,False,0001626201-26-000018,https://www.sec.gov/Archives/edgar/data/1543151/000162620126000018/0001626201-26-000018.txt
West Tony,See Remarks,2026-07-16,2026-07-20,741,74.04,54863.64,D,F,252689,False,False,False,0001626201-26-000018,https://www.sec.gov/Archives/edgar/data/1543151/000162620126000018/0001626201-26-000018.txt
West Tony,See Remarks,2026-07-16,2026-07-20,1443,74.04,106839.72,D,F,251246,False,False,False,0001626201-26-000018,https://www.sec.gov/Archives/edgar/data/1543151/000162620126000018/0001626201-26-000018.txt
THAIN JOHN A,,2026-07-16,2026-07-20,349,0.0,0.0,A,M,187225,False,False,False,0001090355-26-000007,https://www.sec.gov/Archives/edgar/data/1543151/000109035526000007/0001090355-26-000007.txt
Macdonald Andrew,See Remarks,2026-07-16,2026-07-20,1132,0.0,0.0,A,M,348485,False,False,False,0002071761-26-000009,https://www.sec.gov/Archives/edgar/data/1543151/000207176126000009/0002071761-26-000009.txt
Macdonald Andrew,See Remarks,2026-07-16,2026-07-20,2473,0.0,0.0,A,M,350958,False,False,False,0002071761-26-000009,https://www.sec.gov/Archives/edgar/data/1543151/000207176126000009/0002071761-26-000009.txt
Macdonald Andrew,See Remarks,2026-07-16,2026-07-20,2520,0.0,0.0,A,M,353478,False,False,False,0002071761-26-000009,https://www.sec.gov/Archives/edgar/data/1543151/000207176126000009/0002071761-26-000009.txt
Macdonald Andrew,See Remarks,2026-07-16,2026-07-20,4042,0.0,0.0,A,M,357520,False,False,False,0002071761-26-000009,https://www.sec.gov/Archives/edgar/data/1543151/000207176126000009/0002071761-26-000009.txt
Macdonald Andrew,See Remarks,2026-07-16,2026-07-20,633,74.04,46867.32,D,F,356887,False,False,False,0002071761-26-000009,https://www.sec.gov/Archives/edgar/data/1543151/000207176126000009/0002071761-26-000009.txt
Macdonald Andrew,See Remarks,2026-07-16,2026-07-20,1382,74.04,102323.28,D,F,355505,False,False,False,0002071761-26-000009,https://www.sec.gov/Archives/edgar/data/1543151/000207176126000009/0002071761-26-000009.txt
Macdonald Andrew,See Remarks,2026-07-16,2026-07-20,1409,74.04,104322.36,D,F,354096,False,False,False,0002071761-26-000009,https://www.sec.gov/Archives/edgar/data/1543151/000207176126000009/0002071761-26-000009.txt
Macdonald Andrew,See Remarks,2026-07-16,2026-07-20,2259,74.04,167256.36,D,F,351837,False,False,False,0002071761-26-000009,https://www.sec.gov/Archives/edgar/data/1543151/000207176126000009/0002071761-26-000009.txt
Krishnamurthy Balaji (A),Chief Financial Officer,2026-07-16,2026-07-20,567,0.0,0.0,A,M,37683,False,False,False,0002111867-26-000011,https://www.sec.gov/Archives/edgar/data/1543151/000211186726000011/0002111867-26-000011.txt
Krishnamurthy Balaji (A),Chief Financial Officer,2026-07-16,2026-07-20,885,0.0,0.0,A,M,38568,False,False,False,0002111867-26-000011,https://www.sec.gov/Archives/edgar/data/1543151/000211186726000011/0002111867-26-000011.txt
Krishnamurthy Balaji (A),Chief Financial Officer,2026-07-16,2026-07-20,686,0.0,0.0,A,M,39254,False,False,False,0002111867-26-000011,https://www.sec.gov/Archives/edgar/data/1543151/000211186726000011/0002111867-26-000011.txt
Krishnamurthy Balaji (A),Chief Financial Officer,2026-07-16,2026-07-20,490,0.0,0.0,A,M,39744,False,False,False,0002111867-26-000011,https://www.sec.gov/Archives/edgar/data/1543151/000211186726000011/0002111867-26-000011.txt
Krishnamurthy Balaji (A),Chief Financial Officer,2026-07-16,2026-07-20,1158,0.0,0.0,A,M,40902,False,False,False,0002111867-26-000011,https://www.sec.gov/Archives/edgar/data/1543151/000211186726000011/0002111867-26-000011.txt
Krishnamurthy Balaji (A),Chief Financial Officer,2026-07-16,2026-07-20,606,0.0,0.0,A,M,41508,False,False,False,0002111867-26-000011,https://www.sec.gov/Archives/edgar/data/1543151/000211186726000011/0002111867-26-000011.txt
Krishnamurthy Balaji (A),Chief Financial Officer,2026-07-16,2026-07-20,282,74.04,20879.28,D,F,41226,False,False,False,0002111867-26-000011,https://www.sec.gov/Archives/edgar/data/1543151/000211186726000011/0002111867-26-000011.txt
Krishnamurthy Balaji (A),Chief Financial Officer,2026-07-16,2026-07-20,439,74.04,32503.56,D,F,40787,False,False,False,0002111867-26-000011,https://www.sec.gov/Archives/edgar/data/1543151/000211186726000011/0002111867-26-000011.txt
Krishnamurthy Balaji (A),Chief Financial Officer,2026-07-16,2026-07-20,341,74.04,25247.64,D,F,40446,False,False,False,0002111867-26-000011,https://www.sec.gov/Archives/edgar/data/1543151/000211186726000011/0002111867-26-000011.txt
Krishnamurthy Balaji (A),Chief Financial Officer,2026-07-16,2026-07-20,245,74.04,18139.8,D,F,40201,False,False,False,0002111867-26-000011,https://www.sec.gov/Archives/edgar/data/1543151/000211186726000011/0002111867-26-000011.txt
Krishnamurthy Balaji (A),Chief Financial Officer,2026-07-16,2026-07-20,610,74.04,45164.4,D,F,39591,False,False,False,0002111867-26-000011,https://www.sec.gov/Archives/edgar/data/1543151/000211186726000011/0002111867-26-000011.txt
Krishnamurthy Balaji (A),Chief Financial Officer,2026-07-16,2026-07-20,332,74.04,24581.28,D,F,39259,False,False,False,0002111867-26-000011,https://www.sec.gov/Archives/edgar/data/1543151/000211186726000011/0002111867-26-000011.txt
Hazelbaker Jill,See Remarks,2026-07-16,2026-07-20,351,0.0,0.0,A,M,168981,False,False,False,0001775297-26-000010,https://www.sec.gov/Archives/edgar/data/1543151/000177529726000010/0001775297-26-000010.txt
Hazelbaker Jill,See Remarks,2026-07-16,2026-07-20,1416,0.0,0.0,A,M,170397,False,False,False,0001775297-26-000010,https://www.sec.gov/Archives/edgar/data/1543151/000177529726000010/0001775297-26-000010.txt
Hazelbaker Jill,See Remarks,2026-07-16,2026-07-20,1888,0.0,0.0,A,M,172285,False,False,False,0001775297-26-000010,https://www.sec.gov/Archives/edgar/data/1543151/000177529726000010/0001775297-26-000010.txt
Hazelbaker Jill,See Remarks,2026-07-16,2026-07-20,1465,0.0,0.0,A,M,173750,False,False,False,0001775297-26-000010,https://www.sec.gov/Archives/edgar/data/1543151/000177529726000010/0001775297-26-000010.txt
Hazelbaker Jill,See Remarks,2026-07-16,2026-07-20,1493,0.0,0.0,A,M,175243,False,False,False,0001775297-26-000010,https://www.sec.gov/Archives/edgar/data/1543151/000177529726000010/0001775297-26-000010.txt
Hazelbaker Jill,See Remarks,2026-07-16,2026-07-20,2547,0.0,0.0,A,M,177790,False,False,False,0001775297-26-000010,https://www.sec.gov/Archives/edgar/data/1543151/000177529726000010/0001775297-26-000010.txt
Hazelbaker Jill,See Remarks,2026-07-16,2026-07-20,176,74.04,13031.04,D,F,177614,False,False,False,0001775297-26-000010,https://www.sec.gov/Archives/edgar/data/1543151/000177529726000010/0001775297-26-000010.txt
Hazelbaker Jill,See Remarks,2026-07-16,2026-07-20,710,74.04,52568.4,D,F,176904,False,False,False,0001775297-26-000010,https://www.sec.gov/Archives/edgar/data/1543151/000177529726000010/0001775297-26-000010.txt
Hazelbaker Jill,See Remarks,2026-07-16,2026-07-20,946,74.04,70041.84,D,F,175958,False,False,False,0001775297-26-000010,https://www.sec.gov/Archives/edgar/data/1543151/000177529726000010/0001775297-26-000010.txt
Hazelbaker Jill,See Remarks,2026-07-16,2026-07-20,734,74.04,54345.36,D,F,175224,False,False,False,0001775297-26-000010,https://www.sec.gov/Archives/edgar/data/1543151/000177529726000010/0001775297-26-000010.txt
Hazelbaker Jill,See Remarks,2026-07-16,2026-07-20,748,74.04,55381.92,D,F,174476,False,False,False,0001775297-26-000010,https://www.sec.gov/Archives/edgar/data/1543151/000177529726000010/0001775297-26-000010.txt
Hazelbaker Jill,See Remarks,2026-07-16,2026-07-20,1314,74.04,97288.56,D,F,173162,False,False,False,0001775297-26-000010,https://www.sec.gov/Archives/edgar/data/1543151/000177529726000010/0001775297-26-000010.txt
Ceremony Glen,See Remarks,2026-07-16,2026-07-20,708,0.0,0.0,A,M,261884,False,False,False,0001525321-26-000008,https://www.sec.gov/Archives/edgar/data/1543151/000152532126000008/0001525321-26-000008.txt
Ceremony Glen,See Remarks,2026-07-16,2026-07-20,687,0.0,0.0,A,M,262571,False,False,False,0001525321-26-000008,https://www.sec.gov/Archives/edgar/data/1543151/000152532126000008/0001525321-26-000008.txt
Ceremony Glen,See Remarks,2026-07-16,2026-07-20,700,0.0,0.0,A,M,263271,False,False,False,0001525321-26-000008,https://www.sec.gov/Archives/edgar/data/1543151/000152532126000008/0001525321-26-000008.txt
Ceremony Glen,See Remarks,2026-07-16,2026-07-20,1516,0.0,0.0,A,M,264787,False,False,False,0001525321-26-000008,https://www.sec.gov/Archives/edgar/data/1543151/000152532126000008/0001525321-26-000008.txt
Ceremony Glen,See Remarks,2026-07-16,2026-07-20,352,74.04,26062.08,D,F,264435,False,False,False,0001525321-26-000008,https://www.sec.gov/Archives/edgar/data/1543151/000152532126000008/0001525321-26-000008.txt
Ceremony Glen,See Remarks,2026-07-16,2026-07-20,341,74.04,25247.64,D,F,264094,False,False,False,0001525321-26-000008,https://www.sec.gov/Archives/edgar/data/1543151/000152532126000008/0001525321-26-000008.txt
Ceremony Glen,See Remarks,2026-07-16,2026-07-20,348,74.04,25765.92,D,F,263746,False,False,False,0001525321-26-000008,https://www.sec.gov/Archives/edgar/data/1543151/000152532126000008/0001525321-26-000008.txt
Ceremony Glen,See Remarks,2026-07-16,2026-07-20,752,74.04,55678.08,D,F,262994,False,False,False,0001525321-26-000008,https://www.sec.gov/Archives/edgar/data/1543151/000152532126000008/0001525321-26-000008.txt
"Uber Technologies, Inc",,2026-07-02,2026-07-02,1063742,0.0,0.0,A,C,14059661,False,False,False,0001552781-26-000376,https://www.sec.gov/Archives/edgar/data/1543151/000155278126000376/0001552781-26-000376.txt
"Uber Technologies, Inc",,2026-07-02,2026-07-02,800000,25.0,20000000.0,A,P,14859661,False,False,False,0001552781-26-000376,https://www.sec.gov/Archives/edgar/data/1543151/000155278126000376/0001552781-26-000376.txt
"Uber Technologies, Inc",,2026-06-30,2026-07-02,6329623,0.0,0.0,A,C,9723936,False,False,False,0001552781-26-000376,https://www.sec.gov/Archives/edgar/data/1543151/000155278126000376/0001552781-26-000376.txt
"Uber Technologies, Inc",,2026-06-30,2026-07-02,3271983,0.0,0.0,A,C,12995919,False,False,False,0001552781-26-000376,https://www.sec.gov/Archives/edgar/data/1543151/000155278126000376/0001552781-26-000376.txt
West Tony,See Remarks,2026-06-16,2026-06-18,1510,0.0,0.0,A,M,245503,False,False,False,0001626201-26-000015,https://www.sec.gov/Archives/edgar/data/1543151/000162620126000015/0001626201-26-000015.txt
West Tony,See Remarks,2026-06-16,2026-06-18,1282,0.0,0.0,A,M,246785,False,False,False,0001626201-26-000015,https://www.sec.gov/Archives/edgar/data/1543151/000162620126000015/0001626201-26-000015.txt
West Tony,See Remarks,2026-06-16,2026-06-18,1494,0.0,0.0,A,M,248279,False,False,False,0001626201-26-000015,https://www.sec.gov/Archives/edgar/data/1543151/000162620126000015/0001626201-26-000015.txt
West Tony,See Remarks,2026-06-16,2026-06-18,2911,0.0,0.0,A,M,251190,False,False,False,0001626201-26-000015,https://www.sec.gov/Archives/edgar/data/1543151/000162620126000015/0001626201-26-000015.txt
West Tony,See Remarks,2026-06-16,2026-06-18,749,73.25,54864.25,D,F,250441,False,False,False,0001626201-26-000015,https://www.sec.gov/Archives/edgar/data/1543151/000162620126000015/0001626201-26-000015.txt
West Tony,See Remarks,2026-06-16,2026-06-18,636,73.25,46587.0,D,F,249805,False,False,False,0001626201-26-000015,https://www.sec.gov/Archives/edgar/data/1543151/000162620126000015/0001626201-26-000015.txt
West Tony,See Remarks,2026-06-16,2026-06-18,741,73.25,54278.25,D,F,249064,False,False,False,0001626201-26-000015,https://www.sec.gov/Archives/edgar/data/1543151/000162620126000015/0001626201-26-000015.txt
West Tony,See Remarks,2026-06-16,2026-06-18,1444,73.25,105773.0,D,F,247620,False,False,False,0001626201-26-000015,https://www.sec.gov/Archives/edgar/data/1543151/000162620126000015/0001626201-26-000015.txt
Macdonald Andrew,See Remarks,2026-06-16,2026-06-18,1133,0.0,0.0,A,M,344003,False,False,False,0002071761-26-000008,https://www.sec.gov/Archives/edgar/data/1543151/000207176126000008/0002071761-26-000008.txt
Macdonald Andrew,See Remarks,2026-06-16,2026-06-18,2472,0.0,0.0,A,M,346475,False,False,False,0002071761-26-000008,https://www.sec.gov/Archives/edgar/data/1543151/000207176126000008/0002071761-26-000008.txt
Macdonald Andrew,See Remarks,2026-06-16,2026-06-18,2520,0.0,0.0,A,M,348995,False,False,False,0002071761-26-000008,https://www.sec.gov/Archives/edgar/data/1543151/000207176126000008/0002071761-26-000008.txt
Macdonald Andrew,See Remarks,2026-06-16,2026-06-18,4043,0.0,0.0,A,M,353038,False,False,False,0002071761-26-000008,https://www.sec.gov/Archives/edgar/data/1543151/000207176126000008/0002071761-26-000008.txt
Macdonald Andrew,See Remarks,2026-06-16,2026-06-18,634,73.25,46440.5,D,F,352404,False,False,False,0002071761-26-000008,https://www.sec.gov/Archives/edgar/data/1543151/000207176126000008/0002071761-26-000008.txt
Macdonald Andrew,See Remarks,2026-06-16,2026-06-18,1382,73.25,101231.5,D,F,351022,False,False,False,0002071761-26-000008,https://www.sec.gov/Archives/edgar/data/1543151/000207176126000008/0002071761-26-000008.txt
Macdonald Andrew,See Remarks,2026-06-16,2026-06-18,1409,73.25,103209.25,D,F,349613,False,False,False,0002071761-26-000008,https://www.sec.gov/Archives/edgar/data/1543151/000207176126000008/0002071761-26-000008.txt
Macdonald Andrew,See Remarks,2026-06-16,2026-06-18,2260,73.25,165545.0,D,F,347353,False,False,False,0002071761-26-000008,https://www.sec.gov/Archives/edgar/data/1543151/000207176126000008/0002071761-26-000008.txt
Krishnamurthy Balaji (A),Chief Financial Officer,2026-06-16,2026-06-18,566,0.0,0.0,A,M,35540,False,False,False,0002111867-26-000010,https://www.sec.gov/Archives/edgar/data/1543151/000211186726000010/0002111867-26-000010.txt
Krishnamurthy Balaji (A),Chief Financial Officer,2026-06-16,2026-06-18,885,0.0,0.0,A,M,36425,False,False,False,0002111867-26-000010,https://www.sec.gov/Archives/edgar/data/1543151/000211186726000010/0002111867-26-000010.txt
Krishnamurthy Balaji (A),Chief Financial Officer,2026-06-16,2026-06-18,687,0.0,0.0,A,M,37112,False,False,False,0002111867-26-000010,https://www.sec.gov/Archives/edgar/data/1543151/000211186726000010/0002111867-26-000010.txt
Krishnamurthy Balaji (A),Chief Financial Officer,2026-06-16,2026-06-18,490,0.0,0.0,A,M,37602,False,False,False,0002111867-26-000010,https://www.sec.gov/Archives/edgar/data/1543151/000211186726000010/0002111867-26-000010.txt
Krishnamurthy Balaji (A),Chief Financial Officer,2026-06-16,2026-06-18,1158,0.0,0.0,A,M,38760,False,False,False,0002111867-26-000010,https://www.sec.gov/Archives/edgar/data/1543151/000211186726000010/0002111867-26-000010.txt
Krishnamurthy Balaji (A),Chief Financial Officer,2026-06-16,2026-06-18,606,0.0,0.0,A,M,39366,False,False,False,0002111867-26-000010,https://www.sec.gov/Archives/edgar/data/1543151/000211186726000010/0002111867-26-000010.txt
Krishnamurthy Balaji (A),Chief Financial Officer,2026-06-16,2026-06-18,281,73.25,20583.25,D,F,39085,False,False,False,0002111867-26-000010,https://www.sec.gov/Archives/edgar/data/1543151/000211186726000010/0002111867-26-000010.txt
Krishnamurthy Balaji (A),Chief Financial Officer,2026-06-16,2026-06-18,439,73.25,32156.75,D,F,38646,False,False,False,0002111867-26-000010,https://www.sec.gov/Archives/edgar/data/1543151/000211186726000010/0002111867-26-000010.txt
Krishnamurthy Balaji (A),Chief Financial Officer,2026-06-16,2026-06-18,341,73.25,24978.25,D,F,38305,False,False,False,0002111867-26-000010,https://www.sec.gov/Archives/edgar/data/1543151/000211186726000010/0002111867-26-000010.txt
Krishnamurthy Balaji (A),Chief Financial Officer,2026-06-16,2026-06-18,245,73.25,17946.25,D,F,38060,False,False,False,0002111867-26-000010,https://www.sec.gov/Archives/edgar/data/1543151/000211186726000010/0002111867-26-000010.txt
Krishnamurthy Balaji (A),Chief Financial Officer,2026-06-16,2026-06-18,611,73.25,44755.75,D,F,37449,False,False,False,0002111867-26-000010,https://www.sec.gov/Archives/edgar/data/1543151/000211186726000010/0002111867-26-000010.txt
Krishnamurthy Balaji (A),Chief Financial Officer,2026-06-16,2026-06-18,333,73.25,24392.25,D,F,37116,False,False,False,0002111867-26-000010,https://www.sec.gov/Archives/edgar/data/1543151/000211186726000010/0002111867-26-000010.txt
Hazelbaker Jill,See Remarks,2026-06-16,2026-06-18,351,0.0,0.0,A,M,164450,False,False,False,0001775297-26-000009,https://www.sec.gov/Archives/edgar/data/1543151/000177529726000009/0001775297-26-000009.txt
Hazelbaker Jill,See Remarks,2026-06-16,2026-06-18,1416,0.0,0.0,A,M,165866,False,False,False,0001775297-26-000009,https://www.sec.gov/Archives/edgar/data/1543151/000177529726000009/0001775297-26-000009.txt
Hazelbaker Jill,See Remarks,2026-06-16,2026-06-18,1888,0.0,0.0,A,M,167754,False,False,False,0001775297-26-000009,https://www.sec.gov/Archives/edgar/data/1543151/000177529726000009/0001775297-26-000009.txt
Hazelbaker Jill,See Remarks,2026-06-16,2026-06-18,1465,0.0,0.0,A,M,169219,False,False,False,0001775297-26-000009,https://www.sec.gov/Archives/edgar/data/1543151/000177529726000009/0001775297-26-000009.txt
Hazelbaker Jill,See Remarks,2026-06-16,2026-06-18,1494,0.0,0.0,A,M,170713,False,False,False,0001775297-26-000009,https://www.sec.gov/Archives/edgar/data/1543151/000177529726000009/0001775297-26-000009.txt
Hazelbaker Jill,See Remarks,2026-06-16,2026-06-18,2547,0.0,0.0,A,M,173260,False,False,False,0001775297-26-000009,https://www.sec.gov/Archives/edgar/data/1543151/000177529726000009/0001775297-26-000009.txt
Hazelbaker Jill,See Remarks,2026-06-16,2026-06-18,176,73.25,12892.0,D,F,173084,False,False,False,0001775297-26-000009,https://www.sec.gov/Archives/edgar/data/1543151/000177529726000009/0001775297-26-000009.txt
Hazelbaker Jill,See Remarks,2026-06-16,2026-06-18,710,73.25,52007.5,D,F,172374,False,False,False,0001775297-26-000009,https://www.sec.gov/Archives/edgar/data/1543151/000177529726000009/0001775297-26-000009.txt
Hazelbaker Jill,See Remarks,2026-06-16,2026-06-18,946,73.25,69294.5,D,F,171428,False,False,False,0001775297-26-000009,https://www.sec.gov/Archives/edgar/data/1543151/000177529726000009/0001775297-26-000009.txt
Hazelbaker Jill,See Remarks,2026-06-16,2026-06-18,734,73.25,53765.5,D,F,170694,False,False,False,0001775297-26-000009,https://www.sec.gov/Archives/edgar/data/1543151/000177529726000009/0001775297-26-000009.txt
Hazelbaker Jill,See Remarks,2026-06-16,2026-06-18,749,73.25,54864.25,D,F,169945,False,False,False,0001775297-26-000009,https://www.sec.gov/Archives/edgar/data/1543151/000177529726000009/0001775297-26-000009.txt
Hazelbaker Jill,See Remarks,2026-06-16,2026-06-18,1315,73.25,96323.75,D,F,168630,False,False,False,0001775297-26-000009,https://www.sec.gov/Archives/edgar/data/1543151/000177529726000009/0001775297-26-000009.txt
Ceremony Glen,See Remarks,2026-06-16,2026-06-18,708,0.0,0.0,A,M,260066,False,False,False,0001525321-26-000007,https://www.sec.gov/Archives/edgar/data/1543151/000152532126000007/0001525321-26-000007.txt
Ceremony Glen,See Remarks,2026-06-16,2026-06-18,687,0.0,0.0,A,M,260753,False,False,False,0001525321-26-000007,https://www.sec.gov/Archives/edgar/data/1543151/000152532126000007/0001525321-26-000007.txt
Ceremony Glen,See Remarks,2026-06-16,2026-06-18,700,0.0,0.0,A,M,261453,False,False,False,0001525321-26-000007,https://www.sec.gov/Archives/edgar/data/1543151/000152532126000007/0001525321-26-000007.txt
Ceremony Glen,See Remarks,2026-06-16,2026-06-18,1516,0.0,0.0,A,M,262969,False,False,False,0001525321-26-000007,https://www.sec.gov/Archives/edgar/data/1543151/000152532126000007/0001525321-26-000007.txt
Ceremony Glen,See Remarks,2026-06-16,2026-06-18,352,73.25,25784.0,D,F,262617,False,False,False,0001525321-26-000007,https://www.sec.gov/Archives/edgar/data/1543151/000152532126000007/0001525321-26-000007.txt
Ceremony Glen,See Remarks,2026-06-16,2026-06-18,341,73.25,24978.25,D,F,262276,False,False,False,0001525321-26-000007,https://www.sec.gov/Archives/edgar/data/1543151/000152532126000007/0001525321-26-000007.txt
Ceremony Glen,See Remarks,2026-06-16,2026-06-18,348,73.25,25491.0,D,F,261928,False,False,False,0001525321-26-000007,https://www.sec.gov/Archives/edgar/data/1543151/000152532126000007/0001525321-26-000007.txt
Ceremony Glen,See Remarks,2026-06-16,2026-06-18,752,73.25,55084.0,D,F,261176,False,False,False,0001525321-26-000007,https://www.sec.gov/Archives/edgar/data/1543151/000152532126000007/0001525321-26-000007.txt
"Uber Technologies, Inc",,2026-06-02,2026-06-04,67500000,7.1,479250000.0,D,S,258473411,False,False,False,0001552781-26-000357,https://www.sec.gov/Archives/edgar/data/1543151/000155278126000357/0001552781-26-000357.txt
West Tony,See Remarks,2026-05-16,2026-05-19,1511,0.0,0.0,A,M,241580,False,False,False,0001626201-26-000010,https://www.sec.gov/Archives/edgar/data/1543151/000162620126000010/0001626201-26-000010.txt
West Tony,See Remarks,2026-05-16,2026-05-19,1282,0.0,0.0,A,M,242862,False,False,False,0001626201-26-000010,https://www.sec.gov/Archives/edgar/data/1543151/000162620126000010/0001626201-26-000010.txt
West Tony,See Remarks,2026-05-16,2026-05-19,1493,0.0,0.0,A,M,244355,False,False,False,0001626201-26-000010,https://www.sec.gov/Archives/edgar/data/1543151/000162620126000010/0001626201-26-000010.txt
West Tony,See Remarks,2026-05-16,2026-05-19,2910,0.0,0.0,A,M,247265,False,False,False,0001626201-26-000010,https://www.sec.gov/Archives/edgar/data/1543151/000162620126000010/0001626201-26-000010.txt
West Tony,See Remarks,2026-05-16,2026-05-19,750,75.09,56317.5,D,F,246515,False,False,False,0001626201-26-000010,https://www.sec.gov/Archives/edgar/data/1543151/000162620126000010/0001626201-26-000010.txt
West Tony,See Remarks,2026-05-16,2026-05-19,636,75.09,47757.24,D,F,245879,False,False,False,0001626201-26-000010,https://www.sec.gov/Archives/edgar/data/1543151/000162620126000010/0001626201-26-000010.txt
West Tony,See Remarks,2026-05-16,2026-05-19,741,75.09,55641.69,D,F,245138,False,False,False,0001626201-26-000010,https://www.sec.gov/Archives/edgar/data/1543151/000162620126000010/0001626201-26-000010.txt
West Tony,See Remarks,2026-05-16,2026-05-19,1443,75.09,108354.87,D,F,243695,False,False,False,0001626201-26-000010,https://www.sec.gov/Archives/edgar/data/1543151/000162620126000010/0001626201-26-000010.txt
Macdonald Andrew,See Remarks,2026-05-16,2026-05-19,1133,0.0,0.0,A,M,339520,False,False,False,0002071761-26-000007,https://www.sec.gov/Archives/edgar/data/1543151/000207176126000007/0002071761-26-000007.txt
Macdonald Andrew,See Remarks,2026-05-16,2026-05-19,2472,0.0,0.0,A,M,341992,False,False,False,0002071761-26-000007,https://www.sec.gov/Archives/edgar/data/1543151/000207176126000007/0002071761-26-000007.txt
Macdonald Andrew,See Remarks,2026-05-16,2026-05-19,2520,0.0,0.0,A,M,344512,False,False,False,0002071761-26-000007,https://www.sec.gov/Archives/edgar/data/1543151/000207176126000007/0002071761-26-000007.txt
Macdonald Andrew,See Remarks,2026-05-16,2026-05-19,4042,0.0,0.0,A,M,348554,False,False,False,0002071761-26-000007,https://www.sec.gov/Archives/edgar/data/1543151/000207176126000007/0002071761-26-000007.txt
Macdonald Andrew,See Remarks,2026-05-16,2026-05-19,634,75.09,47607.06,D,F,347920,False,False,False,0002071761-26-000007,https://www.sec.gov/Archives/edgar/data/1543151/000207176126000007/0002071761-26-000007.txt
Macdonald Andrew,See Remarks,2026-05-16,2026-05-19,1382,75.09,103774.38,D,F,346538,False,False,False,0002071761-26-000007,https://www.sec.gov/Archives/edgar/data/1543151/000207176126000007/0002071761-26-000007.txt
Macdonald Andrew,See Remarks,2026-05-16,2026-05-19,1409,75.09,105801.81,D,F,345129,False,False,False,0002071761-26-000007,https://www.sec.gov/Archives/edgar/data/1543151/000207176126000007/0002071761-26-000007.txt
Macdonald Andrew,See Remarks,2026-05-16,2026-05-19,2259,75.09,169628.31,D,F,342870,False,False,False,0002071761-26-000007,https://www.sec.gov/Archives/edgar/data/1543151/000207176126000007/0002071761-26-000007.txt
Krishnamurthy Balaji (A),Chief Financial Officer,2026-05-16,2026-05-19,567,0.0,0.0,A,M,33104,False,False,False,0002111867-26-000009,https://www.sec.gov/Archives/edgar/data/1543151/000211186726000009/0002111867-26-000009.txt
Krishnamurthy Balaji (A),Chief Financial Officer,2026-05-16,2026-05-19,885,0.0,0.0,A,M,33989,False,False,False,0002111867-26-000009,https://www.sec.gov/Archives/edgar/data/1543151/000211186726000009/0002111867-26-000009.txt
Krishnamurthy Balaji (A),Chief Financial Officer,2026-05-16,2026-05-19,687,0.0,0.0,A,M,34676,False,False,False,0002111867-26-000009,https://www.sec.gov/Archives/edgar/data/1543151/000211186726000009/0002111867-26-000009.txt
Krishnamurthy Balaji (A),Chief Financial Officer,2026-05-16,2026-05-19,490,0.0,0.0,A,M,35166,False,False,False,0002111867-26-000009,https://www.sec.gov/Archives/edgar/data/1543151/000211186726000009/0002111867-26-000009.txt
Krishnamurthy Balaji (A),Chief Financial Officer,2026-05-16,2026-05-19,1158,0.0,0.0,A,M,36324,False,False,False,0002111867-26-000009,https://www.sec.gov/Archives/edgar/data/1543151/000211186726000009/0002111867-26-000009.txt
Krishnamurthy Balaji (A),Chief Financial Officer,2026-05-16,2026-05-19,607,0.0,0.0,A,M,36931,False,False,False,0002111867-26-000009,https://www.sec.gov/Archives/edgar/data/1543151/000211186726000009/0002111867-26-000009.txt
Krishnamurthy Balaji (A),Chief Financial Officer,2026-05-16,2026-05-19,282,75.09,21175.38,D,F,36649,False,False,False,0002111867-26-000009,https://www.sec.gov/Archives/edgar/data/1543151/000211186726000009/0002111867-26-000009.txt
Krishnamurthy Balaji (A),Chief Financial Officer,2026-05-16,2026-05-19,439,75.09,32964.51,D,F,36210,False,False,False,0002111867-26-000009,https://www.sec.gov/Archives/edgar/data/1543151/000211186726000009/0002111867-26-000009.txt
Krishnamurthy Balaji (A),Chief Financial Officer,2026-05-16,2026-05-19,341,75.09,25605.69,D,F,35869,False,False,False,0002111867-26-000009,https://www.sec.gov/Archives/edgar/data/1543151/000211186726000009/0002111867-26-000009.txt
Krishnamurthy Balaji (A),Chief Financial Officer,2026-05-16,2026-05-19,245,75.09,18397.05,D,F,35624,False,False,False,0002111867-26-000009,https://www.sec.gov/Archives/edgar/data/1543151/000211186726000009/0002111867-26-000009.txt
Krishnamurthy Balaji (A),Chief Financial Officer,2026-05-16,2026-05-19,613,75.09,46030.17,D,F,35011,False,False,False,0002111867-26-000009,https://www.sec.gov/Archives/edgar/data/1543151/000211186726000009/0002111867-26-000009.txt
Krishnamurthy Balaji (A),Chief Financial Officer,2026-05-16,2026-05-19,335,75.09,25155.15,D,F,34676,False,False,False,0002111867-26-000009,https://www.sec.gov/Archives/edgar/data/1543151/000211186726000009/0002111867-26-000009.txt
Hazelbaker Jill,See Remarks,2026-05-16,2026-05-19,1416,0.0,0.0,A,M,160564,False,False,False,0001775297-26-000008,https://www.sec.gov/Archives/edgar/data/1543151/000177529726000008/0001775297-26-000008.txt
Hazelbaker Jill,See Remarks,2026-05-16,2026-05-19,1888,0.0,0.0,A,M,162452,False,False,False,0001775297-26-000008,https://www.sec.gov/Archives/edgar/data/1543151/000177529726000008/0001775297-26-000008.txt
Hazelbaker Jill,See Remarks,2026-05-16,2026-05-19,1465,0.0,0.0,A,M,163917,False,False,False,0001775297-26-000008,https://www.sec.gov/Archives/edgar/data/1543151/000177529726000008/0001775297-26-000008.txt
Hazelbaker Jill,See Remarks,2026-05-16,2026-05-19,1493,0.0,0.0,A,M,165410,False,False,False,0001775297-26-000008,https://www.sec.gov/Archives/edgar/data/1543151/000177529726000008/0001775297-26-000008.txt
Hazelbaker Jill,See Remarks,2026-05-16,2026-05-19,2546,0.0,0.0,A,M,167956,False,False,False,0001775297-26-000008,https://www.sec.gov/Archives/edgar/data/1543151/000177529726000008/0001775297-26-000008.txt
Hazelbaker Jill,See Remarks,2026-05-16,2026-05-19,710,75.09,53313.9,D,F,167246,False,False,False,0001775297-26-000008,https://www.sec.gov/Archives/edgar/data/1543151/000177529726000008/0001775297-26-000008.txt
Hazelbaker Jill,See Remarks,2026-05-16,2026-05-19,946,75.09,71035.14,D,F,166300,False,False,False,0001775297-26-000008,https://www.sec.gov/Archives/edgar/data/1543151/000177529726000008/0001775297-26-000008.txt
Hazelbaker Jill,See Remarks,2026-05-16,2026-05-19,734,75.09,55116.06,D,F,165566,False,False,False,0001775297-26-000008,https://www.sec.gov/Archives/edgar/data/1543151/000177529726000008/0001775297-26-000008.txt
Hazelbaker Jill,See Remarks,2026-05-16,2026-05-19,748,75.09,56167.32,D,F,164818,False,False,False,0001775297-26-000008,https://www.sec.gov/Archives/edgar/data/1543151/000177529726000008/0001775297-26-000008.txt
Hazelbaker Jill,See Remarks,2026-05-16,2026-05-19,1315,75.09,98743.35,D,F,163503,False,False,False,0001775297-26-000008,https://www.sec.gov/Archives/edgar/data/1543151/000177529726000008/0001775297-26-000008.txt
Ceremony Glen,See Remarks,2026-05-16,2026-05-19,708,0.0,0.0,A,M,256442,False,False,False,0001525321-26-000006,https://www.sec.gov/Archives/edgar/data/1543151/000152532126000006/0001525321-26-000006.txt
Ceremony Glen,See Remarks,2026-05-16,2026-05-19,2994,0.0,0.0,A,M,259436,False,False,False,0001525321-26-000006,https://www.sec.gov/Archives/edgar/data/1543151/000152532126000006/0001525321-26-000006.txt
Ceremony Glen,See Remarks,2026-05-16,2026-05-19,686,0.0,0.0,A,M,260122,False,False,False,0001525321-26-000006,https://www.sec.gov/Archives/edgar/data/1543151/000152532126000006/0001525321-26-000006.txt
Ceremony Glen,See Remarks,2026-05-16,2026-05-19,700,0.0,0.0,A,M,260822,False,False,False,0001525321-26-000006,https://www.sec.gov/Archives/edgar/data/1543151/000152532126000006/0001525321-26-000006.txt
Ceremony Glen,See Remarks,2026-05-16,2026-05-19,1516,0.0,0.0,A,M,262338,False,False,False,0001525321-26-000006,https://www.sec.gov/Archives/edgar/data/1543151/000152532126000006/0001525321-26-000006.txt
Ceremony Glen,See Remarks,2026-05-16,2026-05-19,352,75.09,26431.68,D,F,261986,False,False,False,0001525321-26-000006,https://www.sec.gov/Archives/edgar/data/1543151/000152532126000006/0001525321-26-000006.txt
Ceremony Glen,See Remarks,2026-05-16,2026-05-19,1485,75.09,111508.65,D,F,260501,False,False,False,0001525321-26-000006,https://www.sec.gov/Archives/edgar/data/1543151/000152532126000006/0001525321-26-000006.txt
Ceremony Glen,See Remarks,2026-05-16,2026-05-19,341,75.09,25605.69,D,F,260160,False,False,False,0001525321-26-000006,https://www.sec.gov/Archives/edgar/data/1543151/000152532126000006/0001525321-26-000006.txt
Ceremony Glen,See Remarks,2026-05-16,2026-05-19,348,75.09,26131.32,D,F,259812,False,False,False,0001525321-26-000006,https://www.sec.gov/Archives/edgar/data/1543151/000152532126000006/0001525321-26-000006.txt
Ceremony Glen,See Remarks,2026-05-16,2026-05-19,752,75.09,56467.68,D,F,259060,False,False,False,0001525321-26-000006,https://www.sec.gov/Archives/edgar/data/1543151/000152532126000006/0001525321-26-000006.txt
Trujillo David,,2026-05-04,2026-05-05,305,0.0,0.0,A,M,4087,False,False,False,0001262929-26-000003,https://www.sec.gov/Archives/edgar/data/1543151/000126292926000003/0001262929-26-000003.txt
Trujillo David,,2026-05-04,2026-05-05,267,0.0,0.0,A,M,4354,False,False,False,0001262929-26-000003,https://www.sec.gov/Archives/edgar/data/1543151/000126292926000003/0001262929-26-000003.txt
Trujillo David,,2026-05-04,2026-05-05,235,0.0,0.0,A,M,4589,False,False,False,0001262929-26-000003,https://www.sec.gov/Archives/edgar/data/1543151/000126292926000003/0001262929-26-000003.txt
Trujillo David,,2026-05-04,2026-05-05,249,0.0,0.0,A,M,4838,False,False,False,0001262929-26-000003,https://www.sec.gov/Archives/edgar/data/1543151/000126292926000003/0001262929-26-000003.txt
Trujillo David,,2026-05-04,2026-05-05,4091,0.0,0.0,A,M,8929,False,False,False,0001262929-26-000003,https://www.sec.gov/Archives/edgar/data/1543151/000126292926000003/0001262929-26-000003.txt
Trujillo David,,2026-05-04,2026-05-05,268,0.0,0.0,A,M,9197,False,False,False,0001262929-26-000003,https://www.sec.gov/Archives/edgar/data/1543151/000126292926000003/0001262929-26-000003.txt
Wynaendts Alexander R,,2026-05-03,2026-05-05,4091,0.0,0.0,A,M,27828,False,False,False,0001787734-26-000001,https://www.sec.gov/Archives/edgar/data/1543151/000178773426000001/0001787734-26-000001.txt
Wynaendts Alexander R,,2026-05-03,2026-05-05,758,75.12,56940.96,D,F,27070,False,False,False,0001787734-26-000001,https://www.sec.gov/Archives/edgar/data/1543151/000178773426000001/0001787734-26-000001.txt
THAIN JOHN A,,2026-05-03,2026-05-05,4091,0.0,0.0,A,M,186876,False,False,False,0001090355-26-000005,https://www.sec.gov/Archives/edgar/data/1543151/000109035526000005/0001090355-26-000005.txt
SUGAR RONALD D,,2026-05-03,2026-05-05,4091,0.0,0.0,A,M,4091,False,False,False,0001216519-26-000005,https://www.sec.gov/Archives/edgar/data/1543151/000121651926000005/0001216519-26-000005.txt
Alnowaiser Turqi A.,,2026-05-03,2026-05-05,4091,0.0,0.0,A,M,9622,False,False,False,0001873801-26-000001,https://www.sec.gov/Archives/edgar/data/1543151/000187380126000001/0001873801-26-000001.txt
Alnowaiser Turqi A.,,2026-05-03,2026-05-05,558,75.12,41916.96,D,F,9064,False,False,False,0001873801-26-000001,https://www.sec.gov/Archives/edgar/data/1543151/000187380126000001/0001873801-26-000001.txt
West Tony,See Remarks,2026-04-16,2026-04-20,1510,0.0,0.0,A,M,237953,False,False,False,0001626201-26-000009,https://www.sec.gov/Archives/edgar/data/1543151/000162620126000009/0001626201-26-000009.txt
West Tony,See Remarks,2026-04-16,2026-04-20,1282,0.0,0.0,A,M,239235,False,False,False,0001626201-26-000009,https://www.sec.gov/Archives/edgar/data/1543151/000162620126000009/0001626201-26-000009.txt
West Tony,See Remarks,2026-04-16,2026-04-20,1493,0.0,0.0,A,M,240728,False,False,False,0001626201-26-000009,https://www.sec.gov/Archives/edgar/data/1543151/000162620126000009/0001626201-26-000009.txt
West Tony,See Remarks,2026-04-16,2026-04-20,2910,0.0,0.0,A,M,243638,False,False,False,0001626201-26-000009,https://www.sec.gov/Archives/edgar/data/1543151/000162620126000009/0001626201-26-000009.txt
West Tony,See Remarks,2026-04-16,2026-04-20,749,76.48,57283.52,D,F,242889,False,False,False,0001626201-26-000009,https://www.sec.gov/Archives/edgar/data/1543151/000162620126000009/0001626201-26-000009.txt
West Tony,See Remarks,2026-04-16,2026-04-20,636,76.48,48641.28,D,F,242253,False,False,False,0001626201-26-000009,https://www.sec.gov/Archives/edgar/data/1543151/000162620126000009/0001626201-26-000009.txt
West Tony,See Remarks,2026-04-16,2026-04-20,741,76.48,56671.68,D,F,241512,False,False,False,0001626201-26-000009,https://www.sec.gov/Archives/edgar/data/1543151/000162620126000009/0001626201-26-000009.txt
West Tony,See Remarks,2026-04-16,2026-04-20,1443,76.48,110360.64,D,F,240069,False,False,False,0001626201-26-000009,https://www.sec.gov/Archives/edgar/data/1543151/000162620126000009/0001626201-26-000009.txt
THAIN JOHN A,,2026-04-16,2026-04-20,338,0.0,0.0,A,M,182785,False,False,False,0001090355-26-000004,https://www.sec.gov/Archives/edgar/data/1543151/000109035526000004/0001090355-26-000004.txt
Macdonald Andrew,See Remarks,2026-04-16,2026-04-24,634,76.48,48488.32,D,F,338387,False,False,False,0002071761-26-000006,https://www.sec.gov/Archives/edgar/data/1543151/000207176126000006/0002071761-26-000006.txt
Macdonald Andrew,See Remarks,2026-04-16,2026-04-20,1133,0.0,0.0,A,M,335177,False,False,False,0002071761-26-000005,https://www.sec.gov/Archives/edgar/data/1543151/000207176126000005/0002071761-26-000005.txt
Macdonald Andrew,See Remarks,2026-04-16,2026-04-20,2472,0.0,0.0,A,M,337649,False,False,False,0002071761-26-000005,https://www.sec.gov/Archives/edgar/data/1543151/000207176126000005/0002071761-26-000005.txt
Macdonald Andrew,See Remarks,2026-04-16,2026-04-20,2520,0.0,0.0,A,M,340169,False,False,False,0002071761-26-000005,https://www.sec.gov/Archives/edgar/data/1543151/000207176126000005/0002071761-26-000005.txt
Macdonald Andrew,See Remarks,2026-04-16,2026-04-20,4042,0.0,0.0,A,M,344211,False,False,False,0002071761-26-000005,https://www.sec.gov/Archives/edgar/data/1543151/000207176126000005/0002071761-26-000005.txt
Macdonald Andrew,See Remarks,2026-04-16,2026-04-20,860,76.48,65772.8,D,F,343351,False,False,False,0002071761-26-000005,https://www.sec.gov/Archives/edgar/data/1543151/000207176126000005/0002071761-26-000005.txt
Macdonald Andrew,See Remarks,2026-04-16,2026-04-20,1448,76.48,110743.04,D,F,341903,False,False,False,0002071761-26-000005,https://www.sec.gov/Archives/edgar/data/1543151/000207176126000005/0002071761-26-000005.txt
Macdonald Andrew,See Remarks,2026-04-16,2026-04-20,1444,76.48,110437.12,D,F,340459,False,False,False,0002071761-26-000005,https://www.sec.gov/Archives/edgar/data/1543151/000207176126000005/0002071761-26-000005.txt
Macdonald Andrew,See Remarks,2026-04-16,2026-04-20,2298,76.48,175751.04,D,F,338161,False,False,False,0002071761-26-000005,https://www.sec.gov/Archives/edgar/data/1543151/000207176126000005/0002071761-26-000005.txt
Krishnamurthy Nikki,SVP and Chief People Officer,2026-04-16,2026-04-20,1322,0.0,0.0,A,M,462078,False,False,False,0001775389-26-000005,https://www.sec.gov/Archives/edgar/data/1543151/000177538926000005/0001775389-26-000005.txt
Krishnamurthy Nikki,SVP and Chief People Officer,2026-04-16,2026-04-20,1191,0.0,0.0,A,M,463269,False,False,False,0001775389-26-000005,https://www.sec.gov/Archives/edgar/data/1543151/000177538926000005/0001775389-26-000005.txt
Krishnamurthy Nikki,SVP and Chief People Officer,2026-04-16,2026-04-20,1120,0.0,0.0,A,M,464389,False,False,False,0001775389-26-000005,https://www.sec.gov/Archives/edgar/data/1543151/000177538926000005/0001775389-26-000005.txt
Krishnamurthy Nikki,SVP and Chief People Officer,2026-04-16,2026-04-20,2001,0.0,0.0,A,M,466390,False,False,False,0001775389-26-000005,https://www.sec.gov/Archives/edgar/data/1543151/000177538926000005/0001775389-26-000005.txt
Krishnamurthy Nikki,SVP and Chief People Officer,2026-04-16,2026-04-20,528,76.48,40381.44,D,F,465862,False,False,False,0001775389-26-000005,https://www.sec.gov/Archives/edgar/data/1543151/000177538926000005/0001775389-26-000005.txt
Krishnamurthy Nikki,SVP and Chief People Officer,2026-04-16,2026-04-20,476,76.48,36404.48,D,F,465386,False,False,False,0001775389-26-000005,https://www.sec.gov/Archives/edgar/data/1543151/000177538926000005/0001775389-26-000005.txt
Krishnamurthy Nikki,SVP and Chief People Officer,2026-04-16,2026-04-20,448,76.48,34263.04,D,F,464938,False,False,False,0001775389-26-000005,https://www.sec.gov/Archives/edgar/data/1543151/000177538926000005/0001775389-26-000005.txt
Krishnamurthy Nikki,SVP and Chief People Officer,2026-04-16,2026-04-20,799,76.48,61107.52,D,F,464139,False,False,False,0001775389-26-000005,https://www.sec.gov/Archives/edgar/data/1543151/000177538926000005/0001775389-26-000005.txt
Krishnamurthy Balaji (A),Chief Financial Officer,2026-04-16,2026-04-20,566,0.0,0.0,A,M,30966,False,False,False,0002111867-26-000008,https://www.sec.gov/Archives/edgar/data/1543151/000211186726000008/0002111867-26-000008.txt
Krishnamurthy Balaji (A),Chief Financial Officer,2026-04-16,2026-04-20,885,0.0,0.0,A,M,31851,False,False,False,0002111867-26-000008,https://www.sec.gov/Archives/edgar/data/1543151/000211186726000008/0002111867-26-000008.txt
Krishnamurthy Balaji (A),Chief Financial Officer,2026-04-16,2026-04-20,687,0.0,0.0,A,M,32538,False,False,False,0002111867-26-000008,https://www.sec.gov/Archives/edgar/data/1543151/000211186726000008/0002111867-26-000008.txt
Krishnamurthy Balaji (A),Chief Financial Officer,2026-04-16,2026-04-20,490,0.0,0.0,A,M,33028,False,False,False,0002111867-26-000008,https://www.sec.gov/Archives/edgar/data/1543151/000211186726000008/0002111867-26-000008.txt
Krishnamurthy Balaji (A),Chief Financial Officer,2026-04-16,2026-04-20,1158,0.0,0.0,A,M,34186,False,False,False,0002111867-26-000008,https://www.sec.gov/Archives/edgar/data/1543151/000211186726000008/0002111867-26-000008.txt
Krishnamurthy Balaji (A),Chief Financial Officer,2026-04-16,2026-04-20,606,0.0,0.0,A,M,34792,False,False,False,0002111867-26-000008,https://www.sec.gov/Archives/edgar/data/1543151/000211186726000008/0002111867-26-000008.txt
Krishnamurthy Balaji (A),Chief Financial Officer,2026-04-16,2026-04-20,281,76.48,21490.88,D,F,34511,False,False,False,0002111867-26-000008,https://www.sec.gov/Archives/edgar/data/1543151/000211186726000008/0002111867-26-000008.txt
Krishnamurthy Balaji (A),Chief Financial Officer,2026-04-16,2026-04-20,439,76.48,33574.72,D,F,34072,False,False,False,0002111867-26-000008,https://www.sec.gov/Archives/edgar/data/1543151/000211186726000008/0002111867-26-000008.txt
Krishnamurthy Balaji (A),Chief Financial Officer,2026-04-16,2026-04-20,341,76.48,26079.68,D,F,33731,False,False,False,0002111867-26-000008,https://www.sec.gov/Archives/edgar/data/1543151/000211186726000008/0002111867-26-000008.txt
Krishnamurthy Balaji (A),Chief Financial Officer,2026-04-16,2026-04-20,245,76.48,18737.6,D,F,33486,False,False,False,0002111867-26-000008,https://www.sec.gov/Archives/edgar/data/1543151/000211186726000008/0002111867-26-000008.txt
Krishnamurthy Balaji (A),Chief Financial Officer,2026-04-16,2026-04-20,614,76.48,46958.72,D,F,32872,False,False,False,0002111867-26-000008,https://www.sec.gov/Archives/edgar/data/1543151/000211186726000008/0002111867-26-000008.txt
Krishnamurthy Balaji (A),Chief Financial Officer,2026-04-16,2026-04-20,335,76.48,25620.8,D,F,32537,False,False,False,0002111867-26-000008,https://www.sec.gov/Archives/edgar/data/1543151/000211186726000008/0002111867-26-000008.txt
Hazelbaker Jill,See Remarks,2026-04-16,2026-04-20,1416,0.0,0.0,A,M,156210,False,False,False,0001775297-26-000006,https://www.sec.gov/Archives/edgar/data/1543151/000177529726000006/0001775297-26-000006.txt
Hazelbaker Jill,See Remarks,2026-04-16,2026-04-20,1888,0.0,0.0,A,M,158098,False,False,False,0001775297-26-000006,https://www.sec.gov/Archives/edgar/data/1543151/000177529726000006/0001775297-26-000006.txt
Hazelbaker Jill,See Remarks,2026-04-16,2026-04-20,1465,0.0,0.0,A,M,159563,False,False,False,0001775297-26-000006,https://www.sec.gov/Archives/edgar/data/1543151/000177529726000006/0001775297-26-000006.txt
Hazelbaker Jill,See Remarks,2026-04-16,2026-04-20,1493,0.0,0.0,A,M,161056,False,False,False,0001775297-26-000006,https://www.sec.gov/Archives/edgar/data/1543151/000177529726000006/0001775297-26-000006.txt
Hazelbaker Jill,See Remarks,2026-04-16,2026-04-20,2547,0.0,0.0,A,M,163603,False,False,False,0001775297-26-000006,https://www.sec.gov/Archives/edgar/data/1543151/000177529726000006/0001775297-26-000006.txt
Hazelbaker Jill,See Remarks,2026-04-16,2026-04-20,710,76.48,54300.8,D,F,162893,False,False,False,0001775297-26-000006,https://www.sec.gov/Archives/edgar/data/1543151/000177529726000006/0001775297-26-000006.txt
Hazelbaker Jill,See Remarks,2026-04-16,2026-04-20,946,76.48,72350.08,D,F,161947,False,False,False,0001775297-26-000006,https://www.sec.gov/Archives/edgar/data/1543151/000177529726000006/0001775297-26-000006.txt
Hazelbaker Jill,See Remarks,2026-04-16,2026-04-20,734,76.48,56136.32,D,F,161213,False,False,False,0001775297-26-000006,https://www.sec.gov/Archives/edgar/data/1543151/000177529726000006/0001775297-26-000006.txt
Hazelbaker Jill,See Remarks,2026-04-16,2026-04-20,748,76.48,57207.04,D,F,160465,False,False,False,0001775297-26-000006,https://www.sec.gov/Archives/edgar/data/1543151/000177529726000006/0001775297-26-000006.txt
Hazelbaker Jill,See Remarks,2026-04-16,2026-04-20,1317,76.48,100724.16,D,F,159148,False,False,False,0001775297-26-000006,https://www.sec.gov/Archives/edgar/data/1543151/000177529726000006/0001775297-26-000006.txt
Ceremony Glen,See Remarks,2026-04-16,2026-04-20,708,0.0,0.0,A,M,254624,False,False,False,0001525321-26-000005,https://www.sec.gov/Archives/edgar/data/1543151/000152532126000005/0001525321-26-000005.txt
Ceremony Glen,See Remarks,2026-04-16,2026-04-20,687,0.0,0.0,A,M,255311,False,False,False,0001525321-26-000005,https://www.sec.gov/Archives/edgar/data/1543151/000152532126000005/0001525321-26-000005.txt
Ceremony Glen,See Remarks,2026-04-16,2026-04-20,700,0.0,0.0,A,M,256011,False,False,False,0001525321-26-000005,https://www.sec.gov/Archives/edgar/data/1543151/000152532126000005/0001525321-26-000005.txt
Ceremony Glen,See Remarks,2026-04-16,2026-04-20,1516,0.0,0.0,A,M,257527,False,False,False,0001525321-26-000005,https://www.sec.gov/Archives/edgar/data/1543151/000152532126000005/0001525321-26-000005.txt
Ceremony Glen,See Remarks,2026-04-16,2026-04-20,352,76.48,26920.96,D,F,257175,False,False,False,0001525321-26-000005,https://www.sec.gov/Archives/edgar/data/1543151/000152532126000005/0001525321-26-000005.txt
Ceremony Glen,See Remarks,2026-04-16,2026-04-20,341,76.48,26079.68,D,F,256834,False,False,False,0001525321-26-000005,https://www.sec.gov/Archives/edgar/data/1543151/000152532126000005/0001525321-26-000005.txt
Ceremony Glen,See Remarks,2026-04-16,2026-04-20,348,76.48,26615.04,D,F,256486,False,False,False,0001525321-26-000005,https://www.sec.gov/Archives/edgar/data/1543151/000152532126000005/0001525321-26-000005.txt
Ceremony Glen,See Remarks,2026-04-16,2026-04-20,752,76.48,57512.96,D,F,255734,False,False,False,0001525321-26-000005,https://www.sec.gov/Archives/edgar/data/1543151/000152532126000005/0001525321-26-000005.txt
West Tony,See Remarks,2026-03-16,2026-03-18,1282,0.0,0.0,A,M,182279,False,False,False,0001626201-26-000006,https://www.sec.gov/Archives/edgar/data/1543151/000162620126000006/0001626201-26-000006.txt
West Tony,See Remarks,2026-03-16,2026-03-18,1493,0.0,0.0,A,M,183772,False,False,False,0001626201-26-000006,https://www.sec.gov/Archives/edgar/data/1543151/000162620126000006/0001626201-26-000006.txt
West Tony,See Remarks,2026-03-16,2026-03-18,2911,0.0,0.0,A,M,186683,False,False,False,0001626201-26-000006,https://www.sec.gov/Archives/edgar/data/1543151/000162620126000006/0001626201-26-000006.txt
West Tony,See Remarks,2026-03-16,2026-03-18,3073,0.0,0.0,A,M,189756,False,False,False,0001626201-26-000006,https://www.sec.gov/Archives/edgar/data/1543151/000162620126000006/0001626201-26-000006.txt
West Tony,See Remarks,2026-03-16,2026-03-18,101214,0.0,0.0,A,M,290970,False,False,False,0001626201-26-000006,https://www.sec.gov/Archives/edgar/data/1543151/000162620126000006/0001626201-26-000006.txt
West Tony,See Remarks,2026-03-16,2026-03-18,636,74.66,47483.76,D,F,290334,False,False,False,0001626201-26-000006,https://www.sec.gov/Archives/edgar/data/1543151/000162620126000006/0001626201-26-000006.txt
West Tony,See Remarks,2026-03-16,2026-03-18,741,74.66,55323.06,D,F,289593,False,False,False,0001626201-26-000006,https://www.sec.gov/Archives/edgar/data/1543151/000162620126000006/0001626201-26-000006.txt
West Tony,See Remarks,2026-03-16,2026-03-18,1444,74.66,107809.04,D,F,288149,False,False,False,0001626201-26-000006,https://www.sec.gov/Archives/edgar/data/1543151/000162620126000006/0001626201-26-000006.txt
West Tony,See Remarks,2026-03-16,2026-03-18,1524,74.66,113781.84,D,F,286625,False,False,False,0001626201-26-000006,https://www.sec.gov/Archives/edgar/data/1543151/000162620126000006/0001626201-26-000006.txt
West Tony,See Remarks,2026-03-16,2026-03-18,50182,74.66,3746588.12,D,F,236443,False,False,False,0001626201-26-000006,https://www.sec.gov/Archives/edgar/data/1543151/000162620126000006/0001626201-26-000006.txt
Macdonald Andrew,See Remarks,2026-03-16,2026-03-18,2473,0.0,0.0,A,M,270199,False,False,False,0002071761-26-000004,https://www.sec.gov/Archives/edgar/data/1543151/000207176126000004/0002071761-26-000004.txt
Macdonald Andrew,See Remarks,2026-03-16,2026-03-18,2519,0.0,0.0,A,M,272718,False,False,False,0002071761-26-000004,https://www.sec.gov/Archives/edgar/data/1543151/000207176126000004/0002071761-26-000004.txt
Macdonald Andrew,See Remarks,2026-03-16,2026-03-18,4042,0.0,0.0,A,M,276760,False,False,False,0002071761-26-000004,https://www.sec.gov/Archives/edgar/data/1543151/000207176126000004/0002071761-26-000004.txt
Macdonald Andrew,See Remarks,2026-03-16,2026-03-18,3841,0.0,0.0,A,M,280601,False,False,False,0002071761-26-000004,https://www.sec.gov/Archives/edgar/data/1543151/000207176126000004/0002071761-26-000004.txt
Macdonald Andrew,See Remarks,2026-03-16,2026-03-18,140574,0.0,0.0,A,M,421175,False,False,False,0002071761-26-000004,https://www.sec.gov/Archives/edgar/data/1543151/000207176126000004/0002071761-26-000004.txt
Macdonald Andrew,See Remarks,2026-03-16,2026-03-18,1446,74.66,107958.36,D,F,419729,False,False,False,0002071761-26-000004,https://www.sec.gov/Archives/edgar/data/1543151/000207176126000004/0002071761-26-000004.txt
Macdonald Andrew,See Remarks,2026-03-16,2026-03-18,1441,74.66,107585.06,D,F,418288,False,False,False,0002071761-26-000004,https://www.sec.gov/Archives/edgar/data/1543151/000207176126000004/0002071761-26-000004.txt
Macdonald Andrew,See Remarks,2026-03-16,2026-03-18,2294,74.66,171270.04,D,F,415994,False,False,False,0002071761-26-000004,https://www.sec.gov/Archives/edgar/data/1543151/000207176126000004/0002071761-26-000004.txt
Macdonald Andrew,See Remarks,2026-03-16,2026-03-18,2172,74.66,162161.52,D,F,413822,False,False,False,0002071761-26-000004,https://www.sec.gov/Archives/edgar/data/1543151/000207176126000004/0002071761-26-000004.txt
Macdonald Andrew,See Remarks,2026-03-16,2026-03-18,79778,74.66,5956225.48,D,F,334044,False,False,False,0002071761-26-000004,https://www.sec.gov/Archives/edgar/data/1543151/000207176126000004/0002071761-26-000004.txt
Krishnamurthy Nikki,SVP and Chief People Officer,2026-03-16,2026-03-18,1190,0.0,0.0,A,M,446291,False,False,False,0001775389-26-000004,https://www.sec.gov/Archives/edgar/data/1543151/000177538926000004/0001775389-26-000004.txt
Krishnamurthy Nikki,SVP and Chief People Officer,2026-03-16,2026-03-18,1120,0.0,0.0,A,M,447411,False,False,False,0001775389-26-000004,https://www.sec.gov/Archives/edgar/data/1543151/000177538926000004/0001775389-26-000004.txt
Krishnamurthy Nikki,SVP and Chief People Officer,2026-03-16,2026-03-18,2001,0.0,0.0,A,M,449412,False,False,False,0001775389-26-000004,https://www.sec.gov/Archives/edgar/data/1543151/000177538926000004/0001775389-26-000004.txt
Krishnamurthy Nikki,SVP and Chief People Officer,2026-03-16,2026-03-18,2113,0.0,0.0,A,M,451525,False,False,False,0001775389-26-000004,https://www.sec.gov/Archives/edgar/data/1543151/000177538926000004/0001775389-26-000004.txt
Krishnamurthy Nikki,SVP and Chief People Officer,2026-03-16,2026-03-18,69583,0.0,0.0,A,M,521108,False,False,False,0001775389-26-000004,https://www.sec.gov/Archives/edgar/data/1543151/000177538926000004/0001775389-26-000004.txt
Krishnamurthy Nikki,SVP and Chief People Officer,2026-03-16,2026-03-18,476,74.66,35538.16,D,F,520632,False,False,False,0001775389-26-000004,https://www.sec.gov/Archives/edgar/data/1543151/000177538926000004/0001775389-26-000004.txt
Krishnamurthy Nikki,SVP and Chief People Officer,2026-03-16,2026-03-18,448,74.66,33447.68,D,F,520184,False,False,False,0001775389-26-000004,https://www.sec.gov/Archives/edgar/data/1543151/000177538926000004/0001775389-26-000004.txt
Krishnamurthy Nikki,SVP and Chief People Officer,2026-03-16,2026-03-18,799,74.66,59653.34,D,F,519385,False,False,False,0001775389-26-000004,https://www.sec.gov/Archives/edgar/data/1543151/000177538926000004/0001775389-26-000004.txt
Krishnamurthy Nikki,SVP and Chief People Officer,2026-03-16,2026-03-18,844,74.66,63013.04,D,F,518541,False,False,False,0001775389-26-000004,https://www.sec.gov/Archives/edgar/data/1543151/000177538926000004/0001775389-26-000004.txt
Krishnamurthy Nikki,SVP and Chief People Officer,2026-03-16,2026-03-18,27785,74.66,2074428.1,D,F,490756,False,False,False,0001775389-26-000004,https://www.sec.gov/Archives/edgar/data/1543151/000177538926000004/0001775389-26-000004.txt
Krishnamurthy Nikki,SVP and Chief People Officer,2026-03-16,2026-03-18,30000,74.4535,2233605.0,D,S,460756,False,False,False,0001775389-26-000004,https://www.sec.gov/Archives/edgar/data/1543151/000177538926000004/0001775389-26-000004.txt
Krishnamurthy Balaji (A),Chief Financial Officer,2026-03-16,2026-03-18,687,0.0,0.0,A,M,29429,False,False,False,0002111867-26-000007,https://www.sec.gov/Archives/edgar/data/1543151/000211186726000007/0002111867-26-000007.txt
Krishnamurthy Balaji (A),Chief Financial Officer,2026-03-16,2026-03-18,489,0.0,0.0,A,M,29918,False,False,False,0002111867-26-000007,https://www.sec.gov/Archives/edgar/data/1543151/000211186726000007/0002111867-26-000007.txt
Krishnamurthy Balaji (A),Chief Financial Officer,2026-03-16,2026-03-18,1158,0.0,0.0,A,M,31076,False,False,False,0002111867-26-000007,https://www.sec.gov/Archives/edgar/data/1543151/000211186726000007/0002111867-26-000007.txt
Krishnamurthy Balaji (A),Chief Financial Officer,2026-03-16,2026-03-18,606,0.0,0.0,A,M,31682,False,False,False,0002111867-26-000007,https://www.sec.gov/Archives/edgar/data/1543151/000211186726000007/0002111867-26-000007.txt
Krishnamurthy Balaji (A),Chief Financial Officer,2026-03-16,2026-03-18,346,0.0,0.0,A,M,32028,False,False,False,0002111867-26-000007,https://www.sec.gov/Archives/edgar/data/1543151/000211186726000007/0002111867-26-000007.txt
Krishnamurthy Balaji (A),Chief Financial Officer,2026-03-16,2026-03-18,341,74.66,25459.06,D,F,31687,False,False,False,0002111867-26-000007,https://www.sec.gov/Archives/edgar/data/1543151/000211186726000007/0002111867-26-000007.txt
Krishnamurthy Balaji (A),Chief Financial Officer,2026-03-16,2026-03-18,244,74.66,18217.04,D,F,31443,False,False,False,0002111867-26-000007,https://www.sec.gov/Archives/edgar/data/1543151/000211186726000007/0002111867-26-000007.txt
Krishnamurthy Balaji (A),Chief Financial Officer,2026-03-16,2026-03-18,590,74.66,44049.4,D,F,30853,False,False,False,0002111867-26-000007,https://www.sec.gov/Archives/edgar/data/1543151/000211186726000007/0002111867-26-000007.txt
Krishnamurthy Balaji (A),Chief Financial Officer,2026-03-16,2026-03-18,277,74.66,20680.82,D,F,30576,False,False,False,0002111867-26-000007,https://www.sec.gov/Archives/edgar/data/1543151/000211186726000007/0002111867-26-000007.txt
Krishnamurthy Balaji (A),Chief Financial Officer,2026-03-16,2026-03-18,176,74.66,13140.16,D,F,30400,False,False,False,0002111867-26-000007,https://www.sec.gov/Archives/edgar/data/1543151/000211186726000007/0002111867-26-000007.txt
KHOSROWSHAHI DARA,Chief Executive Officer,2026-03-16,2026-03-18,20026,0.0,0.0,A,M,1002570,False,False,False,0001184237-26-000004,https://www.sec.gov/Archives/edgar/data/1543151/000118423726000004/0001184237-26-000004.txt
KHOSROWSHAHI DARA,Chief Executive Officer,2026-03-16,2026-03-18,18898,0.0,0.0,A,M,1021468,False,False,False,0001184237-26-000004,https://www.sec.gov/Archives/edgar/data/1543151/000118423726000004/0001184237-26-000004.txt
KHOSROWSHAHI DARA,Chief Executive Officer,2026-03-16,2026-03-18,33560,0.0,0.0,A,M,1055028,False,False,False,0001184237-26-000004,https://www.sec.gov/Archives/edgar/data/1543151/000118423726000004/0001184237-26-000004.txt
KHOSROWSHAHI DARA,Chief Executive Officer,2026-03-16,2026-03-18,35433,0.0,0.0,A,M,1090461,False,False,False,0001184237-26-000004,https://www.sec.gov/Archives/edgar/data/1543151/000118423726000004/0001184237-26-000004.txt
KHOSROWSHAHI DARA,Chief Executive Officer,2026-03-16,2026-03-18,389041,0.0,0.0,A,M,1479502,False,False,False,0001184237-26-000004,https://www.sec.gov/Archives/edgar/data/1543151/000118423726000004/0001184237-26-000004.txt
KHOSROWSHAHI DARA,Chief Executive Officer,2026-03-16,2026-03-18,10224,74.66,763323.84,D,F,1469278,False,False,False,0001184237-26-000004,https://www.sec.gov/Archives/edgar/data/1543151/000118423726000004/0001184237-26-000004.txt
KHOSROWSHAHI DARA,Chief Executive Officer,2026-03-16,2026-03-18,9648,74.66,720319.68,D,F,1459630,False,False,False,0001184237-26-000004,https://www.sec.gov/Archives/edgar/data/1543151/000118423726000004/0001184237-26-000004.txt
KHOSROWSHAHI DARA,Chief Executive Officer,2026-03-16,2026-03-18,17133,74.66,1279149.78,D,F,1442497,False,False,False,0001184237-26-000004,https://www.sec.gov/Archives/edgar/data/1543151/000118423726000004/0001184237-26-000004.txt
KHOSROWSHAHI DARA,Chief Executive Officer,2026-03-16,2026-03-18,18089,74.66,1350524.74,D,F,1424408,False,False,False,0001184237-26-000004,https://www.sec.gov/Archives/edgar/data/1543151/000118423726000004/0001184237-26-000004.txt
KHOSROWSHAHI DARA,Chief Executive Officer,2026-03-16,2026-03-18,198606,74.66,14827923.96,D,F,1225802,False,False,False,0001184237-26-000004,https://www.sec.gov/Archives/edgar/data/1543151/000118423726000004/0001184237-26-000004.txt
Hazelbaker Jill,See Remarks,2026-03-16,2026-03-18,1465,0.0,0.0,A,M,109555,False,False,False,0001775297-26-000005,https://www.sec.gov/Archives/edgar/data/1543151/000177529726000005/0001775297-26-000005.txt
Hazelbaker Jill,See Remarks,2026-03-16,2026-03-18,1493,0.0,0.0,A,M,111048,False,False,False,0001775297-26-000005,https://www.sec.gov/Archives/edgar/data/1543151/000177529726000005/0001775297-26-000005.txt
Hazelbaker Jill,See Remarks,2026-03-16,2026-03-18,2546,0.0,0.0,A,M,113594,False,False,False,0001775297-26-000005,https://www.sec.gov/Archives/edgar/data/1543151/000177529726000005/0001775297-26-000005.txt
Hazelbaker Jill,See Remarks,2026-03-16,2026-03-18,2689,0.0,0.0,A,M,116283,False,False,False,0001775297-26-000005,https://www.sec.gov/Archives/edgar/data/1543151/000177529726000005/0001775297-26-000005.txt
Hazelbaker Jill,See Remarks,2026-03-16,2026-03-18,88561,0.0,0.0,A,M,204844,False,False,False,0001775297-26-000005,https://www.sec.gov/Archives/edgar/data/1543151/000177529726000005/0001775297-26-000005.txt
Hazelbaker Jill,See Remarks,2026-03-16,2026-03-18,734,74.66,54800.44,D,F,204110,False,False,False,0001775297-26-000005,https://www.sec.gov/Archives/edgar/data/1543151/000177529726000005/0001775297-26-000005.txt
Hazelbaker Jill,See Remarks,2026-03-16,2026-03-18,748,74.66,55845.68,D,F,203362,False,False,False,0001775297-26-000005,https://www.sec.gov/Archives/edgar/data/1543151/000177529726000005/0001775297-26-000005.txt
Hazelbaker Jill,See Remarks,2026-03-16,2026-03-18,1317,74.66,98327.22,D,F,202045,False,False,False,0001775297-26-000005,https://www.sec.gov/Archives/edgar/data/1543151/000177529726000005/0001775297-26-000005.txt
Hazelbaker Jill,See Remarks,2026-03-16,2026-03-18,1448,74.66,108107.68,D,F,200597,False,False,False,0001775297-26-000005,https://www.sec.gov/Archives/edgar/data/1543151/000177529726000005/0001775297-26-000005.txt
Hazelbaker Jill,See Remarks,2026-03-16,2026-03-18,45803,74.66,3419651.98,D,F,154794,False,False,False,0001775297-26-000005,https://www.sec.gov/Archives/edgar/data/1543151/000177529726000005/0001775297-26-000005.txt
Ceremony Glen,See Remarks,2026-03-16,2026-03-18,687,0.0,0.0,A,M,252415,False,False,False,0001525321-26-000004,https://www.sec.gov/Archives/edgar/data/1543151/000152532126000004/0001525321-26-000004.txt
Ceremony Glen,See Remarks,2026-03-16,2026-03-18,699,0.0,0.0,A,M,253114,False,False,False,0001525321-26-000004,https://www.sec.gov/Archives/edgar/data/1543151/000152532126000004/0001525321-26-000004.txt
Ceremony Glen,See Remarks,2026-03-16,2026-03-18,1516,0.0,0.0,A,M,254630,False,False,False,0001525321-26-000004,https://www.sec.gov/Archives/edgar/data/1543151/000152532126000004/0001525321-26-000004.txt
Ceremony Glen,See Remarks,2026-03-16,2026-03-18,1440,0.0,0.0,A,M,256070,False,False,False,0001525321-26-000004,https://www.sec.gov/Archives/edgar/data/1543151/000152532126000004/0001525321-26-000004.txt
Ceremony Glen,See Remarks,2026-03-16,2026-03-18,341,74.66,25459.06,D,F,255729,False,False,False,0001525321-26-000004,https://www.sec.gov/Archives/edgar/data/1543151/000152532126000004/0001525321-26-000004.txt
Ceremony Glen,See Remarks,2026-03-16,2026-03-18,347,74.66,25907.02,D,F,255382,False,False,False,0001525321-26-000004,https://www.sec.gov/Archives/edgar/data/1543151/000152532126000004/0001525321-26-000004.txt
Ceremony Glen,See Remarks,2026-03-16,2026-03-18,752,74.66,56144.32,D,F,254630,False,False,False,0001525321-26-000004,https://www.sec.gov/Archives/edgar/data/1543151/000152532126000004/0001525321-26-000004.txt
Ceremony Glen,See Remarks,2026-03-16,2026-03-18,714,74.66,53307.24,D,F,253916,False,False,False,0001525321-26-000004,https://www.sec.gov/Archives/edgar/data/1543151/000152532126000004/0001525321-26-000004.txt
Krishnamurthy Balaji (A),Chief Financial Officer,2026-02-24,2026-02-24,53,71.32,3779.96,A,P,6342,False,False,False,0002111867-26-000005,https://www.sec.gov/Archives/edgar/data/1543151/000211186726000005/0002111867-26-000005.txt
Krishnamurthy Balaji (A),Chief Financial Officer,2026-02-24,2026-02-24,22400,71.25,1596000.0,A,P,28742,False,False,False,0002111867-26-000005,https://www.sec.gov/Archives/edgar/data/1543151/000211186726000005/0002111867-26-000005.txt
West Tony,See Remarks,2026-02-16,2026-02-18,1282,0.0,0.0,A,M,177866,False,False,False,0001626201-26-000004,https://www.sec.gov/Archives/edgar/data/1543151/000162620126000004/0001626201-26-000004.txt
West Tony,See Remarks,2026-02-16,2026-02-18,1493,0.0,0.0,A,M,179359,False,False,False,0001626201-26-000004,https://www.sec.gov/Archives/edgar/data/1543151/000162620126000004/0001626201-26-000004.txt
West Tony,See Remarks,2026-02-16,2026-02-18,2910,0.0,0.0,A,M,182269,False,False,False,0001626201-26-000004,https://www.sec.gov/Archives/edgar/data/1543151/000162620126000004/0001626201-26-000004.txt
West Tony,See Remarks,2026-02-16,2026-02-18,3072,0.0,0.0,A,M,185341,False,False,False,0001626201-26-000004,https://www.sec.gov/Archives/edgar/data/1543151/000162620126000004/0001626201-26-000004.txt
West Tony,See Remarks,2026-02-16,2026-02-18,636,69.99,44513.64,D,F,184705,False,False,False,0001626201-26-000004,https://www.sec.gov/Archives/edgar/data/1543151/000162620126000004/0001626201-26-000004.txt
West Tony,See Remarks,2026-02-16,2026-02-18,1524,69.99,106664.76,D,F,183181,False,False,False,0001626201-26-000004,https://www.sec.gov/Archives/edgar/data/1543151/000162620126000004/0001626201-26-000004.txt
West Tony,See Remarks,2026-02-16,2026-02-18,741,69.99,51862.59,D,F,182440,False,False,False,0001626201-26-000004,https://www.sec.gov/Archives/edgar/data/1543151/000162620126000004/0001626201-26-000004.txt
West Tony,See Remarks,2026-02-16,2026-02-18,1443,69.99,100995.57,D,F,180997,False,False,False,0001626201-26-000004,https://www.sec.gov/Archives/edgar/data/1543151/000162620126000004/0001626201-26-000004.txt
Mahendra-Rajah Prashanth,CFO,2026-02-16,2026-02-18,859,0.0,0.0,A,M,26050,False,False,False,0001609983-26-000002,https://www.sec.gov/Archives/edgar/data/1543151/000160998326000002/0001609983-26-000002.txt
Mahendra-Rajah Prashanth,CFO,2026-02-16,2026-02-18,2838,0.0,0.0,A,M,28888,False,False,False,0001609983-26-000002,https://www.sec.gov/Archives/edgar/data/1543151/000160998326000002/0001609983-26-000002.txt
Mahendra-Rajah Prashanth,CFO,2026-02-16,2026-02-18,476,69.99,33315.24,D,F,28412,False,False,False,0001609983-26-000002,https://www.sec.gov/Archives/edgar/data/1543151/000160998326000002/0001609983-26-000002.txt
Mahendra-Rajah Prashanth,CFO,2026-02-16,2026-02-18,1570,69.99,109884.3,D,F,26842,False,False,False,0001609983-26-000002,https://www.sec.gov/Archives/edgar/data/1543151/000160998326000002/0001609983-26-000002.txt
Macdonald Andrew,See Remarks,2026-02-16,2026-02-18,2472,0.0,0.0,A,M,264520,False,False,False,0002071761-26-000002,https://www.sec.gov/Archives/edgar/data/1543151/000207176126000002/0002071761-26-000002.txt
Macdonald Andrew,See Remarks,2026-02-16,2026-02-18,2520,0.0,0.0,A,M,267040,False,False,False,0002071761-26-000002,https://www.sec.gov/Archives/edgar/data/1543151/000207176126000002/0002071761-26-000002.txt
Macdonald Andrew,See Remarks,2026-02-16,2026-02-18,4042,0.0,0.0,A,M,271082,False,False,False,0002071761-26-000002,https://www.sec.gov/Archives/edgar/data/1543151/000207176126000002/0002071761-26-000002.txt
Macdonald Andrew,See Remarks,2026-02-16,2026-02-18,3841,0.0,0.0,A,M,274923,False,False,False,0002071761-26-000002,https://www.sec.gov/Archives/edgar/data/1543151/000207176126000002/0002071761-26-000002.txt
Macdonald Andrew,See Remarks,2026-02-16,2026-02-18,1382,69.99,96726.18,D,F,273541,False,False,False,0002071761-26-000002,https://www.sec.gov/Archives/edgar/data/1543151/000207176126000002/0002071761-26-000002.txt
Macdonald Andrew,See Remarks,2026-02-16,2026-02-18,1409,69.99,98615.91,D,F,272132,False,False,False,0002071761-26-000002,https://www.sec.gov/Archives/edgar/data/1543151/000207176126000002/0002071761-26-000002.txt
Macdonald Andrew,See Remarks,2026-02-16,2026-02-18,2259,69.99,158107.41,D,F,269873,False,False,False,0002071761-26-000002,https://www.sec.gov/Archives/edgar/data/1543151/000207176126000002/0002071761-26-000002.txt
Macdonald Andrew,See Remarks,2026-02-16,2026-02-18,2147,69.99,150268.53,D,F,267726,False,False,False,0002071761-26-000002,https://www.sec.gov/Archives/edgar/data/1543151/000207176126000002/0002071761-26-000002.txt
Krishnamurthy Nikki,SVP and Chief People Officer,2026-02-16,2026-02-18,1190,0.0,0.0,A,M,441471,False,False,False,0001775389-26-000002,https://www.sec.gov/Archives/edgar/data/1543151/000177538926000002/0001775389-26-000002.txt
Krishnamurthy Nikki,SVP and Chief People Officer,2026-02-16,2026-02-18,1120,0.0,0.0,A,M,442591,False,False,False,0001775389-26-000002,https://www.sec.gov/Archives/edgar/data/1543151/000177538926000002/0001775389-26-000002.txt
Krishnamurthy Nikki,SVP and Chief People Officer,2026-02-16,2026-02-18,2001,0.0,0.0,A,M,444592,False,False,False,0001775389-26-000002,https://www.sec.gov/Archives/edgar/data/1543151/000177538926000002/0001775389-26-000002.txt
Krishnamurthy Nikki,SVP and Chief People Officer,2026-02-16,2026-02-18,2112,0.0,0.0,A,M,446704,False,False,False,0001775389-26-000002,https://www.sec.gov/Archives/edgar/data/1543151/000177538926000002/0001775389-26-000002.txt
Krishnamurthy Nikki,SVP and Chief People Officer,2026-02-16,2026-02-18,297,69.99,20787.03,D,F,446407,False,False,False,0001775389-26-000002,https://www.sec.gov/Archives/edgar/data/1543151/000177538926000002/0001775389-26-000002.txt
Krishnamurthy Nikki,SVP and Chief People Officer,2026-02-16,2026-02-18,280,69.99,19597.2,D,F,446127,False,False,False,0001775389-26-000002,https://www.sec.gov/Archives/edgar/data/1543151/000177538926000002/0001775389-26-000002.txt
Krishnamurthy Nikki,SVP and Chief People Officer,2026-02-16,2026-02-18,499,69.99,34925.01,D,F,445628,False,False,False,0001775389-26-000002,https://www.sec.gov/Archives/edgar/data/1543151/000177538926000002/0001775389-26-000002.txt
Krishnamurthy Nikki,SVP and Chief People Officer,2026-02-16,2026-02-18,527,69.99,36884.73,D,F,445101,False,False,False,0001775389-26-000002,https://www.sec.gov/Archives/edgar/data/1543151/000177538926000002/0001775389-26-000002.txt
Krishnamurthy Balaji (A),Chief Financial Officer,2026-02-16,2026-02-18,686,0.0,0.0,A,M,5036,False,False,False,0002111867-26-000004,https://www.sec.gov/Archives/edgar/data/1543151/000211186726000004/0002111867-26-000004.txt
Krishnamurthy Balaji (A),Chief Financial Officer,2026-02-16,2026-02-18,490,0.0,0.0,A,M,5526,False,False,False,0002111867-26-000004,https://www.sec.gov/Archives/edgar/data/1543151/000211186726000004/0002111867-26-000004.txt
Krishnamurthy Balaji (A),Chief Financial Officer,2026-02-16,2026-02-18,1158,0.0,0.0,A,M,6684,False,False,False,0002111867-26-000004,https://www.sec.gov/Archives/edgar/data/1543151/000211186726000004/0002111867-26-000004.txt
Krishnamurthy Balaji (A),Chief Financial Officer,2026-02-16,2026-02-18,607,0.0,0.0,A,M,7291,False,False,False,0002111867-26-000004,https://www.sec.gov/Archives/edgar/data/1543151/000211186726000004/0002111867-26-000004.txt
Krishnamurthy Balaji (A),Chief Financial Officer,2026-02-16,2026-02-18,345,0.0,0.0,A,M,7636,False,False,False,0002111867-26-000004,https://www.sec.gov/Archives/edgar/data/1543151/000211186726000004/0002111867-26-000004.txt
Krishnamurthy Balaji (A),Chief Financial Officer,2026-02-16,2026-02-18,238,69.99,16657.62,D,F,7398,False,False,False,0002111867-26-000004,https://www.sec.gov/Archives/edgar/data/1543151/000211186726000004/0002111867-26-000004.txt
Krishnamurthy Balaji (A),Chief Financial Officer,2026-02-16,2026-02-18,173,69.99,12108.27,D,F,7225,False,False,False,0002111867-26-000004,https://www.sec.gov/Archives/edgar/data/1543151/000211186726000004/0002111867-26-000004.txt
Krishnamurthy Balaji (A),Chief Financial Officer,2026-02-16,2026-02-18,481,69.99,33665.19,D,F,6744,False,False,False,0002111867-26-000004,https://www.sec.gov/Archives/edgar/data/1543151/000211186726000004/0002111867-26-000004.txt
Krishnamurthy Balaji (A),Chief Financial Officer,2026-02-16,2026-02-18,279,69.99,19527.21,D,F,6465,False,False,False,0002111867-26-000004,https://www.sec.gov/Archives/edgar/data/1543151/000211186726000004/0002111867-26-000004.txt
Krishnamurthy Balaji (A),Chief Financial Officer,2026-02-16,2026-02-18,176,69.99,12318.24,D,F,6289,False,False,False,0002111867-26-000004,https://www.sec.gov/Archives/edgar/data/1543151/000211186726000004/0002111867-26-000004.txt
Hazelbaker Jill,See Remarks,2026-02-16,2026-02-18,1465,0.0,0.0,A,M,105613,False,False,False,0001775297-26-000003,https://www.sec.gov/Archives/edgar/data/1543151/000177529726000003/0001775297-26-000003.txt
Hazelbaker Jill,See Remarks,2026-02-16,2026-02-18,1493,0.0,0.0,A,M,107106,False,False,False,0001775297-26-000003,https://www.sec.gov/Archives/edgar/data/1543151/000177529726000003/0001775297-26-000003.txt
Hazelbaker Jill,See Remarks,2026-02-16,2026-02-18,2547,0.0,0.0,A,M,109653,False,False,False,0001775297-26-000003,https://www.sec.gov/Archives/edgar/data/1543151/000177529726000003/0001775297-26-000003.txt
Hazelbaker Jill,See Remarks,2026-02-16,2026-02-18,2688,0.0,0.0,A,M,112341,False,False,False,0001775297-26-000003,https://www.sec.gov/Archives/edgar/data/1543151/000177529726000003/0001775297-26-000003.txt
Hazelbaker Jill,See Remarks,2026-02-16,2026-02-18,734,69.99,51372.66,D,F,111607,False,False,False,0001775297-26-000003,https://www.sec.gov/Archives/edgar/data/1543151/000177529726000003/0001775297-26-000003.txt
Hazelbaker Jill,See Remarks,2026-02-16,2026-02-18,748,69.99,52352.52,D,F,110859,False,False,False,0001775297-26-000003,https://www.sec.gov/Archives/edgar/data/1543151/000177529726000003/0001775297-26-000003.txt
Hazelbaker Jill,See Remarks,2026-02-16,2026-02-18,1319,69.99,92316.81,D,F,109540,False,False,False,0001775297-26-000003,https://www.sec.gov/Archives/edgar/data/1543151/000177529726000003/0001775297-26-000003.txt
Hazelbaker Jill,See Remarks,2026-02-16,2026-02-18,1450,69.99,101485.5,D,F,108090,False,False,False,0001775297-26-000003,https://www.sec.gov/Archives/edgar/data/1543151/000177529726000003/0001775297-26-000003.txt
Ceremony Glen,See Remarks,2026-02-16,2026-02-18,686,0.0,0.0,A,M,249576,False,False,False,0001525321-26-000002,https://www.sec.gov/Archives/edgar/data/1543151/000152532126000002/0001525321-26-000002.txt
Ceremony Glen,See Remarks,2026-02-16,2026-02-18,700,0.0,0.0,A,M,250276,False,False,False,0001525321-26-000002,https://www.sec.gov/Archives/edgar/data/1543151/000152532126000002/0001525321-26-000002.txt
Ceremony Glen,See Remarks,2026-02-16,2026-02-18,1515,0.0,0.0,A,M,251791,False,False,False,0001525321-26-000002,https://www.sec.gov/Archives/edgar/data/1543151/000152532126000002/0001525321-26-000002.txt
Ceremony Glen,See Remarks,2026-02-16,2026-02-18,1441,0.0,0.0,A,M,253232,False,False,False,0001525321-26-000002,https://www.sec.gov/Archives/edgar/data/1543151/000152532126000002/0001525321-26-000002.txt
Ceremony Glen,See Remarks,2026-02-16,2026-02-18,238,69.99,16657.62,D,F,252994,False,False,False,0001525321-26-000002,https://www.sec.gov/Archives/edgar/data/1543151/000152532126000002/0001525321-26-000002.txt
Ceremony Glen,See Remarks,2026-02-16,2026-02-18,243,69.99,17007.57,D,F,252751,False,False,False,0001525321-26-000002,https://www.sec.gov/Archives/edgar/data/1543151/000152532126000002/0001525321-26-000002.txt
Ceremony Glen,See Remarks,2026-02-16,2026-02-18,499,69.99,34925.01,D,F,252252,False,False,False,0001525321-26-000002,https://www.sec.gov/Archives/edgar/data/1543151/000152532126000002/0001525321-26-000002.txt
Ceremony Glen,See Remarks,2026-02-16,2026-02-18,524,69.99,36674.76,D,F,251728,False,False,False,0001525321-26-000002,https://www.sec.gov/Archives/edgar/data/1543151/000152532126000002/0001525321-26-000002.txt
Hazelbaker Jill,See Remarks,2026-02-10,2026-02-12,1520,0.0,0.0,D,G,104148,False,False,False,0001775297-26-000002,https://www.sec.gov/Archives/edgar/data/1543151/000177529726000002/0001775297-26-000002.txt
Hazelbaker Jill,See Remarks,2026-02-10,2026-02-12,1520,0.0,0.0,A,G,11974,False,False,False,0001775297-26-000002,https://www.sec.gov/Archives/edgar/data/1543151/000177529726000002/0001775297-26-000002.txt
West Tony,See Remarks,2026-01-20,2026-01-21,3125,83.5,260937.5,D,S,176584,False,False,False,0001626201-26-000003,https://www.sec.gov/Archives/edgar/data/1543151/000162620126000003/0001626201-26-000003.txt
West Tony,See Remarks,2026-01-16,2026-01-21,1282,0.0,0.0,A,M,176705,False,False,False,0001626201-26-000003,https://www.sec.gov/Archives/edgar/data/1543151/000162620126000003/0001626201-26-000003.txt
West Tony,See Remarks,2026-01-16,2026-01-21,1494,0.0,0.0,A,M,178199,False,False,False,0001626201-26-000003,https://www.sec.gov/Archives/edgar/data/1543151/000162620126000003/0001626201-26-000003.txt
West Tony,See Remarks,2026-01-16,2026-01-21,2910,0.0,0.0,A,M,181109,False,False,False,0001626201-26-000003,https://www.sec.gov/Archives/edgar/data/1543151/000162620126000003/0001626201-26-000003.txt
West Tony,See Remarks,2026-01-16,2026-01-21,3073,0.0,0.0,A,M,184182,False,False,False,0001626201-26-000003,https://www.sec.gov/Archives/edgar/data/1543151/000162620126000003/0001626201-26-000003.txt
West Tony,See Remarks,2026-01-16,2026-01-21,636,84.85,53964.6,D,F,183546,False,False,False,0001626201-26-000003,https://www.sec.gov/Archives/edgar/data/1543151/000162620126000003/0001626201-26-000003.txt
West Tony,See Remarks,2026-01-16,2026-01-21,741,84.85,62873.85,D,F,182805,False,False,False,0001626201-26-000003,https://www.sec.gov/Archives/edgar/data/1543151/000162620126000003/0001626201-26-000003.txt
West Tony,See Remarks,2026-01-16,2026-01-21,1443,84.85,122438.55,D,F,181362,False,False,False,0001626201-26-000003,https://www.sec.gov/Archives/edgar/data/1543151/000162620126000003/0001626201-26-000003.txt
West Tony,See Remarks,2026-01-16,2026-01-21,1653,84.85,140257.05,D,F,179709,False,False,False,0001626201-26-000003,https://www.sec.gov/Archives/edgar/data/1543151/000162620126000003/0001626201-26-000003.txt
THAIN JOHN A,,2026-01-16,2026-01-21,297,0.0,0.0,A,M,182447,False,False,False,0001090355-26-000002,https://www.sec.gov/Archives/edgar/data/1543151/000109035526000002/0001090355-26-000002.txt
Mahendra-Rajah Prashanth,CFO,2026-01-16,2026-01-21,858,0.0,0.0,A,M,24491,False,False,False,0001609983-26-000001,https://www.sec.gov/Archives/edgar/data/1543151/000160998326000001/0001609983-26-000001.txt
Mahendra-Rajah Prashanth,CFO,2026-01-16,2026-01-21,2838,0.0,0.0,A,M,27329,False,False,False,0001609983-26-000001,https://www.sec.gov/Archives/edgar/data/1543151/000160998326000001/0001609983-26-000001.txt
Mahendra-Rajah Prashanth,CFO,2026-01-16,2026-01-21,475,84.85,40303.75,D,F,26854,False,False,False,0001609983-26-000001,https://www.sec.gov/Archives/edgar/data/1543151/000160998326000001/0001609983-26-000001.txt
Mahendra-Rajah Prashanth,CFO,2026-01-16,2026-01-21,1663,84.85,141105.55,D,F,25191,False,False,False,0001609983-26-000001,https://www.sec.gov/Archives/edgar/data/1543151/000160998326000001/0001609983-26-000001.txt
Macdonald Andrew,See Remarks,2026-01-16,2026-01-21,2472,0.0,0.0,A,M,258932,False,False,False,0002071761-26-000001,https://www.sec.gov/Archives/edgar/data/1543151/000207176126000001/0002071761-26-000001.txt
Macdonald Andrew,See Remarks,2026-01-16,2026-01-21,2520,0.0,0.0,A,M,261452,False,False,False,0002071761-26-000001,https://www.sec.gov/Archives/edgar/data/1543151/000207176126000001/0002071761-26-000001.txt
Macdonald Andrew,See Remarks,2026-01-16,2026-01-21,4042,0.0,0.0,A,M,265494,False,False,False,0002071761-26-000001,https://www.sec.gov/Archives/edgar/data/1543151/000207176126000001/0002071761-26-000001.txt
Macdonald Andrew,See Remarks,2026-01-16,2026-01-21,3841,0.0,0.0,A,M,269335,False,False,False,0002071761-26-000001,https://www.sec.gov/Archives/edgar/data/1543151/000207176126000001/0002071761-26-000001.txt
Macdonald Andrew,See Remarks,2026-01-16,2026-01-21,1382,84.85,117262.7,D,F,267953,False,False,False,0002071761-26-000001,https://www.sec.gov/Archives/edgar/data/1543151/000207176126000001/0002071761-26-000001.txt
Macdonald Andrew,See Remarks,2026-01-16,2026-01-21,1409,84.85,119553.65,D,F,266544,False,False,False,0002071761-26-000001,https://www.sec.gov/Archives/edgar/data/1543151/000207176126000001/0002071761-26-000001.txt
Macdonald Andrew,See Remarks,2026-01-16,2026-01-21,2259,84.85,191676.15,D,F,264285,False,False,False,0002071761-26-000001,https://www.sec.gov/Archives/edgar/data/1543151/000207176126000001/0002071761-26-000001.txt
Macdonald Andrew,See Remarks,2026-01-16,2026-01-21,2237,84.85,189809.45,D,F,262048,False,False,False,0002071761-26-000001,https://www.sec.gov/Archives/edgar/data/1543151/000207176126000001/0002071761-26-000001.txt
Krishnamurthy Nikki,SVP and Chief People Officer,2026-01-16,2026-01-21,1191,0.0,0.0,A,M,436745,False,False,False,0001775389-26-000001,https://www.sec.gov/Archives/edgar/data/1543151/000177538926000001/0001775389-26-000001.txt
Krishnamurthy Nikki,SVP and Chief People Officer,2026-01-16,2026-01-21,1120,0.0,0.0,A,M,437865,False,False,False,0001775389-26-000001,https://www.sec.gov/Archives/edgar/data/1543151/000177538926000001/0001775389-26-000001.txt
Krishnamurthy Nikki,SVP and Chief People Officer,2026-01-16,2026-01-21,2001,0.0,0.0,A,M,439866,False,False,False,0001775389-26-000001,https://www.sec.gov/Archives/edgar/data/1543151/000177538926000001/0001775389-26-000001.txt
Krishnamurthy Nikki,SVP and Chief People Officer,2026-01-16,2026-01-21,2113,0.0,0.0,A,M,441979,False,False,False,0001775389-26-000001,https://www.sec.gov/Archives/edgar/data/1543151/000177538926000001/0001775389-26-000001.txt
Krishnamurthy Nikki,SVP and Chief People Officer,2026-01-16,2026-01-21,297,84.85,25200.45,D,F,441682,False,False,False,0001775389-26-000001,https://www.sec.gov/Archives/edgar/data/1543151/000177538926000001/0001775389-26-000001.txt
Krishnamurthy Nikki,SVP and Chief People Officer,2026-01-16,2026-01-21,280,84.85,23758.0,D,F,441402,False,False,False,0001775389-26-000001,https://www.sec.gov/Archives/edgar/data/1543151/000177538926000001/0001775389-26-000001.txt
Krishnamurthy Nikki,SVP and Chief People Officer,2026-01-16,2026-01-21,499,84.85,42340.15,D,F,440903,False,False,False,0001775389-26-000001,https://www.sec.gov/Archives/edgar/data/1543151/000177538926000001/0001775389-26-000001.txt
Krishnamurthy Nikki,SVP and Chief People Officer,2026-01-16,2026-01-21,622,84.85,52776.7,D,F,440281,False,False,False,0001775389-26-000001,https://www.sec.gov/Archives/edgar/data/1543151/000177538926000001/0001775389-26-000001.txt
Hazelbaker Jill,See Remarks,2026-01-16,2026-01-21,1465,0.0,0.0,A,M,102713,False,False,False,0001775297-26-000001,https://www.sec.gov/Archives/edgar/data/1543151/000177529726000001/0001775297-26-000001.txt
Hazelbaker Jill,See Remarks,2026-01-16,2026-01-21,1494,0.0,0.0,A,M,104207,False,False,False,0001775297-26-000001,https://www.sec.gov/Archives/edgar/data/1543151/000177529726000001/0001775297-26-000001.txt
Hazelbaker Jill,See Remarks,2026-01-16,2026-01-21,2546,0.0,0.0,A,M,106753,False,False,False,0001775297-26-000001,https://www.sec.gov/Archives/edgar/data/1543151/000177529726000001/0001775297-26-000001.txt
Hazelbaker Jill,See Remarks,2026-01-16,2026-01-21,2689,0.0,0.0,A,M,109442,False,False,False,0001775297-26-000001,https://www.sec.gov/Archives/edgar/data/1543151/000177529726000001/0001775297-26-000001.txt
Hazelbaker Jill,See Remarks,2026-01-16,2026-01-21,632,84.85,53625.2,D,F,108810,False,False,False,0001775297-26-000001,https://www.sec.gov/Archives/edgar/data/1543151/000177529726000001/0001775297-26-000001.txt
Hazelbaker Jill,See Remarks,2026-01-16,2026-01-21,644,84.85,54643.4,D,F,108166,False,False,False,0001775297-26-000001,https://www.sec.gov/Archives/edgar/data/1543151/000177529726000001/0001775297-26-000001.txt
Hazelbaker Jill,See Remarks,2026-01-16,2026-01-21,1141,84.85,96813.85,D,F,107025,False,False,False,0001775297-26-000001,https://www.sec.gov/Archives/edgar/data/1543151/000177529726000001/0001775297-26-000001.txt
Hazelbaker Jill,See Remarks,2026-01-16,2026-01-21,1357,84.85,115141.45,D,F,105668,False,False,False,0001775297-26-000001,https://www.sec.gov/Archives/edgar/data/1543151/000177529726000001/0001775297-26-000001.txt
Ceremony Glen,See Remarks,2026-01-16,2026-01-21,687,0.0,0.0,A,M,246875,False,False,False,0001525321-26-000001,https://www.sec.gov/Archives/edgar/data/1543151/000152532126000001/0001525321-26-000001.txt
Ceremony Glen,See Remarks,2026-01-16,2026-01-21,700,0.0,0.0,A,M,247575,False,False,False,0001525321-26-000001,https://www.sec.gov/Archives/edgar/data/1543151/000152532126000001/0001525321-26-000001.txt
Ceremony Glen,See Remarks,2026-01-16,2026-01-21,1516,0.0,0.0,A,M,249091,False,False,False,0001525321-26-000001,https://www.sec.gov/Archives/edgar/data/1543151/000152532126000001/0001525321-26-000001.txt
Ceremony Glen,See Remarks,2026-01-16,2026-01-21,1440,0.0,0.0,A,M,250531,False,False,False,0001525321-26-000001,https://www.sec.gov/Archives/edgar/data/1543151/000152532126000001/0001525321-26-000001.txt
Ceremony Glen,See Remarks,2026-01-16,2026-01-21,238,84.85,20194.3,D,F,250293,False,False,False,0001525321-26-000001,https://www.sec.gov/Archives/edgar/data/1543151/000152532126000001/0001525321-26-000001.txt
Ceremony Glen,See Remarks,2026-01-16,2026-01-21,243,84.85,20618.55,D,F,250050,False,False,False,0001525321-26-000001,https://www.sec.gov/Archives/edgar/data/1543151/000152532126000001/0001525321-26-000001.txt
Ceremony Glen,See Remarks,2026-01-16,2026-01-21,625,84.85,53031.25,D,F,249425,False,False,False,0001525321-26-000001,https://www.sec.gov/Archives/edgar/data/1543151/000152532126000001/0001525321-26-000001.txt
Ceremony Glen,See Remarks,2026-01-16,2026-01-21,535,84.85,45394.75,D,F,248890,False,False,False,0001525321-26-000001,https://www.sec.gov/Archives/edgar/data/1543151/000152532126000001/0001525321-26-000001.txt
Macdonald Andrew,See Remarks,2025-12-23,2025-12-29,125000,42.52,5315000.0,A,M,339736,False,False,False,0002071761-25-000006,https://www.sec.gov/Archives/edgar/data/1543151/000207176125000006/0002071761-25-000006.txt
Macdonald Andrew,See Remarks,2025-12-23,2025-12-29,83276,80.97,6742857.72,D,F,256460,False,False,False,0002071761-25-000006,https://www.sec.gov/Archives/edgar/data/1543151/000207176125000006/0002071761-25-000006.txt
West Tony,See Remarks,2025-12-18,2025-12-18,3125,80.36,251125.0,D,S,175423,False,False,False,0001626201-25-000011,https://www.sec.gov/Archives/edgar/data/1543151/000162620125000011/0001626201-25-000011.txt
West Tony,See Remarks,2025-12-16,2025-12-18,1281,0.0,0.0,A,M,175416,False,False,False,0001626201-25-000011,https://www.sec.gov/Archives/edgar/data/1543151/000162620125000011/0001626201-25-000011.txt
West Tony,See Remarks,2025-12-16,2025-12-18,1493,0.0,0.0,A,M,176909,False,False,False,0001626201-25-000011,https://www.sec.gov/Archives/edgar/data/1543151/000162620125000011/0001626201-25-000011.txt
West Tony,See Remarks,2025-12-16,2025-12-18,2911,0.0,0.0,A,M,179820,False,False,False,0001626201-25-000011,https://www.sec.gov/Archives/edgar/data/1543151/000162620125000011/0001626201-25-000011.txt
West Tony,See Remarks,2025-12-16,2025-12-18,3073,0.0,0.0,A,M,182893,False,False,False,0001626201-25-000011,https://www.sec.gov/Archives/edgar/data/1543151/000162620125000011/0001626201-25-000011.txt
West Tony,See Remarks,2025-12-16,2025-12-18,636,80.92,51465.12,D,F,182257,False,False,False,0001626201-25-000011,https://www.sec.gov/Archives/edgar/data/1543151/000162620125000011/0001626201-25-000011.txt
West Tony,See Remarks,2025-12-16,2025-12-18,741,80.92,59961.72,D,F,181516,False,False,False,0001626201-25-000011,https://www.sec.gov/Archives/edgar/data/1543151/000162620125000011/0001626201-25-000011.txt
West Tony,See Remarks,2025-12-16,2025-12-18,1444,80.92,116848.48,D,F,180072,False,False,False,0001626201-25-000011,https://www.sec.gov/Archives/edgar/data/1543151/000162620125000011/0001626201-25-000011.txt
West Tony,See Remarks,2025-12-16,2025-12-18,1524,80.92,123322.08,D,F,178548,False,False,False,0001626201-25-000011,https://www.sec.gov/Archives/edgar/data/1543151/000162620125000011/0001626201-25-000011.txt
Mahendra-Rajah Prashanth,CFO,2025-12-16,2025-12-18,858,0.0,0.0,A,M,22839,False,False,False,0001609983-25-000012,https://www.sec.gov/Archives/edgar/data/1543151/000160998325000012/0001609983-25-000012.txt
Mahendra-Rajah Prashanth,CFO,2025-12-16,2025-12-18,2839,0.0,0.0,A,M,25678,False,False,False,0001609983-25-000012,https://www.sec.gov/Archives/edgar/data/1543151/000160998325000012/0001609983-25-000012.txt
Mahendra-Rajah Prashanth,CFO,2025-12-16,2025-12-18,475,80.92,38437.0,D,F,25203,False,False,False,0001609983-25-000012,https://www.sec.gov/Archives/edgar/data/1543151/000160998325000012/0001609983-25-000012.txt
Mahendra-Rajah Prashanth,CFO,2025-12-16,2025-12-18,1570,80.92,127044.4,D,F,23633,False,False,False,0001609983-25-000012,https://www.sec.gov/Archives/edgar/data/1543151/000160998325000012/0001609983-25-000012.txt
Macdonald Andrew,See Remarks,2025-12-16,2025-12-18,2473,0.0,0.0,A,M,211530,False,False,False,0002071761-25-000005,https://www.sec.gov/Archives/edgar/data/1543151/000207176125000005/0002071761-25-000005.txt
Macdonald Andrew,See Remarks,2025-12-16,2025-12-18,2520,0.0,0.0,A,M,214050,False,False,False,0002071761-25-000005,https://www.sec.gov/Archives/edgar/data/1543151/000207176125000005/0002071761-25-000005.txt
Macdonald Andrew,See Remarks,2025-12-16,2025-12-18,4043,0.0,0.0,A,M,218093,False,False,False,0002071761-25-000005,https://www.sec.gov/Archives/edgar/data/1543151/000207176125000005/0002071761-25-000005.txt
Macdonald Andrew,See Remarks,2025-12-16,2025-12-18,3841,0.0,0.0,A,M,221934,False,False,False,0002071761-25-000005,https://www.sec.gov/Archives/edgar/data/1543151/000207176125000005/0002071761-25-000005.txt
Macdonald Andrew,See Remarks,2025-12-16,2025-12-18,1382,80.92,111831.44,D,F,220552,False,False,False,0002071761-25-000005,https://www.sec.gov/Archives/edgar/data/1543151/000207176125000005/0002071761-25-000005.txt
Macdonald Andrew,See Remarks,2025-12-16,2025-12-18,1409,80.92,114016.28,D,F,219143,False,False,False,0002071761-25-000005,https://www.sec.gov/Archives/edgar/data/1543151/000207176125000005/0002071761-25-000005.txt
Macdonald Andrew,See Remarks,2025-12-16,2025-12-18,2260,80.92,182879.2,D,F,216883,False,False,False,0002071761-25-000005,https://www.sec.gov/Archives/edgar/data/1543151/000207176125000005/0002071761-25-000005.txt
Macdonald Andrew,See Remarks,2025-12-16,2025-12-18,2147,80.92,173735.24,D,F,214736,False,False,False,0002071761-25-000005,https://www.sec.gov/Archives/edgar/data/1543151/000207176125000005/0002071761-25-000005.txt
Krishnamurthy Nikki,SVP and Chief People Officer,2025-12-16,2025-12-18,1190,0.0,0.0,A,M,432888,False,False,False,0001775389-25-000007,https://www.sec.gov/Archives/edgar/data/1543151/000177538925000007/0001775389-25-000007.txt
Krishnamurthy Nikki,SVP and Chief People Officer,2025-12-16,2025-12-18,1120,0.0,0.0,A,M,434008,False,False,False,0001775389-25-000007,https://www.sec.gov/Archives/edgar/data/1543151/000177538925000007/0001775389-25-000007.txt
Krishnamurthy Nikki,SVP and Chief People Officer,2025-12-16,2025-12-18,2001,0.0,0.0,A,M,436009,False,False,False,0001775389-25-000007,https://www.sec.gov/Archives/edgar/data/1543151/000177538925000007/0001775389-25-000007.txt
Krishnamurthy Nikki,SVP and Chief People Officer,2025-12-16,2025-12-18,2112,0.0,0.0,A,M,438121,False,False,False,0001775389-25-000007,https://www.sec.gov/Archives/edgar/data/1543151/000177538925000007/0001775389-25-000007.txt
Krishnamurthy Nikki,SVP and Chief People Officer,2025-12-16,2025-12-18,476,80.92,38517.92,D,F,437645,False,False,False,0001775389-25-000007,https://www.sec.gov/Archives/edgar/data/1543151/000177538925000007/0001775389-25-000007.txt
Krishnamurthy Nikki,SVP and Chief People Officer,2025-12-16,2025-12-18,448,80.92,36252.16,D,F,437197,False,False,False,0001775389-25-000007,https://www.sec.gov/Archives/edgar/data/1543151/000177538925000007/0001775389-25-000007.txt
Krishnamurthy Nikki,SVP and Chief People Officer,2025-12-16,2025-12-18,799,80.92,64655.08,D,F,436398,False,False,False,0001775389-25-000007,https://www.sec.gov/Archives/edgar/data/1543151/000177538925000007/0001775389-25-000007.txt
Krishnamurthy Nikki,SVP and Chief People Officer,2025-12-16,2025-12-18,844,80.92,68296.48,D,F,435554,False,False,False,0001775389-25-000007,https://www.sec.gov/Archives/edgar/data/1543151/000177538925000007/0001775389-25-000007.txt
Hazelbaker Jill,See Remarks,2025-12-16,2025-12-18,1465,0.0,0.0,A,M,98777,False,False,False,0001775297-25-000008,https://www.sec.gov/Archives/edgar/data/1543151/000177529725000008/0001775297-25-000008.txt
Hazelbaker Jill,See Remarks,2025-12-16,2025-12-18,1493,0.0,0.0,A,M,100270,False,False,False,0001775297-25-000008,https://www.sec.gov/Archives/edgar/data/1543151/000177529725000008/0001775297-25-000008.txt
Hazelbaker Jill,See Remarks,2025-12-16,2025-12-18,2547,0.0,0.0,A,M,102817,False,False,False,0001775297-25-000008,https://www.sec.gov/Archives/edgar/data/1543151/000177529725000008/0001775297-25-000008.txt
Hazelbaker Jill,See Remarks,2025-12-16,2025-12-18,2689,0.0,0.0,A,M,105506,False,False,False,0001775297-25-000008,https://www.sec.gov/Archives/edgar/data/1543151/000177529725000008/0001775297-25-000008.txt
Hazelbaker Jill,See Remarks,2025-12-16,2025-12-18,734,80.92,59395.28,D,F,104772,False,False,False,0001775297-25-000008,https://www.sec.gov/Archives/edgar/data/1543151/000177529725000008/0001775297-25-000008.txt
Hazelbaker Jill,See Remarks,2025-12-16,2025-12-18,748,80.92,60528.16,D,F,104024,False,False,False,0001775297-25-000008,https://www.sec.gov/Archives/edgar/data/1543151/000177529725000008/0001775297-25-000008.txt
Hazelbaker Jill,See Remarks,2025-12-16,2025-12-18,1321,80.92,106895.32,D,F,102703,False,False,False,0001775297-25-000008,https://www.sec.gov/Archives/edgar/data/1543151/000177529725000008/0001775297-25-000008.txt
Hazelbaker Jill,See Remarks,2025-12-16,2025-12-18,1455,80.92,117738.6,D,F,101248,False,False,False,0001775297-25-000008,https://www.sec.gov/Archives/edgar/data/1543151/000177529725000008/0001775297-25-000008.txt
Ceremony Glen,See Remarks,2025-12-16,2025-12-18,687,0.0,0.0,A,M,244687,False,False,False,0001525321-25-000007,https://www.sec.gov/Archives/edgar/data/1543151/000152532125000007/0001525321-25-000007.txt
Ceremony Glen,See Remarks,2025-12-16,2025-12-18,700,0.0,0.0,A,M,245387,False,False,False,0001525321-25-000007,https://www.sec.gov/Archives/edgar/data/1543151/000152532125000007/0001525321-25-000007.txt
Ceremony Glen,See Remarks,2025-12-16,2025-12-18,1516,0.0,0.0,A,M,246903,False,False,False,0001525321-25-000007,https://www.sec.gov/Archives/edgar/data/1543151/000152532125000007/0001525321-25-000007.txt
Ceremony Glen,See Remarks,2025-12-16,2025-12-18,1440,0.0,0.0,A,M,248343,False,False,False,0001525321-25-000007,https://www.sec.gov/Archives/edgar/data/1543151/000152532125000007/0001525321-25-000007.txt
Ceremony Glen,See Remarks,2025-12-16,2025-12-18,341,80.92,27593.72,D,F,248002,False,False,False,0001525321-25-000007,https://www.sec.gov/Archives/edgar/data/1543151/000152532125000007/0001525321-25-000007.txt
Ceremony Glen,See Remarks,2025-12-16,2025-12-18,348,80.92,28160.16,D,F,247654,False,False,False,0001525321-25-000007,https://www.sec.gov/Archives/edgar/data/1543151/000152532125000007/0001525321-25-000007.txt
Ceremony Glen,See Remarks,2025-12-16,2025-12-18,752,80.92,60851.84,D,F,246902,False,False,False,0001525321-25-000007,https://www.sec.gov/Archives/edgar/data/1543151/000152532125000007/0001525321-25-000007.txt
Ceremony Glen,See Remarks,2025-12-16,2025-12-18,714,80.92,57776.88,D,F,246188,False,False,False,0001525321-25-000007,https://www.sec.gov/Archives/edgar/data/1543151/000152532125000007/0001525321-25-000007.txt
Hazelbaker Jill,See Remarks,2025-12-04,2025-12-08,1000,0.0,0.0,D,G,97312,False,False,False,0001775297-25-000007,https://www.sec.gov/Archives/edgar/data/1543151/000177529725000007/0001775297-25-000007.txt
West Tony,See Remarks,2025-11-18,2025-11-18,3125,92.1,287812.5,D,S,174135,False,False,False,0001626201-25-000010,https://www.sec.gov/Archives/edgar/data/1543151/000162620125000010/0001626201-25-000010.txt
West Tony,See Remarks,2025-11-16,2025-11-18,1282,0.0,0.0,A,M,174128,False,False,False,0001626201-25-000010,https://www.sec.gov/Archives/edgar/data/1543151/000162620125000010/0001626201-25-000010.txt
West Tony,See Remarks,2025-11-16,2025-11-18,1493,0.0,0.0,A,M,175621,False,False,False,0001626201-25-000010,https://www.sec.gov/Archives/edgar/data/1543151/000162620125000010/0001626201-25-000010.txt
West Tony,See Remarks,2025-11-16,2025-11-18,2910,0.0,0.0,A,M,178531,False,False,False,0001626201-25-000010,https://www.sec.gov/Archives/edgar/data/1543151/000162620125000010/0001626201-25-000010.txt
West Tony,See Remarks,2025-11-16,2025-11-18,3073,0.0,0.0,A,M,181604,False,False,False,0001626201-25-000010,https://www.sec.gov/Archives/edgar/data/1543151/000162620125000010/0001626201-25-000010.txt
West Tony,See Remarks,2025-11-16,2025-11-18,636,91.62,58270.32,D,F,180968,False,False,False,0001626201-25-000010,https://www.sec.gov/Archives/edgar/data/1543151/000162620125000010/0001626201-25-000010.txt
West Tony,See Remarks,2025-11-16,2025-11-18,741,91.62,67890.42,D,F,180227,False,False,False,0001626201-25-000010,https://www.sec.gov/Archives/edgar/data/1543151/000162620125000010/0001626201-25-000010.txt
West Tony,See Remarks,2025-11-16,2025-11-18,1443,91.62,132207.66,D,F,178784,False,False,False,0001626201-25-000010,https://www.sec.gov/Archives/edgar/data/1543151/000162620125000010/0001626201-25-000010.txt
West Tony,See Remarks,2025-11-16,2025-11-18,1524,91.62,139628.88,D,F,177260,False,False,False,0001626201-25-000010,https://www.sec.gov/Archives/edgar/data/1543151/000162620125000010/0001626201-25-000010.txt
Mahendra-Rajah Prashanth,CFO,2025-11-16,2025-11-18,859,0.0,0.0,A,M,21189,False,False,False,0001609983-25-000011,https://www.sec.gov/Archives/edgar/data/1543151/000160998325000011/0001609983-25-000011.txt
Mahendra-Rajah Prashanth,CFO,2025-11-16,2025-11-18,2838,0.0,0.0,A,M,24027,False,False,False,0001609983-25-000011,https://www.sec.gov/Archives/edgar/data/1543151/000160998325000011/0001609983-25-000011.txt
Mahendra-Rajah Prashanth,CFO,2025-11-16,2025-11-18,476,91.62,43611.12,D,F,23551,False,False,False,0001609983-25-000011,https://www.sec.gov/Archives/edgar/data/1543151/000160998325000011/0001609983-25-000011.txt
Mahendra-Rajah Prashanth,CFO,2025-11-16,2025-11-18,1570,91.62,143843.4,D,F,21981,False,False,False,0001609983-25-000011,https://www.sec.gov/Archives/edgar/data/1543151/000160998325000011/0001609983-25-000011.txt
Macdonald Andrew,See Remarks,2025-11-16,2025-11-18,2472,0.0,0.0,A,M,205851,False,False,False,0002071761-25-000004,https://www.sec.gov/Archives/edgar/data/1543151/000207176125000004/0002071761-25-000004.txt
Macdonald Andrew,See Remarks,2025-11-16,2025-11-18,2520,0.0,0.0,A,M,208371,False,False,False,0002071761-25-000004,https://www.sec.gov/Archives/edgar/data/1543151/000207176125000004/0002071761-25-000004.txt
Macdonald Andrew,See Remarks,2025-11-16,2025-11-18,4042,0.0,0.0,A,M,212413,False,False,False,0002071761-25-000004,https://www.sec.gov/Archives/edgar/data/1543151/000207176125000004/0002071761-25-000004.txt
Macdonald Andrew,See Remarks,2025-11-16,2025-11-18,3841,0.0,0.0,A,M,216254,False,False,False,0002071761-25-000004,https://www.sec.gov/Archives/edgar/data/1543151/000207176125000004/0002071761-25-000004.txt
Macdonald Andrew,See Remarks,2025-11-16,2025-11-18,1382,91.62,126618.84,D,F,214872,False,False,False,0002071761-25-000004,https://www.sec.gov/Archives/edgar/data/1543151/000207176125000004/0002071761-25-000004.txt
Macdonald Andrew,See Remarks,2025-11-16,2025-11-18,1409,91.62,129092.58,D,F,213463,False,False,False,0002071761-25-000004,https://www.sec.gov/Archives/edgar/data/1543151/000207176125000004/0002071761-25-000004.txt
Macdonald Andrew,See Remarks,2025-11-16,2025-11-18,2259,91.62,206969.58,D,F,211204,False,False,False,0002071761-25-000004,https://www.sec.gov/Archives/edgar/data/1543151/000207176125000004/0002071761-25-000004.txt
Macdonald Andrew,See Remarks,2025-11-16,2025-11-18,2147,91.62,196708.14,D,F,209057,False,False,False,0002071761-25-000004,https://www.sec.gov/Archives/edgar/data/1543151/000207176125000004/0002071761-25-000004.txt
Krishnamurthy Nikki,SVP and Chief People Officer,2025-11-16,2025-11-18,1191,0.0,0.0,A,M,428982,False,False,False,0001775389-25-000006,https://www.sec.gov/Archives/edgar/data/1543151/000177538925000006/0001775389-25-000006.txt
Krishnamurthy Nikki,SVP and Chief People Officer,2025-11-16,2025-11-18,1120,0.0,0.0,A,M,430102,False,False,False,0001775389-25-000006,https://www.sec.gov/Archives/edgar/data/1543151/000177538925000006/0001775389-25-000006.txt
Krishnamurthy Nikki,SVP and Chief People Officer,2025-11-16,2025-11-18,2001,0.0,0.0,A,M,432103,False,False,False,0001775389-25-000006,https://www.sec.gov/Archives/edgar/data/1543151/000177538925000006/0001775389-25-000006.txt
Krishnamurthy Nikki,SVP and Chief People Officer,2025-11-16,2025-11-18,2113,0.0,0.0,A,M,434216,False,False,False,0001775389-25-000006,https://www.sec.gov/Archives/edgar/data/1543151/000177538925000006/0001775389-25-000006.txt
Krishnamurthy Nikki,SVP and Chief People Officer,2025-11-16,2025-11-18,476,91.62,43611.12,D,F,433740,False,False,False,0001775389-25-000006,https://www.sec.gov/Archives/edgar/data/1543151/000177538925000006/0001775389-25-000006.txt
Krishnamurthy Nikki,SVP and Chief People Officer,2025-11-16,2025-11-18,448,91.62,41045.76,D,F,433292,False,False,False,0001775389-25-000006,https://www.sec.gov/Archives/edgar/data/1543151/000177538925000006/0001775389-25-000006.txt
Krishnamurthy Nikki,SVP and Chief People Officer,2025-11-16,2025-11-18,799,91.62,73204.38,D,F,432493,False,False,False,0001775389-25-000006,https://www.sec.gov/Archives/edgar/data/1543151/000177538925000006/0001775389-25-000006.txt
Krishnamurthy Nikki,SVP and Chief People Officer,2025-11-16,2025-11-18,844,91.62,77327.28,D,F,431649,False,False,False,0001775389-25-000006,https://www.sec.gov/Archives/edgar/data/1543151/000177538925000006/0001775389-25-000006.txt
Hazelbaker Jill,See Remarks,2025-11-16,2025-11-18,1466,0.0,0.0,A,M,95847,False,False,False,0001775297-25-000006,https://www.sec.gov/Archives/edgar/data/1543151/000177529725000006/0001775297-25-000006.txt
Hazelbaker Jill,See Remarks,2025-11-16,2025-11-18,1493,0.0,0.0,A,M,97340,False,False,False,0001775297-25-000006,https://www.sec.gov/Archives/edgar/data/1543151/000177529725000006/0001775297-25-000006.txt
Hazelbaker Jill,See Remarks,2025-11-16,2025-11-18,2547,0.0,0.0,A,M,99887,False,False,False,0001775297-25-000006,https://www.sec.gov/Archives/edgar/data/1543151/000177529725000006/0001775297-25-000006.txt
Hazelbaker Jill,See Remarks,2025-11-16,2025-11-18,2688,0.0,0.0,A,M,102575,False,False,False,0001775297-25-000006,https://www.sec.gov/Archives/edgar/data/1543151/000177529725000006/0001775297-25-000006.txt
Hazelbaker Jill,See Remarks,2025-11-16,2025-11-18,735,91.62,67340.7,D,F,101840,False,False,False,0001775297-25-000006,https://www.sec.gov/Archives/edgar/data/1543151/000177529725000006/0001775297-25-000006.txt
Hazelbaker Jill,See Remarks,2025-11-16,2025-11-18,748,91.62,68531.76,D,F,101092,False,False,False,0001775297-25-000006,https://www.sec.gov/Archives/edgar/data/1543151/000177529725000006/0001775297-25-000006.txt
Hazelbaker Jill,See Remarks,2025-11-16,2025-11-18,1323,91.62,121213.26,D,F,99769,False,False,False,0001775297-25-000006,https://www.sec.gov/Archives/edgar/data/1543151/000177529725000006/0001775297-25-000006.txt
Hazelbaker Jill,See Remarks,2025-11-16,2025-11-18,1457,91.62,133490.34,D,F,98312,False,False,False,0001775297-25-000006,https://www.sec.gov/Archives/edgar/data/1543151/000177529725000006/0001775297-25-000006.txt
Ceremony Glen,See Remarks,2025-11-16,2025-11-18,687,0.0,0.0,A,M,242499,False,False,False,0001525321-25-000006,https://www.sec.gov/Archives/edgar/data/1543151/000152532125000006/0001525321-25-000006.txt
Ceremony Glen,See Remarks,2025-11-16,2025-11-18,700,0.0,0.0,A,M,243199,False,False,False,0001525321-25-000006,https://www.sec.gov/Archives/edgar/data/1543151/000152532125000006/0001525321-25-000006.txt
Ceremony Glen,See Remarks,2025-11-16,2025-11-18,1516,0.0,0.0,A,M,244715,False,False,False,0001525321-25-000006,https://www.sec.gov/Archives/edgar/data/1543151/000152532125000006/0001525321-25-000006.txt
Ceremony Glen,See Remarks,2025-11-16,2025-11-18,1441,0.0,0.0,A,M,246156,False,False,False,0001525321-25-000006,https://www.sec.gov/Archives/edgar/data/1543151/000152532125000006/0001525321-25-000006.txt
Ceremony Glen,See Remarks,2025-11-16,2025-11-18,341,91.62,31242.42,D,F,245815,False,False,False,0001525321-25-000006,https://www.sec.gov/Archives/edgar/data/1543151/000152532125000006/0001525321-25-000006.txt
Ceremony Glen,See Remarks,2025-11-16,2025-11-18,348,91.62,31883.76,D,F,245467,False,False,False,0001525321-25-000006,https://www.sec.gov/Archives/edgar/data/1543151/000152532125000006/0001525321-25-000006.txt
Ceremony Glen,See Remarks,2025-11-16,2025-11-18,752,91.62,68898.24,D,F,244715,False,False,False,0001525321-25-000006,https://www.sec.gov/Archives/edgar/data/1543151/000152532125000006/0001525321-25-000006.txt
Ceremony Glen,See Remarks,2025-11-16,2025-11-18,715,91.62,65508.3,D,F,244000,False,False,False,0001525321-25-000006,https://www.sec.gov/Archives/edgar/data/1543151/000152532125000006/0001525321-25-000006.txt
Mahendra-Rajah Prashanth,CFO,2025-11-12,2025-11-13,5500,94.4062,519234.1,D,S,20330,False,False,False,0001609983-25-000010,https://www.sec.gov/Archives/edgar/data/1543151/000160998325000010/0001609983-25-000010.txt
West Tony,See Remarks,2025-10-20,2025-10-20,3125,93.0,290625.0,D,S,172846,False,False,False,0001626201-25-000009,https://www.sec.gov/Archives/edgar/data/1543151/000162620125000009/0001626201-25-000009.txt
West Tony,See Remarks,2025-10-16,2025-10-20,1282,0.0,0.0,A,M,172840,False,False,False,0001626201-25-000009,https://www.sec.gov/Archives/edgar/data/1543151/000162620125000009/0001626201-25-000009.txt
West Tony,See Remarks,2025-10-16,2025-10-20,1493,0.0,0.0,A,M,174333,False,False,False,0001626201-25-000009,https://www.sec.gov/Archives/edgar/data/1543151/000162620125000009/0001626201-25-000009.txt
West Tony,See Remarks,2025-10-16,2025-10-20,2910,0.0,0.0,A,M,177243,False,False,False,0001626201-25-000009,https://www.sec.gov/Archives/edgar/data/1543151/000162620125000009/0001626201-25-000009.txt
West Tony,See Remarks,2025-10-16,2025-10-20,3072,0.0,0.0,A,M,180315,False,False,False,0001626201-25-000009,https://www.sec.gov/Archives/edgar/data/1543151/000162620125000009/0001626201-25-000009.txt
West Tony,See Remarks,2025-10-16,2025-10-20,636,92.52,58842.72,D,F,179679,False,False,False,0001626201-25-000009,https://www.sec.gov/Archives/edgar/data/1543151/000162620125000009/0001626201-25-000009.txt
West Tony,See Remarks,2025-10-16,2025-10-20,741,92.52,68557.32,D,F,178938,False,False,False,0001626201-25-000009,https://www.sec.gov/Archives/edgar/data/1543151/000162620125000009/0001626201-25-000009.txt
West Tony,See Remarks,2025-10-16,2025-10-20,1443,92.52,133506.36,D,F,177495,False,False,False,0001626201-25-000009,https://www.sec.gov/Archives/edgar/data/1543151/000162620125000009/0001626201-25-000009.txt
West Tony,See Remarks,2025-10-16,2025-10-20,1524,92.52,141000.48,D,F,175971,False,False,False,0001626201-25-000009,https://www.sec.gov/Archives/edgar/data/1543151/000162620125000009/0001626201-25-000009.txt
THAIN JOHN A,,2025-10-16,2025-10-20,261,0.0,0.0,A,M,182150,False,False,False,0001090355-25-000003,https://www.sec.gov/Archives/edgar/data/1543151/000109035525000003/0001090355-25-000003.txt
Mahendra-Rajah Prashanth,CFO,2025-10-16,2025-10-20,858,0.0,0.0,A,M,25037,False,False,False,0001609983-25-000009,https://www.sec.gov/Archives/edgar/data/1543151/000160998325000009/0001609983-25-000009.txt
Mahendra-Rajah Prashanth,CFO,2025-10-16,2025-10-20,2838,0.0,0.0,A,M,27875,False,False,False,0001609983-25-000009,https://www.sec.gov/Archives/edgar/data/1543151/000160998325000009/0001609983-25-000009.txt
Mahendra-Rajah Prashanth,CFO,2025-10-16,2025-10-20,475,92.52,43947.0,D,F,27400,False,False,False,0001609983-25-000009,https://www.sec.gov/Archives/edgar/data/1543151/000160998325000009/0001609983-25-000009.txt
Mahendra-Rajah Prashanth,CFO,2025-10-16,2025-10-20,1570,92.52,145256.4,D,F,25830,False,False,False,0001609983-25-000009,https://www.sec.gov/Archives/edgar/data/1543151/000160998325000009/0001609983-25-000009.txt
Krishnamurthy Nikki,SVP and Chief People Officer,2025-10-16,2025-10-20,1190,0.0,0.0,A,M,425126,False,False,False,0001775389-25-000005,https://www.sec.gov/Archives/edgar/data/1543151/000177538925000005/0001775389-25-000005.txt
Krishnamurthy Nikki,SVP and Chief People Officer,2025-10-16,2025-10-20,1120,0.0,0.0,A,M,426246,False,False,False,0001775389-25-000005,https://www.sec.gov/Archives/edgar/data/1543151/000177538925000005/0001775389-25-000005.txt
Krishnamurthy Nikki,SVP and Chief People Officer,2025-10-16,2025-10-20,2000,0.0,0.0,A,M,428246,False,False,False,0001775389-25-000005,https://www.sec.gov/Archives/edgar/data/1543151/000177538925000005/0001775389-25-000005.txt
Krishnamurthy Nikki,SVP and Chief People Officer,2025-10-16,2025-10-20,2112,0.0,0.0,A,M,430358,False,False,False,0001775389-25-000005,https://www.sec.gov/Archives/edgar/data/1543151/000177538925000005/0001775389-25-000005.txt
Krishnamurthy Nikki,SVP and Chief People Officer,2025-10-16,2025-10-20,476,92.52,44039.52,D,F,429882,False,False,False,0001775389-25-000005,https://www.sec.gov/Archives/edgar/data/1543151/000177538925000005/0001775389-25-000005.txt
Krishnamurthy Nikki,SVP and Chief People Officer,2025-10-16,2025-10-20,448,92.52,41448.96,D,F,429434,False,False,False,0001775389-25-000005,https://www.sec.gov/Archives/edgar/data/1543151/000177538925000005/0001775389-25-000005.txt
Krishnamurthy Nikki,SVP and Chief People Officer,2025-10-16,2025-10-20,799,92.52,73923.48,D,F,428635,False,False,False,0001775389-25-000005,https://www.sec.gov/Archives/edgar/data/1543151/000177538925000005/0001775389-25-000005.txt
Krishnamurthy Nikki,SVP and Chief People Officer,2025-10-16,2025-10-20,844,92.52,78086.88,D,F,427791,False,False,False,0001775389-25-000005,https://www.sec.gov/Archives/edgar/data/1543151/000177538925000005/0001775389-25-000005.txt
Hazelbaker Jill,See Remarks,2025-10-16,2025-10-20,1465,0.0,0.0,A,M,91919,False,False,False,0001775297-25-000005,https://www.sec.gov/Archives/edgar/data/1543151/000177529725000005/0001775297-25-000005.txt
Hazelbaker Jill,See Remarks,2025-10-16,2025-10-20,1493,0.0,0.0,A,M,93412,False,False,False,0001775297-25-000005,https://www.sec.gov/Archives/edgar/data/1543151/000177529725000005/0001775297-25-000005.txt
Hazelbaker Jill,See Remarks,2025-10-16,2025-10-20,2546,0.0,0.0,A,M,95958,False,False,False,0001775297-25-000005,https://www.sec.gov/Archives/edgar/data/1543151/000177529725000005/0001775297-25-000005.txt
Hazelbaker Jill,See Remarks,2025-10-16,2025-10-20,2689,0.0,0.0,A,M,98647,False,False,False,0001775297-25-000005,https://www.sec.gov/Archives/edgar/data/1543151/000177529725000005/0001775297-25-000005.txt
Hazelbaker Jill,See Remarks,2025-10-16,2025-10-20,734,92.52,67909.68,D,F,97913,False,False,False,0001775297-25-000005,https://www.sec.gov/Archives/edgar/data/1543151/000177529725000005/0001775297-25-000005.txt
Hazelbaker Jill,See Remarks,2025-10-16,2025-10-20,748,92.52,69204.96,D,F,97165,False,False,False,0001775297-25-000005,https://www.sec.gov/Archives/edgar/data/1543151/000177529725000005/0001775297-25-000005.txt
Hazelbaker Jill,See Remarks,2025-10-16,2025-10-20,1324,92.52,122496.48,D,F,95841,False,False,False,0001775297-25-000005,https://www.sec.gov/Archives/edgar/data/1543151/000177529725000005/0001775297-25-000005.txt
Hazelbaker Jill,See Remarks,2025-10-16,2025-10-20,1460,92.52,135079.2,D,F,94381,False,False,False,0001775297-25-000005,https://www.sec.gov/Archives/edgar/data/1543151/000177529725000005/0001775297-25-000005.txt
Ceremony Glen,See Remarks,2025-10-16,2025-10-20,687,0.0,0.0,A,M,240311,False,False,False,0001525321-25-000005,https://www.sec.gov/Archives/edgar/data/1543151/000152532125000005/0001525321-25-000005.txt
Ceremony Glen,See Remarks,2025-10-16,2025-10-20,700,0.0,0.0,A,M,241011,False,False,False,0001525321-25-000005,https://www.sec.gov/Archives/edgar/data/1543151/000152532125000005/0001525321-25-000005.txt
Ceremony Glen,See Remarks,2025-10-16,2025-10-20,1516,0.0,0.0,A,M,242527,False,False,False,0001525321-25-000005,https://www.sec.gov/Archives/edgar/data/1543151/000152532125000005/0001525321-25-000005.txt
Ceremony Glen,See Remarks,2025-10-16,2025-10-20,1440,0.0,0.0,A,M,243967,False,False,False,0001525321-25-000005,https://www.sec.gov/Archives/edgar/data/1543151/000152532125000005/0001525321-25-000005.txt
Ceremony Glen,See Remarks,2025-10-16,2025-10-20,341,92.52,31549.32,D,F,243626,False,False,False,0001525321-25-000005,https://www.sec.gov/Archives/edgar/data/1543151/000152532125000005/0001525321-25-000005.txt
Ceremony Glen,See Remarks,2025-10-16,2025-10-20,348,92.52,32196.96,D,F,243278,False,False,False,0001525321-25-000005,https://www.sec.gov/Archives/edgar/data/1543151/000152532125000005/0001525321-25-000005.txt
Ceremony Glen,See Remarks,2025-10-16,2025-10-20,752,92.52,69575.04,D,F,242526,False,False,False,0001525321-25-000005,https://www.sec.gov/Archives/edgar/data/1543151/000152532125000005/0001525321-25-000005.txt
Ceremony Glen,See Remarks,2025-10-16,2025-10-20,714,92.52,66059.28,D,F,241812,False,False,False,0001525321-25-000005,https://www.sec.gov/Archives/edgar/data/1543151/000152532125000005/0001525321-25-000005.txt
Mahendra-Rajah Prashanth,CFO,2025-10-14,2025-10-20,5,93.0,465.0,A,P,5,False,False,False,0001609983-25-000009,https://www.sec.gov/Archives/edgar/data/1543151/000160998325000009/0001609983-25-000009.txt
